{"avg": [0.3904762, 0.40761906, 0.41954887, 0.42091838, 0.41541353, 0.4159664, 0.43270677, 0.45294118, 0.42333335, 0.44540817, 0.41978025, 0.45924366, 0.43169641, 0.44732141, 0.42476192, 0.46691725, 0.45223212, 0.4517857, 0.4736607, 0.4738096, 0.4703297, 0.5193277, 0.4907563, 0.47633928, 0.47100842, 0.5075893, 0.517619, 0.49183676, 0.5255102, 0.47941175, 0.5323529, 0.52226895, 0.5057143, 0.5416667, 0.5415967, 0.57, 0.517619, 0.5575893, 0.53952384, 0.55089283, 0.51638657, 0.56383926, 0.55428576, 0.58015877, 0.5604396, 0.5685714, 0.53736264, 0.55892855, 0.5473214, 0.5755102], "std": [0.1280855, 0.1135532, 0.07386237, 0.06391413, 0.102709346, 0.10930669, 0.08038962, 0.073379196, 0.11331332, 0.053288855, 0.109986216, 0.07401878, 0.09240856, 0.09731323, 0.08008782, 0.073291875, 0.061947484, 0.074123286, 0.06793786, 0.09007429, 0.081722334, 0.06984654, 0.06425136, 0.080563955, 0.08614983, 0.07959833, 0.07545176, 0.086216934, 0.09288515, 0.08716841, 0.095395714, 0.108765915, 0.07868822, 0.07929858, 0.091382444, 0.057035603, 0.08390417, 0.09138491, 0.10363681, 0.07969467, 0.11054173, 0.09827818, 0.09772236, 0.08798432, 0.11825574, 0.08805531, 0.12054149, 0.11889423, 0.1176913, 0.10709911], "var": [0.98, 0.98, 0.98, 0.96, 0.94, 0.94, 0.92, 0.9, 0.9, 0.88, 0.86, 0.84, 0.84, 0.82, 0.82, 0.8, 0.78, 0.8, 0.78, 0.8, 0.78, 0.78, 0.76, 0.78, 0.76, 0.74, 0.72, 0.7, 0.68, 0.66, 0.66, 0.64, 0.64, 0.64, 0.62, 0.6, 0.62, 0.6, 0.6, 0.58, 0.54, 0.54, 0.56, 0.54, 0.54, 0.52, 0.48, 0.52, 0.52, 0.48], "best": [0.65, 0.65, 0.5142857, 0.5142857, 0.65, 0.65, 0.5714286, 0.5714286, 0.65, 0.55714285, 0.5214286, 0.55714285, 0.5714286, 0.57857144, 0.57857144, 0.65, 0.5214286, 0.57857144, 0.65, 0.65, 0.65, 0.65, 0.65, 0.65, 0.5714286, 0.65, 0.65, 0.65, 0.65, 0.65, 0.65, 0.65, 0.65, 0.65, 0.65, 0.65, 0.65, 0.65, 0.65, 0.65, 0.65, 0.65, 0.65, 0.65, 0.65, 0.65, 0.65, 0.65, 0.65, 0.65], "duration": [43154, 39989, 52900, 42984, 49909, 47856, 45496, 38677, 38382, 39136, 38655, 39498, 45033, 44944, 38571, 45834, 39273, 38496, 39586, 39305, 39878, 39821, 39116, 39563, 39330, 39848, 47010, 39713, 40330, 46478, 40264, 39733, 40018, 53247, 47159, 40275, 40047, 40477, 40349, 40213, 39956, 46326, 40358, 47176, 40290, 44604, 40366, 44314, 40332, 40279]}