{"avg": [0.25714287, 0.2896931, 0.29507938, 0.2902818, 0.29537734, 0.29402542, 0.30863777, 0.320574, 0.31279385, 0.32797393, 0.30525985, 0.29482475, 0.32017434, 0.33420795, 0.3049238, 0.29746783, 0.301022, 0.3168365, 0.3027583, 0.32456416, 0.3355756, 0.29792744, 0.32976755, 0.34231082, 0.3148497], "std": [0.08112959, 0.07409099, 0.04873721, 0.043432835, 0.0705064, 0.077167965, 0.05187532, 0.0491792, 0.07701867, 0.06492253, 0.061064214, 0.04646328, 0.0647195, 0.055016633, 0.070135094, 0.06955723, 0.07074205, 0.058153037, 0.05908795, 0.062962085, 0.047794964, 0.07202457, 0.07172983, 0.058915004, 0.07637874], "var": [0.98, 0.98, 0.98, 0.96, 0.94, 0.94, 0.92, 0.92, 0.88, 0.88, 0.88, 0.86, 0.84, 0.82, 0.82, 0.8, 0.8, 0.8, 0.82, 0.8, 0.8, 0.78, 0.78, 0.76, 0.74], "best": [0.39523807, 0.46222222, 0.36396822, 0.3578231, 0.45502642, 0.45609757, 0.40081772, 0.40355125, 0.45456788, 0.4561403, 0.36167526, 0.35859787, 0.455102, 0.45581758, 0.39028823, 0.40608904, 0.4551282, 0.45648482, 0.36370704, 0.40576112, 0.45657203, 0.40806082, 0.45680073, 0.5117417, 0.45791772], "duration": [38178, 39965, 52624, 42837, 49730, 47781, 45458, 38742, 44773, 39816, 37282, 38147, 45721, 39689, 44969, 38495, 38632, 39693, 39165, 39120, 45976, 39015, 39215, 39601, 38938]}