{"avg": [0.1952381, 0.22692063, 0.23284458, 0.23108599, 0.2323517, 0.23137426, 0.24547544, 0.25144923, 0.24563316, 0.2470306, 0.24821097, 0.24205716, 0.24830897, 0.24288064, 0.24795349, 0.28918898, 0.2559598, 0.28055128, 0.2841283, 0.27095792, 0.27090117, 0.2626558, 0.2800251, 0.2849674, 0.27451724, 0.2854167, 0.2626661, 0.30350974, 0.29388142, 0.28882098, 0.29800424, 0.29337382, 0.2984875, 0.29963923, 0.30536214, 0.31154412, 0.3057943, 0.31216353, 0.32492045, 0.32147878, 0.32607275, 0.32660812, 0.34317848, 0.31869388, 0.32783514, 0.2750935, 0.32468107, 0.29253605, 0.30342236, 0.36422542], "std": [0.06404275, 0.05704233, 0.03834889, 0.033661578, 0.054574884, 0.057361938, 0.041709777, 0.037192903, 0.06255633, 0.058999926, 0.05840299, 0.06494993, 0.052796464, 0.05225594, 0.07904048, 0.054939892, 0.032787066, 0.05027275, 0.051610336, 0.0562788, 0.06459974, 0.06370177, 0.05524486, 0.058055032, 0.07618198, 0.07049111, 0.06727951, 0.052977215, 0.06024993, 0.05568883, 0.07999566, 0.08193313, 0.07047004, 0.051738318, 0.07400412, 0.071502164, 0.06740991, 0.07696772, 0.066472806, 0.05666864, 0.06991954, 0.06533238, 0.063761525, 0.07371056, 0.091267176, 0.07404969, 0.08446734, 0.083115086, 0.07248508, 0.06563239], "var": [0.98, 0.98, 0.98, 0.96, 0.94, 0.94, 0.92, 0.92, 0.92, 0.9, 0.88, 0.86, 0.84, 0.82, 0.8, 0.78, 0.74, 0.74, 0.74, 0.72, 0.72, 0.68, 0.68, 0.66, 0.64, 0.64, 0.62, 0.62, 0.6, 0.58, 0.56, 0.54, 0.52, 0.54, 0.54, 0.54, 0.56, 0.56, 0.58, 0.56, 0.56, 0.54, 0.52, 0.5, 0.5, 0.52, 0.54, 0.5, 0.48, 0.48], "best": [0.325, 0.3683333, 0.2888095, 0.27959183, 0.35753968, 0.35914633, 0.31551227, 0.3196126, 0.35685185, 0.35999998, 0.36036584, 0.36228812, 0.3259205, 0.3620192, 0.36178413, 0.3633333, 0.3067522, 0.36891142, 0.3700704, 0.37184384, 0.3453662, 0.3491584, 0.37355906, 0.37472525, 0.37644735, 0.3796366, 0.36005163, 0.38313952, 0.38445944, 0.36655846, 0.38439456, 0.38785422, 0.38942492, 0.37560087, 0.39032108, 0.39294642, 0.39536393, 0.39771956, 0.40028733, 0.40284, 0.40402973, 0.405229, 0.40579224, 0.4083333, 0.40992856, 0.41202664, 0.41126373, 0.41361186, 0.4139328, 0.4146129], "duration": [43119, 39987, 52828, 42853, 49860, 47883, 45767, 38756, 38357, 39582, 38971, 39517, 38965, 45778, 39273, 39719, 39110, 39497, 39853, 45613, 39007, 39102, 38754, 43918, 46581, 39668, 45375, 39645, 51633, 45512, 46567, 46225, 46298, 39170, 40095, 39693, 39065, 39853, 46576, 39613, 39889, 39444, 40059, 40264, 39975, 39256, 45855, 39626, 39621, 40253]}