{"avg": [0.25055555, 0.27957404, 0.28423977, 0.2826713, 0.28068432, 0.28313604, 0.30152622, 0.3085992, 0.3016594, 0.31351814, 0.2942054, 0.28399882, 0.30856717, 0.32196835, 0.2914565, 0.28690234, 0.2975299, 0.3053438, 0.2914488, 0.3126594, 0.32323435, 0.2871015, 0.3178978, 0.32750422, 0.31028885, 0.34182692, 0.29120398, 0.2721323, 0.32249245, 0.32135028, 0.33651653, 0.32368457, 0.29844576, 0.3319354, 0.32820758, 0.3245855, 0.33895257, 0.33874387, 0.3503967, 0.3392337, 0.33361036, 0.29767507, 0.36844587, 0.3780003, 0.35918903, 0.33946088, 0.35975403, 0.35837433, 0.35422078, 0.3523901], "std": [0.08177525, 0.07094504, 0.04852242, 0.04201569, 0.07037692, 0.07015609, 0.050149083, 0.047561564, 0.07388494, 0.06685291, 0.058503732, 0.04398779, 0.062983975, 0.052830856, 0.0659546, 0.066692695, 0.06889973, 0.056039046, 0.056796566, 0.06098143, 0.04622635, 0.069599815, 0.06415873, 0.054948818, 0.07447721, 0.07183985, 0.06656118, 0.054275293, 0.068501234, 0.041689593, 0.07225685, 0.06567748, 0.07920361, 0.054301977, 0.049083736, 0.049732354, 0.079321474, 0.08300203, 0.06901091, 0.08464314, 0.05997559, 0.045161758, 0.06652625, 0.085159644, 0.07242851, 0.07216685, 0.076734185, 0.06492558, 0.08283098, 0.08495667], "var": [0.98, 0.98, 0.98, 0.96, 0.94, 0.94, 0.92, 0.92, 0.88, 0.88, 0.88, 0.86, 0.84, 0.82, 0.82, 0.8, 0.8, 0.8, 0.82, 0.8, 0.8, 0.78, 0.78, 0.76, 0.72, 0.68, 0.66, 0.66, 0.68, 0.68, 0.68, 0.7, 0.7, 0.72, 0.72, 0.74, 0.74, 0.72, 0.72, 0.7, 0.68, 0.68, 0.68, 0.68, 0.68, 0.68, 0.64, 0.62, 0.62, 0.62], "best": [0.41666666, 0.44555557, 0.35027775, 0.34413263, 0.43835977, 0.43943092, 0.38653198, 0.38926554, 0.43790123, 0.43947366, 0.34738955, 0.3449074, 0.43843535, 0.43915093, 0.377193, 0.3918033, 0.43846154, 0.43981817, 0.34988424, 0.3914754, 0.43990538, 0.3937751, 0.44013408, 0.49269405, 0.44125107, 0.49370277, 0.39991912, 0.34933802, 0.44223228, 0.3760965, 0.49460992, 0.49573883, 0.49628893, 0.44402698, 0.44445482, 0.40236795, 0.4972957, 0.4982245, 0.49927536, 0.5, 0.5010069, 0.40712073, 0.50111276, 0.5023739, 0.50411224, 0.50487, 0.50560963, 0.50651187, 0.50705045, 0.5081152], "duration": [43100, 39980, 52887, 42890, 49786, 47748, 45921, 38771, 45005, 39858, 37420, 38346, 45980, 39748, 44836, 38671, 38667, 39817, 39107, 39164, 45930, 38982, 39321, 39879, 39400, 39365, 44948, 38409, 39085, 38841, 39588, 38638, 45226, 46731, 38854, 45175, 38588, 39212, 39607, 39422, 39855, 37635, 40065, 40214, 40088, 39998, 39601, 40026, 40319, 39606]}