{"avg": [0.0, 0.0, 0.0, 0.027855726, 0.0, 0.0, 0.0, 0.0, 0.0, 0.0, 0.0, 0.0, 0.0, 0.02425023, 0.0, 0.0, 0.0, 0.0, 0.0, 0.0, 0.023267569, 0.0, 0.0, 0.0, 0.0, 0.0, 0.0, 0.0, 0.0, 0.023058424, 0.022952072, 0.0, 0.051947497, 0.026028188, 0.0, 0.0, 0.07362587, 0.026021712, 0.0, 0.0, 0.021734701, 0.049077697, 0.0, 0.0, 0.04364486, 0.02442512, 0.02608997, 0.0, 0.06037789, 0.0], "std": [0.0, 0.0, 0.0, 0.100435264, 0.0, 0.0, 0.0, 0.0, 0.0, 0.0, 0.0, 0.0, 0.0, 0.09392074, 0.0, 0.0, 0.0, 0.0, 0.0, 0.0, 0.09307026, 0.0, 0.0, 0.0, 0.0, 0.0, 0.0, 0.0, 0.0, 0.09223369, 0.0918083, 0.0, 0.13244066, 0.097388566, 0.0, 0.0, 0.15326747, 0.097364314, 0.0, 0.0, 0.089614466, 0.12984772, 0.0, 0.0, 0.1234463, 0.09459807, 0.09761973, 0.0, 0.14159887, 0.0], "var": [1.0, 1.0, 1.0, 1.0, 1.0, 1.0, 1.0, 1.0, 1.0, 1.0, 1.0, 1.0, 1.0, 1.0, 1.0, 1.0, 1.0, 1.0, 1.0, 1.0, 1.0, 1.0, 1.0, 1.0, 1.0, 1.0, 1.0, 1.0, 1.0, 1.0, 1.0, 1.0, 1.0, 1.0, 1.0, 1.0, 1.0, 1.0, 1.0, 1.0, 1.0, 1.0, 1.0, 1.0, 1.0, 1.0, 1.0, 1.0, 1.0, 1.0], "best": [0.0, 0.0, 0.0, 0.38998017, 0.0, 0.0, 0.0, 0.0, 0.0, 0.0, 0.0, 0.0, 0.0, 0.38800368, 0.0, 0.0, 0.0, 0.0, 0.0, 0.0, 0.39554867, 0.0, 0.0, 0.0, 0.0, 0.0, 0.0, 0.0, 0.0, 0.3919932, 0.39018524, 0.0, 0.38967034, 0.39042282, 0.0, 0.0, 0.39531136, 0.39032567, 0.0, 0.0, 0.39122462, 0.39344618, 0.0, 0.0, 0.39287385, 0.3908019, 0.39134955, 0.0, 0.39303467, 0.0], "duration": [3692, 3732, 3673, 3718, 3669, 3696, 4266, 5078, 3747, 3797, 3730, 3981, 3838, 3748, 3719, 4020, 5138, 3704, 4416, 3881, 3973, 3636, 3739, 4356, 4302, 3966, 3684, 3715, 3665, 3668, 3662, 3650, 3702, 3672, 3687, 3602, 4038, 3698, 3677, 6114, 3753, 4340, 5819, 3720, 3656, 3782, 3663, 4747, 3663, 3647]}