{"avg": [0.0, 0.0, 0.0, 0.0, 0.0, 0.0, 0.0, 0.0, 0.0, 0.0, 0.0, 0.0, 0.0, 0.0, 0.0, 0.0, 0.0, 0.0, 0.0, 0.0, 0.0, 0.0, 0.0, 0.0, 0.0], "std": [0.0, 0.0, 0.0, 0.0, 0.0, 0.0, 0.0, 0.0, 0.0, 0.0, 0.0, 0.0, 0.0, 0.0, 0.0, 0.0, 0.0, 0.0, 0.0, 0.0, 0.0, 0.0, 0.0, 0.0, 0.0], "var": [0.9866667, 0.98, 0.98, 0.97333336, 0.96666664, 0.96, 0.94666666, 0.93333334, 0.9266667, 0.91333336, 0.9066667, 0.9066667, 0.9066667, 0.91333336, 0.9066667, 0.9, 0.88666666, 0.88666666, 0.87333333, 0.86, 0.85333335, 0.84, 0.8333333, 0.82666665, 0.82666665], "best": [0.0, 0.0, 0.0, 0.0, 0.0, 0.0, 0.0, 0.0, 0.0, 0.0, 0.0, 0.0, 0.0, 0.0, 0.0, 0.0, 0.0, 0.0, 0.0, 0.0, 0.0, 0.0, 0.0, 0.0, 0.0], "duration": [30263, 30811, 30214, 30220, 32774, 30569, 31168, 31022, 30463, 30767, 31515, 30546, 30435, 30484, 31090, 31292, 31269, 31578, 30566, 32169, 30951, 31834, 32389, 31142, 30914]}