{"avg": [0.435, 0.43833333, 0.43333334, 0.42666668, 0.42833334, 0.425, 0.42333335, 0.42833334, 0.41166666, 0.42, 0.41666666, 0.41166666, 0.41833332, 0.42166665, 0.41666666, 0.415, 0.41, 0.42, 0.41166666, 0.42666668, 0.41666666, 0.43, 0.415, 0.42333335, 0.42], "std": [0.2070225, 0.20194198, 0.2074984, 0.21320306, 0.20883928, 0.20564933, 0.20805989, 0.210825, 0.20440292, 0.2047764, 0.20344259, 0.20440292, 0.21310537, 0.20643131, 0.21730678, 0.21952605, 0.2184796, 0.21079226, 0.21240033, 0.21898755, 0.21538085, 0.21817419, 0.21179791, 0.22163545, 0.22233617], "var": [0.99333334, 0.99333334, 0.9866667, 0.97333336, 0.97333336, 0.97333336, 0.96666664, 0.96666664, 0.97333336, 0.96666664, 0.9533333, 0.9533333, 0.9533333, 0.94666666, 0.94, 0.94, 0.94, 0.94, 0.93333334, 0.92, 0.92, 0.91333336, 0.9066667, 0.9066667, 0.9066667], "best": [1.0, 1.0, 0.75, 1.0, 0.75, 1.0, 1.0, 1.0, 1.0, 1.0, 1.0, 0.75, 1.0, 1.0, 1.0, 1.0, 1.0, 1.0, 1.0, 1.0, 1.0, 1.0, 1.0, 1.0, 1.0], "duration": [30782, 30480, 30332, 31107, 30494, 28192, 30549, 29140, 27309, 28862, 29365, 29165, 29033, 29015, 29122, 30390, 30367, 30121, 28410, 28322, 30078, 30096, 30114, 30284, 28586]}