{"avg": [0.062111802, 0.03808434, 0.103320375, 0.13819242, 0.24232262, 0.29159185, 0.3654971, 0.44637826, 0.55154765, 0.66062236, 0.6448375, 0.6683262, 0.7115077, 0.7194055, 0.75839955, 0.76312196, 0.76726586, 0.77302897, 0.7776507, 0.78158206, 0.7837164, 0.7866826, 0.7917061, 0.79486775, 0.7974994, 0.80002767, 0.8020447, 0.80401963, 0.8058577, 0.8077381, 0.80956197, 0.8111135, 0.8125, 0.8138055, 0.81491655, 0.8162563, 0.8174073, 0.81844455, 0.8195726, 0.82045627, 0.82138556, 0.8223097, 0.8231877, 0.8239481, 0.82471085, 0.825473, 0.8261357, 0.826833, 0.8274705, 0.8280812, 0.828695, 0.8292044, 0.8297212, 0.83017045, 0.8306286, 0.8310947, 0.8316547, 0.83212775, 0.8325836, 0.8329642, 0.8333142, 0.8337281, 0.8341283, 0.83446294, 0.8348382, 0.8352176, 0.83553714, 0.83584774, 0.8361643, 0.83647144, 0.8367698, 0.8370188, 0.83730143, 0.83756363, 0.8378316], "std": [0.20126519, 0.16157818, 0.2530822, 0.28489125, 0.34269768, 0.35712817, 0.36549932, 0.35790247, 0.3184435, 0.22660941, 0.24976492, 0.22926085, 0.16774341, 0.16092947, 0.0072353594, 0.005699902, 0.0068870657, 0.0012858781, 0.0009240884, 0.0011154903, 0.00871865, 0.010275462, 0.0, 1.7881393e-07, 1.7881393e-07, 1.7881393e-07, 1.1920929e-07, 1.7881393e-07, 5.9604645e-08, 0.0, 5.9604645e-08, 5.9604645e-08, 0.0, 1.1920929e-07, 0.0, 1.1920929e-07, 1.7881393e-07, 5.9604645e-08, 1.1920929e-07, 1.1920929e-07, 5.9604645e-08, 2.3841858e-07, 0.0, 1.1920929e-07, 0.0, 1.1920929e-07, 0.0, 1.7881393e-07, 1.7881393e-07, 0.0, 1.7881393e-07, 1.7881393e-07, 5.9604645e-08, 1.7881393e-07, 1.1920929e-07, 0.0, 1.1920929e-07, 0.0, 1.7881393e-07, 1.7881393e-07, 5.9604645e-08, 1.7881393e-07, 5.9604645e-08, 1.7881393e-07, 0.0, 5.9604645e-08, 1.7881393e-07, 0.0, 1.1920929e-07, 0.0, 5.9604645e-08, 1.1920929e-07, 1.7881393e-07, 5.9604645e-08, 5.9604645e-08], "var": [1.0, 1.0, 1.0, 1.0, 1.0, 1.0, 1.0, 1.0, 0.92, 0.88, 0.76, 0.68, 0.56, 0.48, 0.36, 0.28, 0.2, 0.16, 0.12, 0.08, 0.08, 0.04, 0.04, 0.04, 0.04, 0.04, 0.04, 0.04, 0.04, 0.04, 0.04, 0.04, 0.04, 0.04, 0.04, 0.04, 0.04, 0.04, 0.04, 0.04, 0.04, 0.04, 0.04, 0.04, 0.04, 0.04, 0.04, 0.04, 0.04, 0.04, 0.04, 0.04, 0.04, 0.04, 0.04, 0.04, 0.04, 0.04, 0.04, 0.04, 0.04, 0.04, 0.04, 0.04, 0.04, 0.04, 0.04, 0.04, 0.04, 0.04, 0.04, 0.04, 0.04, 0.04, 0.04], "best": [0.71428573, 0.7236025, 0.7234694, 0.7263039, 0.72942173, 0.73183674, 0.73382854, 0.7360591, 0.73869044, 0.74202126, 0.7457557, 0.7501863, 0.75421685, 0.75810236, 0.7622343, 0.76567715, 0.7699134, 0.7734343, 0.7779537, 0.78183144, 0.7855753, 0.78910464, 0.7917061, 0.79486793, 0.79749924, 0.8000275, 0.8020446, 0.80401945, 0.80585766, 0.8077381, 0.809562, 0.81111354, 0.8125, 0.8138054, 0.81491655, 0.81625617, 0.81740713, 0.8184446, 0.81957275, 0.82045615, 0.8213855, 0.8223099, 0.8231877, 0.8239482, 0.82471085, 0.8254731, 0.8261357, 0.8268332, 0.8274703, 0.8280812, 0.8286948, 0.8292042, 0.82972115, 0.8301703, 0.8306287, 0.8310947, 0.8316546, 0.83212775, 0.8325838, 0.83296436, 0.83331424, 0.83372825, 0.83412826, 0.83446276, 0.8348382, 0.83521765, 0.8355373, 0.83584774, 0.8361642, 0.83647144, 0.83676976, 0.83701867, 0.8373016, 0.8375637, 0.83783156], "duration": [1268, 1224, 1108, 1419, 1875, 1291, 1722, 1380, 1185, 1302, 1572, 1197, 1106, 1223, 1410, 1574, 1397, 1589, 1572, 1193, 1458, 1184, 1418, 1219, 1315, 1329, 1212, 1391, 1393, 1210, 1213, 1314, 1117, 1095, 1550, 1315, 1701, 1175, 1308, 1405, 1776, 1455, 1319, 1486, 1224, 1274, 1474, 1104, 1280, 1197, 1116, 1205, 1466, 1142, 1750, 2052, 1487, 1304, 1121, 1304, 1401, 1384, 1499, 1216, 1602, 1506, 1188, 1495, 1926, 1295, 1399, 1403, 1288, 1380, 1210]}