{"avg": [0.26861113, 0.298463, 0.3068275, 0.30796888, 0.30480716, 0.302989, 0.3220144, 0.32731402, 0.32607773, 0.31724504, 0.31464288, 0.30922204, 0.30605713, 0.3272548, 0.3214149, 0.29350385, 0.30303404, 0.33367845, 0.3467988, 0.35235083, 0.305362, 0.33476338, 0.36217025, 0.318786, 0.30777296, 0.34914702, 0.31909484, 0.31923902, 0.35416347, 0.35245162, 0.3287561, 0.3570337, 0.3740598, 0.35847196, 0.37606636, 0.3640508, 0.35194167, 0.36104682, 0.35020286, 0.36687657, 0.3610174, 0.38709518, 0.36013415, 0.3599436, 0.34018815, 0.38389906, 0.3701326, 0.35013893, 0.36372194, 0.38057294], "std": [0.09187938, 0.07840953, 0.05087412, 0.04463185, 0.07257659, 0.07948608, 0.06374175, 0.07090268, 0.052071527, 0.05653416, 0.0453194, 0.059160084, 0.07453956, 0.07410925, 0.062091198, 0.073492855, 0.077919245, 0.07856525, 0.0602271, 0.03573261, 0.0735128, 0.08674959, 0.044008434, 0.0831665, 0.084145606, 0.068989486, 0.047779344, 0.044048425, 0.06310301, 0.05473942, 0.07634804, 0.07140418, 0.049650416, 0.0633401, 0.042915147, 0.09169302, 0.0870134, 0.07928272, 0.06314491, 0.057431344, 0.064287625, 0.047007237, 0.07020464, 0.067395486, 0.07667558, 0.05669601, 0.04416713, 0.087447084, 0.077051386, 0.05837595], "var": [0.98, 0.98, 0.98, 0.96, 0.94, 0.94, 0.92, 0.92, 0.9, 0.9, 0.86, 0.84, 0.84, 0.84, 0.82, 0.8, 0.8, 0.78, 0.78, 0.76, 0.78, 0.8, 0.8, 0.78, 0.76, 0.76, 0.76, 0.76, 0.74, 0.74, 0.74, 0.72, 0.72, 0.72, 0.68, 0.68, 0.66, 0.66, 0.64, 0.66, 0.66, 0.66, 0.66, 0.66, 0.62, 0.64, 0.66, 0.66, 0.62, 0.6], "best": [0.45416665, 0.48305556, 0.37944445, 0.36913264, 0.47585976, 0.4769309, 0.41569865, 0.4770652, 0.4204487, 0.4193493, 0.40737578, 0.41988635, 0.37985012, 0.4775813, 0.42041853, 0.41990742, 0.42000332, 0.42083335, 0.42283452, 0.42308557, 0.3817308, 0.48028454, 0.48048243, 0.38373017, 0.42302394, 0.42284632, 0.42060474, 0.3852718, 0.42262316, 0.48124996, 0.42450145, 0.48138317, 0.4829274, 0.48390332, 0.4269819, 0.48586062, 0.48755908, 0.43186316, 0.4324609, 0.48967862, 0.49052063, 0.4855362, 0.49143937, 0.4343935, 0.43475434, 0.49252346, 0.43592528, 0.4362483, 0.49440572, 0.48910174], "duration": [43128, 40001, 52933, 42942, 50019, 47871, 39394, 38577, 45083, 39300, 38853, 38148, 38170, 39241, 39787, 38595, 39064, 46465, 39456, 46385, 39129, 46085, 39634, 39570, 38808, 39851, 38680, 45434, 39940, 52580, 46059, 39781, 46796, 39717, 39629, 39632, 39367, 39271, 39045, 40286, 39952, 39810, 39020, 46495, 39249, 39926, 39579, 39967, 39590, 39996]}