{"avg": [0.24805553, 0.27957404, 0.28423977, 0.27999273, 0.282658, 0.28313604, 0.28102115, 0.29829463, 0.2971915, 0.29074204, 0.3043155, 0.27762818, 0.32605547, 0.2948971, 0.3004857, 0.29707566, 0.29107448, 0.31100428, 0.31605992, 0.32268718, 0.33317903, 0.3091809, 0.32063994, 0.32149342, 0.34046495, 0.34118304, 0.32760414, 0.33913022, 0.30592507, 0.3362858, 0.3126946, 0.35216573, 0.33073947, 0.32126305, 0.3438744, 0.3598561, 0.3454335, 0.35664174, 0.32824647, 0.35820884, 0.3466478, 0.3563609, 0.34738, 0.3367435, 0.3339912, 0.37000751, 0.3804474, 0.35432914, 0.3773164, 0.3556827], "std": [0.08358111, 0.07094504, 0.046902236, 0.04186887, 0.068068095, 0.07052261, 0.045338836, 0.06321765, 0.04892873, 0.042356372, 0.039609615, 0.055717096, 0.04700001, 0.051439114, 0.07679109, 0.044096887, 0.057110213, 0.048426412, 0.06366359, 0.028359488, 0.041553047, 0.039168857, 0.029271957, 0.05554761, 0.062252637, 0.053100914, 0.048406936, 0.04890104, 0.046050783, 0.04395315, 0.04397529, 0.0516735, 0.049970217, 0.050648287, 0.056437347, 0.057478253, 0.057484083, 0.06351866, 0.04173608, 0.058520116, 0.051231384, 0.048838094, 0.055457603, 0.049762037, 0.06257109, 0.0527542, 0.05712051, 0.05696445, 0.04575691, 0.056902904], "var": [0.98, 0.98, 0.98, 0.96, 0.94, 0.94, 0.92, 0.92, 0.9, 0.9, 0.88, 0.86, 0.86, 0.86, 0.84, 0.82, 0.82, 0.78, 0.78, 0.76, 0.78, 0.76, 0.78, 0.76, 0.72, 0.74, 0.72, 0.7, 0.66, 0.66, 0.66, 0.64, 0.62, 0.6, 0.58, 0.6, 0.58, 0.58, 0.58, 0.6, 0.62, 0.6, 0.6, 0.56, 0.54, 0.52, 0.5, 0.52, 0.5, 0.5], "best": [0.41666666, 0.44555557, 0.35027775, 0.34413263, 0.43835977, 0.43943092, 0.37180138, 0.4389855, 0.4405128, 0.375, 0.37655282, 0.35233048, 0.43900344, 0.37708333, 0.43869308, 0.37847224, 0.39095607, 0.4393773, 0.4397436, 0.37747526, 0.4411181, 0.3872637, 0.38010988, 0.4406593, 0.4412234, 0.443401, 0.44453952, 0.4445882, 0.38528857, 0.4441997, 0.38618144, 0.44357923, 0.44445547, 0.44443378, 0.44446516, 0.4450909, 0.4462175, 0.44718876, 0.39027083, 0.44814208, 0.44888535, 0.4492236, 0.44944274, 0.40573692, 0.44932365, 0.45004714, 0.45059934, 0.4526126, 0.45322725, 0.4541072], "duration": [43081, 39957, 52988, 43080, 49937, 47962, 38855, 38860, 46274, 38573, 45088, 39082, 39492, 45713, 39197, 45953, 37531, 39391, 39424, 44370, 39832, 46126, 40193, 39697, 46720, 40150, 39648, 39706, 40129, 53379, 38770, 40151, 40393, 38936, 39746, 40474, 40276, 40247, 38738, 46918, 40133, 39970, 40001, 39358, 39480, 39988, 40410, 40079, 40200, 39686]}