{"avg": [0.26031747, 0.30655327, 0.29744938, 0.269352, 0.2916915, 0.31564853, 0.2982078, 0.29368603, 0.31723058, 0.30370948, 0.28636864, 0.32603356, 0.32181677, 0.3161522, 0.30936673, 0.31103897, 0.3354853, 0.34794158, 0.34084114, 0.3349628, 0.35787028, 0.35569146, 0.35041583, 0.35266107, 0.37326062, 0.36460882, 0.3633876, 0.38758054, 0.38095912, 0.3588699, 0.39784154, 0.3879352, 0.38451505, 0.36799446, 0.3880608, 0.3913254, 0.38813308, 0.41066396, 0.41737503, 0.40198317, 0.3896451, 0.4089621, 0.4116438, 0.39968413, 0.3966588, 0.4154016, 0.4239514, 0.4411711, 0.43441427, 0.44213384], "std": [0.08539034, 0.05760741, 0.044788767, 0.06568014, 0.08328967, 0.05550813, 0.07107733, 0.050681587, 0.060141765, 0.080000415, 0.07204171, 0.0521352, 0.06895002, 0.0414342, 0.080203086, 0.070069216, 0.07256403, 0.082023546, 0.040823992, 0.0633534, 0.053388506, 0.061009344, 0.05630358, 0.058295857, 0.04111976, 0.043156337, 0.04207836, 0.058226198, 0.04560738, 0.05976853, 0.03531698, 0.049781557, 0.060339473, 0.044244833, 0.045637675, 0.041916307, 0.04936006, 0.058559377, 0.045060474, 0.054417677, 0.0490568, 0.043218073, 0.054290663, 0.0602916, 0.039944336, 0.042295564, 0.042341605, 0.03850624, 0.05183145, 0.038672432], "var": [1.0, 1.0, 1.0, 1.0, 0.98, 0.98, 0.96, 0.96, 0.94, 0.92, 0.92, 0.88, 0.88, 0.86, 0.84, 0.82, 0.8, 0.8, 0.8, 0.8, 0.78, 0.78, 0.78, 0.8, 0.82, 0.82, 0.82, 0.82, 0.82, 0.8, 0.82, 0.8, 0.78, 0.8, 0.8, 0.78, 0.78, 0.78, 0.78, 0.78, 0.8, 0.8, 0.82, 0.82, 0.82, 0.8, 0.78, 0.78, 0.76, 0.74], "best": [0.4333333, 0.46222222, 0.35435137, 0.36958876, 0.45444444, 0.45526314, 0.37116978, 0.35943565, 0.45907858, 0.4601449, 0.38959098, 0.39061463, 0.4570652, 0.37111747, 0.4609034, 0.3829726, 0.46180835, 0.4623574, 0.4023383, 0.417648, 0.46451613, 0.4654434, 0.46637425, 0.4630252, 0.46800354, 0.47074828, 0.44848588, 0.47187257, 0.47345564, 0.4544824, 0.47468618, 0.47469386, 0.47695127, 0.4778925, 0.47732842, 0.4780952, 0.4610186, 0.47932205, 0.48011017, 0.46938118, 0.47880688, 0.4821829, 0.4832834, 0.48449954, 0.47037712, 0.4822191, 0.48346958, 0.48760638, 0.49081805, 0.49194372], "duration": [42835, 39108, 38616, 42632, 38940, 39235, 39301, 39243, 39417, 39440, 39390, 40058, 39631, 46684, 39413, 39649, 46532, 40148, 52651, 39628, 39940, 39882, 40271, 40070, 46976, 46805, 46611, 40154, 40238, 46837, 40573, 46803, 60569, 46721, 40317, 40164, 40141, 40436, 40383, 40128, 40237, 40144, 47131, 40303, 40426, 40223, 40357, 47100, 40271, 47125]}