{"avg": [0.25523812, 0.3043386, 0.29018852, 0.30633196, 0.29867002, 0.3088393, 0.2979605, 0.29959846, 0.30980402, 0.29908532, 0.2893111, 0.33159477, 0.32443315, 0.31976128, 0.30629534, 0.31907225, 0.3247418, 0.3288617, 0.3432716, 0.33496547, 0.34465608, 0.34558824, 0.35568535, 0.33351287, 0.3588798, 0.3339512, 0.37398, 0.33054253, 0.32975137, 0.33429074, 0.32990107, 0.36063564, 0.37141612, 0.35332233, 0.3227434, 0.35655883, 0.31147742, 0.33215547, 0.36379147, 0.38389263, 0.40483585, 0.3665117, 0.3660732, 0.39049318, 0.40059096, 0.33551806, 0.419378, 0.35568318, 0.41197053, 0.39464846], "std": [0.08711032, 0.07623505, 0.05002872, 0.058620345, 0.06588498, 0.07731751, 0.055274528, 0.056687094, 0.0691137, 0.05683037, 0.035030987, 0.070830576, 0.05788253, 0.045397907, 0.06749901, 0.04478215, 0.028760852, 0.03370953, 0.05351972, 0.06567347, 0.06126894, 0.062724814, 0.05431382, 0.054127384, 0.061069928, 0.059239138, 0.07105223, 0.06355883, 0.08798266, 0.075336084, 0.068143226, 0.06969159, 0.09226433, 0.09098432, 0.099470876, 0.08347913, 0.097089335, 0.07415724, 0.07816062, 0.07753681, 0.085231826, 0.0981524, 0.08159444, 0.08438695, 0.09272966, 0.09351218, 0.07610124, 0.0890668, 0.08169892, 0.1011849], "var": [1.0, 0.98, 0.98, 0.96, 0.96, 0.94, 0.94, 0.92, 0.92, 0.92, 0.9, 0.9, 0.88, 0.88, 0.88, 0.88, 0.9, 0.9, 0.9, 0.88, 0.88, 0.88, 0.86, 0.84, 0.82, 0.84, 0.84, 0.82, 0.78, 0.76, 0.76, 0.74, 0.74, 0.74, 0.72, 0.72, 0.7, 0.7, 0.68, 0.66, 0.62, 0.64, 0.64, 0.62, 0.58, 0.56, 0.58, 0.54, 0.52, 0.52], "best": [0.4333333, 0.46222222, 0.37619045, 0.45869565, 0.459375, 0.4595833, 0.36369047, 0.36793086, 0.45948717, 0.37619045, 0.33869767, 0.45977652, 0.462585, 0.39027593, 0.37706766, 0.39113167, 0.3812219, 0.40648434, 0.4174976, 0.4583864, 0.45959595, 0.4609662, 0.46194443, 0.42405012, 0.4624258, 0.46390244, 0.464, 0.46628702, 0.46651947, 0.4673774, 0.46831274, 0.46878728, 0.47044143, 0.47239876, 0.47433576, 0.47516108, 0.47667238, 0.4767222, 0.47693136, 0.47772488, 0.47914076, 0.4820162, 0.4836049, 0.48494935, 0.48650566, 0.48925924, 0.48929703, 0.48874053, 0.49227747, 0.49445865], "duration": [42729, 44483, 39127, 49609, 43448, 43663, 43913, 38061, 51740, 38231, 38395, 46301, 45752, 48198, 45253, 54543, 38517, 39080, 38801, 44724, 39874, 46443, 39634, 39198, 46113, 38759, 39510, 39346, 39397, 39411, 39511, 46051, 40013, 46200, 38980, 39329, 38880, 38861, 39720, 39946, 39797, 39897, 46081, 39727, 39961, 39089, 40134, 40012, 39869, 52504]}