{"avg": [0.24074075, 0.26762962, 0.26654974, 0.2589164, 0.26904762, 0.2686508, 0.29254514, 0.28359917, 0.2796461, 0.27785712, 0.27459347, 0.28540075, 0.26284546, 0.28287345, 0.26056328, 0.29303816, 0.29407117, 0.28700918, 0.29411533, 0.29932013, 0.29397205, 0.3038733, 0.27081046, 0.2986301, 0.30075687, 0.29677495, 0.30729866, 0.32487923, 0.29942542, 0.3178659, 0.30612198, 0.3316502, 0.31274104, 0.31641278, 0.3260501, 0.31474072, 0.3159591, 0.31453708, 0.3133651, 0.35388514, 0.3324445, 0.3310088, 0.32985353, 0.32517225, 0.3169031, 0.3527201, 0.33543485, 0.32485858, 0.34531102, 0.30909926], "std": [0.07324536, 0.063589305, 0.04620475, 0.04744568, 0.067507796, 0.072477, 0.03795981, 0.046869036, 0.061377697, 0.0667783, 0.044559337, 0.06500528, 0.07574593, 0.046269685, 0.0941814, 0.055158798, 0.07149295, 0.07971641, 0.0716617, 0.053395, 0.06915675, 0.03535699, 0.075168215, 0.061606687, 0.04769267, 0.07994003, 0.04545496, 0.038259383, 0.06754038, 0.05309831, 0.068027824, 0.05659818, 0.05878178, 0.05783129, 0.053128228, 0.05452888, 0.06440743, 0.05246195, 0.06753345, 0.026080858, 0.062255703, 0.062634505, 0.06573356, 0.06666371, 0.0664925, 0.047363747, 0.06982208, 0.081133015, 0.070040494, 0.08034107], "var": [0.98, 0.98, 0.98, 0.96, 0.92, 0.9, 0.9, 0.88, 0.88, 0.86, 0.84, 0.84, 0.86, 0.82, 0.84, 0.82, 0.8, 0.78, 0.8, 0.78, 0.74, 0.7, 0.72, 0.72, 0.7, 0.68, 0.66, 0.66, 0.64, 0.66, 0.7, 0.66, 0.66, 0.66, 0.62, 0.64, 0.62, 0.6, 0.64, 0.62, 0.58, 0.6, 0.62, 0.6, 0.58, 0.58, 0.58, 0.58, 0.58, 0.54], "best": [0.38888887, 0.41777778, 0.32666665, 0.32052153, 0.4100529, 0.41111112, 0.36589658, 0.32758942, 0.41012344, 0.41222224, 0.36192408, 0.41235256, 0.36508742, 0.36782515, 0.41175023, 0.36958334, 0.4125868, 0.3733497, 0.4138889, 0.41469178, 0.37554133, 0.37491477, 0.36846402, 0.37505475, 0.37560382, 0.41525963, 0.377694, 0.37922704, 0.37995848, 0.38146475, 0.383297, 0.38410687, 0.3866394, 0.3873957, 0.3840996, 0.3891975, 0.4165165, 0.37456703, 0.390725, 0.41744444, 0.41810298, 0.3937037, 0.41860464, 0.39602816, 0.41986927, 0.4202614, 0.4184301, 0.41910437, 0.4210526, 0.4202433], "duration": [43052, 40045, 52850, 42915, 51894, 43004, 38908, 38181, 37950, 39594, 46339, 39349, 38209, 39066, 39669, 38710, 38568, 38016, 39103, 39663, 39488, 38902, 39366, 38676, 38651, 39754, 38810, 39442, 39625, 38071, 38569, 39169, 39575, 38978, 46162, 38369, 39268, 39549, 39201, 39637, 38946, 39732, 46581, 46164, 38917, 39592, 39079, 39304, 40080, 39781]}