{"avg": [0.26031747, 0.2896931, 0.29307437, 0.2902818, 0.29537734, 0.29626632, 0.30863777, 0.320574, 0.31279385, 0.32797393, 0.30525985, 0.29482475, 0.31779337, 0.33420795, 0.30254284, 0.29968658, 0.30354455, 0.3195991, 0.30477455, 0.3029326, 0.32521057, 0.31603876, 0.31488514, 0.31908494, 0.33269706, 0.335593, 0.3312306, 0.3055833, 0.33817512, 0.33812794, 0.36352375, 0.3435272, 0.34964567, 0.33669668, 0.3395229, 0.31601554, 0.33127248, 0.34719464, 0.38285396, 0.3622128, 0.36600274, 0.3479814, 0.36836213, 0.36088437, 0.3308767, 0.37676254, 0.34949595, 0.35769418, 0.3610909, 0.37611365], "std": [0.08539034, 0.07409099, 0.047121577, 0.041381273, 0.0705064, 0.07465063, 0.057517584, 0.0491792, 0.07701867, 0.06492253, 0.061064214, 0.049345482, 0.06423988, 0.059410892, 0.070369914, 0.06759566, 0.070988365, 0.05423165, 0.05626213, 0.075578555, 0.051791962, 0.07581125, 0.06439156, 0.044018477, 0.05932895, 0.049804688, 0.057845164, 0.07510708, 0.041516874, 0.06478435, 0.043986212, 0.0659561, 0.06675347, 0.09532506, 0.047224578, 0.06583879, 0.047909312, 0.048970044, 0.05190077, 0.059892613, 0.06691834, 0.058416072, 0.0504265, 0.07465508, 0.06210653, 0.08345006, 0.050145894, 0.09040834, 0.07947329, 0.0709009], "var": [0.98, 0.98, 0.98, 0.96, 0.94, 0.94, 0.92, 0.92, 0.88, 0.88, 0.88, 0.86, 0.84, 0.82, 0.82, 0.8, 0.8, 0.8, 0.8, 0.78, 0.78, 0.74, 0.74, 0.74, 0.74, 0.72, 0.7, 0.68, 0.68, 0.68, 0.68, 0.7, 0.7, 0.7, 0.68, 0.7, 0.7, 0.7, 0.7, 0.7, 0.68, 0.64, 0.66, 0.66, 0.62, 0.62, 0.64, 0.64, 0.6, 0.6], "best": [0.4333333, 0.46222222, 0.36396822, 0.3578231, 0.45502642, 0.45609757, 0.40081772, 0.40355125, 0.45456788, 0.4561403, 0.36167526, 0.36396825, 0.455102, 0.45581758, 0.39028823, 0.40608904, 0.455, 0.45636365, 0.36393848, 0.40576112, 0.45646688, 0.40775964, 0.41142857, 0.41301417, 0.41315433, 0.45666668, 0.41620883, 0.42530802, 0.417747, 0.4270397, 0.42871296, 0.4558985, 0.45654762, 0.45714283, 0.43301168, 0.4014512, 0.43247905, 0.443867, 0.44467083, 0.45821056, 0.44594327, 0.4286232, 0.44613278, 0.44642684, 0.43679592, 0.4599717, 0.43789735, 0.43971273, 0.44674286, 0.4611473], "duration": [43100, 40029, 52728, 42895, 49977, 47910, 45653, 38724, 45148, 39849, 37526, 38420, 45996, 39805, 45058, 38733, 38728, 40070, 39171, 38719, 46131, 46096, 39370, 38438, 39906, 39568, 39315, 38685, 39025, 39900, 39413, 39968, 39735, 39365, 38512, 39086, 39290, 40096, 40334, 40484, 39786, 46311, 40186, 39825, 39881, 39761, 39119, 39819, 39344, 40373]}