{"avg": [0.25777778, 0.28715342, 0.28779447, 0.2955357, 0.2880586, 0.30284783, 0.32048562, 0.321704, 0.31367886, 0.2621125, 0.2926015, 0.30285984, 0.2918963, 0.30028152, 0.31529048, 0.30519852, 0.30957177, 0.30347222, 0.30469087, 0.3180806, 0.32867232, 0.31886086, 0.3316606, 0.32905534, 0.31434417, 0.3158312, 0.33568373, 0.31552488, 0.32516846, 0.34153104, 0.32776448, 0.34692678, 0.32675233, 0.35506704, 0.350369, 0.33345944, 0.34448707, 0.35113728, 0.31946757, 0.33933905, 0.33969125, 0.34074095, 0.35279247, 0.33993727, 0.33887935, 0.34274045, 0.33478796, 0.37229875, 0.3609384, 0.33667445], "std": [0.08726752, 0.07315504, 0.06592507, 0.058002394, 0.073628, 0.058964577, 0.0395977, 0.049257036, 0.044664156, 0.06417027, 0.0577177, 0.05008021, 0.046128403, 0.048674814, 0.044883694, 0.063858934, 0.061811373, 0.05543183, 0.04223249, 0.043446586, 0.060240824, 0.054544456, 0.053683877, 0.057718642, 0.04194274, 0.05085753, 0.04714431, 0.044121332, 0.04304373, 0.03628572, 0.043435793, 0.038030885, 0.04832758, 0.052730434, 0.053057246, 0.047477238, 0.055894047, 0.038638394, 0.0606711, 0.051800426, 0.03889936, 0.055917062, 0.05701839, 0.044363234, 0.054772552, 0.064434804, 0.053732473, 0.045091692, 0.043702777, 0.052753076], "var": [0.98, 0.96, 0.92, 0.9, 0.9, 0.9, 0.88, 0.88, 0.9, 0.88, 0.86, 0.86, 0.86, 0.86, 0.82, 0.84, 0.84, 0.8, 0.78, 0.76, 0.74, 0.74, 0.72, 0.72, 0.72, 0.7, 0.7, 0.68, 0.66, 0.66, 0.62, 0.6, 0.58, 0.6, 0.58, 0.58, 0.58, 0.6, 0.6, 0.6, 0.58, 0.6, 0.6, 0.62, 0.62, 0.62, 0.6, 0.58, 0.58, 0.62], "best": [0.4333333, 0.46222222, 0.36396822, 0.36394557, 0.45435897, 0.45555556, 0.38628006, 0.45698002, 0.37113997, 0.3683605, 0.36903298, 0.38837457, 0.37128353, 0.38976988, 0.37051034, 0.45330575, 0.3707641, 0.38888887, 0.37238422, 0.37247458, 0.45306334, 0.45367062, 0.4545798, 0.45555553, 0.37340543, 0.37335715, 0.45619503, 0.3889401, 0.37507686, 0.38946018, 0.38997808, 0.4561653, 0.37730375, 0.456673, 0.45793355, 0.38061893, 0.45875505, 0.3904762, 0.40424156, 0.45945072, 0.3823322, 0.4597648, 0.4609281, 0.40764832, 0.40793428, 0.46153128, 0.40828755, 0.4619433, 0.46288478, 0.40994164], "duration": [42712, 39721, 52196, 49883, 50365, 43889, 39182, 39126, 51224, 38542, 45137, 39200, 38885, 38748, 52097, 38963, 38814, 38773, 38754, 38762, 45790, 39021, 45374, 39396, 44831, 38974, 38770, 38741, 38419, 38483, 38955, 39303, 45593, 39588, 39391, 39202, 38831, 39421, 39484, 39255, 38706, 46000, 39500, 43703, 38836, 38994, 52172, 46205, 39221, 39048]}