{"avg": [0.27074072, 0.30318516, 0.30953217, 0.30677843, 0.30561122, 0.31083214, 0.32542974, 0.33425277, 0.32763982, 0.34089908, 0.32277682, 0.3092593, 0.33565053, 0.3505274, 0.31732458, 0.31155512, 0.32345587, 0.33216006, 0.31783772, 0.34043717, 0.349438, 0.31236196, 0.35016903, 0.36378902, 0.32754815, 0.38912958, 0.31909773, 0.31248602, 0.3493955, 0.3416849, 0.3423157, 0.37725735, 0.34117976, 0.35109118, 0.38257736, 0.3757588, 0.34926698, 0.38586986, 0.40301427, 0.36896062, 0.3731863, 0.38933483, 0.37220317, 0.38174838, 0.37568295, 0.38466176, 0.3902898, 0.40176797, 0.38225627, 0.4080203], "std": [0.0921947, 0.078303896, 0.05121819, 0.045876443, 0.07723277, 0.07890176, 0.055273276, 0.052363265, 0.08121469, 0.073459975, 0.06624097, 0.052259367, 0.068244144, 0.057952523, 0.0729634, 0.073393695, 0.07451629, 0.060997274, 0.0621557, 0.06560656, 0.05284363, 0.07120973, 0.066598184, 0.05612838, 0.08075563, 0.06734499, 0.06946528, 0.07085921, 0.053705983, 0.06383461, 0.052081764, 0.06678792, 0.06909883, 0.058999848, 0.07089891, 0.052093722, 0.064823925, 0.05225647, 0.07572676, 0.06179738, 0.091299, 0.07897406, 0.07041886, 0.06393207, 0.08619019, 0.078040294, 0.061710272, 0.06518314, 0.10131894, 0.07356988], "var": [0.98, 0.98, 0.98, 0.96, 0.94, 0.94, 0.92, 0.92, 0.88, 0.88, 0.88, 0.86, 0.84, 0.82, 0.82, 0.8, 0.8, 0.8, 0.82, 0.8, 0.8, 0.78, 0.78, 0.76, 0.74, 0.72, 0.74, 0.76, 0.74, 0.76, 0.74, 0.74, 0.74, 0.72, 0.7, 0.68, 0.7, 0.7, 0.7, 0.68, 0.66, 0.7, 0.68, 0.64, 0.6, 0.56, 0.56, 0.52, 0.5, 0.48], "best": [0.45555553, 0.4844444, 0.38222227, 0.3760771, 0.47724864, 0.47831976, 0.41986534, 0.42259887, 0.47679007, 0.47836253, 0.38179386, 0.38222227, 0.47732422, 0.47803977, 0.40774858, 0.42513666, 0.47735038, 0.47870705, 0.38275465, 0.42480874, 0.47879422, 0.42710844, 0.47902295, 0.5371385, 0.48013994, 0.5382312, 0.40676916, 0.43286386, 0.43318185, 0.43457603, 0.43608758, 0.5393004, 0.43916503, 0.44032052, 0.54033226, 0.4427879, 0.44573784, 0.44642654, 0.5421072, 0.45141152, 0.5431238, 0.48404598, 0.45664653, 0.45839489, 0.45962372, 0.4841404, 0.46339783, 0.54521227, 0.5456856, 0.48513237], "duration": [43106, 40084, 52900, 42890, 49841, 47826, 45784, 38729, 45010, 39924, 37497, 38327, 46140, 39948, 44994, 38651, 38812, 40082, 39115, 39336, 46339, 39183, 39295, 39879, 38928, 39445, 38761, 38220, 38860, 38701, 39413, 39262, 45485, 40170, 40269, 45274, 38407, 39407, 39351, 39970, 39223, 39639, 38784, 39576, 39241, 40013, 39558, 40073, 45823, 39455]}