{"avg": [0.45999995, 0.4577777, 0.4577777, 0.4577777, 0.4622222, 0.45777777, 0.45777777, 0.45333317, 0.4533333, 0.45777777, 0.45555553, 0.46222225, 0.46222225, 0.46222225, 0.45999995, 0.45999995, 0.4577777, 0.45999995, 0.45999995, 0.4577777, 0.45333323, 0.45333323, 0.451111, 0.451111, 0.451111], "std": [0.22987936, 0.2294813, 0.2294813, 0.22948131, 0.23344986, 0.23584874, 0.23584874, 0.23500994, 0.23500994, 0.23584874, 0.23544034, 0.2397119, 0.24278237, 0.2366016, 0.2362361, 0.2362361, 0.23584874, 0.2362361, 0.2362361, 0.23268682, 0.23500992, 0.23500992, 0.23455776, 0.23769483, 0.23769483], "var": [0.99333334, 0.99333334, 0.9866667, 0.97333336, 0.97333336, 0.96666664, 0.96, 0.9533333, 0.94, 0.93333334, 0.9266667, 0.92, 0.92, 0.91333336, 0.91333336, 0.91333336, 0.91333336, 0.9066667, 0.9, 0.88666666, 0.88666666, 0.88666666, 0.87333333, 0.87333333, 0.88666666], "best": [1.0, 1.0, 1.0, 1.0, 1.0, 1.0, 1.0, 1.0, 1.0, 1.0, 1.0, 1.0, 1.0, 1.0, 1.0, 1.0, 1.0, 1.0, 1.0, 1.0, 1.0, 1.0, 1.0, 1.0, 1.0], "duration": [27624, 26465, 26427, 23761, 25016, 26896, 26826, 23478, 22211, 24908, 25013, 25254, 23500, 25195, 25185, 25221, 26592, 26439, 24874, 26410, 26380, 24929, 26522, 26567, 26555]}