{"avg": [0.2031943, 0.2545275, 0.31586775, 0.32354185, 0.36673212, 0.42148253, 0.4353872, 0.47599444, 0.5062776, 0.49140146, 0.4973918, 0.5328674, 0.5742304, 0.5858555, 0.60235965, 0.6323248, 0.6761529, 0.6614169, 0.66291356, 0.68806, 0.67156655, 0.7006807, 0.7008281, 0.7042289, 0.71201694, 0.71525425, 0.7059917, 0.71413803, 0.7156513, 0.7200721, 0.71919113, 0.71615565, 0.73527795, 0.7261608, 0.73838156, 0.7338582, 0.7207761, 0.7364248, 0.72135764, 0.7018852, 0.73346615, 0.7174801, 0.73086256, 0.7484836, 0.7365127, 0.73788285, 0.74502957, 0.73870903, 0.73474675, 0.74709004, 0.74677193, 0.7424533, 0.75472265, 0.7500379, 0.7508735, 0.7565897, 0.7512514, 0.7503795, 0.7579744, 0.74624276, 0.7482709, 0.7532753, 0.75447696, 0.7442778, 0.749551, 0.74883866, 0.75531423, 0.76178, 0.7562829, 0.7624547, 0.746088, 0.73863256, 0.7450527, 0.7453426, 0.75786984], "std": [0.15181875, 0.1449441, 0.1447807, 0.14321063, 0.15894607, 0.14427936, 0.09768786, 0.1157262, 0.06391659, 0.06632192, 0.115679175, 0.08676622, 0.08117063, 0.10306687, 0.07664897, 0.06863275, 0.040013142, 0.056829974, 0.057390418, 0.041405898, 0.05380523, 0.031106895, 0.03575111, 0.03522966, 0.026601112, 0.024913436, 0.042788494, 0.035923835, 0.036706723, 0.033219576, 0.037578642, 0.042848222, 1.1920929e-07, 0.03450261, 0.0, 0.026687136, 0.045634035, 0.026687132, 0.04722792, 0.058404442, 0.036734693, 0.052153222, 0.04202134, 1.1920929e-07, 0.03757864, 0.036734693, 0.026076593, 0.03757864, 0.042848215, 0.026076596, 0.02804833, 0.035944104, 0.0, 0.024971157, 0.024468528, 1.1920929e-07, 0.026076598, 0.028811522, 1.7881393e-07, 0.036734693, 0.034502618, 0.026687136, 0.024971163, 0.041238528, 0.03520161, 0.03673471, 0.026687149, 1.1920929e-07, 0.026076596, 1.1920929e-07, 0.04202135, 0.04897959, 0.04372305, 0.04372305, 0.026687136], "var": [1.0, 1.0, 1.0, 1.0, 1.0, 1.0, 1.0, 1.0, 0.92, 0.84, 0.84, 0.84, 0.88, 0.88, 0.76, 0.64, 0.48, 0.44, 0.36, 0.32, 0.28, 0.2, 0.2, 0.2, 0.2, 0.16, 0.16, 0.12, 0.08, 0.08, 0.08, 0.08, 0.08, 0.08, 0.08, 0.08, 0.08, 0.08, 0.08, 0.08, 0.08, 0.08, 0.04, 0.04, 0.04, 0.04, 0.04, 0.04, 0.04, 0.04, 0.04, 0.04, 0.04, 0.04, 0.04, 0.04, 0.04, 0.04, 0.04, 0.04, 0.04, 0.04, 0.04, 0.04, 0.04, 0.04, 0.04, 0.04, 0.04, 0.04, 0.04, 0.04, 0.04, 0.04, 0.04], "best": [0.4642857, 0.48704526, 0.49454203, 0.4963329, 0.6538206, 0.6554233, 0.5355798, 0.66088206, 0.663253, 0.6633835, 0.6693096, 0.67814034, 0.68167335, 0.685034, 0.68751824, 0.6924909, 0.6951952, 0.69813836, 0.7012223, 0.70454544, 0.7073666, 0.710559, 0.71316284, 0.7159857, 0.7187055, 0.7210584, 0.7236344, 0.72586596, 0.72798634, 0.729868, 0.7320806, 0.73364836, 0.73527783, 0.7368084, 0.73838156, 0.7399807, 0.74118423, 0.7425474, 0.74362123, 0.74474233, 0.7457109, 0.7466348, 0.74756, 0.7484835, 0.74940217, 0.7501277, 0.7508607, 0.7515985, 0.75223964, 0.7529208, 0.75357485, 0.754115, 0.75472265, 0.755362, 0.75597537, 0.7565896, 0.75708246, 0.75758225, 0.7579742, 0.7584876, 0.7589187, 0.7593979, 0.7598009, 0.76024944, 0.7606826, 0.7610834, 0.76143676, 0.76178014, 0.762114, 0.76245457, 0.7627855, 0.76312226, 0.7634199, 0.76370984, 0.7639923], "duration": [13048, 13169, 15693, 14586, 12095, 14836, 12651, 11736, 12381, 11304, 15118, 14245, 19142, 17378, 13085, 19049, 17679, 18853, 16085, 14332, 19850, 15318, 17891, 19269, 25526, 19314, 16660, 20558, 16043, 16028, 15253, 15694, 17993, 20239, 25492, 17391, 16405, 18001, 19629, 17714, 15689, 17161, 17887, 26161, 16900, 16788, 15480, 15177, 16022, 15716, 15989, 16075, 15194, 16952, 19480, 17518, 14023, 14287, 19609, 21528, 15529, 19083, 15522, 15144, 16862, 14307, 15775, 17039, 14209, 16485, 20538, 15426, 13996, 12777, 13053]}