{"avg": [0.25952384, 0.2596561, 0.31792328, 0.25582013, 0.2518188, 0.25981483, 0.30222222, 0.255362, 0.29022288, 0.29942113, 0.28998014, 0.23676394, 0.26677173, 0.27493563, 0.29540673, 0.25098747, 0.24956006, 0.26292518, 0.29577228, 0.25313854, 0.2563492, 0.2653266, 0.29568452, 0.25413534, 0.24229759, 0.28079912, 0.25931883, 0.28589237, 0.29024106, 0.23700397, 0.2679073, 0.32521164, 0.25870013, 0.22375968, 0.26938778, 0.2797797, 0.23870103, 0.30790967, 0.22749746, 0.26088792, 0.27501035, 0.26561406, 0.27825007, 0.21215118, 0.29846272, 0.27148718, 0.24513029, 0.24362326, 0.27279446, 0.262538], "std": [0.03560831, 0.10886468, 0.027085476, 0.05002565, 0.025610726, 0.053107943, 0.061396033, 0.07737397, 0.06610079, 0.034558676, 0.028839717, 0.05961016, 0.053663753, 0.03928959, 0.04039645, 0.07816011, 0.055214453, 0.06061042, 0.03703321, 0.02596273, 0.031847805, 0.051250253, 0.07899754, 0.06403905, 0.05628753, 0.056409504, 0.04107985, 0.025183627, 0.023101542, 0.021089926, 0.0571497, 0.031207781, 0.02529243, 0.08515409, 0.055308457, 0.059037514, 0.049101204, 0.032908127, 0.03846039, 0.065155774, 0.031201612, 0.07886051, 0.08630688, 0.089791395, 0.046562813, 0.054935712, 0.04087352, 0.05846791, 0.03193634, 0.04476535], "var": [1.0, 1.0, 1.0, 1.0, 1.0, 1.0, 1.0, 1.0, 1.0, 1.0, 1.0, 1.0, 1.0, 1.0, 1.0, 1.0, 1.0, 1.0, 1.0, 1.0, 1.0, 1.0, 1.0, 1.0, 1.0, 1.0, 1.0, 1.0, 1.0, 1.0, 1.0, 1.0, 1.0, 1.0, 1.0, 1.0, 1.0, 1.0, 1.0, 1.0, 1.0, 1.0, 1.0, 1.0, 1.0, 1.0, 1.0, 1.0, 1.0, 1.0], "best": [0.30476192, 0.45555556, 0.356746, 0.33201057, 0.28869048, 0.34079364, 0.38531744, 0.38908246, 0.3556231, 0.34509805, 0.31607142, 0.34039938, 0.35511205, 0.3169241, 0.35017857, 0.3988926, 0.31599382, 0.38231292, 0.35123625, 0.2918615, 0.3022578, 0.3428962, 0.4426339, 0.3453634, 0.3372045, 0.35343182, 0.30416274, 0.3171551, 0.32933566, 0.2559524, 0.34444442, 0.37796298, 0.30972973, 0.35826477, 0.35170066, 0.39388773, 0.2982747, 0.34202993, 0.30056795, 0.37872025, 0.33020702, 0.35934222, 0.36788666, 0.3529378, 0.39013875, 0.3500183, 0.29552564, 0.34526443, 0.31526917, 0.30194193], "duration": [12578, 12730, 13212, 13596, 12792, 12561, 13390, 12840, 8877, 13106, 12606, 12682, 17489, 12700, 12886, 12379, 12142, 12734, 13220, 11908, 12661, 12499, 17526, 12599, 7760, 12458, 12450, 13210, 12758, 12006, 12538, 13339, 12910, 12806, 13154, 12660, 12087, 12605, 7651, 12029, 12684, 12666, 12671, 12609, 12689, 12064, 12481, 9348, 12524, 13536]}