{"avg": [0.34, 0.35333332, 0.34, 0.34, 0.34, 0.34, 0.3, 0.31333333, 0.34, 0.27333334, 0.34666666, 0.31333333, 0.30666667, 0.34666666, 0.33333334, 0.34, 0.26666668, 0.33333334, 0.30666667, 0.32, 0.30666667, 0.32, 0.31333333, 0.3, 0.3], "std": [0.47370905, 0.47800493, 0.473709, 0.47370905, 0.47370902, 0.47370902, 0.4582576, 0.46384847, 0.47370896, 0.44567034, 0.47590864, 0.46384844, 0.46110955, 0.47590864, 0.4714043, 0.473709, 0.44221663, 0.4714043, 0.46110952, 0.4664762, 0.4611095, 0.46647617, 0.46384847, 0.45825762, 0.45825762], "var": [0.99333334, 0.98, 0.97333336, 0.97333336, 0.97333336, 0.96666664, 0.9533333, 0.9533333, 0.94, 0.9266667, 0.92, 0.9066667, 0.8933333, 0.88666666, 0.88, 0.87333333, 0.87333333, 0.87333333, 0.8666667, 0.86, 0.8466667, 0.8333333, 0.82666665, 0.82, 0.82], "best": [1.0, 1.0, 1.0, 1.0, 1.0, 1.0, 1.0, 1.0, 1.0, 1.0, 1.0, 1.0, 1.0, 1.0, 1.0, 1.0, 1.0, 1.0, 1.0, 1.0, 1.0, 1.0, 1.0, 1.0, 1.0], "duration": [8807, 8736, 8745, 8753, 8757, 8749, 8687, 8692, 8727, 8742, 8714, 8548, 8678, 8638, 8769, 8752, 8507, 8563, 8621, 8710, 8692, 8612, 8684, 8716, 8706]}