{"avg": [0.22490843, 0.30792782, 0.28206936, 0.28512952, 0.3311371, 0.3125794, 0.32770815, 0.32476866, 0.31421074, 0.33460516, 0.31348222, 0.34996197, 0.33742827, 0.36015177, 0.37470236, 0.37308455, 0.36185607, 0.37140247, 0.37653014, 0.42299852, 0.4101186, 0.39410052, 0.4186, 0.42761594, 0.4749838, 0.4784193, 0.41232824, 0.44679525, 0.4468212, 0.46437138, 0.44843262, 0.4893598, 0.48751867, 0.47089288, 0.49509194, 0.50234514, 0.5218197, 0.5119974, 0.5343954, 0.50619453, 0.53666246, 0.54158556, 0.588046, 0.5673222, 0.5767636, 0.5720274, 0.58125085, 0.5508367, 0.5595308, 0.5613399], "std": [0.069313094, 0.054909736, 0.041612018, 0.06090237, 0.06671137, 0.05970748, 0.066028215, 0.070408784, 0.065942444, 0.07138286, 0.02675131, 0.07429967, 0.073960945, 0.08030063, 0.08402242, 0.077729, 0.08308923, 0.110042326, 0.09540253, 0.08015883, 0.0773258, 0.119231395, 0.078464866, 0.10042066, 0.06454581, 0.07371837, 0.09853479, 0.08807164, 0.09718557, 0.10207834, 0.10598119, 0.091808796, 0.10542016, 0.109933004, 0.09447631, 0.098711595, 0.09192486, 0.103635415, 0.08460812, 0.11393908, 0.090925254, 0.09608982, 5.9604645e-08, 0.07304453, 0.06993584, 0.08438338, 0.06878573, 0.11068932, 0.10871107, 0.10945071], "var": [0.92, 0.96, 0.96, 0.88, 0.8, 0.84, 0.88, 0.88, 0.88, 0.84, 0.76, 0.76, 0.72, 0.68, 0.68, 0.68, 0.68, 0.68, 0.72, 0.64, 0.56, 0.48, 0.44, 0.36, 0.36, 0.36, 0.4, 0.44, 0.36, 0.32, 0.32, 0.28, 0.28, 0.24, 0.24, 0.2, 0.2, 0.16, 0.16, 0.12, 0.12, 0.12, 0.12, 0.08, 0.08, 0.08, 0.08, 0.08, 0.08, 0.08], "best": [0.30476192, 0.40549448, 0.34832454, 0.45042732, 0.45459768, 0.46333334, 0.46504065, 0.46941578, 0.4721212, 0.47333333, 0.36718428, 0.4739035, 0.47871485, 0.48021975, 0.4862245, 0.4907051, 0.49363634, 0.49626437, 0.49986282, 0.5026144, 0.5089219, 0.5129108, 0.5171717, 0.5197411, 0.524355, 0.52996033, 0.5365622, 0.5382648, 0.541073, 0.54402035, 0.5478296, 0.55007935, 0.55432945, 0.55756897, 0.5602314, 0.5635789, 0.56707567, 0.571164, 0.5755725, 0.5796296, 0.5817962, 0.58486456, 0.58804595, 0.5913705, 0.5948209, 0.5987117, 0.6011076, 0.6039276, 0.6058853, 0.6080099], "duration": [47992, 38489, 48580, 69054, 45995, 39402, 46659, 45478, 39504, 53715, 52203, 39884, 47362, 40262, 40442, 39745, 39406, 39644, 39761, 40443, 45061, 60694, 39060, 47282, 47649, 47481, 52649, 53209, 39847, 47262, 40717, 60124, 40652, 46607, 40641, 40666, 47455, 54096, 47726, 47469, 40982, 40760, 40799, 40883, 47423, 47658, 40765, 40549, 40538, 40524]}