{"avg": [0.30933332, 0.33838734, 0.34182456, 0.3425948, 0.33121136, 0.33602992, 0.3573844, 0.3642729, 0.35723454, 0.3665347, 0.35109356, 0.36571524, 0.37477383, 0.37191015, 0.3668635, 0.37732854, 0.39024284, 0.36836764, 0.4049798, 0.40382826, 0.4093882, 0.42703158, 0.41918278, 0.41933447, 0.40215847, 0.44601175, 0.4362145, 0.39542034, 0.42178577, 0.4320101, 0.41805008, 0.43949342, 0.41938952, 0.384846, 0.44379005, 0.43942404, 0.4442018, 0.46589786, 0.45018688, 0.4430714, 0.4478827, 0.4198442, 0.4424711, 0.47964892, 0.43660602, 0.46833602, 0.4384373, 0.46116233, 0.4748289, 0.4754585], "std": [0.10185473, 0.089540355, 0.061526187, 0.05181368, 0.09134068, 0.09453687, 0.064912304, 0.06423014, 0.09051211, 0.08900403, 0.09816225, 0.094685204, 0.07293826, 0.088033184, 0.098073155, 0.06319616, 0.074190855, 0.07083838, 0.07709211, 0.094032966, 0.09206117, 0.08058722, 0.083407916, 0.08536397, 0.08208128, 0.07201555, 0.10077224, 0.10906951, 0.08250365, 0.11709686, 0.072186194, 0.095832765, 0.09384969, 0.11093693, 0.087421164, 0.11002605, 0.09354126, 0.08165399, 0.09953725, 0.082982555, 0.08858056, 0.08261892, 0.09396471, 0.077767365, 0.0789181, 0.109808356, 0.112991154, 0.088532984, 0.06742206, 0.06453597], "var": [0.98, 0.98, 0.98, 0.96, 0.94, 0.94, 0.92, 0.92, 0.92, 0.9, 0.9, 0.88, 0.88, 0.84, 0.82, 0.8, 0.8, 0.78, 0.76, 0.76, 0.72, 0.7, 0.7, 0.68, 0.66, 0.64, 0.66, 0.66, 0.64, 0.62, 0.6, 0.6, 0.6, 0.6, 0.62, 0.6, 0.56, 0.56, 0.58, 0.56, 0.56, 0.58, 0.56, 0.54, 0.54, 0.52, 0.5, 0.46, 0.44, 0.44], "best": [0.52, 0.5373333, 0.4240952, 0.42040816, 0.53301585, 0.5336585, 0.4690621, 0.47070223, 0.48702645, 0.534, 0.5341463, 0.53491527, 0.5352577, 0.53548074, 0.5358222, 0.5369874, 0.53740156, 0.47618347, 0.5375525, 0.5391475, 0.540743, 0.5421893, 0.5443137, 0.5451871, 0.54649615, 0.5464851, 0.5473634, 0.54895455, 0.54927474, 0.5495966, 0.5505155, 0.55084, 0.5523404, 0.55292135, 0.55328465, 0.5542096, 0.5551986, 0.5562689, 0.55713814, 0.5576997, 0.5581931, 0.5589362, 0.5591691, 0.5596221, 0.5606808, 0.5606944, 0.5617143, 0.5617089, 0.56240207, 0.5629923], "duration": [43202, 40136, 52817, 42953, 45064, 47894, 45799, 38679, 38377, 39559, 39112, 39319, 39830, 39099, 46353, 39662, 45212, 45480, 46147, 45773, 46414, 46376, 45809, 39814, 39921, 39975, 53504, 39559, 39347, 39665, 39697, 39979, 46251, 38455, 39299, 40292, 40344, 40521, 46746, 40482, 47357, 40377, 39865, 40115, 40114, 40071, 39930, 40720, 40220, 47298]}