{"avg": [0.27333334, 0.30318516, 0.31157893, 0.30677843, 0.30765802, 0.30854455, 0.32705176, 0.32696295, 0.33100963, 0.31653473, 0.3179112, 0.3155643, 0.31341487, 0.3299255, 0.32088992, 0.29395846, 0.30140465, 0.3299579, 0.34785652, 0.35782892, 0.31170538, 0.3425692, 0.3680052, 0.32473156, 0.3158706, 0.33791304, 0.34995583, 0.3117356, 0.332998, 0.33313623, 0.3504986, 0.35878387, 0.3765982, 0.34390387, 0.38295186, 0.37114087, 0.3682536, 0.37278354, 0.35662463, 0.37030885, 0.37726924, 0.37371004, 0.40199235, 0.38704893, 0.3938132, 0.3900504, 0.39198038, 0.38507366, 0.39352614, 0.3966336], "std": [0.090226054, 0.078303896, 0.05231647, 0.045876443, 0.07473447, 0.08106426, 0.058461696, 0.070025586, 0.049623378, 0.057870634, 0.04570034, 0.061982233, 0.07052612, 0.07420577, 0.059048668, 0.07031487, 0.07372242, 0.07290743, 0.05802566, 0.03199834, 0.076748595, 0.08607563, 0.04656939, 0.085277416, 0.08891285, 0.071392894, 0.059283845, 0.077372305, 0.08058759, 0.086912334, 0.068058096, 0.07232573, 0.060928367, 0.06177811, 0.044465013, 0.054110833, 0.04715987, 0.060240522, 0.06081365, 0.056458496, 0.056283474, 0.060822826, 0.05967227, 0.047201756, 0.06654897, 0.07466426, 0.05071758, 0.06414321, 0.06316239, 0.055040594], "var": [0.98, 0.98, 0.98, 0.96, 0.94, 0.94, 0.92, 0.92, 0.9, 0.9, 0.86, 0.84, 0.84, 0.84, 0.82, 0.8, 0.8, 0.78, 0.8, 0.8, 0.8, 0.8, 0.8, 0.78, 0.76, 0.74, 0.74, 0.74, 0.72, 0.74, 0.74, 0.7, 0.72, 0.7, 0.7, 0.72, 0.7, 0.7, 0.7, 0.7, 0.68, 0.7, 0.72, 0.68, 0.66, 0.62, 0.62, 0.64, 0.66, 0.64], "best": [0.45555553, 0.4844444, 0.38222227, 0.3760771, 0.47724864, 0.47831976, 0.41986534, 0.4787439, 0.42461538, 0.42374432, 0.4087647, 0.42424247, 0.38262787, 0.47929537, 0.4248869, 0.38276353, 0.3791722, 0.42058083, 0.42317805, 0.42319822, 0.42393163, 0.4781165, 0.47845998, 0.427451, 0.42800364, 0.41088024, 0.47816566, 0.4291767, 0.42909932, 0.47958827, 0.4252849, 0.48112252, 0.4817318, 0.48283994, 0.43370858, 0.4840835, 0.4292481, 0.4702648, 0.48569557, 0.47178718, 0.4873545, 0.43816873, 0.48813245, 0.49318993, 0.48960623, 0.49474093, 0.47690538, 0.47816014, 0.494349, 0.49527094], "duration": [43131, 39970, 52895, 42984, 50014, 47897, 39366, 38756, 45119, 39436, 38979, 38213, 38348, 39409, 39864, 38402, 38980, 45519, 39354, 46256, 39263, 46106, 39513, 38933, 38899, 39543, 39177, 45255, 39664, 51532, 46107, 39677, 40172, 38560, 39820, 40163, 39647, 39667, 46463, 39165, 46287, 39427, 53115, 40070, 40314, 40213, 53551, 40024, 40281, 47045]}