{"avg": [0.25777778, 0.2896931, 0.29708436, 0.2875607, 0.2913673, 0.29402545, 0.31064278, 0.320574, 0.31279385, 0.32797393, 0.30798092, 0.2972057, 0.32255527, 0.33182698, 0.3049238, 0.2929767, 0.301315, 0.3083863, 0.30489707, 0.30617097, 0.3228111, 0.31625634, 0.31929973, 0.31682318, 0.33504033, 0.3378125, 0.33135387, 0.3082711, 0.33809987, 0.33825827, 0.3635756, 0.3477372, 0.34973547, 0.33681247, 0.3395813, 0.31868094, 0.3290351, 0.3449179, 0.38037768, 0.36463666, 0.36843345, 0.3529212, 0.3684396, 0.3555339, 0.3352708, 0.38198963, 0.35228953, 0.36122635, 0.3558962, 0.37365234], "std": [0.08726752, 0.07409099, 0.04982655, 0.04678601, 0.07330871, 0.073552005, 0.052799568, 0.0491792, 0.07701867, 0.06492253, 0.06272913, 0.04890521, 0.06377014, 0.050326638, 0.070135094, 0.075531945, 0.0775576, 0.06760765, 0.06002083, 0.071378015, 0.048307344, 0.07183443, 0.05964776, 0.0434963, 0.059327446, 0.04782838, 0.05790888, 0.07041968, 0.04152076, 0.06466621, 0.04387258, 0.06388572, 0.06672519, 0.095306136, 0.047116168, 0.06649416, 0.046629496, 0.051103108, 0.0540927, 0.058885008, 0.06831247, 0.05559642, 0.05050911, 0.07570134, 0.057232995, 0.08555432, 0.04703371, 0.0806853, 0.080981046, 0.07723947], "var": [0.98, 0.98, 0.98, 0.96, 0.94, 0.94, 0.92, 0.92, 0.88, 0.88, 0.88, 0.86, 0.84, 0.82, 0.82, 0.8, 0.8, 0.8, 0.8, 0.78, 0.78, 0.74, 0.74, 0.74, 0.74, 0.72, 0.7, 0.68, 0.68, 0.68, 0.68, 0.7, 0.7, 0.7, 0.68, 0.7, 0.7, 0.7, 0.7, 0.7, 0.68, 0.64, 0.66, 0.66, 0.62, 0.62, 0.64, 0.64, 0.62, 0.62], "best": [0.4333333, 0.46222222, 0.36396822, 0.3578231, 0.45502642, 0.45609757, 0.40081772, 0.40355125, 0.45456788, 0.4561403, 0.36353984, 0.36396825, 0.455102, 0.41772234, 0.39028823, 0.40608904, 0.455, 0.4562424, 0.36370704, 0.40576112, 0.45646688, 0.40775964, 0.41142857, 0.41301417, 0.41315433, 0.45666668, 0.41620883, 0.42530802, 0.417747, 0.4270397, 0.42850065, 0.4558985, 0.45654762, 0.45714283, 0.43301168, 0.40248525, 0.43230143, 0.443867, 0.44467083, 0.45821056, 0.44594327, 0.4286232, 0.44613278, 0.44642684, 0.43665075, 0.4599717, 0.43775883, 0.46091485, 0.46146667, 0.46175575], "duration": [43236, 40281, 53225, 43150, 50252, 47998, 45842, 38693, 45192, 39772, 37314, 38336, 46076, 39985, 45058, 38762, 38821, 39754, 39101, 38732, 46122, 46094, 39215, 38370, 39767, 39420, 39168, 38487, 38960, 39791, 39441, 39669, 39956, 39220, 38496, 39121, 39151, 39925, 40194, 40377, 39716, 46270, 39924, 39794, 39756, 39739, 39068, 40187, 39672, 39872]}