{"avg": [0.82, 0.82, 0.82, 0.82, 0.82666665, 0.82666665, 0.82666665, 0.82, 0.81333333, 0.81333333, 0.81333333, 0.8, 0.8, 0.8, 0.8, 0.79333335, 0.7866667, 0.7866667, 0.7866667, 0.7866667, 0.7866667, 0.7866667, 0.7866667, 0.7866667, 0.7866667], "std": [0.3841875, 0.3841875, 0.3841875, 0.3841875, 0.37853536, 0.37853536, 0.37853536, 0.3841875, 0.389644, 0.389644, 0.389644, 0.40000027, 0.40000027, 0.40000024, 0.40000024, 0.4049143, 0.40966123, 0.40966123, 0.40966123, 0.40966123, 0.40966123, 0.40966123, 0.40966123, 0.40966123, 0.40966123], "var": [1.0, 1.0, 1.0, 0.9866667, 0.98, 0.98, 0.97333336, 0.96666664, 0.9533333, 0.94, 0.93333334, 0.93333334, 0.9266667, 0.92, 0.9066667, 0.9, 0.8933333, 0.8933333, 0.88666666, 0.88, 0.88, 0.88, 0.87333333, 0.8666667, 0.8666667], "best": [1.0, 1.0, 1.0, 1.0, 1.0, 1.0, 1.0, 1.0, 1.0, 1.0, 1.0, 1.0, 1.0, 1.0, 1.0, 1.0, 1.0, 1.0, 1.0, 1.0, 1.0, 1.0, 1.0, 1.0, 1.0], "duration": [214671, 215188, 215191, 214545, 219423, 219149, 219265, 214984, 214346, 214269, 214125, 209560, 210204, 210495, 210387, 209610, 209003, 209097, 209373, 209364, 209332, 208954, 208652, 208868, 208630]}