{"avg": [0.32785714, 0.3586984, 0.3632268, 0.36618075, 0.35781124, 0.36001486, 0.38692945, 0.3963129, 0.37935096, 0.40449828, 0.3867931, 0.3650762, 0.40067458, 0.4069247, 0.38980708, 0.38275912, 0.41091087, 0.41957954, 0.40506828, 0.4041687, 0.42681512, 0.38862133, 0.45159554, 0.41829717, 0.40062457, 0.39528024, 0.41794547, 0.40965906, 0.42035785, 0.40320393, 0.41183716, 0.46028277, 0.43738595, 0.43122134, 0.45413685, 0.47603884, 0.37502384, 0.42708734, 0.45645595, 0.45358092, 0.42959252, 0.4359967, 0.43832257, 0.40373144, 0.46478665, 0.4387384, 0.4594887, 0.4515034, 0.49969494, 0.4490428], "std": [0.110619776, 0.09379252, 0.061783098, 0.051350042, 0.08932837, 0.09397779, 0.06639174, 0.063099325, 0.10090235, 0.079004064, 0.09587644, 0.07997139, 0.05325317, 0.08100606, 0.092093445, 0.08622131, 0.060283367, 0.081519, 0.06472408, 0.08198983, 0.06799578, 0.10133656, 0.07383874, 0.12067611, 0.09015101, 0.09521505, 0.07848659, 0.07378651, 0.09849929, 0.069338635, 0.09968765, 0.07843423, 0.08359549, 0.07754581, 0.088202335, 0.07963818, 0.10571379, 0.12719111, 0.09990943, 0.09661716, 0.1106074, 0.11355386, 0.08592093, 0.07477841, 0.09427903, 0.10486472, 0.1080944, 0.13163707, 0.09314428, 0.1088887], "var": [0.98, 0.98, 0.98, 0.96, 0.94, 0.94, 0.92, 0.92, 0.92, 0.9, 0.9, 0.88, 0.88, 0.86, 0.84, 0.84, 0.8, 0.78, 0.8, 0.8, 0.76, 0.76, 0.76, 0.76, 0.72, 0.74, 0.74, 0.72, 0.68, 0.68, 0.66, 0.68, 0.68, 0.7, 0.72, 0.72, 0.72, 0.74, 0.7, 0.68, 0.68, 0.66, 0.64, 0.64, 0.62, 0.64, 0.62, 0.6, 0.6, 0.58], "best": [0.55, 0.57166666, 0.44797617, 0.44336733, 0.5662699, 0.56707317, 0.5006133, 0.50266343, 0.56592596, 0.56700003, 0.56737804, 0.45078692, 0.4912003, 0.56682694, 0.56766665, 0.5682773, 0.5688735, 0.56975657, 0.57116073, 0.50684226, 0.5711539, 0.57131904, 0.57161766, 0.5737465, 0.5751344, 0.5755784, 0.5757463, 0.57613367, 0.5761521, 0.57788247, 0.5778312, 0.5778527, 0.5789579, 0.5797573, 0.5802731, 0.58145607, 0.5828737, 0.582699, 0.5840067, 0.5852606, 0.58619046, 0.5863566, 0.5871224, 0.5876662, 0.58742774, 0.58820623, 0.5888158, 0.58979595, 0.5908, 0.5921121], "duration": [37868, 39503, 52256, 42616, 49585, 47559, 45263, 38335, 38493, 39041, 38530, 38537, 38922, 38557, 38779, 38206, 38642, 38622, 38664, 38103, 39372, 39182, 45935, 39884, 38839, 38537, 39145, 39191, 46312, 45155, 39402, 45719, 39424, 45214, 39339, 39367, 39261, 39696, 59468, 39538, 39141, 53028, 39818, 38842, 39618, 39142, 39012, 39760, 39838, 39282]}