{"avg": [0.26358974, 0.29403988, 0.30161497, 0.2940495, 0.2972667, 0.3004249, 0.314258, 0.31682053, 0.32051286, 0.30411312, 0.31255504, 0.30537364, 0.30091494, 0.32429338, 0.3107553, 0.28989443, 0.30168793, 0.3255666, 0.3392573, 0.3440597, 0.30226365, 0.3289433, 0.3483271, 0.32106888, 0.334638, 0.3402535, 0.3342934, 0.33737838, 0.33573806, 0.34925222, 0.33846515, 0.34553486, 0.35627443, 0.34843847, 0.33621013, 0.33854616, 0.34253877, 0.36562738, 0.36917546, 0.3527237, 0.36005983, 0.37119675, 0.3847785, 0.3703086, 0.3531114, 0.37046212, 0.36617735, 0.3813417, 0.3638337, 0.37242353], "std": [0.08774178, 0.07628141, 0.05027198, 0.043056685, 0.0749211, 0.07669804, 0.06201997, 0.06342675, 0.047926083, 0.05455574, 0.044780172, 0.05890636, 0.06655307, 0.06504607, 0.06165677, 0.07373933, 0.07053448, 0.07670541, 0.059283033, 0.03675104, 0.07094614, 0.08219536, 0.045785055, 0.0729693, 0.053053066, 0.04550618, 0.060146738, 0.045693617, 0.06912093, 0.049856648, 0.05769987, 0.07269039, 0.050257806, 0.064339854, 0.068705514, 0.05494818, 0.054641426, 0.042733148, 0.051625114, 0.07014505, 0.04989559, 0.030097043, 0.03537315, 0.03398171, 0.061169486, 0.046709117, 0.037924226, 0.054626398, 0.047676727, 0.048761103], "var": [0.98, 0.98, 0.98, 0.96, 0.94, 0.94, 0.92, 0.92, 0.9, 0.9, 0.86, 0.84, 0.84, 0.84, 0.82, 0.8, 0.8, 0.78, 0.78, 0.78, 0.78, 0.8, 0.8, 0.76, 0.78, 0.78, 0.78, 0.78, 0.76, 0.76, 0.78, 0.74, 0.78, 0.76, 0.78, 0.76, 0.74, 0.72, 0.7, 0.66, 0.62, 0.6, 0.62, 0.62, 0.58, 0.6, 0.6, 0.62, 0.62, 0.62], "best": [0.44102564, 0.46991456, 0.3698291, 0.36368394, 0.46271876, 0.4637899, 0.4070448, 0.42575252, 0.41179487, 0.4109238, 0.39679885, 0.41142192, 0.36900017, 0.46476552, 0.41206637, 0.41125357, 0.4113495, 0.41192698, 0.41441965, 0.41443172, 0.3723291, 0.46744844, 0.46763384, 0.37430155, 0.4146411, 0.41505828, 0.4156084, 0.41617548, 0.4169303, 0.47022054, 0.41799304, 0.47093478, 0.41917145, 0.42018732, 0.47353673, 0.42088184, 0.42134765, 0.422194, 0.4748102, 0.47562203, 0.42338824, 0.42330787, 0.42386138, 0.41872713, 0.42447993, 0.42490998, 0.425922, 0.47811806, 0.42547736, 0.4259887], "duration": [43058, 39772, 53061, 43499, 50020, 47797, 39201, 38672, 45059, 39219, 38752, 38157, 38060, 39071, 39722, 38581, 39066, 46163, 39329, 46513, 39011, 45996, 39427, 39534, 38421, 46303, 39480, 39622, 39282, 52791, 39467, 46364, 39605, 39797, 38383, 46339, 39561, 40160, 40037, 46493, 45794, 39292, 40028, 46735, 39837, 45866, 46162, 40219, 39857, 39891]}