{"avg": [0.27905947, 0.34279644, 0.33306718, 0.36310458, 0.39822674, 0.43879446, 0.4971058, 0.502032, 0.577526, 0.5812122, 0.58058226, 0.62308747, 0.61280376, 0.63041794, 0.63583803, 0.63924575, 0.6474865, 0.6517642, 0.6567079, 0.65484387, 0.66377616, 0.6654091, 0.64901906, 0.65278244, 0.6527804, 0.6752968, 0.679896, 0.67632335, 0.6850933, 0.6942795, 0.69681346, 0.6924323, 0.68636465, 0.68452835, 0.6792769, 0.69986767, 0.68292797, 0.6946329, 0.69140697, 0.7047554, 0.6983519, 0.7072493, 0.7018056, 0.70374393, 0.7169562, 0.6962669, 0.7122963, 0.7197449, 0.69957167, 0.6962134, 0.7220859, 0.6940727, 0.70829743, 0.7103952, 0.7095099, 0.7044319, 0.7134273, 0.7193411, 0.7008868, 0.7214356, 0.7144991, 0.72266, 0.7161545, 0.7225239, 0.71768975, 0.7244437, 0.709431, 0.70983005, 0.725708, 0.7187114, 0.7251197, 0.72655153, 0.7181895, 0.71206564, 0.73414713], "std": [0.131543, 0.1260024, 0.1624421, 0.11902061, 0.1328116, 0.1075538, 0.09019653, 0.11780984, 0.07623131, 0.082857184, 0.0695753, 0.038770318, 0.05273117, 0.04002176, 0.03978275, 0.03740763, 0.029766854, 0.029596854, 0.029452726, 0.037191786, 0.029030547, 0.02994084, 0.053225342, 0.05089276, 0.054635942, 0.031999137, 0.029493382, 0.039311927, 0.029955555, 0.00063003687, 0.00057258754, 0.029315623, 0.042232156, 0.04634772, 0.05306578, 0.028694248, 0.051197108, 0.042275958, 0.04649894, 0.030023027, 0.040966634, 0.029336167, 0.04043714, 0.036734693, 0.0, 0.050231334, 0.029336182, 5.9604645e-08, 0.0484558, 0.053131394, 0.0, 0.055944607, 0.041999664, 0.04132653, 0.043292254, 0.048455816, 0.03960182, 0.030760296, 0.054093227, 0.028694246, 0.041326556, 0.026687136, 0.040437132, 0.030760288, 0.039601818, 0.028694248, 0.050231334, 0.050231334, 0.02869423, 0.04000443, 0.031554393, 0.02933618, 0.043292273, 0.05023136, 5.9604645e-08], "var": [1.0, 1.0, 1.0, 1.0, 1.0, 1.0, 1.0, 1.0, 1.0, 1.0, 1.0, 1.0, 1.0, 1.0, 0.92, 0.92, 0.92, 0.88, 0.8, 0.84, 0.8, 0.72, 0.6, 0.56, 0.44, 0.32, 0.2, 0.12, 0.08, 0.08, 0.08, 0.08, 0.08, 0.08, 0.04, 0.04, 0.04, 0.04, 0.04, 0.04, 0.04, 0.04, 0.04, 0.04, 0.04, 0.04, 0.04, 0.04, 0.04, 0.04, 0.04, 0.04, 0.04, 0.04, 0.04, 0.04, 0.04, 0.04, 0.04, 0.04, 0.04, 0.04, 0.04, 0.04, 0.04, 0.04, 0.04, 0.04, 0.04, 0.04, 0.04, 0.04, 0.04, 0.04, 0.04], "best": [0.6020408, 0.6113576, 0.6156463, 0.49058086, 0.6178216, 0.6353364, 0.6386094, 0.6383382, 0.6441432, 0.6466703, 0.64896506, 0.64920104, 0.65154266, 0.6526411, 0.6564859, 0.6594715, 0.6623491, 0.6649795, 0.66769075, 0.67051154, 0.67339355, 0.6763447, 0.67834324, 0.68079585, 0.6832215, 0.68555504, 0.68754953, 0.6900044, 0.69237155, 0.6945613, 0.69699436, 0.6991028, 0.7010051, 0.7026239, 0.7044717, 0.7061295, 0.7077093, 0.7091336, 0.71035725, 0.7116432, 0.7128077, 0.7138091, 0.7149251, 0.7159887, 0.7169562, 0.71801776, 0.7188562, 0.719745, 0.72051674, 0.72125965, 0.7220859, 0.72277176, 0.7236036, 0.72417074, 0.72481596, 0.72537714, 0.7259506, 0.7265914, 0.72712576, 0.7276971, 0.72827476, 0.72878236, 0.7292741, 0.7297741, 0.73021275, 0.7307052, 0.7311817, 0.7315809, 0.7319694, 0.7324062, 0.73277277, 0.7331112, 0.73349565, 0.73381656, 0.7341471], "duration": [16552, 7513, 7962, 7844, 8977, 12208, 47176, 47293, 56445, 51021, 75494, 73266, 65265, 66231, 80772, 76047, 75819, 69850, 80715, 75380, 80744, 75862, 70006, 76091, 80730, 86278, 69948, 80812, 86448, 91642, 91455, 91828, 69942, 86366, 80756, 87876, 70004, 75438, 64606, 69968, 80801, 65319, 70313, 64559, 80864, 64577, 80988, 64572, 64596, 69969, 69985, 97097, 64543, 70038, 70060, 75326, 69938, 75390, 75457, 80833, 80704, 70039, 70033, 75345, 69985, 80786, 80781, 81214, 98147, 64654, 69921, 70033, 75386, 86092, 75432]}