{"avg": [0.33274177, 0.37724447, 0.42552644, 0.45816603, 0.46540466, 0.49237376, 0.5519025, 0.4843672, 0.54393995, 0.54587877, 0.57796544, 0.5817139, 0.584663, 0.587022, 0.5902064, 0.59317786, 0.59636885, 0.59936005, 0.6030604, 0.6062344, 0.6090486, 0.6135052, 0.61554074, 0.61864865, 0.62262386, 0.62507284, 0.6280433, 0.6305166, 0.63263446, 0.6349547, 0.63701576, 0.63898104, 0.64092153, 0.6424368, 0.6440754, 0.645548, 0.64675146, 0.6481305, 0.64937615, 0.650451, 0.6514752, 0.6526423, 0.653657, 0.65462303, 0.6555436, 0.65630466, 0.657074, 0.65777594, 0.65848655, 0.6592702, 0.65989137, 0.6605838, 0.6612189, 0.6618587, 0.662419, 0.66296, 0.66348267, 0.66403764, 0.66457266, 0.66504264, 0.6654978, 0.6660039, 0.66645044, 0.66692334, 0.6673801, 0.66780275, 0.6682122, 0.66859126, 0.6689766, 0.6693669, 0.6697616, 0.6700964, 0.6704376, 0.6707537, 0.67110544], "std": [0.24411547, 0.23228204, 0.20817156, 0.18427587, 0.17820506, 0.170674, 0.027611762, 0.19829464, 0.124802, 0.1252981, 0.0024574012, 0.0028479223, 0.0029593538, 0.003169183, 0.0036566216, 0.0039174827, 0.003332014, 0.0035002949, 0.0029791307, 0.0033606994, 0.0036753393, 0.0022978892, 0.0037626561, 0.0040500537, 0.0012871864, 0.0011087833, 0.00071269716, 8.785498e-05, 0.00016873908, 1.7881393e-07, 0.00036666935, 1.1920929e-07, 0.0, 1.1920929e-07, 0.0, 5.9604645e-08, 5.9604645e-08, 5.9604645e-08, 5.9604645e-08, 5.9604645e-08, 1.1920929e-07, 0.0, 0.0, 0.0, 1.1920929e-07, 1.1920929e-07, 0.0, 5.9604645e-08, 1.1920929e-07, 5.9604645e-08, 2.3841858e-07, 1.1920929e-07, 5.9604645e-08, 5.9604645e-08, 5.9604645e-08, 0.0, 0.0, 0.0, 0.0, 5.9604645e-08, 0.0, 5.9604645e-08, 1.1920929e-07, 1.7881393e-07, 5.9604645e-08, 0.0, 5.9604645e-08, 5.9604645e-08, 1.1920929e-07, 0.0, 1.1920929e-07, 0.0, 1.1920929e-07, 2.3841858e-07, 0.0], "var": [1.0, 1.0, 1.0, 1.0, 1.0, 1.0, 1.0, 1.0, 1.0, 1.0, 1.0, 1.0, 1.0, 0.96, 0.92, 0.92, 0.72, 0.64, 0.52, 0.56, 0.48, 0.4, 0.32, 0.24, 0.16, 0.12, 0.08, 0.08, 0.08, 0.08, 0.04, 0.04, 0.04, 0.04, 0.04, 0.04, 0.04, 0.04, 0.04, 0.04, 0.04, 0.04, 0.04, 0.04, 0.04, 0.04, 0.04, 0.04, 0.04, 0.04, 0.04, 0.04, 0.04, 0.04, 0.04, 0.04, 0.04, 0.04, 0.04, 0.04, 0.04, 0.04, 0.04, 0.04, 0.04, 0.04, 0.04, 0.04, 0.04, 0.04, 0.04, 0.04, 0.04, 0.04, 0.04], "best": [0.55102044, 0.56220055, 0.56276643, 0.5646568, 0.5664425, 0.56811225, 0.57043153, 0.57385874, 0.5771146, 0.58129424, 0.5842196, 0.5873785, 0.59023494, 0.593614, 0.5964794, 0.59947354, 0.6019799, 0.6041681, 0.60663944, 0.6091398, 0.61173475, 0.61626613, 0.61870605, 0.6213501, 0.6238662, 0.62576044, 0.6282052, 0.6305367, 0.63267046, 0.63495487, 0.6370958, 0.63898116, 0.64092153, 0.6424367, 0.6440754, 0.64554805, 0.6467515, 0.64813054, 0.6493762, 0.65045106, 0.6514753, 0.6526423, 0.653657, 0.65462303, 0.65554374, 0.6563048, 0.657074, 0.657776, 0.65848666, 0.65927017, 0.6598916, 0.6605839, 0.66121894, 0.66185874, 0.66241896, 0.66296, 0.66348267, 0.66403764, 0.66457266, 0.6650426, 0.6654978, 0.6660038, 0.6664503, 0.66692317, 0.66738003, 0.66780275, 0.66821223, 0.6685912, 0.6689765, 0.6693669, 0.6697615, 0.6700964, 0.67043746, 0.67075396, 0.67110544], "duration": [25428, 20023, 15482, 35004, 19608, 20552, 34895, 25404, 24517, 14786, 6182, 5686, 6824, 5352, 5422, 4860, 5431, 6335, 6153, 4560, 5322, 5427, 4483, 6688, 6639, 9515, 5546, 5893, 5753, 5118, 6209, 6276, 4518, 6166, 4257, 5096, 5039, 7317, 6247, 5438, 5753, 5870, 6998, 4079, 3996, 4994, 4056, 5760, 5351, 4941, 6037, 6133, 6327, 4715, 4737, 4525, 6056, 4053, 5075, 4406, 5930, 4091, 5302, 5815, 4824, 4584, 5090, 5876, 7123, 7501, 8034, 6490, 4386, 7003, 4092]}