{"avg": [0.26923078, 0.2832941, 0.30459616, 0.30604115, 0.31948996, 0.30525973, 0.31719872, 0.3227679, 0.3247895, 0.32924, 0.3335644, 0.33793166, 0.35367855, 0.36170837, 0.34983963, 0.37017363, 0.37009865, 0.37585405, 0.3955428, 0.42094144, 0.42242742, 0.4042698, 0.4267928, 0.43255398, 0.4514661, 0.4577852, 0.45770147, 0.47397795, 0.4777778, 0.46703935, 0.4798512, 0.45711076, 0.45320418, 0.48078573, 0.47147518, 0.5059879, 0.48745278, 0.46798632, 0.51522785, 0.5161442, 0.51272565, 0.5350994, 0.5587019, 0.5431682, 0.51971966, 0.53171486, 0.5449721, 0.53084314, 0.53324753, 0.5555081], "std": [0.070596255, 0.06248319, 0.058199536, 0.057439145, 0.036338627, 0.060393397, 0.052647695, 0.048648365, 0.053214636, 0.055915132, 0.0508184, 0.057980392, 0.0652966, 0.056519207, 0.06588586, 0.071702294, 0.07483075, 0.06632452, 0.07881896, 0.05336659, 0.0731793, 0.075722106, 0.06655831, 0.07111296, 0.057824578, 0.062339757, 0.07081584, 0.06624265, 0.07399895, 0.08313428, 0.084378734, 0.10614296, 0.10988565, 0.09596741, 0.10048966, 0.08386977, 0.104326166, 0.11192698, 0.08097789, 0.08657385, 0.09688553, 0.07868777, 0.029734768, 0.08299841, 0.115032904, 0.1078852, 0.09612135, 0.10605571, 0.10872806, 0.091607496], "var": [0.98, 0.96, 0.94, 0.94, 0.9, 0.88, 0.82, 0.82, 0.78, 0.72, 0.74, 0.74, 0.72, 0.68, 0.64, 0.58, 0.56, 0.54, 0.46, 0.46, 0.46, 0.5, 0.5, 0.42, 0.36, 0.36, 0.36, 0.32, 0.28, 0.22, 0.26, 0.22, 0.22, 0.22, 0.2, 0.2, 0.2, 0.18, 0.2, 0.2, 0.2, 0.18, 0.14, 0.12, 0.12, 0.12, 0.12, 0.08, 0.08, 0.06], "best": [0.4333333, 0.36776558, 0.45493826, 0.4556962, 0.38966754, 0.45530304, 0.45596707, 0.39590773, 0.45489296, 0.45546556, 0.40427706, 0.45679823, 0.45764637, 0.46330532, 0.46785095, 0.4699758, 0.47433504, 0.47802043, 0.4808762, 0.48525608, 0.48975417, 0.49522176, 0.49768934, 0.5032944, 0.50736064, 0.511054, 0.5153263, 0.51953715, 0.52492493, 0.5295238, 0.5327839, 0.53660023, 0.5392898, 0.5416288, 0.5447406, 0.5480081, 0.55183905, 0.5545285, 0.5565385, 0.55999297, 0.5631568, 0.5660514, 0.5694843, 0.57344353, 0.57723606, 0.57996255, 0.58226097, 0.58468026, 0.58673596, 0.58924073], "duration": [87086, 97883, 79272, 93475, 92875, 97492, 86315, 86377, 79193, 96157, 85437, 90010, 97142, 97294, 94106, 93681, 91351, 94077, 116211, 80963, 107662, 80439, 80764, 108190, 94536, 94555, 87413, 80802, 114929, 87188, 81038, 81120, 87869, 101453, 94584, 80859, 100809, 87096, 87420, 87605, 87560, 80772, 81113, 94301, 87671, 80904, 87590, 80781, 100433, 87447]}