{"avg": [0.25055555, 0.27957404, 0.28423977, 0.2826713, 0.28024572, 0.28313604, 0.29757887, 0.3085992, 0.3016594, 0.3161967, 0.296884, 0.2886863, 0.30622342, 0.3196246, 0.29145652, 0.28690234, 0.2950299, 0.3053438, 0.2914488, 0.3126594, 0.32323435, 0.28944528, 0.313486, 0.31170452, 0.29570687, 0.31771204, 0.31151468, 0.31889674, 0.34024957, 0.34248832, 0.32568893, 0.33703974, 0.31704435, 0.35038814, 0.33636397, 0.32799363, 0.32268426, 0.3416122, 0.3175584, 0.31989682, 0.31161803, 0.32456595, 0.3612806, 0.35497865, 0.33012092, 0.36164394, 0.31291148, 0.3339084, 0.31702673, 0.34463614], "std": [0.08177525, 0.07094504, 0.04656202, 0.04201569, 0.067278445, 0.07390629, 0.04977122, 0.047561564, 0.07388494, 0.06222711, 0.060109552, 0.04170346, 0.062041793, 0.052481044, 0.06646436, 0.066692695, 0.06956284, 0.056039046, 0.056796566, 0.06098143, 0.04622635, 0.06665011, 0.069450594, 0.043772034, 0.08394725, 0.05016177, 0.06916901, 0.077500805, 0.04859644, 0.058584888, 0.070713244, 0.05256053, 0.053331558, 0.06593894, 0.06191253, 0.07423282, 0.07849447, 0.06645106, 0.07590617, 0.07366374, 0.0874723, 0.072936766, 0.056264542, 0.06264701, 0.065081686, 0.076891944, 0.07566504, 0.07175947, 0.06341948, 0.0578128], "var": [0.98, 0.98, 0.98, 0.96, 0.94, 0.94, 0.92, 0.92, 0.88, 0.88, 0.88, 0.86, 0.84, 0.82, 0.82, 0.8, 0.8, 0.8, 0.82, 0.8, 0.8, 0.78, 0.8, 0.76, 0.74, 0.72, 0.7, 0.72, 0.7, 0.7, 0.7, 0.7, 0.68, 0.7, 0.72, 0.72, 0.72, 0.74, 0.74, 0.72, 0.7, 0.7, 0.66, 0.64, 0.6, 0.6, 0.62, 0.62, 0.64, 0.64], "best": [0.41666666, 0.44555557, 0.35027775, 0.34413263, 0.43835977, 0.43943092, 0.38653198, 0.38926554, 0.43790123, 0.43947366, 0.34984937, 0.34546295, 0.43843535, 0.43915093, 0.377193, 0.3918033, 0.43846154, 0.43981817, 0.34988424, 0.3914754, 0.43990538, 0.3937751, 0.44013408, 0.3961644, 0.44081366, 0.39689338, 0.44110033, 0.4935837, 0.40469697, 0.49482128, 0.49556962, 0.44367346, 0.444137, 0.49731287, 0.49838307, 0.4987296, 0.41420493, 0.49874213, 0.44571507, 0.49961996, 0.49973586, 0.41030398, 0.44642496, 0.44709504, 0.42000362, 0.50145334, 0.44815838, 0.50238734, 0.44911698, 0.41400778], "duration": [43090, 40242, 53156, 43075, 45034, 47776, 45775, 38644, 44806, 39843, 37266, 38321, 46071, 39920, 44902, 38554, 38612, 40044, 39349, 39145, 46076, 38981, 39267, 39652, 39320, 38871, 39282, 38350, 46234, 45785, 38958, 39859, 39212, 40249, 40537, 39545, 38958, 39083, 39853, 39087, 39268, 38936, 40092, 46231, 39335, 39716, 45966, 39754, 39297, 38946]}