{"avg": [0.26355556, 0.29585186, 0.30134502, 0.29654032, 0.29736564, 0.3001132, 0.31088075, 0.32724267, 0.31950617, 0.33466163, 0.31448653, 0.30353013, 0.32440048, 0.33878148, 0.3039437, 0.30098248, 0.29817668, 0.30702096, 0.31218952, 0.34904066, 0.3287141, 0.31755567, 0.3226583, 0.31135842, 0.32814744, 0.3468939, 0.30527547, 0.3103219, 0.29594025, 0.32291615, 0.35469675, 0.35938066, 0.34580585, 0.32658732, 0.32413545, 0.34866208, 0.29442385, 0.34761724, 0.35848784, 0.3169524, 0.32722533, 0.349896, 0.35910115, 0.33427814, 0.3502176, 0.3422679, 0.34781045, 0.35700765, 0.3800003, 0.3493937], "std": [0.08972495, 0.07612797, 0.05005854, 0.04890592, 0.07523645, 0.07515965, 0.05513632, 0.050322786, 0.07875967, 0.066483915, 0.064428955, 0.04577964, 0.065942466, 0.0616739, 0.07332751, 0.069889046, 0.05923237, 0.043088112, 0.06906119, 0.073290035, 0.0539884, 0.07601864, 0.053897295, 0.06620856, 0.07586727, 0.08441367, 0.09222205, 0.078627944, 0.07164633, 0.051954824, 0.059068244, 0.09148873, 0.049580228, 0.076854914, 0.10124533, 0.08475558, 0.09398101, 0.06931957, 0.052956518, 0.109730095, 0.10015387, 0.06918274, 0.0792798, 0.09016641, 0.06759188, 0.11125304, 0.0880367, 0.083823495, 0.085287675, 0.07824141], "var": [0.98, 0.98, 0.98, 0.96, 0.94, 0.94, 0.92, 0.92, 0.88, 0.88, 0.88, 0.86, 0.82, 0.8, 0.82, 0.8, 0.8, 0.82, 0.82, 0.82, 0.82, 0.8, 0.82, 0.82, 0.8, 0.8, 0.78, 0.78, 0.78, 0.78, 0.78, 0.78, 0.76, 0.76, 0.78, 0.8, 0.78, 0.78, 0.8, 0.8, 0.78, 0.8, 0.78, 0.78, 0.76, 0.72, 0.72, 0.7, 0.7, 0.66], "best": [0.44444442, 0.47333333, 0.3722222, 0.36385486, 0.46613753, 0.46720865, 0.40875423, 0.4114878, 0.46543208, 0.46703216, 0.37179384, 0.37222221, 0.46604308, 0.46677145, 0.39885965, 0.41402555, 0.41440174, 0.36545455, 0.4659722, 0.46663022, 0.4674728, 0.41659975, 0.37371647, 0.3974429, 0.46736655, 0.468122, 0.46952534, 0.42128327, 0.42116165, 0.42171168, 0.46877635, 0.46981856, 0.4715195, 0.47189164, 0.47218072, 0.47311953, 0.47448555, 0.42553842, 0.4747171, 0.47507653, 0.42903566, 0.47583798, 0.48056796, 0.47709548, 0.43247497, 0.48080805, 0.47837055, 0.48259702, 0.48545662, 0.4802564], "duration": [43087, 40107, 52690, 43059, 50018, 47875, 45660, 38758, 45022, 39910, 37583, 38181, 46089, 39662, 44886, 38618, 38316, 39383, 39519, 39736, 46471, 37850, 39651, 39556, 38131, 39060, 39218, 38701, 44888, 45703, 39756, 39736, 38968, 38619, 38685, 39495, 38540, 39343, 46155, 44770, 38928, 45935, 38739, 39003, 39560, 45658, 59219, 39588, 39405, 45291]}