{"avg": [0.25111112, 0.28019378, 0.28596044, 0.2830605, 0.28822485, 0.28700107, 0.30316252, 0.31286016, 0.30079523, 0.31740537, 0.30577767, 0.2875655, 0.31699046, 0.32104078, 0.29169312, 0.31939492, 0.31808266, 0.3144886, 0.3165424, 0.32903495, 0.31569654, 0.34069023, 0.33350226, 0.29854015, 0.33577374, 0.35756052, 0.34777516, 0.3404025, 0.31739226, 0.33077246, 0.37286082, 0.34518442, 0.34944347, 0.35032317, 0.360392, 0.37684873, 0.35928282, 0.37774003, 0.34295386, 0.39050278, 0.3542304, 0.3521054, 0.37379834, 0.3805535, 0.3914207, 0.38532448, 0.35204926, 0.3631655, 0.3695644, 0.3860468], "std": [0.08443891, 0.07087018, 0.04570205, 0.040867765, 0.06840827, 0.07234234, 0.05145537, 0.047853213, 0.07850679, 0.06276401, 0.071748614, 0.062566824, 0.04141591, 0.0620141, 0.07879746, 0.027676344, 0.054693975, 0.056201104, 0.05514527, 0.049132023, 0.051503763, 0.06084556, 0.07070401, 0.07914772, 0.07443027, 0.06825037, 0.07078992, 0.05160293, 0.06299855, 0.055566654, 0.06354963, 0.06346866, 0.06299248, 0.06296528, 0.06128756, 0.062843785, 0.088623464, 0.08785775, 0.07560864, 0.061093893, 0.086498395, 0.08271946, 0.08104485, 0.057681836, 0.0672757, 0.06903226, 0.08293368, 0.07310278, 0.07081117, 0.08033659], "var": [0.98, 0.98, 0.98, 0.96, 0.94, 0.94, 0.92, 0.92, 0.92, 0.9, 0.9, 0.88, 0.88, 0.86, 0.84, 0.82, 0.82, 0.8, 0.82, 0.8, 0.78, 0.74, 0.74, 0.74, 0.7, 0.68, 0.66, 0.7, 0.68, 0.7, 0.72, 0.7, 0.72, 0.74, 0.74, 0.72, 0.7, 0.7, 0.7, 0.7, 0.68, 0.68, 0.68, 0.64, 0.66, 0.66, 0.68, 0.64, 0.64, 0.62], "best": [0.42051283, 0.44940174, 0.3544444, 0.35086343, 0.44220594, 0.4432771, 0.3916602, 0.39439377, 0.4417474, 0.4431795, 0.4436836, 0.3607562, 0.37837696, 0.44294873, 0.4440684, 0.36086258, 0.44400367, 0.44480035, 0.44551286, 0.44631574, 0.40161386, 0.44658646, 0.44806185, 0.40522215, 0.45017233, 0.45154437, 0.45343566, 0.44166055, 0.454307, 0.45451283, 0.45456147, 0.4555823, 0.45646188, 0.4575499, 0.45840025, 0.4587753, 0.4602495, 0.46169958, 0.46363676, 0.4639455, 0.4655477, 0.46630037, 0.46591163, 0.46781823, 0.46853626, 0.47101212, 0.47172666, 0.4705585, 0.47134057, 0.4721116], "duration": [43108, 40244, 52897, 42908, 49887, 47895, 45804, 38620, 38819, 39289, 38834, 38937, 39349, 38808, 45748, 38935, 38952, 45729, 38503, 38448, 39244, 39128, 39396, 52190, 46334, 40261, 39177, 39886, 39075, 39642, 40244, 39690, 39901, 39395, 40028, 39638, 40073, 40433, 39914, 40248, 40011, 39146, 46650, 40313, 40068, 39957, 46110, 39501, 39646, 40270]}