{"avg": [0.26942855, 0.2841448, 0.28434384, 0.28389463, 0.2827838, 0.28393754, 0.28729936, 0.28234097, 0.28023022, 0.27163896, 0.26711527, 0.26645234, 0.2645532, 0.26268756, 0.25743708, 0.25213408, 0.25228274, 0.2533085, 0.25213084, 0.25276357, 0.25345168, 0.25144893, 0.25449932, 0.2548084, 0.25486732, 0.25234628, 0.25293654, 0.25413018, 0.25392237, 0.25646698, 0.25667238, 0.2533334, 0.2508977, 0.25290874, 0.24906479, 0.24826054, 0.24639934, 0.2476836, 0.24217062, 0.2431877, 0.2385736, 0.23827364, 0.23769814, 0.23793471, 0.24183547, 0.23861973, 0.24242729, 0.24583267, 0.24477509, 0.2465156], "std": [0.06524394, 0.06478715, 0.0673972, 0.06729426, 0.067258835, 0.0665776, 0.066679716, 0.071379304, 0.07141531, 0.06348189, 0.06788027, 0.06630547, 0.0656153, 0.06559173, 0.061357904, 0.06231354, 0.0617362, 0.061647452, 0.061838005, 0.06393314, 0.06255762, 0.063449785, 0.06218421, 0.062580325, 0.0629516, 0.06660613, 0.06932704, 0.06412033, 0.06570122, 0.06759114, 0.069726646, 0.07227808, 0.072471276, 0.07160687, 0.071645886, 0.07052967, 0.070060514, 0.06837326, 0.06655358, 0.06551116, 0.069871865, 0.069528274, 0.06778215, 0.06967353, 0.071828656, 0.070956, 0.07237384, 0.07158395, 0.071887285, 0.072856404], "var": [1.0, 1.0, 0.98, 0.98, 0.96, 0.94, 0.9, 0.9, 0.88, 0.86, 0.88, 0.9, 0.88, 0.88, 0.88, 0.86, 0.88, 0.86, 0.88, 0.86, 0.86, 0.84, 0.84, 0.82, 0.78, 0.78, 0.8, 0.8, 0.76, 0.74, 0.74, 0.74, 0.74, 0.72, 0.7, 0.68, 0.72, 0.68, 0.68, 0.68, 0.66, 0.66, 0.68, 0.68, 0.68, 0.68, 0.7, 0.72, 0.74, 0.76], "best": [0.4333333, 0.44999996, 0.45066667, 0.45066667, 0.45066667, 0.45079997, 0.45077777, 0.45104763, 0.45141664, 0.38831747, 0.3881619, 0.38797402, 0.38781747, 0.38783884, 0.36223808, 0.36210155, 0.36189878, 0.36164144, 0.36141267, 0.39853135, 0.39871907, 0.39885715, 0.399013, 0.39918426, 0.39934132, 0.39945903, 0.39959344, 0.39966846, 0.39971432, 0.399757, 0.39981905, 0.3998771, 0.3999524, 0.4000231, 0.40008965, 0.40013334, 0.40013757, 0.4001416, 0.40014538, 0.40018317, 0.4002024, 0.40018818, 0.36209524, 0.4002082, 0.40021, 0.400345, 0.40048862, 0.40064034, 0.4007857, 0.40100682], "duration": [99720, 99984, 99025, 99393, 99510, 98525, 100103, 98524, 98918, 97669, 95512, 96365, 96766, 96550, 95844, 96639, 97520, 97085, 95269, 94600, 95299, 94105, 95302, 95735, 94792, 92896, 93114, 93128, 91011, 90770, 89764, 91434, 87762, 86054, 84091, 81727, 82109, 81941, 82386, 83703, 82715, 82735, 88048, 88605, 89848, 88010, 88827, 88243, 89558, 89734]}