{"avg": [0.26031747, 0.28715342, 0.304254, 0.29288185, 0.2738889, 0.27304474, 0.30263653, 0.31105322, 0.3084952, 0.3035059, 0.2984079, 0.3192906, 0.30364734, 0.29383403, 0.31513876, 0.32156128, 0.33669427, 0.32423097, 0.32649344, 0.32196006, 0.3230445, 0.342527, 0.34218577, 0.33464265, 0.3639843, 0.33015326, 0.32539, 0.32087395, 0.3539402, 0.34887305, 0.33339176, 0.3633494, 0.36032322, 0.3449717, 0.38838452, 0.36820906, 0.3920932, 0.38958427, 0.37986133, 0.3879957, 0.39591548, 0.38971642, 0.37643725, 0.38994712, 0.40914038, 0.39099154, 0.40164375, 0.39674112, 0.4106412, 0.38974848], "std": [0.08539034, 0.07637929, 0.037216675, 0.065882295, 0.079972476, 0.07125555, 0.055603236, 0.052891154, 0.077714905, 0.07705914, 0.04922774, 0.051420808, 0.08256274, 0.07601251, 0.05939866, 0.059031304, 0.04452518, 0.044451177, 0.050188135, 0.060722623, 0.04049751, 0.05735212, 0.05453751, 0.031365495, 0.040917784, 0.060343366, 0.059993133, 0.036128674, 0.046968665, 0.071957774, 0.071645975, 0.05149281, 0.041051477, 0.031574167, 0.044487752, 0.038644478, 0.028714819, 0.028127888, 0.040569387, 0.029570783, 0.034355372, 0.0383296, 0.053900585, 0.034386937, 0.03314661, 0.03731341, 0.03718281, 0.050448723, 0.041369326, 0.05622521], "var": [1.0, 1.0, 1.0, 1.0, 0.98, 0.98, 0.98, 0.98, 0.98, 0.98, 0.98, 0.98, 0.98, 0.98, 0.98, 0.98, 0.98, 0.98, 0.98, 0.98, 0.96, 0.96, 0.94, 0.94, 0.94, 0.94, 0.9, 0.9, 0.9, 0.9, 0.9, 0.86, 0.84, 0.84, 0.86, 0.86, 0.88, 0.88, 0.88, 0.88, 0.88, 0.88, 0.88, 0.88, 0.84, 0.84, 0.84, 0.86, 0.86, 0.86], "best": [0.4333333, 0.46222222, 0.36396822, 0.35915342, 0.3623016, 0.3852814, 0.38845754, 0.4487654, 0.45134404, 0.439579, 0.37547466, 0.41933444, 0.4520947, 0.41480693, 0.4217813, 0.45283842, 0.42233837, 0.41979277, 0.42101744, 0.43979588, 0.42018434, 0.45323074, 0.42857143, 0.3745987, 0.43897608, 0.43257824, 0.39802757, 0.36742854, 0.4261472, 0.4382529, 0.45241132, 0.43124083, 0.43592727, 0.39816287, 0.45239875, 0.43363473, 0.43360066, 0.4397392, 0.43531546, 0.43693152, 0.46247378, 0.4630934, 0.44212398, 0.44012114, 0.49818107, 0.44974288, 0.45617875, 0.4665773, 0.45076656, 0.45182797], "duration": [43166, 40008, 39598, 47858, 44602, 39342, 38857, 39706, 39780, 38881, 39905, 39514, 39742, 39621, 46143, 39118, 39598, 38829, 39356, 38730, 44594, 39495, 39760, 39522, 46536, 39287, 39946, 38575, 39070, 46688, 39118, 46662, 39767, 38962, 53199, 47067, 46805, 39956, 45677, 39901, 46341, 40137, 39691, 39404, 40210, 39926, 39986, 39838, 39947, 40338]}