{"avg": [0.26814815, 0.2985185, 0.3056725, 0.30447683, 0.30309662, 0.3069106, 0.32503787, 0.32311115, 0.323718, 0.3120903, 0.3162816, 0.31470963, 0.30660936, 0.33058605, 0.31928918, 0.29642034, 0.30807847, 0.33191416, 0.3464067, 0.35336527, 0.30863118, 0.33526817, 0.36080572, 0.32756457, 0.3095122, 0.3503337, 0.31887048, 0.31861812, 0.3577385, 0.35842437, 0.32407412, 0.35543516, 0.35770348, 0.3341647, 0.37129366, 0.34996927, 0.35649818, 0.35574272, 0.3522714, 0.3502025, 0.34603405, 0.35162607, 0.39773887, 0.3764445, 0.3687967, 0.3743515, 0.37551922, 0.3585907, 0.37226543, 0.39997548], "std": [0.09035338, 0.07841503, 0.049552772, 0.04582423, 0.074874416, 0.07939864, 0.057020128, 0.068792626, 0.05392382, 0.057056937, 0.04405117, 0.062290415, 0.06840434, 0.066455826, 0.058475982, 0.075244956, 0.072003216, 0.078591086, 0.06031631, 0.035392225, 0.07325452, 0.0845777, 0.0445734, 0.075229265, 0.08619615, 0.070399866, 0.04935617, 0.04595111, 0.06117017, 0.05306948, 0.09679977, 0.07523605, 0.047487907, 0.06606176, 0.04570515, 0.06945087, 0.056022294, 0.048028097, 0.06340133, 0.06657652, 0.08458811, 0.08020939, 0.04540641, 0.049541824, 0.064505816, 0.08551386, 0.045707513, 0.09389311, 0.064433955, 0.05703964], "var": [0.98, 0.98, 0.98, 0.96, 0.94, 0.94, 0.92, 0.92, 0.9, 0.9, 0.86, 0.84, 0.84, 0.84, 0.82, 0.8, 0.8, 0.78, 0.78, 0.78, 0.78, 0.8, 0.8, 0.78, 0.76, 0.76, 0.76, 0.76, 0.74, 0.78, 0.78, 0.76, 0.76, 0.76, 0.76, 0.76, 0.74, 0.74, 0.74, 0.72, 0.72, 0.74, 0.72, 0.7, 0.68, 0.7, 0.72, 0.72, 0.68, 0.7], "best": [0.4511111, 0.48000002, 0.37888893, 0.37274376, 0.47280422, 0.47387537, 0.4154209, 0.47429952, 0.42017093, 0.41929987, 0.40209803, 0.41979802, 0.37805998, 0.47485098, 0.42044246, 0.41962966, 0.41972557, 0.42030308, 0.42279574, 0.4228078, 0.3813889, 0.4775339, 0.4777193, 0.38336137, 0.42301717, 0.42265514, 0.42049325, 0.38487613, 0.42257634, 0.47841766, 0.42361823, 0.4786353, 0.42528167, 0.4253938, 0.42643607, 0.42797482, 0.42847446, 0.4289465, 0.42888892, 0.42938074, 0.4838065, 0.42997757, 0.48429248, 0.4321083, 0.43146047, 0.48605204, 0.4328704, 0.43388438, 0.48783126, 0.48862746], "duration": [43123, 40015, 52966, 43054, 49992, 47829, 39241, 38729, 45108, 39447, 38912, 38397, 38371, 39246, 39815, 39025, 39260, 46604, 39773, 46767, 39228, 45935, 39509, 39637, 38856, 40027, 38677, 45571, 39955, 52607, 38977, 39892, 39711, 39566, 45803, 39705, 39351, 39676, 38752, 39411, 38948, 39853, 40149, 39641, 39923, 39959, 39668, 40308, 40116, 40056]}