{"avg": [0.94666666, 0.94666666, 0.94666666, 0.94666666, 0.94666666, 0.94666666, 0.94666666, 0.94666666, 0.94666666, 0.94, 0.94, 0.94, 0.94, 0.94, 0.94, 0.94, 0.94, 0.94, 0.94, 0.94, 0.94, 0.94, 0.94, 0.94, 0.94], "std": [0.22469717, 0.22469717, 0.22469717, 0.22469716, 0.22469717, 0.22469717, 0.22469716, 0.22469716, 0.22469716, 0.23748696, 0.23748696, 0.23748696, 0.23748696, 0.23748696, 0.23748696, 0.23748696, 0.23748696, 0.23748696, 0.23748696, 0.23748696, 0.23748696, 0.23748696, 0.23748696, 0.23748696, 0.23748696], "var": [0.9866667, 0.98, 0.98, 0.97333336, 0.96666664, 0.9533333, 0.9533333, 0.94666666, 0.93333334, 0.9266667, 0.91333336, 0.91333336, 0.91333336, 0.9066667, 0.91333336, 0.9066667, 0.91333336, 0.9066667, 0.9, 0.9066667, 0.9066667, 0.9, 0.8933333, 0.8933333, 0.88], "best": [1.0, 1.0, 1.0, 1.0, 1.0, 1.0, 1.0, 1.0, 1.0, 1.0, 1.0, 1.0, 1.0, 1.0, 1.0, 1.0, 1.0, 1.0, 1.0, 1.0, 1.0, 1.0, 1.0, 1.0, 1.0], "duration": [30821, 31130, 32392, 31940, 31388, 30579, 30507, 30679, 30736, 31886, 32298, 31199, 30875, 31245, 30648, 30673, 30782, 32052, 31214, 30978, 32204, 30978, 31863, 31282, 31638]}