{"avg": [0.26031747, 0.30124718, 0.28433496, 0.3163993, 0.29727337, 0.28651428, 0.3129424, 0.27985007, 0.2950102, 0.33102074, 0.33062127, 0.34111953, 0.32407174, 0.3325999, 0.30385682, 0.3126804, 0.314797, 0.30688116, 0.3028664, 0.3198414, 0.30721137, 0.33167276, 0.34422347, 0.31443533, 0.3465602, 0.34925324, 0.33478475, 0.34895653, 0.34633356, 0.32396972, 0.3614897, 0.34406018, 0.33578092, 0.34611684, 0.36488432, 0.3442211, 0.34450287, 0.34536123, 0.35942495, 0.33719423, 0.35339767, 0.33538944, 0.36624727, 0.3461726, 0.35994577, 0.37238076, 0.35628867, 0.37799516, 0.3826809, 0.37246746], "std": [0.08539034, 0.052320644, 0.052361768, 0.05137139, 0.051964477, 0.04302967, 0.05746461, 0.0751359, 0.069517784, 0.053249866, 0.06021094, 0.026387036, 0.05221768, 0.051100403, 0.07065025, 0.07842915, 0.05082527, 0.058146067, 0.07880586, 0.04809816, 0.052066363, 0.04709037, 0.038023982, 0.087780796, 0.0481517, 0.053028457, 0.07822583, 0.04757852, 0.06751397, 0.04865884, 0.035428274, 0.03612385, 0.0638679, 0.067275584, 0.04810207, 0.06469738, 0.056445695, 0.042872477, 0.044634447, 0.06978962, 0.057258047, 0.07603058, 0.05910441, 0.062231936, 0.03942833, 0.056415528, 0.056959204, 0.040678803, 0.038431913, 0.06738001], "var": [1.0, 1.0, 0.98, 0.98, 0.96, 0.94, 0.92, 0.88, 0.88, 0.86, 0.86, 0.82, 0.82, 0.84, 0.82, 0.8, 0.78, 0.8, 0.78, 0.76, 0.76, 0.74, 0.74, 0.7, 0.72, 0.72, 0.72, 0.7, 0.68, 0.7, 0.68, 0.68, 0.7, 0.7, 0.68, 0.66, 0.64, 0.6, 0.62, 0.6, 0.6, 0.58, 0.56, 0.56, 0.54, 0.5, 0.48, 0.48, 0.48, 0.48], "best": [0.4333333, 0.3847619, 0.36600986, 0.4484848, 0.36252925, 0.35885713, 0.44925925, 0.36384478, 0.39374495, 0.44987655, 0.4509934, 0.37459365, 0.39445746, 0.4510204, 0.39746186, 0.4518195, 0.3812451, 0.39961395, 0.38069168, 0.39986822, 0.40099597, 0.39786384, 0.38449907, 0.45057142, 0.41336992, 0.40244362, 0.45188916, 0.39909628, 0.40429354, 0.39974144, 0.40022925, 0.4040401, 0.40512076, 0.40527847, 0.40673018, 0.45256647, 0.40866038, 0.40897343, 0.40967822, 0.41043958, 0.4107999, 0.4109896, 0.41102993, 0.41206685, 0.41211292, 0.45306316, 0.41348538, 0.45397043, 0.45429087, 0.45462963], "duration": [43189, 39912, 43024, 46436, 39359, 45784, 39968, 38459, 38882, 39177, 46376, 39308, 39616, 39834, 45674, 39610, 39231, 39847, 39430, 39542, 39531, 39916, 40002, 39330, 40140, 39354, 39874, 46704, 39413, 38318, 46011, 40194, 51255, 50902, 40017, 39656, 49225, 40421, 40378, 46519, 44961, 39601, 40429, 40187, 49492, 40122, 40537, 39493, 40129, 40263]}