{"avg": [0.06349207, 0.19695769, 0.06580688, 0.1978836, 0.19603175, 0.19603175, 0.07896826, 0.06525358, 0.09772036, 0.15695612, 0.06537699, 0.26122633, 0.06537115, 0.1964822, 0.13087302, 0.0, 0.06572636, 0.0, 0.13120423, 0.19608225, 0.13095923, 0.2611176, 0.07853423, 0.19532163, 0.19575198, 0.26071158, 0.078927785, 0.19571126, 0.13075642, 0.06534392, 0.13062398, 0.07844974, 0.0, 0.0, 0.15656462, 0.06553739, 0.13127829, 0.31321263, 0.13121451, 0.26148313, 0.1309938, 0.13025625, 0.06537453, 0.19605415, 0.2608799, 0.07857509, 0.06577718, 0.1570058, 0.13050668, 0.098163635], "std": [0.14197257, 0.19701861, 0.14714865, 0.1978865, 0.19603339, 0.1960328, 0.15793651, 0.14591144, 0.16925663, 0.19223131, 0.1461874, 0.18471995, 0.14617434, 0.19648501, 0.18508303, 0.0, 0.14696862, 0.0, 0.1855536, 0.1960917, 0.18520477, 0.18464419, 0.15706846, 0.19532478, 0.19576055, 0.18435393, 0.15785557, 0.19571416, 0.18491766, 0.14611344, 0.18473023, 0.15689948, 0.0, 0.0, 0.19175181, 0.14654607, 0.18565701, 0.15660836, 0.1855667, 0.18489847, 0.18525337, 0.18421021, 0.1461819, 0.19605555, 0.18447094, 0.15715018, 0.14708224, 0.19229607, 0.1845671, 0.1700244], "var": [1.0, 1.0, 1.0, 1.0, 1.0, 1.0, 1.0, 1.0, 1.0, 1.0, 1.0, 1.0, 1.0, 1.0, 1.0, 1.0, 1.0, 1.0, 1.0, 1.0, 1.0, 1.0, 1.0, 1.0, 1.0, 1.0, 1.0, 1.0, 1.0, 1.0, 1.0, 1.0, 1.0, 1.0, 1.0, 1.0, 1.0, 1.0, 1.0, 1.0, 1.0, 1.0, 1.0, 1.0, 1.0, 1.0, 1.0, 1.0, 1.0, 1.0], "best": [0.3809524, 0.40317464, 0.39484128, 0.39761904, 0.3934524, 0.39317462, 0.39484128, 0.39152148, 0.39088145, 0.39271712, 0.39226195, 0.39331797, 0.3922269, 0.3949164, 0.3934524, 0.0, 0.3943582, 0.0, 0.3953755, 0.39549783, 0.39359608, 0.3946136, 0.39267114, 0.39273188, 0.39510107, 0.39267656, 0.39463893, 0.39355922, 0.3926808, 0.3920635, 0.3920635, 0.39224872, 0.0, 0.0, 0.39166668, 0.39322436, 0.3951231, 0.392846, 0.3948668, 0.39315477, 0.39341617, 0.39098063, 0.39224717, 0.39291477, 0.39236972, 0.39287546, 0.3946631, 0.39448252, 0.39327124, 0.39265454], "duration": [381, 327, 329, 325, 325, 326, 326, 329, 323, 326, 325, 362, 323, 326, 323, 380, 325, 328, 326, 328, 324, 330, 324, 326, 327, 326, 326, 327, 365, 326, 325, 326, 325, 360, 324, 326, 328, 327, 324, 325, 367, 324, 328, 328, 328, 327, 323, 326, 323, 328]}