{"avg": [0.26031747, 0.2896931, 0.28779447, 0.2955357, 0.29407367, 0.30060697, 0.32048562, 0.3185294, 0.3162826, 0.28482854, 0.2944994, 0.31726697, 0.3138555, 0.3155502, 0.3349405, 0.3179769, 0.31917363, 0.2999152, 0.31180406, 0.32061285, 0.31595117, 0.3111419, 0.31803423, 0.32203034, 0.33289918, 0.33056697, 0.34691814, 0.32392052, 0.33699092, 0.31541574, 0.32865512, 0.35542214, 0.34284252, 0.3355464, 0.34282237, 0.33548427, 0.3522075, 0.3393218, 0.3714923, 0.35740486, 0.36148998, 0.35921484, 0.37404263, 0.3768388, 0.3493077, 0.35304323, 0.33786726, 0.37477, 0.38132256, 0.39764786], "std": [0.08539034, 0.07409099, 0.06592507, 0.055373766, 0.070692375, 0.05839406, 0.0395977, 0.05123922, 0.04417726, 0.088695526, 0.043030746, 0.05072039, 0.042801987, 0.045509838, 0.051151566, 0.05779098, 0.038647845, 0.044476498, 0.049628604, 0.03851021, 0.043652125, 0.06850405, 0.057756945, 0.059702326, 0.04285756, 0.08115468, 0.040105894, 0.05017706, 0.054218803, 0.08808367, 0.07152719, 0.044552002, 0.062598296, 0.044990133, 0.0607268, 0.07781588, 0.06511891, 0.074803695, 0.058298267, 0.07847956, 0.063038416, 0.055596896, 0.0627831, 0.06211548, 0.07277031, 0.09311162, 0.06771464, 0.07635024, 0.06205713, 0.057595946], "var": [0.98, 0.96, 0.92, 0.9, 0.9, 0.9, 0.88, 0.88, 0.9, 0.88, 0.86, 0.84, 0.82, 0.8, 0.78, 0.78, 0.76, 0.76, 0.78, 0.76, 0.76, 0.72, 0.72, 0.68, 0.64, 0.6, 0.58, 0.58, 0.58, 0.58, 0.56, 0.58, 0.58, 0.56, 0.56, 0.54, 0.52, 0.54, 0.54, 0.54, 0.54, 0.54, 0.56, 0.54, 0.52, 0.48, 0.48, 0.46, 0.46, 0.46], "best": [0.4333333, 0.46222222, 0.36396822, 0.36394557, 0.45435897, 0.45555556, 0.38628006, 0.45698002, 0.37113997, 0.45704696, 0.3692375, 0.45649716, 0.36824572, 0.39136478, 0.4557037, 0.45629323, 0.39542338, 0.3717787, 0.39528823, 0.3746452, 0.39613938, 0.45481923, 0.4551724, 0.39663407, 0.42507184, 0.45566666, 0.42704895, 0.3999445, 0.45530474, 0.45560408, 0.4563941, 0.45700678, 0.4574622, 0.43086588, 0.4575139, 0.45837834, 0.4324243, 0.4585893, 0.45903814, 0.45938507, 0.4599475, 0.46118787, 0.46181178, 0.46284875, 0.43977788, 0.4640093, 0.46621063, 0.46621922, 0.46776024, 0.46889174], "duration": [43154, 40210, 52816, 50260, 50739, 44189, 39494, 38983, 51535, 39419, 38654, 40508, 45656, 40002, 46074, 39421, 39797, 38319, 38579, 45679, 39516, 39317, 39632, 39220, 46011, 39355, 39796, 39335, 46542, 57349, 48417, 39586, 39158, 38650, 40152, 39723, 43979, 43779, 40313, 50700, 39247, 40055, 40162, 46702, 53226, 39577, 38686, 40097, 39737, 40413]}