{"avg": [0.45999995, 0.45555547, 0.4577777, 0.45999995, 0.4622222, 0.45777777, 0.45777777, 0.45555547, 0.45555553, 0.45777777, 0.45555553, 0.46222225, 0.4622222, 0.45999995, 0.45999995, 0.4577777, 0.4577777, 0.4577777, 0.46, 0.45555547, 0.45333323, 0.45555547, 0.451111, 0.451111, 0.451111], "std": [0.22987936, 0.2290616, 0.2294813, 0.22987936, 0.23660159, 0.23584874, 0.23584874, 0.23544042, 0.23544034, 0.23584874, 0.23544034, 0.2397119, 0.2397119, 0.2362361, 0.2362361, 0.23584874, 0.23584874, 0.23584874, 0.23935106, 0.2354404, 0.23500992, 0.2354404, 0.23455776, 0.23769483, 0.23769483], "var": [0.99333334, 0.99333334, 0.9866667, 0.97333336, 0.97333336, 0.96666664, 0.96, 0.9533333, 0.94, 0.93333334, 0.9266667, 0.92, 0.92, 0.91333336, 0.91333336, 0.91333336, 0.91333336, 0.9066667, 0.9, 0.88666666, 0.88666666, 0.88666666, 0.87333333, 0.87333333, 0.88666666], "best": [1.0, 1.0, 1.0, 1.0, 1.0, 1.0, 1.0, 1.0, 1.0, 1.0, 1.0, 1.0, 1.0, 1.0, 1.0, 1.0, 1.0, 1.0, 1.0, 1.0, 1.0, 1.0, 1.0, 1.0, 1.0], "duration": [26762, 23553, 26512, 26494, 25062, 26357, 26421, 24726, 24923, 25010, 24956, 25117, 23276, 23260, 24856, 22137, 26093, 23414, 24543, 24680, 26360, 26731, 26475, 26429, 26333]}