{"avg": [0.24857143, 0.27798414, 0.28634715, 0.27944607, 0.2809315, 0.28774598, 0.29783168, 0.31227922, 0.30140212, 0.31434777, 0.2975673, 0.28662452, 0.3123178, 0.31367564, 0.28401, 0.303432, 0.32136375, 0.34648514, 0.3139953, 0.31698126, 0.32043228, 0.307332, 0.33145, 0.30723664, 0.32700747, 0.29909235, 0.3200898, 0.33129367, 0.31870332, 0.34271583, 0.32885593, 0.3148395, 0.32024148, 0.30056924, 0.347858, 0.34464794, 0.31086454, 0.3453064, 0.33351877, 0.35464266, 0.36062717, 0.3157236, 0.35134172, 0.32557896, 0.3398551, 0.3286063, 0.35229632, 0.35478213, 0.32804316, 0.36329538], "std": [0.090283, 0.07469413, 0.048856195, 0.042446677, 0.07155765, 0.07530979, 0.054874223, 0.046881106, 0.076810464, 0.069474846, 0.063025594, 0.05214111, 0.044331606, 0.073892266, 0.07644383, 0.049200743, 0.06731659, 0.044807967, 0.04186432, 0.049479652, 0.05401672, 0.053991415, 0.05148275, 0.04587416, 0.070925854, 0.04935264, 0.07652352, 0.05971178, 0.07302244, 0.045728568, 0.051209606, 0.081937134, 0.061514463, 0.08790913, 0.058169197, 0.07631324, 0.07855777, 0.06127972, 0.08829248, 0.088453256, 0.062067494, 0.097164646, 0.06221752, 0.10119013, 0.0957301, 0.093670726, 0.07765736, 0.07538025, 0.08794467, 0.06982069], "var": [0.98, 0.98, 0.98, 0.96, 0.94, 0.94, 0.92, 0.92, 0.88, 0.88, 0.88, 0.86, 0.86, 0.84, 0.82, 0.82, 0.82, 0.78, 0.76, 0.76, 0.76, 0.76, 0.74, 0.72, 0.7, 0.68, 0.68, 0.68, 0.7, 0.66, 0.68, 0.68, 0.68, 0.66, 0.62, 0.62, 0.6, 0.62, 0.64, 0.6, 0.56, 0.56, 0.6, 0.6, 0.6, 0.6, 0.64, 0.64, 0.62, 0.6], "best": [0.425, 0.4466667, 0.35511905, 0.3505102, 0.44126984, 0.4420732, 0.38632756, 0.38837773, 0.44092593, 0.44210526, 0.35697073, 0.3911508, 0.39132655, 0.4409524, 0.39388433, 0.3941273, 0.4410506, 0.4419118, 0.3978321, 0.44230133, 0.4429022, 0.3985434, 0.44291908, 0.4006413, 0.4429233, 0.37391502, 0.44270834, 0.40231094, 0.44268018, 0.40492532, 0.40596735, 0.453666, 0.442836, 0.44305557, 0.4433892, 0.4436933, 0.4071808, 0.45485395, 0.4554348, 0.45621932, 0.44652557, 0.4473089, 0.44744664, 0.459189, 0.45966572, 0.45614347, 0.45666668, 0.4492867, 0.4496, 0.46170145], "duration": [37904, 39697, 52316, 42660, 49451, 47600, 45395, 38487, 44676, 39556, 37155, 38536, 38929, 38762, 38942, 45813, 39026, 39073, 38556, 43688, 38505, 45181, 39454, 49178, 39189, 38718, 39134, 51991, 38419, 45941, 38859, 38542, 38255, 38326, 39545, 39076, 39170, 38951, 39348, 39172, 39122, 38897, 39415, 39422, 39586, 39190, 39036, 39584, 39212, 39614]}