{"avg": [0.26031747, 0.29894176, 0.304256, 0.29068324, 0.32575196, 0.3110501, 0.31269225, 0.33958918, 0.33046845, 0.3328531, 0.32566625, 0.3563988, 0.3468559, 0.34620687, 0.3157275, 0.3732692, 0.40074757, 0.37155887, 0.35563824, 0.40399623, 0.3968295, 0.37063366, 0.37611312, 0.39647946, 0.40647146, 0.42575324, 0.4416157, 0.4509134, 0.43468013, 0.39857462, 0.4220596, 0.44015607, 0.4450712, 0.43291196, 0.46255583, 0.44471347, 0.46256453, 0.48981926, 0.48366827, 0.48692387, 0.4964584, 0.51357067, 0.49775067, 0.48767167, 0.50603366, 0.5256149, 0.529179, 0.51553893, 0.51476336, 0.54709345], "std": [0.08539034, 0.07944382, 0.06249321, 0.044480864, 0.06502594, 0.054502785, 0.06863851, 0.061563462, 0.0713708, 0.0788034, 0.060491428, 0.0783098, 0.07522442, 0.070405275, 0.038352083, 0.05578675, 0.060986407, 0.06796454, 0.06886388, 0.064857155, 0.07764662, 0.071524985, 0.048787963, 0.08296022, 0.074346766, 0.064607576, 0.06631678, 0.06902916, 0.067706205, 0.08501527, 0.089971244, 0.07900091, 0.08620767, 0.08468737, 0.07526783, 0.09046711, 0.089741774, 0.063535, 0.09168703, 0.08101357, 0.068709105, 0.049757976, 0.07027784, 0.10027538, 0.08071508, 0.03480677, 0.04750265, 0.08162878, 0.09048326, 0.029702267], "var": [0.98, 0.98, 0.96, 0.94, 0.94, 0.96, 0.94, 0.92, 0.92, 0.88, 0.84, 0.82, 0.82, 0.8, 0.78, 0.78, 0.76, 0.74, 0.74, 0.76, 0.76, 0.74, 0.76, 0.78, 0.78, 0.76, 0.8, 0.8, 0.8, 0.8, 0.82, 0.8, 0.78, 0.76, 0.74, 0.76, 0.74, 0.72, 0.68, 0.66, 0.64, 0.62, 0.62, 0.6, 0.58, 0.56, 0.56, 0.56, 0.54, 0.5], "best": [0.4333333, 0.46222222, 0.44682539, 0.36231884, 0.46065572, 0.46367517, 0.46350875, 0.46695903, 0.4689567, 0.47256234, 0.4703252, 0.47509158, 0.47777775, 0.4674044, 0.39053968, 0.47510374, 0.4804462, 0.48555553, 0.47576055, 0.48355556, 0.49200842, 0.48461315, 0.48647618, 0.49581054, 0.49991295, 0.50292397, 0.4984702, 0.5089355, 0.5127163, 0.5072464, 0.5082452, 0.51836735, 0.5207758, 0.52024263, 0.5254027, 0.52913666, 0.5314102, 0.53429705, 0.5379614, 0.53724545, 0.54346454, 0.5423077, 0.54606515, 0.5520802, 0.5509832, 0.5538209, 0.5598349, 0.562629, 0.5655278, 0.5677405], "duration": [43063, 39921, 39596, 42841, 39967, 38911, 45041, 38701, 38578, 56131, 46425, 44892, 39921, 39690, 38913, 39851, 51792, 39895, 44399, 46844, 39670, 39879, 44506, 40052, 40010, 40315, 45072, 44989, 51058, 40143, 40277, 45023, 45010, 40023, 47071, 44958, 53815, 40401, 40445, 40354, 40428, 40504, 40920, 40371, 53916, 40505, 45182, 53844, 40528, 40515]}