{"avg": [0.1703638, 0.28964648, 0.2614759, 0.34376195, 0.42136118, 0.42779535, 0.45822108, 0.4932494, 0.47484303, 0.5293962, 0.50585973, 0.39531144, 0.49629086, 0.49423227, 0.47631705, 0.55732906, 0.5099799, 0.56473076, 0.54449373, 0.54727626, 0.54861647, 0.5786648, 0.5558822, 0.52568924, 0.58600706, 0.5874287, 0.5892476, 0.5908523, 0.5358046, 0.59360224, 0.563652, 0.59606934, 0.5971631, 0.56975526, 0.57320464, 0.5687108, 0.5749862, 0.48164526, 0.57411927, 0.57182395, 0.6042526, 0.57313967, 0.6055803, 0.57865834, 0.57650334, 0.57847124, 0.55267876, 0.5476496, 0.5813002, 0.5485405, 0.5778309, 0.5782152, 0.51912034, 0.61112744, 0.47855887, 0.55363905, 0.54783875, 0.5834446, 0.54085207, 0.5853648, 0.58436435, 0.583204, 0.58494323, 0.5877702, 0.5269726, 0.5591626, 0.5567546, 0.58630556, 0.5542863, 0.532093, 0.5839176, 0.58976007, 0.6168139, 0.61704284, 0.5246672], "std": [0.23328021, 0.24701476, 0.2503591, 0.23485412, 0.18850234, 0.18532255, 0.15724692, 0.107794575, 0.1502324, 0.0024883272, 0.11620963, 0.23633017, 0.15320458, 0.16478918, 0.18947563, 0.0026695016, 0.16131929, 0.0042302334, 0.11610808, 0.11943161, 0.122691914, 0.0021847251, 0.118535705, 0.17522973, 5.9604645e-08, 1.1920929e-07, 5.9604645e-08, 5.9604645e-08, 0.17383802, 5.9604645e-08, 0.13285404, 0.0, 5.9604645e-08, 0.12740114, 0.12220765, 0.13404644, 0.12258745, 0.24082263, 0.12837698, 0.13478026, 5.9604645e-08, 0.13509029, 0.0, 0.12627357, 0.13225894, 0.12935004, 0.17477237, 0.18254986, 0.12685014, 0.1828468, 0.13619603, 0.13628665, 0.21807414, 5.9604645e-08, 0.25222266, 0.17962424, 0.18790717, 0.13046223, 0.19749127, 0.1277371, 0.13066784, 0.13379614, 0.13079736, 0.12531306, 0.21513562, 0.17682272, 0.1806351, 0.13110189, 0.1847621, 0.21143226, 0.13763063, 0.12573723, 5.9604645e-08, 1.7881393e-07, 0.22040436], "var": [1.0, 1.0, 1.0, 1.0, 0.96, 0.96, 0.92, 0.92, 0.92, 0.8, 0.76, 0.68, 0.56, 0.6, 0.52, 0.36, 0.28, 0.16, 0.12, 0.12, 0.12, 0.12, 0.04, 0.04, 0.04, 0.04, 0.04, 0.04, 0.04, 0.04, 0.04, 0.04, 0.04, 0.04, 0.04, 0.04, 0.04, 0.04, 0.04, 0.04, 0.04, 0.04, 0.04, 0.04, 0.04, 0.04, 0.04, 0.04, 0.04, 0.04, 0.04, 0.04, 0.04, 0.04, 0.04, 0.04, 0.04, 0.04, 0.04, 0.04, 0.04, 0.04, 0.04, 0.04, 0.04, 0.04, 0.04, 0.04, 0.04, 0.04, 0.04, 0.04, 0.04, 0.04, 0.04], "best": [0.48979592, 0.5034605, 0.5064626, 0.51045525, 0.51409805, 0.51682293, 0.5194663, 0.5236406, 0.52922785, 0.5340594, 0.5388048, 0.54363245, 0.5477452, 0.5530537, 0.55729717, 0.5611332, 0.5644849, 0.56786436, 0.57108843, 0.5741208, 0.5769287, 0.5794034, 0.58179474, 0.5840992, 0.586007, 0.58742857, 0.5892475, 0.59085226, 0.5922052, 0.5936023, 0.594966, 0.59606934, 0.597163, 0.5982431, 0.59925944, 0.60030586, 0.601122, 0.60205656, 0.60282534, 0.60359204, 0.6042525, 0.60498077, 0.6055803, 0.6062134, 0.60684556, 0.6073947, 0.6079467, 0.6084996, 0.6089812, 0.6094893, 0.6099326, 0.61033833, 0.6107298, 0.6111274, 0.61149186, 0.61191696, 0.6122904, 0.6126169, 0.61296576, 0.6132394, 0.6135825, 0.6138988, 0.6141905, 0.6144872, 0.6148013, 0.6150788, 0.6153604, 0.6156209, 0.6158737, 0.6161075, 0.6163573, 0.61656713, 0.61681396, 0.617043, 0.6172556], "duration": [2418, 2374, 2904, 2834, 2958, 2390, 2922, 2639, 2837, 2929, 2797, 2443, 3784, 2594, 2311, 2964, 3362, 4113, 3162, 2473, 2393, 3440, 3393, 3553, 2778, 3036, 2261, 2576, 2227, 2740, 2595, 3139, 2700, 2939, 2628, 3144, 2540, 2218, 3050, 2590, 3759, 3326, 2970, 2271, 2366, 2602, 2607, 5233, 4027, 2824, 2253, 2997, 2649, 2796, 3068, 2405, 2620, 3089, 2236, 2799, 2638, 2465, 2466, 2788, 2196, 2551, 2608, 2519, 2566, 2377, 2903, 2940, 2884, 2810, 2413]}