{"avg": [0.0, 0.0, 0.0, 0.0, 0.0, 0.0, 0.0, 0.0, 0.0, 0.0, 0.0, 0.0, 0.0, 0.0, 0.0, 0.0, 0.0, 0.0, 0.0, 0.0, 0.0, 0.0, 0.0, 0.0, 0.0], "std": [0.0, 0.0, 0.0, 0.0, 0.0, 0.0, 0.0, 0.0, 0.0, 0.0, 0.0, 0.0, 0.0, 0.0, 0.0, 0.0, 0.0, 0.0, 0.0, 0.0, 0.0, 0.0, 0.0, 0.0, 0.0], "var": [0.9866667, 0.98, 0.98, 0.97333336, 0.96666664, 0.96, 0.94666666, 0.93333334, 0.9266667, 0.91333336, 0.9066667, 0.9066667, 0.9066667, 0.91333336, 0.9066667, 0.9, 0.88666666, 0.88666666, 0.87333333, 0.86, 0.85333335, 0.84, 0.8333333, 0.82666665, 0.82666665], "best": [0.0, 0.0, 0.0, 0.0, 0.0, 0.0, 0.0, 0.0, 0.0, 0.0, 0.0, 0.0, 0.0, 0.0, 0.0, 0.0, 0.0, 0.0, 0.0, 0.0, 0.0, 0.0, 0.0, 0.0, 0.0], "duration": [56995, 56382, 54863, 57067, 54754, 56369, 54809, 56749, 56788, 54725, 54664, 55783, 56584, 55702, 56003, 55142, 54290, 56361, 55431, 55131, 57379, 57618, 56216, 56200, 56347]}