{"avg": [0.26031747, 0.28715342, 0.29917464, 0.28526983, 0.2889471, 0.27467093, 0.29663643, 0.30666208, 0.3136187, 0.29305995, 0.30055293, 0.30608147, 0.30842906, 0.30631882, 0.35808417, 0.3018805, 0.3313377, 0.31167543, 0.3391026, 0.3441825, 0.32985812, 0.32335848, 0.3461368, 0.34664696, 0.33821055, 0.35096177, 0.35610414, 0.33853164, 0.35524485, 0.3236002, 0.32670695, 0.33669573, 0.35036284, 0.34647915, 0.3405663, 0.3695498, 0.36755952, 0.35761783, 0.33844066, 0.3439442, 0.36316845, 0.3773344, 0.3742099, 0.385786, 0.36329335, 0.3715168, 0.35423264, 0.38192645, 0.36285096, 0.3862993], "std": [0.08539034, 0.07637929, 0.035753798, 0.072229445, 0.06481478, 0.055993505, 0.043845806, 0.06472849, 0.053748954, 0.07850061, 0.05518175, 0.049403325, 0.048658434, 0.04825509, 0.038693897, 0.051536217, 0.04531451, 0.08553659, 0.059531692, 0.045964178, 0.040239777, 0.052594557, 0.052761532, 0.05330882, 0.06450857, 0.06383964, 0.05014408, 0.061514635, 0.04612507, 0.04262402, 0.052160297, 0.051016115, 0.048203994, 0.05489712, 0.04612044, 0.054204438, 0.04845006, 0.06468676, 0.061856546, 0.069502205, 0.057110354, 0.04410392, 0.046558566, 0.071874, 0.07860047, 0.06568126, 0.05967925, 0.057098612, 0.07401387, 0.06427743], "var": [1.0, 1.0, 0.98, 0.94, 0.92, 0.92, 0.9, 0.9, 0.88, 0.88, 0.86, 0.82, 0.84, 0.84, 0.84, 0.82, 0.8, 0.78, 0.78, 0.78, 0.78, 0.78, 0.8, 0.8, 0.82, 0.8, 0.8, 0.8, 0.8, 0.8, 0.8, 0.78, 0.8, 0.78, 0.78, 0.78, 0.78, 0.74, 0.76, 0.76, 0.74, 0.72, 0.76, 0.76, 0.78, 0.78, 0.78, 0.76, 0.76, 0.8], "best": [0.4333333, 0.46222222, 0.36396822, 0.36582008, 0.36785713, 0.3869841, 0.35148147, 0.44999996, 0.45197737, 0.45358023, 0.36382842, 0.36026967, 0.36403576, 0.387509, 0.45193794, 0.39081183, 0.45186722, 0.45252916, 0.45421243, 0.442956, 0.39350507, 0.3885093, 0.45496032, 0.4559962, 0.4598658, 0.4610987, 0.4584577, 0.4475735, 0.40863994, 0.39846978, 0.39890507, 0.4100752, 0.42462584, 0.42535618, 0.4116726, 0.45724905, 0.45840868, 0.46521887, 0.44927964, 0.45978925, 0.46006492, 0.46461293, 0.4652799, 0.4621916, 0.46165928, 0.46714768, 0.42009914, 0.46262625, 0.46603775, 0.47340748], "duration": [43136, 40020, 39578, 43182, 39042, 49474, 39131, 39314, 43457, 42963, 39887, 38699, 43721, 52669, 39965, 40067, 38405, 39482, 39600, 40041, 45599, 39650, 39393, 39528, 39178, 39810, 39825, 39331, 40427, 45461, 38297, 39283, 39964, 39541, 38985, 40024, 39940, 39805, 39801, 39774, 39632, 40543, 39854, 40369, 39753, 39885, 39824, 39792, 47254, 40447]}