{"avg": [0.24857143, 0.27798414, 0.28803885, 0.27944607, 0.2801796, 0.28774598, 0.29952344, 0.3084977, 0.29768428, 0.3139371, 0.30574915, 0.28839558, 0.3164909, 0.31796724, 0.29859978, 0.31357244, 0.31661317, 0.31266388, 0.31345764, 0.34212732, 0.35500377, 0.3495731, 0.34448698, 0.33352938, 0.3295495, 0.3429708, 0.33829573, 0.35911348, 0.33270672, 0.35037777, 0.3390539, 0.3337339, 0.3596667, 0.34124377, 0.3336494, 0.35104433, 0.338115, 0.36090252, 0.34322324, 0.3538066, 0.32457912, 0.3801964, 0.3671689, 0.36190414, 0.35898063, 0.35042205, 0.36662224, 0.33409888, 0.3832805, 0.3752785], "std": [0.090283, 0.07469413, 0.048899785, 0.04112919, 0.072382644, 0.07530979, 0.05095053, 0.04610129, 0.08055594, 0.06497277, 0.074865244, 0.062413882, 0.04100763, 0.06009861, 0.07122867, 0.05277427, 0.05992052, 0.060211666, 0.056660816, 0.06865177, 0.064832665, 0.052505147, 0.04929659, 0.058058623, 0.055787962, 0.05969287, 0.06681579, 0.061147243, 0.046774194, 0.05409705, 0.05278585, 0.06438157, 0.048257753, 0.055847272, 0.08093887, 0.053905375, 0.061374877, 0.045701336, 0.081331484, 0.05873138, 0.06168667, 0.049410686, 0.07270731, 0.06683775, 0.087769225, 0.08831581, 0.0776309, 0.07472515, 0.06766439, 0.06803676], "var": [0.98, 0.98, 0.98, 0.96, 0.94, 0.94, 0.92, 0.92, 0.92, 0.9, 0.9, 0.88, 0.88, 0.88, 0.86, 0.84, 0.84, 0.8, 0.8, 0.78, 0.78, 0.78, 0.78, 0.76, 0.74, 0.72, 0.7, 0.7, 0.68, 0.68, 0.66, 0.64, 0.62, 0.66, 0.64, 0.62, 0.6, 0.62, 0.62, 0.64, 0.62, 0.62, 0.6, 0.56, 0.54, 0.52, 0.54, 0.52, 0.54, 0.52], "best": [0.425, 0.4466667, 0.35511905, 0.3505102, 0.44126984, 0.4420732, 0.38632756, 0.38837773, 0.44092593, 0.442, 0.44237807, 0.3579298, 0.36977172, 0.44182694, 0.44244444, 0.44299164, 0.44360238, 0.4113073, 0.4437937, 0.4442881, 0.4459652, 0.44765863, 0.44791067, 0.44800824, 0.44875002, 0.4488005, 0.44939175, 0.44958824, 0.4077042, 0.44978023, 0.4559448, 0.4502062, 0.45024902, 0.45062742, 0.45728385, 0.45113844, 0.45110816, 0.4509897, 0.45871022, 0.4517974, 0.45246425, 0.45922482, 0.45337123, 0.45406806, 0.454058, 0.45444918, 0.46206778, 0.45570946, 0.46293104, 0.46391052], "duration": [38146, 40109, 54465, 42956, 45000, 47773, 45871, 40363, 38788, 39280, 38854, 38688, 39389, 38918, 45829, 39395, 45057, 45578, 39090, 38983, 55076, 39321, 39375, 40868, 43512, 39965, 39635, 39685, 39598, 39299, 39159, 39514, 40317, 39506, 45293, 39396, 39248, 39884, 39384, 39825, 42341, 39794, 39776, 39259, 39931, 39460, 53279, 39264, 39766, 39628]}