{"avg": [0.1, 0.1, 0.093333334, 0.093333334, 0.093333334, 0.086666666, 0.086666666, 0.093333334, 0.086666666, 0.086666666, 0.086666666, 0.086666666, 0.086666666, 0.086666666, 0.086666666, 0.086666666, 0.08, 0.07333333, 0.07333333, 0.07333333, 0.07333333, 0.07333333, 0.06666667, 0.06666667, 0.06666667], "std": [0.3000003, 0.3000003, 0.29089898, 0.29089898, 0.29089898, 0.28134605, 0.28134605, 0.29089895, 0.28134605, 0.28134605, 0.28134605, 0.28134605, 0.28134605, 0.28134605, 0.28134605, 0.28134605, 0.27129337, 0.26068285, 0.26068285, 0.26068285, 0.26068285, 0.26068285, 0.24944378, 0.24944378, 0.2494438], "var": [0.99333334, 0.9866667, 0.98, 0.97333336, 0.96666664, 0.9533333, 0.94, 0.93333334, 0.92, 0.92, 0.9066667, 0.9, 0.9, 0.8933333, 0.8933333, 0.88, 0.8666667, 0.85333335, 0.8466667, 0.8333333, 0.82666665, 0.8333333, 0.84, 0.8333333, 0.82666665], "best": [1.0, 1.0, 1.0, 1.0, 1.0, 1.0, 1.0, 1.0, 1.0, 1.0, 1.0, 1.0, 1.0, 1.0, 1.0, 1.0, 1.0, 1.0, 1.0, 1.0, 1.0, 1.0, 1.0, 1.0, 1.0], "duration": [4919, 4955, 4730, 4714, 4672, 4765, 4644, 4655, 4671, 4723, 4760, 4742, 4749, 4704, 4719, 4905, 4725, 4690, 4770, 4717, 4695, 4705, 4655, 4718, 4689]}