{"avg": [0.3373558, 0.37505764, 0.40492234, 0.42808098, 0.44857252, 0.46120268, 0.4947713, 0.52652615, 0.5471206, 0.5919509, 0.5951768, 0.60861886, 0.63472533, 0.63387233, 0.65425134, 0.67402375, 0.6851821, 0.69392467, 0.7021816, 0.7022614, 0.7105836, 0.704789, 0.7096932, 0.71411496, 0.72177094, 0.724779, 0.7252401, 0.7331104, 0.7325381, 0.73694336, 0.7323286, 0.73776853, 0.7347682, 0.7433512, 0.74476504, 0.7412585, 0.7452192, 0.7397365, 0.7443649, 0.7507124, 0.7517183, 0.7527619, 0.7512497, 0.75211483, 0.75269413, 0.755986, 0.7567062, 0.7551697, 0.750389, 0.7566836, 0.75210583, 0.75799304, 0.7607029, 0.7612899, 0.7592258, 0.757119, 0.76039803, 0.75831836, 0.761534, 0.76415944, 0.76014334, 0.76290816, 0.7630346, 0.76313686, 0.76395917, 0.76424134, 0.7605438, 0.759966, 0.7676336, 0.7582108, 0.768308, 0.7686444, 0.7664796, 0.76475245, 0.76059556], "std": [0.103621185, 0.094705746, 0.08805313, 0.07483001, 0.06899479, 0.078045085, 0.069063626, 0.08553927, 0.075516954, 0.059738282, 0.05629388, 0.070685275, 0.052988563, 0.05806128, 0.046258457, 0.030644234, 0.03912281, 0.022534635, 0.017781854, 0.027938515, 0.01476628, 0.027014371, 0.023863213, 0.023970628, 0.014894127, 0.016597902, 0.018555429, 0.00087808195, 0.010638646, 0.00036007506, 0.016178934, 0.010921881, 0.017103441, 1.7881393e-07, 1.7881393e-07, 0.01469389, 0.009988475, 0.018891184, 0.015392816, 0.0, 1.1920929e-07, 1.1920929e-07, 0.010430636, 0.010430647, 0.0109369885, 1.1920929e-07, 1.1920929e-07, 0.010202406, 0.017860046, 0.009787421, 0.017489227, 0.009787421, 1.1920929e-07, 1.7881393e-07, 0.0109370025, 0.015031469, 0.010430635, 0.014693892, 0.009988473, 5.9604645e-08, 0.014080656, 0.009988474, 0.010674865, 0.011219347, 0.010202392, 0.010430635, 0.016495422, 0.01748923, 1.1920929e-07, 0.019591855, 1.1920929e-07, 1.1920929e-07, 0.010674851, 0.014080638, 0.018891186], "var": [1.0, 1.0, 1.0, 1.0, 1.0, 1.0, 1.0, 0.96, 0.96, 0.96, 0.92, 0.92, 0.88, 0.76, 0.76, 0.72, 0.6, 0.48, 0.44, 0.4, 0.48, 0.44, 0.36, 0.24, 0.28, 0.2, 0.12, 0.12, 0.08, 0.08, 0.08, 0.08, 0.04, 0.04, 0.04, 0.04, 0.04, 0.04, 0.04, 0.04, 0.04, 0.04, 0.04, 0.04, 0.04, 0.04, 0.04, 0.04, 0.04, 0.04, 0.04, 0.04, 0.04, 0.04, 0.04, 0.04, 0.04, 0.04, 0.04, 0.04, 0.04, 0.04, 0.04, 0.04, 0.04, 0.04, 0.04, 0.04, 0.04, 0.04, 0.04, 0.04, 0.04, 0.04, 0.04], "best": [0.57551014, 0.58482695, 0.5824869, 0.5385842, 0.5897959, 0.6629602, 0.6645727, 0.6672498, 0.6717909, 0.67618334, 0.6804762, 0.6853239, 0.68939596, 0.6940131, 0.69796616, 0.7024227, 0.7057267, 0.7083221, 0.7112832, 0.71389145, 0.7172766, 0.720048, 0.7226691, 0.7252808, 0.7274903, 0.7296441, 0.7315146, 0.73351336, 0.7353191, 0.73707485, 0.73850906, 0.7404432, 0.7418683, 0.7433514, 0.74476486, 0.7461563, 0.74734867, 0.7486418, 0.74980694, 0.7507124, 0.75171816, 0.752762, 0.7535821, 0.75444734, 0.7552721, 0.75598586, 0.75670606, 0.75739616, 0.75812274, 0.7587245, 0.75945276, 0.760034, 0.7607028, 0.7612901, 0.7618037, 0.76227474, 0.76273024, 0.76321644, 0.7636636, 0.7641595, 0.76459605, 0.76503783, 0.7654834, 0.76585805, 0.7661854, 0.7665736, 0.7669325, 0.767313, 0.76763374, 0.76800674, 0.7683081, 0.7686445, 0.76892865, 0.7692052, 0.7695011], "duration": [114250, 97623, 113181, 110388, 89339, 95933, 82402, 98080, 105243, 112620, 84613, 97598, 91918, 98141, 91630, 84916, 91930, 99639, 85491, 98395, 91440, 99355, 105932, 98735, 98401, 127593, 92140, 92387, 114058, 92153, 99161, 91833, 98768, 92544, 100102, 85217, 128279, 114097, 92475, 92197, 98850, 106349, 92320, 99515, 107001, 92906, 113286, 85112, 106546, 106353, 92411, 113623, 134918, 92427, 92673, 99526, 92480, 106822, 92595, 128328, 99842, 127881, 106673, 92204, 99669, 107219, 107100, 91938, 134755, 99186, 113599, 128138, 113037, 99540, 99446]}