{"avg": [0.27333334, 0.30059257, 0.30953217, 0.30400065, 0.30561122, 0.31083214, 0.32542974, 0.33654037, 0.32763982, 0.34089908, 0.32277682, 0.3092593, 0.3380811, 0.3505274, 0.31975514, 0.30912456, 0.3036467, 0.31573895, 0.3210512, 0.365211, 0.3379133, 0.3261609, 0.32893285, 0.32767698, 0.33406878, 0.3610421, 0.31638348, 0.30179873, 0.3218882, 0.329151, 0.35158712, 0.35078847, 0.32269478, 0.33686155, 0.33078253, 0.35553122, 0.34524113, 0.32936817, 0.35392988, 0.3571053, 0.37107748, 0.35947272, 0.37170774, 0.35748938, 0.35487914, 0.37626714, 0.3713161, 0.3587427, 0.3919147, 0.39638767], "std": [0.090226054, 0.07882455, 0.05121819, 0.04355961, 0.07723277, 0.07890176, 0.055273276, 0.05135639, 0.08121469, 0.073459975, 0.06624097, 0.052259367, 0.06679049, 0.057952523, 0.07385017, 0.072211005, 0.06088768, 0.044197693, 0.07111714, 0.07718259, 0.05557926, 0.07802528, 0.059095588, 0.059694503, 0.081008896, 0.07964996, 0.08929497, 0.069745354, 0.06741105, 0.0735591, 0.06946384, 0.079674214, 0.07184726, 0.09986033, 0.08809804, 0.096885204, 0.08641031, 0.06899225, 0.09000333, 0.06962682, 0.08980449, 0.09471356, 0.0914466, 0.103674605, 0.10088229, 0.10053618, 0.0809081, 0.081733175, 0.076943375, 0.09560722], "var": [0.98, 0.98, 0.98, 0.96, 0.94, 0.94, 0.92, 0.92, 0.88, 0.88, 0.88, 0.86, 0.84, 0.82, 0.82, 0.8, 0.8, 0.82, 0.82, 0.82, 0.82, 0.8, 0.8, 0.8, 0.78, 0.78, 0.78, 0.76, 0.76, 0.76, 0.72, 0.72, 0.72, 0.7, 0.68, 0.68, 0.66, 0.68, 0.7, 0.68, 0.66, 0.66, 0.62, 0.62, 0.62, 0.62, 0.6, 0.6, 0.58, 0.54], "best": [0.45555553, 0.4844444, 0.38222227, 0.3760771, 0.47724864, 0.47831976, 0.41986534, 0.42259887, 0.47679007, 0.47836253, 0.38179386, 0.38222227, 0.47732422, 0.47803977, 0.40774858, 0.42513666, 0.42551282, 0.37545455, 0.4773148, 0.47795987, 0.47879422, 0.42771086, 0.38390806, 0.40633187, 0.47865263, 0.47940102, 0.48079824, 0.34231567, 0.43129715, 0.4800438, 0.48023638, 0.48071015, 0.43353215, 0.48134533, 0.48162067, 0.48200282, 0.48254248, 0.43845713, 0.48295048, 0.44018492, 0.48329815, 0.4844273, 0.48511812, 0.48529986, 0.48581043, 0.48635006, 0.4869986, 0.48757544, 0.4880035, 0.48880228], "duration": [43150, 40183, 53018, 42951, 49918, 47962, 45732, 38996, 45046, 40192, 37419, 38348, 45929, 39680, 44885, 38634, 38270, 39153, 39403, 39765, 46358, 37721, 39566, 39306, 38275, 39280, 45336, 38669, 38179, 39214, 39424, 38914, 39321, 38845, 39419, 39246, 40501, 39422, 46178, 45707, 46499, 39995, 39491, 39257, 39968, 40099, 39018, 46048, 46285, 39199]}