{"avg": [0.171875, 0.16591269, 0.22022165, 0.22285362, 0.22862877, 0.22417201, 0.22129469, 0.2076637, 0.22231637, 0.22008492, 0.21031298, 0.25350258, 0.22815256, 0.2902148, 0.22858246, 0.23633005, 0.28853175, 0.27076146, 0.2573034, 0.2728697, 0.22396633, 0.2738035, 0.26215094, 0.2887763, 0.26992851, 0.30422544, 0.3296439, 0.22315581, 0.2531485, 0.26256588, 0.3108765, 0.3014197, 0.30535892, 0.33298427, 0.31349686, 0.2616857, 0.3001652, 0.33876643, 0.28553572, 0.25895515, 0.31816167, 0.34119388, 0.37967142, 0.34624916, 0.3111908, 0.30632746, 0.34564602, 0.32973677, 0.34079355, 0.3579319], "std": [0.12198524, 0.13347639, 0.11209168, 0.100322425, 0.10180916, 0.096587196, 0.09488995, 0.09029306, 0.121483296, 0.10095053, 0.12816852, 0.10676193, 0.092303604, 0.061995436, 0.08684917, 0.10975571, 0.10059399, 0.09114732, 0.09148587, 0.116161734, 0.13924097, 0.10785252, 0.10393205, 0.11345547, 0.12847376, 0.118776254, 0.0941003, 0.11789521, 0.07981225, 0.12383196, 0.13655593, 0.114181764, 0.08940166, 0.09824249, 0.15928221, 0.15065409, 0.1388362, 0.13105944, 0.14996517, 0.15185487, 0.11355782, 0.098027475, 0.07470805, 0.12970768, 0.11923062, 0.18141915, 0.13569269, 0.15550326, 0.15373607, 0.11034168], "var": [1.0, 1.0, 1.0, 1.0, 1.0, 0.98, 0.96, 0.96, 0.96, 0.96, 0.94, 0.92, 0.9, 0.9, 0.9, 0.9, 0.88, 0.84, 0.82, 0.82, 0.8, 0.8, 0.78, 0.78, 0.76, 0.76, 0.76, 0.74, 0.76, 0.74, 0.72, 0.72, 0.72, 0.7, 0.72, 0.7, 0.7, 0.68, 0.68, 0.64, 0.64, 0.64, 0.62, 0.62, 0.66, 0.66, 0.64, 0.6, 0.62, 0.6], "best": [0.3452381, 0.38720238, 0.3970814, 0.37857142, 0.37079367, 0.3657509, 0.395846, 0.3702381, 0.3656682, 0.39631882, 0.368894, 0.37018934, 0.39700177, 0.37160623, 0.37394178, 0.39761904, 0.37480798, 0.39894986, 0.39982936, 0.40208232, 0.40374258, 0.40416303, 0.40466475, 0.50700986, 0.50764716, 0.5081563, 0.5093596, 0.38560143, 0.38017324, 0.40795755, 0.50224334, 0.40859127, 0.4091421, 0.5153491, 0.5172451, 0.51916975, 0.519885, 0.5205965, 0.52229697, 0.52354455, 0.5143772, 0.51524407, 0.52010906, 0.52668804, 0.41647232, 0.52836025, 0.5204025, 0.53066534, 0.5261236, 0.5325033], "duration": [6109, 7326, 6786, 5437, 7879, 7812, 6043, 5943, 6749, 6053, 5339, 6573, 6687, 7708, 6565, 6675, 6499, 6663, 6770, 7815, 6663, 6746, 6785, 6639, 7864, 6728, 6605, 6024, 7741, 5899, 6626, 7647, 6620, 6788, 6614, 6012, 6491, 6828, 7068, 6381, 6752, 6778, 6804, 6752, 6683, 7842, 6700, 6705, 6802, 7747]}