{"avg": [0.26000002, 0.2896931, 0.29708436, 0.2902818, 0.2913673, 0.29178455, 0.3098395, 0.31193653, 0.31597987, 0.30743423, 0.3054244, 0.29773766, 0.29436728, 0.3195543, 0.31230503, 0.28519714, 0.3001664, 0.3135967, 0.33415157, 0.34371287, 0.29788333, 0.32431665, 0.34551564, 0.31652662, 0.2967657, 0.33626083, 0.3096307, 0.30939034, 0.3375872, 0.3399851, 0.3193044, 0.34333825, 0.36105078, 0.34145007, 0.36611217, 0.34907138, 0.33921698, 0.3642585, 0.3412624, 0.3518331, 0.34056926, 0.35423836, 0.36596027, 0.37689355, 0.36203915, 0.3794908, 0.34914473, 0.3291271, 0.37006363, 0.3837835, 0.38510123, 0.31836948, 0.37915888, 0.35964945, 0.34654215, 0.3782725, 0.38334146, 0.4008699, 0.36823723, 0.39177838, 0.39952055, 0.42188272, 0.39008817, 0.37703377, 0.4545791, 0.3823224, 0.42243522, 0.39702743, 0.43305248, 0.41365084, 0.40630552, 0.438733, 0.46638706, 0.4283302, 0.42256072, 0.46788538, 0.44092023, 0.48147157, 0.4550145, 0.4717918, 0.48974022, 0.4681415, 0.48309734, 0.48740456, 0.47610596, 0.4999285, 0.47812665, 0.511874, 0.49500692, 0.50875556, 0.48553002, 0.46697444, 0.5067343, 0.5288184, 0.52386785, 0.5380837, 0.5022915, 0.53207153, 0.5336213, 0.5232695], "std": [0.085304126, 0.07409099, 0.04982655, 0.04843015, 0.07330871, 0.07210073, 0.054814514, 0.06677499, 0.047001917, 0.054831967, 0.043155413, 0.056739368, 0.06763861, 0.06410673, 0.056364056, 0.07287775, 0.07072914, 0.08217352, 0.05815847, 0.03417949, 0.06909897, 0.08018914, 0.044956356, 0.07107392, 0.08160264, 0.0660297, 0.045498863, 0.04122696, 0.06315283, 0.053522322, 0.06830825, 0.06747549, 0.04887269, 0.06137369, 0.03503876, 0.046144195, 0.073352195, 0.04540369, 0.04894018, 0.04873374, 0.0814614, 0.08472288, 0.055778276, 0.047809687, 0.0753947, 0.04781305, 0.08295139, 0.07655377, 0.06505832, 0.056713525, 0.05655867, 0.088658676, 0.06145568, 0.06745679, 0.091679506, 0.07144084, 0.07672487, 0.06574654, 0.061829843, 0.092196636, 0.088203624, 0.073633276, 0.102295645, 0.085210696, 0.049019083, 0.105752684, 0.06921772, 0.0926145, 0.07652835, 0.0884887, 0.09897757, 0.07583272, 0.05455717, 0.09228626, 0.09957704, 0.066832304, 0.0933522, 0.06060352, 0.08386123, 0.07483987, 0.07143078, 0.08724892, 0.080488235, 0.08688553, 0.085681565, 0.08969611, 0.106337555, 0.056841977, 0.08797948, 0.085032456, 0.09957419, 0.110681966, 0.071276255, 0.06520073, 0.06611845, 0.026252992, 0.11151822, 0.070502475, 0.06581165, 0.09366548], "var": [0.98, 0.98, 0.98, 0.96, 0.94, 0.94, 0.92, 0.92, 0.9, 0.9, 0.86, 0.84, 0.84, 0.84, 0.82, 0.8, 0.8, 0.78, 0.78, 0.78, 0.78, 0.8, 0.8, 0.78, 0.76, 0.76, 0.76, 0.76, 0.74, 0.74, 0.74, 0.72, 0.76, 0.74, 0.74, 0.76, 0.74, 0.76, 0.76, 0.74, 0.72, 0.72, 0.7, 0.7, 0.7, 0.72, 0.7, 0.68, 0.66, 0.66, 0.66, 0.66, 0.64, 0.64, 0.66, 0.66, 0.64, 0.62, 0.62, 0.62, 0.62, 0.6, 0.6, 0.56, 0.58, 0.54, 0.56, 0.52, 0.5, 0.48, 0.44, 0.44, 0.42, 0.4, 0.38, 0.36, 0.36, 0.34, 0.32, 0.3, 0.3, 0.28, 0.28, 0.26, 0.26, 0.28, 0.28, 0.24, 0.24, 0.24, 0.24, 0.24, 0.24, 0.24, 0.24, 0.24, 0.22, 0.22, 0.2, 0.2], "best": [0.4333333, 0.46222222, 0.36396822, 0.3578231, 0.45502642, 0.45609757, 0.40081772, 0.45652172, 0.40556777, 0.4046967, 0.39130434, 0.40519485, 0.3631393, 0.45707318, 0.4058393, 0.40502647, 0.4051224, 0.40569988, 0.40807307, 0.40809202, 0.36625457, 0.45965445, 0.45984402, 0.36825395, 0.40832368, 0.4079654, 0.4063888, 0.36987552, 0.40774223, 0.46056545, 0.40887263, 0.46075597, 0.46235916, 0.46344915, 0.41234705, 0.41379914, 0.41505542, 0.46839377, 0.4166387, 0.41701797, 0.46927166, 0.47029546, 0.47132722, 0.47317553, 0.52739304, 0.47538897, 0.47628292, 0.47700992, 0.47732094, 0.47870126, 0.48033968, 0.48160633, 0.48243463, 0.48381293, 0.4839026, 0.48464504, 0.4869466, 0.48774672, 0.4888401, 0.49046075, 0.54376394, 0.49334726, 0.49579486, 0.49738166, 0.5498652, 0.55208683, 0.5006119, 0.502701, 0.5039712, 0.50527287, 0.5074749, 0.50846845, 0.51060873, 0.51310045, 0.51383376, 0.51578647, 0.518024, 0.51980114, 0.5222222, 0.5736346, 0.57584953, 0.57782644, 0.5794513, 0.5812698, 0.53388804, 0.58481675, 0.5865032, 0.53874665, 0.5898116, 0.5914565, 0.54473436, 0.5463879, 0.5961898, 0.5974629, 0.59943444, 0.5526609, 0.60252434, 0.60373527, 0.60548097, 0.5596244], "duration": [42953, 39731, 52631, 42892, 49827, 47768, 39065, 38657, 44952, 39204, 38734, 38089, 38042, 39044, 39727, 38640, 38976, 46354, 39651, 46307, 38899, 45907, 39335, 39484, 38746, 39932, 38648, 45255, 40016, 52903, 46093, 40029, 40356, 39759, 39758, 39818, 39980, 39864, 39143, 39908, 39588, 39156, 53355, 39553, 40283, 40105, 53591, 39019, 47461, 40289, 40161, 39257, 53328, 39277, 39513, 39938, 40071, 39895, 39959, 39641, 40320, 53714, 40333, 40233, 40614, 39485, 47072, 39399, 40335, 47044, 40263, 47306, 47122, 40443, 40389, 40325, 40655, 47504, 40469, 47271, 40534, 40519, 40335, 40486, 40613, 40525, 40514, 40322, 40498, 47222, 40392, 40224, 40249, 40496, 40363, 40539, 40378, 40326, 47206, 40491]}