{"avg": [0.26031747, 0.28715342, 0.29307437, 0.29300287, 0.29537734, 0.29346523, 0.30663276, 0.320574, 0.30834097, 0.32232428, 0.31316, 0.29461142, 0.32470894, 0.32884076, 0.30696604, 0.32078367, 0.3389698, 0.32956362, 0.35763535, 0.34887978, 0.3185096, 0.3339227, 0.33153203, 0.3251215, 0.34732383, 0.31576264, 0.3490566, 0.33912212, 0.36718825, 0.3597564, 0.34073183, 0.3327771, 0.34400144, 0.33793646, 0.3486821, 0.36338913, 0.3648016, 0.33060452, 0.38748404, 0.3328068, 0.32686058, 0.39496323, 0.3764089, 0.40111133, 0.37870175, 0.35490385, 0.3489805, 0.35270634, 0.41295874, 0.4007045, 0.38987324, 0.4219469, 0.38979468, 0.37078875, 0.42085013, 0.4158832, 0.44731107, 0.43058094, 0.4317903, 0.40763077, 0.42820495, 0.4139978, 0.41803372, 0.4421974, 0.42580953, 0.44940996, 0.45507476, 0.4168479, 0.41646874, 0.4116533, 0.43002263, 0.43486574, 0.4641396, 0.47930437, 0.4669868, 0.45815077, 0.4448403, 0.46798325, 0.4357758, 0.4398189, 0.4631146, 0.44801673, 0.46854678, 0.45250568, 0.5021195, 0.49157158, 0.46679482, 0.50413775, 0.4762857, 0.49172032, 0.4896079, 0.4893146, 0.4971407, 0.52726394, 0.4687397, 0.5053112, 0.5169441, 0.47018313, 0.5362293, 0.51348627, 0.43325353, 0.48896116, 0.4804638, 0.5097859, 0.5684563, 0.5644025, 0.54406494, 0.5140399, 0.554854, 0.53907484, 0.5478769, 0.547264, 0.54614675, 0.56363684, 0.55451155, 0.5376, 0.5637412, 0.56738997, 0.5662278, 0.54914165, 0.5685154, 0.5901259, 0.54443944, 0.53278196, 0.5051295, 0.5537456, 0.5733687, 0.5436863, 0.49612382, 0.5231747, 0.5373838, 0.5611816, 0.50624496, 0.5494752, 0.55066526, 0.52446747, 0.56751746, 0.5528477, 0.5152927, 0.5593425, 0.53385186, 0.56208867, 0.60530263, 0.56787354, 0.5492148, 0.4873515, 0.57174635, 0.51020753, 0.57280296, 0.55638826], "std": [0.08539034, 0.07502672, 0.047121577, 0.04365753, 0.0705064, 0.07818127, 0.05051663, 0.0491792, 0.08057846, 0.06927916, 0.07414443, 0.06441693, 0.04230329, 0.06397372, 0.07497275, 0.056210987, 0.03925798, 0.0515599, 0.06417026, 0.0754196, 0.060075432, 0.0719589, 0.06792643, 0.07357819, 0.07857548, 0.05610544, 0.055429377, 0.078237236, 0.07925502, 0.058244646, 0.07551173, 0.07461571, 0.076652326, 0.07954981, 0.0981158, 0.07874961, 0.096419185, 0.09448893, 0.079326324, 0.080231406, 0.06633882, 0.089142114, 0.09996474, 0.07566281, 0.07905449, 0.09583959, 0.10352573, 0.085888006, 0.0741573, 0.112165615, 0.08933077, 0.09095649, 0.08796007, 0.08239604, 0.090505525, 0.09582019, 0.05783253, 0.075366214, 0.08247866, 0.09600478, 0.09142825, 0.102195844, 0.092275426, 0.08696424, 0.09243277, 0.06768578, 0.08366381, 0.101520985, 0.10422921, 0.09728797, 0.08954855, 0.094155274, 0.08848862, 0.08148303, 0.08609185, 0.09948885, 0.0968536, 0.09295838, 0.108042315, 0.09606085, 0.10576281, 0.11265077, 0.1040204, 0.114676125, 0.07829498, 0.086387925, 0.11402714, 0.088831425, 0.09199955, 0.10115901, 0.101440445, 0.09814422, 0.093899585, 0.059402317, 0.12266773, 0.097172566, 0.089488745, 0.115270175, 0.06636671, 0.088539496, 0.121272646, 0.112343885, 0.12851846, 0.114577286, 5.9604645e-08, 0.012890297, 0.073852494, 0.10501383, 0.06648989, 0.08804938, 0.07503197, 0.0820817, 0.06999118, 0.06862847, 0.07777945, 0.0999541, 0.067429096, 0.06078145, 0.07024663, 0.095879994, 0.07286742, 0.0057755345, 0.10594333, 0.11082602, 0.1308033, 0.10080121, 0.069927305, 0.1075105, 0.13740236, 0.12592517, 0.11983582, 0.09601415, 0.13568589, 0.107188836, 0.10866883, 0.12561987, 0.095265314, 0.111816235, 0.13506089, 0.106440365, 0.12556484, 0.100011416, 0.009502621, 0.10175793, 0.12019359, 0.14606388, 0.09949053, 0.13324998, 0.09972667, 0.11696119], "var": [0.98, 0.98, 0.98, 0.96, 0.94, 0.94, 0.92, 0.92, 0.92, 0.9, 0.9, 0.88, 0.88, 0.86, 0.84, 0.82, 0.8, 0.8, 0.82, 0.8, 0.78, 0.8, 0.78, 0.78, 0.78, 0.78, 0.78, 0.78, 0.76, 0.78, 0.78, 0.78, 0.76, 0.76, 0.74, 0.74, 0.72, 0.7, 0.7, 0.7, 0.66, 0.66, 0.64, 0.64, 0.64, 0.64, 0.6, 0.56, 0.52, 0.52, 0.5, 0.48, 0.5, 0.48, 0.46, 0.44, 0.44, 0.44, 0.48, 0.44, 0.4, 0.38, 0.36, 0.34, 0.34, 0.34, 0.3, 0.28, 0.28, 0.28, 0.28, 0.28, 0.28, 0.28, 0.28, 0.3, 0.26, 0.24, 0.22, 0.22, 0.22, 0.2, 0.2, 0.2, 0.2, 0.18, 0.18, 0.18, 0.18, 0.18, 0.18, 0.16, 0.16, 0.14, 0.14, 0.14, 0.14, 0.14, 0.14, 0.14, 0.14, 0.18, 0.18, 0.14, 0.14, 0.14, 0.14, 0.14, 0.14, 0.12, 0.12, 0.12, 0.1, 0.1, 0.1, 0.1, 0.1, 0.1, 0.1, 0.1, 0.1, 0.1, 0.1, 0.1, 0.08, 0.08, 0.08, 0.08, 0.08, 0.08, 0.08, 0.08, 0.08, 0.08, 0.08, 0.08, 0.08, 0.08, 0.08, 0.08, 0.06, 0.04, 0.04, 0.04, 0.04, 0.04, 0.04, 0.04, 0.04, 0.04], "best": [0.4333333, 0.46222222, 0.36396822, 0.3578231, 0.45502642, 0.45609757, 0.40081772, 0.40355125, 0.45456788, 0.45599997, 0.45650408, 0.36771587, 0.38826704, 0.4557692, 0.45688888, 0.4576011, 0.40798652, 0.4113337, 0.4581585, 0.46218577, 0.4633437, 0.46398807, 0.46572235, 0.46684682, 0.4677893, 0.42765474, 0.46866503, 0.4703448, 0.47170368, 0.4739224, 0.4748782, 0.47532114, 0.47633985, 0.4772327, 0.47743118, 0.47886905, 0.48032406, 0.4820079, 0.48248494, 0.43031135, 0.42940474, 0.48346016, 0.48542285, 0.48676395, 0.4887619, 0.48966154, 0.490554, 0.49122104, 0.49167755, 0.49359795, 0.49529806, 0.4962505, 0.49879077, 0.49964324, 0.4999611, 0.50179666, 0.503787, 0.50542635, 0.5070366, 0.50867236, 0.5100245, 0.51161665, 0.513042, 0.51443774, 0.5160445, 0.51698965, 0.51847965, 0.5198869, 0.5212121, 0.5221104, 0.52288467, 0.5236396, 0.52502936, 0.52663183, 0.52890223, 0.5305673, 0.5322482, 0.53341556, 0.5347414, 0.53582126, 0.53648144, 0.5379085, 0.5392156, 0.5406728, 0.5418493, 0.543764, 0.5452486, 0.54664725, 0.54846305, 0.5495489, 0.55097485, 0.5523245, 0.55353117, 0.5549568, 0.55684423, 0.55778813, 0.559225, 0.56067145, 0.5616645, 0.56342083, 0.56491226, 0.56534916, 0.5662523, 0.56711847, 0.56845635, 0.5702539, 0.5720958, 0.5733967, 0.57441634, 0.5759378, 0.5771484, 0.5784145, 0.5799584, 0.5813566, 0.5828226, 0.5842618, 0.5854098, 0.58682543, 0.58815527, 0.58946246, 0.59057164, 0.59172773, 0.592966, 0.593736, 0.59446436, 0.5950008, 0.59593004, 0.5971486, 0.59819955, 0.59854, 0.59923536, 0.59993535, 0.60080165, 0.6012729, 0.60217696, 0.60283786, 0.60343915, 0.6044907, 0.6052978, 0.6057885, 0.60650665, 0.6071578, 0.60784227, 0.6088987, 0.6097167, 0.6103775, 0.6104683, 0.611327, 0.6116116, 0.6124503], "duration": [43269, 40052, 52901, 43004, 49894, 43396, 45667, 38719, 39087, 39611, 38962, 38922, 41918, 38913, 45778, 39648, 45636, 45390, 46817, 38918, 45321, 40465, 52247, 39461, 38983, 39058, 46352, 39877, 39190, 39625, 40099, 39867, 53259, 38942, 39787, 39759, 39459, 45759, 40416, 39145, 38859, 40078, 40420, 40496, 52719, 38988, 46087, 39342, 40314, 40065, 40399, 39888, 39785, 46308, 40093, 40262, 40275, 39555, 40105, 45980, 39862, 46515, 40327, 47222, 40474, 40054, 40361, 40351, 39683, 40459, 40206, 40504, 40518, 47823, 47172, 40269, 47104, 40567, 40392, 40108, 40304, 40453, 40383, 40429, 40632, 46603, 40646, 40744, 40709, 47282, 40512, 40459, 47166, 40657, 40600, 47406, 40916, 40671, 40951, 40670, 40408, 40079, 40667, 40669, 47523, 40723, 40742, 40711, 47528, 40711, 40644, 47366, 40637, 40633, 47503, 40741, 40693, 47378, 40475, 40620, 40546, 40734, 40619, 40481, 40524, 40719, 40597, 47388, 47083, 40597, 40517, 40605, 47228, 47346, 40441, 40445, 47289, 40379, 39650, 40662, 47522, 40527, 40621, 40805, 40577, 40467, 40569, 45777, 47541, 40667]}