{"avg": [0.26984125, 0.24425395, 0.2283069, 0.2443235, 0.27575812, 0.22735813, 0.2391335, 0.26193914, 0.2902259, 0.34064326, 0.31862506, 0.25012672, 0.38603866, 0.3271263, 0.33908427, 0.23695342, 0.33817765, 0.31330407, 0.364599, 0.33881384, 0.4014258, 0.3841821, 0.39922163, 0.3917442, 0.44684127, 0.46486995, 0.4313416, 0.40860406, 0.40426433, 0.43914032, 0.41596168, 0.47230428, 0.43512768, 0.41171113, 0.42328665, 0.4469347, 0.44291365, 0.42537245, 0.455824, 0.42436042, 0.42450896, 0.42854977, 0.4896801, 0.45940515, 0.4232764, 0.49027732, 0.49272868, 0.4603501, 0.47213215, 0.4058749], "std": [0.19258097, 0.19994761, 0.21405588, 0.21277012, 0.2078345, 0.21405168, 0.21235652, 0.20448393, 0.19568169, 0.18438226, 0.19503292, 0.21214068, 0.14957163, 0.19071542, 0.18973593, 0.22532034, 0.18807542, 0.21094535, 0.1777274, 0.18335423, 0.15028441, 0.15523735, 0.15970038, 0.15712558, 0.041396666, 0.028639814, 0.1208211, 0.16983442, 0.1618072, 0.12185035, 0.17377587, 0.038824417, 0.11500183, 0.16298394, 0.15445668, 0.12658347, 0.1134447, 0.15942821, 0.1261106, 0.16055661, 0.1535382, 0.15994373, 0.03690957, 0.12502986, 0.16334328, 0.043577764, 0.041546926, 0.12070149, 0.12945424, 0.1888654], "var": [0.98, 0.98, 0.98, 0.96, 0.94, 0.92, 0.88, 0.88, 0.86, 0.82, 0.8, 0.78, 0.76, 0.78, 0.76, 0.74, 0.76, 0.78, 0.78, 0.76, 0.78, 0.78, 0.74, 0.74, 0.74, 0.72, 0.68, 0.68, 0.66, 0.62, 0.6, 0.58, 0.56, 0.54, 0.54, 0.56, 0.54, 0.54, 0.52, 0.52, 0.5, 0.48, 0.46, 0.48, 0.46, 0.46, 0.42, 0.4, 0.38, 0.42], "best": [0.47619048, 0.4396825, 0.44857144, 0.48063493, 0.49087974, 0.49217224, 0.49399352, 0.49574175, 0.4959127, 0.49824563, 0.5006938, 0.4588927, 0.50090957, 0.49027982, 0.50365084, 0.505189, 0.50632936, 0.5063618, 0.5072682, 0.50739616, 0.50741273, 0.50910324, 0.5097246, 0.50760263, 0.5114575, 0.51164025, 0.5124849, 0.51563627, 0.5157492, 0.5178952, 0.5189952, 0.52177453, 0.5231194, 0.5241905, 0.5249284, 0.5267846, 0.52917105, 0.5294885, 0.5313077, 0.5322663, 0.53385985, 0.53495824, 0.536293, 0.537995, 0.5387885, 0.5394568, 0.54060364, 0.5416123, 0.54209137, 0.5434753], "duration": [6955, 2052, 1928, 11660, 11662, 6881, 11780, 6735, 11716, 12021, 11732, 1957, 11686, 11812, 16562, 11670, 11736, 16519, 11759, 6849, 21813, 12129, 16677, 12110, 16601, 16706, 11691, 16635, 16568, 21491, 26291, 16693, 16766, 16569, 26811, 21484, 12048, 26433, 21522, 21558, 16999, 26956, 26314, 16691, 16666, 21499, 21486, 26724, 31038, 11607]}