{"avg": [0.2500741, 0.29629633, 0.2875817, 0.2581155, 0.30162218, 0.28067234, 0.27996418, 0.28296432, 0.31198817, 0.2879804, 0.2969672, 0.2743931, 0.28671548, 0.2856219, 0.26112795, 0.2977829, 0.3123057, 0.31769255, 0.31873018, 0.30725136, 0.3294224, 0.3197157, 0.32166523, 0.3231369, 0.3288339, 0.34479955, 0.32142493, 0.3168298, 0.33620736, 0.31241575, 0.3151331, 0.33208826, 0.3329981, 0.3366054, 0.3113902, 0.32977855, 0.31989795, 0.3259287, 0.31582466, 0.349012, 0.33492064, 0.36246932, 0.33750024, 0.37566042, 0.36061087, 0.3520512, 0.37221763, 0.35149407, 0.3329959, 0.36694565], "std": [0.08514279, 0.074967936, 0.0559038, 0.06772029, 0.06611823, 0.06685188, 0.04945082, 0.050880246, 0.055560462, 0.045064267, 0.06638947, 0.06858402, 0.035374388, 0.057945576, 0.06862668, 0.030373294, 0.04891298, 0.04329135, 0.031302325, 0.044958122, 0.037409633, 0.042016536, 0.028369362, 0.038392864, 0.042812746, 0.036506683, 0.034741756, 0.04926337, 0.04483246, 0.042719524, 0.042168804, 0.051216688, 0.0419305, 0.0386084, 0.08160883, 0.064877614, 0.058857072, 0.07116222, 0.06626137, 0.08373851, 0.05099308, 0.07677778, 0.089137755, 0.04384686, 0.06000694, 0.060688835, 0.05516299, 0.05955736, 0.046221513, 0.065643035], "var": [0.98, 0.98, 0.98, 0.98, 0.98, 0.98, 0.98, 0.98, 0.98, 0.96, 0.94, 0.92, 0.92, 0.92, 0.92, 0.9, 0.88, 0.88, 0.86, 0.86, 0.84, 0.82, 0.8, 0.8, 0.78, 0.78, 0.78, 0.78, 0.78, 0.78, 0.76, 0.74, 0.7, 0.72, 0.72, 0.7, 0.68, 0.7, 0.68, 0.66, 0.64, 0.62, 0.62, 0.62, 0.58, 0.58, 0.58, 0.58, 0.6, 0.6], "best": [0.42444444, 0.45333335, 0.3677778, 0.35115838, 0.44575593, 0.44752136, 0.37770608, 0.35329255, 0.44621864, 0.38193855, 0.35189962, 0.35599208, 0.3491892, 0.3823549, 0.352299, 0.3506782, 0.3825896, 0.3831313, 0.3941667, 0.38144895, 0.38457227, 0.36042812, 0.35932365, 0.38525477, 0.38587305, 0.44225034, 0.38350368, 0.3871646, 0.44338384, 0.3670614, 0.37114397, 0.44412896, 0.38671085, 0.3871368, 0.44512978, 0.4502158, 0.37171575, 0.44687703, 0.4473159, 0.45251176, 0.41587305, 0.44917396, 0.4508396, 0.45581117, 0.45691195, 0.45354643, 0.4542835, 0.45534536, 0.39811292, 0.4596368], "duration": [43287, 40071, 45215, 43826, 46585, 39218, 39534, 38844, 51953, 40315, 38937, 39567, 51780, 45278, 38623, 38961, 39489, 39437, 39547, 45672, 39506, 39388, 38827, 39630, 39758, 40000, 38640, 45732, 46563, 46081, 39246, 39176, 39518, 39128, 39449, 39625, 38859, 46612, 39424, 40108, 39305, 46356, 38569, 40151, 39802, 46354, 46404, 40097, 39926, 40085]}