{"avg": [0.25952384, 0.2596561, 0.31792328, 0.25582013, 0.258168, 0.26616403, 0.30222222, 0.24901278, 0.29379433, 0.29942113, 0.25882939, 0.2794547, 0.2670168, 0.2957958, 0.2722917, 0.2560262, 0.25335577, 0.2558957, 0.31291208, 0.24763347, 0.2464149, 0.28031483, 0.30960566, 0.26353383, 0.28876898, 0.284948, 0.25059602, 0.25702587, 0.27598473, 0.27374336, 0.29295292, 0.25205293, 0.23830545, 0.2594964, 0.29540816, 0.2910566, 0.22391689, 0.28444445, 0.22747196, 0.27056053, 0.25516906, 0.25716642, 0.25901878, 0.20339863, 0.29859397, 0.26183516, 0.26601678, 0.24364786, 0.26424548, 0.2625971], "std": [0.03560831, 0.10886468, 0.027085476, 0.05002565, 0.036409933, 0.049067173, 0.061396033, 0.0810906, 0.06494499, 0.034558676, 0.047333494, 0.05987493, 0.052665167, 0.035735264, 0.044442017, 0.05220026, 0.09546594, 0.04123635, 0.044089645, 0.047033396, 0.07724284, 0.05374064, 0.0398533, 0.062142886, 0.039888423, 0.03302384, 0.047087915, 0.071016565, 0.041257527, 0.040505785, 0.041793562, 0.045437332, 0.03100207, 0.06510402, 0.068620965, 0.049040977, 0.05346549, 0.050931647, 0.038370457, 0.056641355, 0.027220342, 0.0712828, 0.07651515, 0.0774801, 0.046560206, 0.062473547, 0.059459977, 0.05858744, 0.03289723, 0.044601228], "var": [1.0, 1.0, 1.0, 1.0, 1.0, 1.0, 1.0, 1.0, 1.0, 1.0, 1.0, 1.0, 1.0, 1.0, 1.0, 1.0, 1.0, 1.0, 1.0, 1.0, 1.0, 1.0, 1.0, 1.0, 1.0, 1.0, 1.0, 1.0, 1.0, 1.0, 1.0, 1.0, 1.0, 1.0, 1.0, 1.0, 1.0, 1.0, 1.0, 1.0, 1.0, 1.0, 1.0, 1.0, 1.0, 1.0, 1.0, 1.0, 1.0, 1.0], "best": [0.30476192, 0.45555556, 0.356746, 0.33201057, 0.3267857, 0.34079364, 0.38531744, 0.38908246, 0.3556231, 0.34509805, 0.30059525, 0.3504608, 0.3541316, 0.34845558, 0.3394048, 0.31755263, 0.44197723, 0.30986395, 0.382326, 0.30199137, 0.34195402, 0.34426227, 0.36469492, 0.39749375, 0.34272012, 0.3382266, 0.30605486, 0.37970087, 0.31399179, 0.32996032, 0.35262725, 0.30746034, 0.28754184, 0.3584393, 0.35221088, 0.39438522, 0.2989188, 0.35365525, 0.30056795, 0.37872025, 0.30192548, 0.35990718, 0.3443526, 0.30351385, 0.39027, 0.3502747, 0.33036837, 0.34551045, 0.31526917, 0.30194193], "duration": [12562, 12748, 13186, 13548, 12791, 12541, 13451, 12820, 12562, 13096, 12526, 12634, 17381, 13216, 13430, 12556, 14067, 12107, 12766, 12707, 12166, 12768, 12578, 9315, 8512, 13383, 12050, 12982, 12507, 12044, 12456, 12106, 12906, 12798, 12774, 12729, 12478, 13116, 7601, 12526, 11963, 12696, 12724, 12507, 12631, 12043, 12643, 9301, 12553, 13553]}