{"avg": [0.49533334, 0.49466679, 0.4953334, 0.49466676, 0.49200007, 0.49733344, 0.4953335, 0.49133345, 0.4960001, 0.49600017, 0.4960001, 0.4960001, 0.4980001, 0.49000016, 0.49933344, 0.49733347, 0.49400005, 0.49200013, 0.48800004, 0.49000004, 0.48866674, 0.49066675, 0.4893334, 0.4873334, 0.49000004], "std": [0.13383403, 0.13603267, 0.13283408, 0.13355976, 0.13687949, 0.13512798, 0.136302, 0.13561541, 0.13946567, 0.13898683, 0.13656749, 0.13802418, 0.13782595, 0.13503088, 0.13735436, 0.13901882, 0.13770984, 0.14072193, 0.13852558, 0.13650396, 0.13882205, 0.14205474, 0.13718435, 0.13725728, 0.1398809], "var": [1.0, 0.9866667, 0.9866667, 0.98, 0.97333336, 0.97333336, 0.96, 0.9533333, 0.96, 0.94666666, 0.93333334, 0.9266667, 0.9266667, 0.9266667, 0.92, 0.92, 0.91333336, 0.91333336, 0.91333336, 0.9066667, 0.9, 0.88666666, 0.88, 0.8666667, 0.85333335], "best": [0.9, 0.9, 0.9, 0.9, 0.9, 0.9, 0.9, 0.9, 0.9, 0.9, 0.9, 0.9, 0.9, 0.8, 0.9, 0.9, 0.9, 0.9, 0.9, 0.9, 0.9, 0.9, 0.9, 0.8, 0.9], "duration": [286999, 287420, 290513, 289542, 289247, 288560, 288270, 288257, 289250, 289410, 290688, 288603, 290295, 290429, 290720, 289423, 288404, 288074, 287913, 287427, 286691, 288394, 290424, 291677, 289925]}