{"avg": [0.25952384, 0.2596561, 0.31157407, 0.2478836, 0.24546959, 0.25481483, 0.28468254, 0.2677313, 0.3117781, 0.23557425, 0.25099206, 0.2625064, 0.2635971, 0.27754185, 0.29603174, 0.27915284, 0.26018807, 0.26247165, 0.28523353, 0.26767677, 0.2625821, 0.2880042, 0.2960491, 0.25409356, 0.24221766, 0.27489877, 0.2515673, 0.27333638, 0.27378014, 0.24494047, 0.26965424, 0.31770372, 0.2713685, 0.22358516, 0.2693197, 0.28610125, 0.23229814, 0.30787838, 0.22762488, 0.26192954, 0.27491376, 0.26556697, 0.27829596, 0.21217358, 0.28578615, 0.26386815, 0.24508834, 0.24359865, 0.2727542, 0.2720027], "std": [0.03560831, 0.10886468, 0.035046972, 0.04320168, 0.03274219, 0.061758522, 0.08243993, 0.046573907, 0.036607966, 0.041303545, 0.051198173, 0.08365892, 0.04525557, 0.041668817, 0.04001158, 0.06305282, 0.062174816, 0.06057245, 0.027351532, 0.043811966, 0.033512544, 0.04931421, 0.07871993, 0.06404843, 0.056433126, 0.049436294, 0.055140767, 0.039791025, 0.043314405, 0.028188042, 0.058033362, 0.020126661, 0.024699356, 0.08532734, 0.05535735, 0.057435688, 0.044232298, 0.032915242, 0.038405865, 0.06410625, 0.03188897, 0.0788785, 0.086369775, 0.08982744, 0.038871657, 0.04535982, 0.055119783, 0.05841132, 0.03192889, 0.05498325], "var": [1.0, 1.0, 1.0, 1.0, 1.0, 1.0, 1.0, 1.0, 1.0, 1.0, 1.0, 1.0, 1.0, 1.0, 1.0, 1.0, 1.0, 1.0, 1.0, 1.0, 1.0, 1.0, 1.0, 1.0, 1.0, 1.0, 1.0, 1.0, 1.0, 1.0, 1.0, 1.0, 1.0, 1.0, 1.0, 1.0, 1.0, 1.0, 1.0, 1.0, 1.0, 1.0, 1.0, 1.0, 1.0, 1.0, 1.0, 1.0, 1.0, 1.0], "best": [0.30476192, 0.45555556, 0.356746, 0.32724866, 0.28869048, 0.34079364, 0.38439155, 0.35342622, 0.35278618, 0.30849674, 0.3154762, 0.39170507, 0.31603643, 0.31827542, 0.35017857, 0.3981174, 0.35553828, 0.3819728, 0.31790295, 0.34666666, 0.30139574, 0.35909447, 0.4423735, 0.3453634, 0.3372045, 0.35320196, 0.30372122, 0.31736878, 0.32892415, 0.2875, 0.34444442, 0.34333333, 0.3099099, 0.35826477, 0.35170066, 0.39388773, 0.2982747, 0.34202993, 0.30056795, 0.37886906, 0.32991716, 0.35934222, 0.36788666, 0.3532066, 0.35204348, 0.32029304, 0.30454627, 0.34514144, 0.31514838, 0.34003714], "duration": [12600, 12776, 13075, 12978, 12949, 10165, 13658, 12991, 13372, 12682, 12695, 12897, 17168, 12704, 12887, 12231, 12391, 13002, 13380, 12877, 12739, 12388, 17782, 12805, 8257, 12208, 12481, 13357, 12764, 12314, 13315, 13267, 13043, 12915, 13232, 12651, 12162, 12651, 7755, 12612, 12760, 12925, 13126, 12882, 12658, 12130, 12684, 9867, 12543, 13432]}