{"avg": [0.62833333, 0.63666666, 0.62833333, 0.63166666, 0.635, 0.6333333, 0.63666666, 0.62666667, 0.625, 0.63, 0.62666667, 0.62333333, 0.62833333, 0.625, 0.62833333, 0.615, 0.625, 0.61333334, 0.6166667, 0.62833333, 0.625, 0.62, 0.615, 0.61833334, 0.61333334], "std": [0.20152892, 0.19913708, 0.19522782, 0.19726598, 0.20130831, 0.20344265, 0.20327874, 0.19524916, 0.19311051, 0.20149447, 0.20765895, 0.19947156, 0.19522782, 0.20155644, 0.19945069, 0.19922778, 0.20155644, 0.19703363, 0.1950784, 0.20152892, 0.20155644, 0.19731535, 0.19922778, 0.19299537, 0.1991371], "var": [1.0, 0.99333334, 0.9866667, 0.97333336, 0.97333336, 0.96666664, 0.97333336, 0.96666664, 0.96, 0.96, 0.9533333, 0.94666666, 0.94, 0.93333334, 0.92, 0.9066667, 0.9066667, 0.91333336, 0.9, 0.8933333, 0.9, 0.88666666, 0.87333333, 0.8666667, 0.86], "best": [1.0, 1.0, 1.0, 1.0, 1.0, 1.0, 1.0, 1.0, 1.0, 1.0, 1.0, 1.0, 1.0, 1.0, 1.0, 1.0, 1.0, 1.0, 1.0, 1.0, 1.0, 1.0, 1.0, 1.0, 1.0], "duration": [234520, 234569, 235711, 233230, 237127, 232571, 233642, 233993, 231047, 231771, 231680, 231599, 232485, 233797, 230791, 230866, 226851, 227152, 232120, 230845, 227988, 226377, 227221, 229436, 226210]}