{"avg": [0.26031747, 0.30812696, 0.29011342, 0.2901515, 0.27163842, 0.28942248, 0.3002414, 0.30156705, 0.294292, 0.32268694, 0.2916427, 0.30441624, 0.30094033, 0.30378878, 0.29571372, 0.32024986, 0.312525, 0.2681843, 0.29914445, 0.30128798, 0.30397397, 0.29638505, 0.31705114, 0.3132088, 0.32768187, 0.3197936, 0.30378616, 0.31452492, 0.34529126, 0.3337407, 0.33610815, 0.31671545, 0.3303233, 0.3258746, 0.340856, 0.3372907, 0.33568, 0.3315683, 0.3413216, 0.32180315, 0.35529655, 0.3246224, 0.34784457, 0.34946492, 0.321483, 0.3562551, 0.37679115, 0.36101034, 0.37139955, 0.34096494], "std": [0.08539034, 0.05777426, 0.046436932, 0.0607121, 0.061776083, 0.06750575, 0.042963393, 0.04687598, 0.049698733, 0.060633548, 0.03877357, 0.049686607, 0.04774264, 0.042962424, 0.04840519, 0.05670517, 0.058690436, 0.061269708, 0.0498373, 0.053382497, 0.042821206, 0.06675714, 0.0641651, 0.07854128, 0.0790065, 0.040327493, 0.078470714, 0.06141673, 0.081023596, 0.048319153, 0.040302012, 0.04224859, 0.046068277, 0.076517545, 0.047673408, 0.055120144, 0.07995157, 0.045412388, 0.069372684, 0.068278804, 0.09399185, 0.07689126, 0.0563358, 0.05752765, 0.071769916, 0.056323502, 0.06039189, 0.055749584, 0.08786687, 0.0923243], "var": [0.98, 0.98, 0.98, 0.98, 0.98, 0.96, 0.94, 0.92, 0.92, 0.94, 0.94, 0.94, 0.92, 0.9, 0.88, 0.84, 0.84, 0.8, 0.78, 0.74, 0.72, 0.72, 0.7, 0.68, 0.7, 0.68, 0.68, 0.66, 0.64, 0.62, 0.62, 0.6, 0.6, 0.58, 0.58, 0.6, 0.6, 0.6, 0.6, 0.56, 0.54, 0.54, 0.54, 0.5, 0.5, 0.5, 0.48, 0.46, 0.44, 0.46], "best": [0.4333333, 0.46222222, 0.34857145, 0.3587662, 0.34439063, 0.45090088, 0.35989416, 0.38683736, 0.36345336, 0.44844124, 0.3597431, 0.38957453, 0.36278465, 0.39152908, 0.39245662, 0.3933126, 0.4477551, 0.34625593, 0.3951696, 0.39564028, 0.363431, 0.39510742, 0.44746587, 0.4480751, 0.4488708, 0.39788637, 0.39834842, 0.40030122, 0.44980392, 0.40340137, 0.40577862, 0.36365283, 0.4059914, 0.45062706, 0.45121327, 0.45187923, 0.45227817, 0.40943208, 0.45207977, 0.45232558, 0.45271942, 0.41309524, 0.45255622, 0.45266566, 0.4534113, 0.4537619, 0.45452845, 0.45500684, 0.45506272, 0.4559196], "duration": [46062, 39388, 39007, 47762, 38988, 39011, 39557, 39786, 38951, 38980, 42771, 39635, 38856, 39539, 39366, 52426, 39693, 38985, 45344, 39056, 39463, 38622, 39521, 39695, 39314, 39710, 39971, 39274, 40060, 46870, 39567, 39181, 45362, 39704, 45481, 39005, 39867, 39016, 45833, 39205, 39577, 52042, 39063, 39914, 39060, 39221, 40117, 39528, 46728, 46580]}