{"avg": [0.26031747, 0.2896931, 0.29708436, 0.29300287, 0.29537734, 0.29402545, 0.31064278, 0.320574, 0.31279385, 0.32797393, 0.30525985, 0.29482475, 0.32255527, 0.33182698, 0.30252457, 0.2951552, 0.28666544, 0.30948457, 0.3284513, 0.327966, 0.33540422, 0.33029726, 0.32402948, 0.31497082, 0.33649638], "std": [0.08539034, 0.07409099, 0.04982655, 0.04365753, 0.0705064, 0.073289685, 0.052799568, 0.0491792, 0.07701867, 0.06492253, 0.061064214, 0.049345482, 0.06377014, 0.052661356, 0.06692873, 0.06838422, 0.05045332, 0.042198826, 0.049419064, 0.07648272, 0.057546653, 0.048738435, 0.04123677, 0.057918508, 0.046921197], "var": [0.98, 0.98, 0.98, 0.96, 0.94, 0.94, 0.92, 0.92, 0.88, 0.88, 0.88, 0.86, 0.84, 0.82, 0.82, 0.8, 0.78, 0.78, 0.76, 0.74, 0.76, 0.74, 0.74, 0.74, 0.72], "best": [0.4333333, 0.46222222, 0.36396822, 0.3578231, 0.45502642, 0.45609757, 0.40081772, 0.40355125, 0.45456788, 0.4561403, 0.36167526, 0.36396825, 0.455102, 0.45581758, 0.39028823, 0.40622565, 0.36272892, 0.3657662, 0.45459768, 0.4552319, 0.45603713, 0.40994647, 0.41212, 0.38948786, 0.41247693], "duration": [43088, 39910, 52708, 42873, 49679, 47685, 45725, 38611, 44839, 39590, 37194, 38181, 45944, 39701, 44972, 38672, 38141, 45657, 45428, 40273, 46621, 39269, 39073, 39157, 38767]}