{"avg": [0.26503703, 0.29407406, 0.29947367, 0.29765147, 0.2960791, 0.2938387, 0.31139466, 0.32569072, 0.31757444, 0.3304229, 0.30793557, 0.30196756, 0.32523385, 0.3394857, 0.30496347, 0.29553622, 0.3035584, 0.31065735, 0.30969638, 0.31077412, 0.3305148, 0.3210535, 0.32223156, 0.3244819, 0.33800954, 0.3405903, 0.33694607, 0.32372406, 0.34053606, 0.34337744, 0.3690106, 0.35079482, 0.31510335, 0.33160374, 0.35462844, 0.33219144, 0.3514375, 0.3357853, 0.34929356, 0.37601066, 0.35277995, 0.34787375, 0.3743444, 0.36301228, 0.3523146, 0.39320526, 0.37750164, 0.38207904, 0.35607612, 0.38322136], "std": [0.08591111, 0.074500985, 0.049032696, 0.044405464, 0.07012772, 0.0748701, 0.05738473, 0.04962587, 0.07771078, 0.070199, 0.06262888, 0.045481727, 0.065791205, 0.059631687, 0.068673104, 0.07542019, 0.07812187, 0.06852389, 0.060312293, 0.07202976, 0.051767483, 0.072936095, 0.06554848, 0.044146307, 0.060977623, 0.044683166, 0.058492795, 0.06537279, 0.03703787, 0.06564764, 0.044091914, 0.06472165, 0.07016805, 0.07697934, 0.065986834, 0.05233337, 0.06737591, 0.066993564, 0.069515, 0.055938244, 0.06756913, 0.0716908, 0.06401628, 0.08131426, 0.06676857, 0.06704593, 0.053877342, 0.06098932, 0.08255357, 0.06544091], "var": [0.98, 0.98, 0.98, 0.96, 0.94, 0.94, 0.92, 0.92, 0.88, 0.88, 0.88, 0.86, 0.84, 0.82, 0.82, 0.8, 0.8, 0.8, 0.8, 0.78, 0.78, 0.74, 0.74, 0.74, 0.74, 0.72, 0.7, 0.7, 0.7, 0.7, 0.68, 0.68, 0.66, 0.66, 0.66, 0.66, 0.68, 0.64, 0.62, 0.64, 0.6, 0.6, 0.6, 0.6, 0.56, 0.56, 0.54, 0.52, 0.52, 0.52], "best": [0.43777776, 0.46666667, 0.36777773, 0.36385486, 0.45947087, 0.460542, 0.40653202, 0.40926555, 0.4590123, 0.46058476, 0.36738956, 0.3677778, 0.45954645, 0.46026203, 0.39663744, 0.41180333, 0.45944443, 0.46068683, 0.36942133, 0.41147542, 0.4609113, 0.41347393, 0.41714287, 0.41872847, 0.41886863, 0.4611111, 0.42192307, 0.43006995, 0.3859092, 0.4319475, 0.43340412, 0.46061727, 0.4294577, 0.43615386, 0.4612598, 0.43157327, 0.462121, 0.43393633, 0.4613267, 0.44137, 0.46280405, 0.4377676, 0.43920374, 0.46329096, 0.4638897, 0.46457514, 0.46525028, 0.46496484, 0.46575317, 0.45021534], "duration": [42978, 39753, 52503, 42889, 49807, 47837, 45480, 38272, 44671, 39564, 37186, 38008, 45548, 39332, 44384, 38422, 38392, 39590, 38793, 38321, 45642, 45585, 38950, 37959, 39365, 38956, 38810, 38297, 38538, 39293, 38935, 39421, 44246, 51588, 39051, 44739, 39284, 38521, 39176, 38893, 39214, 45256, 39163, 39447, 45718, 39577, 46213, 38894, 39412, 39289]}