{"avg": [0.04, 0.04, 0.04, 0.04, 0.04, 0.04, 0.033333335, 0.033333335, 0.033333335, 0.026666667, 0.026666667, 0.02, 0.02, 0.02, 0.02, 0.02, 0.026666667, 0.026666667, 0.026666667, 0.026666667, 0.026666667, 0.033333335, 0.04, 0.04, 0.04], "std": [0.19595912, 0.19595912, 0.19595912, 0.19595912, 0.19595912, 0.19595912, 0.17950542, 0.17950542, 0.17950542, 0.16110735, 0.16110735, 0.13999999, 0.13999999, 0.13999999, 0.13999999, 0.13999999, 0.16110724, 0.16110724, 0.16110724, 0.16110724, 0.16110724, 0.17950547, 0.19595918, 0.19595918, 0.19595918], "var": [0.99333334, 0.99333334, 0.98, 0.98, 0.97333336, 0.96666664, 0.96666664, 0.96, 0.9533333, 0.94, 0.93333334, 0.92, 0.9066667, 0.9066667, 0.9, 0.8933333, 0.8933333, 0.8933333, 0.8933333, 0.8933333, 0.8933333, 0.8933333, 0.8933333, 0.88666666, 0.88], "best": [1.0, 1.0, 1.0, 1.0, 1.0, 1.0, 1.0, 1.0, 1.0, 1.0, 1.0, 1.0, 1.0, 1.0, 1.0, 1.0, 1.0, 1.0, 1.0, 1.0, 1.0, 1.0, 1.0, 1.0, 1.0], "duration": [4902, 4868, 4826, 4899, 4852, 4875, 4829, 4868, 4840, 4845, 4894, 4849, 4943, 5032, 4804, 4917, 4882, 4942, 4838, 4867, 4862, 4854, 4840, 4876, 4857]}