{"avg": [0.25777778, 0.30402118, 0.304256, 0.29068324, 0.32575196, 0.3110501, 0.31469727, 0.33734825, 0.32808748, 0.33230624, 0.3238547, 0.36643776, 0.3169136, 0.37163723, 0.35128307, 0.33942366, 0.3666971, 0.36697528, 0.37127206, 0.3697208, 0.39457834, 0.38132387, 0.40395558, 0.42363432, 0.4267425, 0.43768236, 0.4267857, 0.43562934, 0.44087976, 0.45264515, 0.46054134, 0.46236387, 0.4674972, 0.45014855, 0.4888567, 0.4871476, 0.50273615, 0.51935154, 0.5413329, 0.48857197, 0.5336362, 0.51749575, 0.48806244, 0.5172404, 0.5385893, 0.5282367, 0.55851805, 0.54946506, 0.57194144, 0.5546008], "std": [0.08726752, 0.07649328, 0.06249321, 0.046729162, 0.062521555, 0.054502785, 0.06562455, 0.06123407, 0.071384676, 0.077255294, 0.0624436, 0.07716448, 0.060898926, 0.06325181, 0.053754658, 0.075246304, 0.059938192, 0.077934764, 0.080322735, 0.08352558, 0.07989515, 0.065914854, 0.07433857, 0.060911056, 0.070540614, 0.09028105, 0.06881841, 0.08312809, 0.07120767, 0.0727396, 0.08966822, 0.07493484, 0.08408602, 0.08373492, 0.0638842, 0.08056533, 0.06373573, 0.040560056, 0.016950581, 0.08269967, 0.049308635, 0.07469533, 0.08899208, 0.061582323, 0.047702678, 0.069694646, 0.02644091, 0.048280124, 0.016040789, 0.0506935], "var": [0.98, 0.98, 0.96, 0.94, 0.94, 0.96, 0.94, 0.92, 0.92, 0.88, 0.84, 0.82, 0.82, 0.8, 0.78, 0.76, 0.74, 0.72, 0.72, 0.7, 0.68, 0.7, 0.68, 0.68, 0.64, 0.62, 0.62, 0.62, 0.6, 0.6, 0.6, 0.6, 0.6, 0.56, 0.54, 0.52, 0.5, 0.5, 0.52, 0.5, 0.52, 0.52, 0.52, 0.5, 0.48, 0.48, 0.46, 0.48, 0.46, 0.44], "best": [0.4333333, 0.46222222, 0.44682539, 0.36231884, 0.46065572, 0.46367517, 0.46350875, 0.46695903, 0.4689567, 0.47256234, 0.4707317, 0.47582415, 0.47676766, 0.48106417, 0.48237035, 0.47883818, 0.48333332, 0.48148146, 0.48738423, 0.49009898, 0.49171904, 0.4956219, 0.4930476, 0.49616435, 0.50360596, 0.5076793, 0.5079481, 0.5156128, 0.5173423, 0.52224636, 0.5267224, 0.5302907, 0.5335958, 0.5369662, 0.5393321, 0.54276276, 0.54638696, 0.5498013, 0.5540287, 0.55821216, 0.56062037, 0.5640986, 0.56711775, 0.5687807, 0.57137364, 0.57405835, 0.5767356, 0.579892, 0.58247465, 0.5859603], "duration": [44583, 39937, 39794, 42979, 40100, 39079, 45173, 38966, 38529, 45949, 46419, 39789, 39993, 39689, 39829, 40122, 46070, 40134, 46718, 40024, 40418, 39666, 40441, 39869, 39911, 40359, 46925, 47174, 47167, 47092, 40508, 40536, 40664, 40272, 40591, 40489, 40558, 47409, 40661, 40669, 40690, 40647, 40723, 40710, 40733, 40495, 40611, 40853, 47877, 47754]}