{"avg": [0.96, 0.96, 0.96, 0.96, 0.96, 0.96, 0.96, 0.96, 0.96, 0.9533333, 0.9533333, 0.9533333, 0.9533333, 0.9533333, 0.9533333, 0.9533333, 0.94666666, 0.94666666, 0.94, 0.94, 0.93333334, 0.93333334, 0.93333334, 0.93333334, 0.9266667], "std": [0.19595918, 0.19595918, 0.19595918, 0.19595918, 0.19595918, 0.19595918, 0.19595918, 0.19595918, 0.19595918, 0.21092379, 0.21092379, 0.21092379, 0.21092379, 0.21092379, 0.21092379, 0.21092379, 0.22469716, 0.22469716, 0.23748697, 0.23748697, 0.24944393, 0.24944393, 0.24944393, 0.24944393, 0.26068285], "var": [0.9866667, 0.98, 0.98, 0.97333336, 0.96666664, 0.9533333, 0.9533333, 0.94666666, 0.93333334, 0.9266667, 0.91333336, 0.91333336, 0.91333336, 0.9066667, 0.9, 0.8933333, 0.88, 0.87333333, 0.86, 0.86, 0.86, 0.86, 0.85333335, 0.85333335, 0.85333335], "best": [1.0, 1.0, 1.0, 1.0, 1.0, 1.0, 1.0, 1.0, 1.0, 1.0, 1.0, 1.0, 1.0, 1.0, 1.0, 1.0, 1.0, 1.0, 1.0, 1.0, 1.0, 1.0, 1.0, 1.0, 1.0], "duration": [36902, 37056, 36428, 35808, 36870, 36867, 36913, 37662, 36105, 36318, 35590, 36918, 36919, 36799, 36797, 37671, 35856, 36206, 37721, 36956, 37461, 36545, 37052, 37177, 36603]}