{"avg": [0.2551111, 0.2817778, 0.29128653, 0.28749272, 0.2856697, 0.29044, 0.30472797, 0.31418747, 0.30685544, 0.32169276, 0.30206257, 0.28905094, 0.31162274, 0.32531905, 0.2966301, 0.29183292, 0.3027151, 0.3107071, 0.2967266, 0.31506678, 0.32588246, 0.29451475, 0.32565925, 0.3427474, 0.3017148, 0.36379626, 0.29655805, 0.28120282, 0.31988713, 0.32507086, 0.32531384, 0.33876842, 0.33513075, 0.31552085, 0.34589386, 0.3401458, 0.32689783, 0.34169742, 0.34806183, 0.34788305, 0.36297464, 0.36851865, 0.3546727, 0.36600122, 0.37159324, 0.40420702, 0.36728117, 0.3605681, 0.3995187, 0.380701], "std": [0.08346094, 0.07146762, 0.04884136, 0.042779334, 0.071743794, 0.07295674, 0.05181723, 0.048314735, 0.07534582, 0.06348273, 0.061330374, 0.044305388, 0.06306583, 0.058836944, 0.067226775, 0.068028, 0.0700201, 0.057023387, 0.056916486, 0.06314773, 0.050771255, 0.06772257, 0.065176435, 0.049754478, 0.078527525, 0.06365233, 0.06403704, 0.065727346, 0.046653442, 0.06077429, 0.03784277, 0.057766784, 0.06502723, 0.07174551, 0.06498131, 0.051996965, 0.047893465, 0.063854255, 0.072666824, 0.0808805, 0.058280278, 0.065161005, 0.077127665, 0.06600171, 0.05069938, 0.05150206, 0.07337389, 0.08463855, 0.078950346, 0.08037061], "var": [0.98, 0.98, 0.98, 0.96, 0.94, 0.94, 0.92, 0.92, 0.88, 0.88, 0.88, 0.86, 0.84, 0.82, 0.82, 0.8, 0.8, 0.8, 0.82, 0.8, 0.8, 0.78, 0.78, 0.76, 0.74, 0.72, 0.72, 0.74, 0.74, 0.74, 0.74, 0.74, 0.72, 0.72, 0.72, 0.68, 0.68, 0.66, 0.64, 0.62, 0.58, 0.58, 0.56, 0.58, 0.56, 0.54, 0.58, 0.58, 0.56, 0.54], "best": [0.42444444, 0.45333335, 0.35666665, 0.35052153, 0.44613755, 0.44720867, 0.3931987, 0.39593223, 0.44567898, 0.44725144, 0.35623828, 0.3512963, 0.44621313, 0.4469287, 0.38330412, 0.39847, 0.44623932, 0.44759595, 0.35627314, 0.3981421, 0.44768313, 0.4004418, 0.44791186, 0.501583, 0.44902885, 0.50267565, 0.3823247, 0.40619722, 0.40643942, 0.50341845, 0.40744027, 0.45029476, 0.5044752, 0.45189166, 0.5055929, 0.409752, 0.36655378, 0.505931, 0.506571, 0.50738114, 0.508154, 0.50883776, 0.5096873, 0.5103043, 0.5110379, 0.5117834, 0.51305556, 0.5137022, 0.51431936, 0.5161428], "duration": [43106, 39928, 52966, 42913, 49795, 47794, 45492, 38720, 44926, 39753, 37305, 38307, 45970, 39589, 44720, 38498, 38602, 39876, 38895, 38964, 45947, 39071, 39022, 39788, 38928, 39425, 38695, 37390, 45671, 44896, 38990, 39555, 38449, 38646, 39248, 50344, 39815, 46045, 39954, 39293, 39315, 46762, 37900, 39786, 39711, 40157, 39962, 39413, 40062, 39696]}