{"avg": [0.42857143, 0.47499993, 0.50363755, 0.40449736, 0.408168, 0.4489682, 0.44698414, 0.39213446, 0.49458793, 0.36323065, 0.43898806, 0.4371266, 0.50431836, 0.48600742, 0.4371065, 0.47639656, 0.37637165, 0.42071047, 0.46635127, 0.4299086, 0.43212917, 0.46550003, 0.5099231, 0.37808406, 0.46601763, 0.46537125, 0.48114365, 0.5106125, 0.41346756, 0.49467596, 0.43133095, 0.42425394, 0.3200944, 0.3857724, 0.36971658, 0.41342095, 0.4560118, 0.39508158, 0.37441143, 0.41599703, 0.38174716, 0.47952983, 0.41297498, 0.4130483, 0.4546369, 0.49028817, 0.39231506, 0.47835177, 0.45250747, 0.5067587], "std": [0.08145397, 0.082353435, 0.023020905, 0.087686196, 0.08192654, 0.08322842, 0.044338595, 0.08018169, 0.023311336, 0.07927643, 0.08342411, 0.10168336, 0.021877568, 0.07623786, 0.08469986, 0.057324566, 0.10866917, 0.09855667, 0.08081337, 0.07533769, 0.076815166, 0.07763788, 0.019070463, 0.08524933, 0.078927375, 0.07791946, 0.018842246, 0.017653493, 0.09259597, 0.024094798, 0.08688737, 0.08061304, 0.09853736, 0.109091505, 0.079266325, 0.0930185, 0.075899735, 0.08530244, 0.07123553, 0.0738216, 0.104493454, 0.01724414, 0.122713044, 0.07798486, 0.089863345, 0.02258468, 0.07596271, 0.06061254, 0.07805127, 0.020679105], "var": [1.0, 1.0, 1.0, 1.0, 1.0, 1.0, 1.0, 1.0, 1.0, 1.0, 1.0, 1.0, 1.0, 1.0, 1.0, 1.0, 1.0, 1.0, 1.0, 1.0, 1.0, 1.0, 1.0, 1.0, 1.0, 1.0, 1.0, 1.0, 1.0, 1.0, 1.0, 1.0, 1.0, 1.0, 1.0, 1.0, 1.0, 1.0, 1.0, 1.0, 1.0, 1.0, 1.0, 1.0, 1.0, 1.0, 1.0, 1.0, 1.0, 1.0], "best": [0.5079365, 0.5301587, 0.5218254, 0.5246031, 0.5162698, 0.51904756, 0.47420633, 0.47007355, 0.51786554, 0.5177404, 0.51924604, 0.52030206, 0.52166194, 0.5219005, 0.52043647, 0.52072716, 0.47372326, 0.5212018, 0.52235955, 0.5212698, 0.5205802, 0.5205048, 0.5222594, 0.51720965, 0.52208513, 0.5187411, 0.51875323, 0.5205433, 0.5188418, 0.5208333, 0.518856, 0.5192328, 0.4716688, 0.5198038, 0.52035147, 0.51921344, 0.5221072, 0.520456, 0.4728557, 0.5193948, 0.4727812, 0.5179647, 0.51923126, 0.51989883, 0.5185664, 0.51883394, 0.5213956, 0.5202366, 0.5191684, 0.5196386], "duration": [10843, 10828, 10809, 10739, 10781, 10779, 10744, 10678, 10752, 10755, 10768, 10753, 10769, 10803, 10765, 10767, 10756, 10799, 10829, 10753, 10766, 10805, 10824, 6302, 10782, 10758, 10706, 10738, 10726, 10727, 10768, 10809, 5841, 10768, 5790, 10737, 10800, 6244, 10766, 10780, 10708, 10741, 10749, 10779, 10828, 10770, 10873, 10762, 10767, 10767]}