{"avg": [0.08730158, 0.091005296, 0.0, 0.09007936, 0.089847885, 0.0, 0.0, 0.0886566, 0.0, 0.21383753, 0.0, 0.0, 0.08918067, 0.0, 0.089037694, 0.08917498, 0.0, 0.0, 0.0, 0.0, 0.0, 0.0, 0.10627232, 0.08926483, 0.0, 0.0, 0.106925264, 0.0, 0.08966785, 0.0, 0.0892173, 0.0, 0.0, 0.0, 0.107244894, 0.0, 0.0, 0.0, 0.0, 0.089335315, 0.08923396, 0.0, 0.0, 0.0, 0.0, 0.0, 0.0, 0.0, 0.08935472, 0.2670466], "std": [0.19521227, 0.20349403, 0.0, 0.20142356, 0.20090598, 0.0, 0.0, 0.19824217, 0.0, 0.26189846, 0.0, 0.0, 0.19941403, 0.0, 0.19909436, 0.1994013, 0.0, 0.0, 0.0, 0.0, 0.0, 0.0, 0.21254462, 0.19960223, 0.0, 0.0, 0.21385053, 0.0, 0.2005034, 0.0, 0.19949594, 0.0, 0.0, 0.0, 0.21448979, 0.0, 0.0, 0.0, 0.0, 0.19975983, 0.1995332, 0.0, 0.0, 0.0, 0.0, 0.0, 0.0, 0.0, 0.19980323, 0.26704663], "var": [1.0, 1.0, 1.0, 1.0, 1.0, 1.0, 1.0, 1.0, 1.0, 1.0, 1.0, 1.0, 1.0, 1.0, 1.0, 1.0, 1.0, 1.0, 1.0, 1.0, 1.0, 1.0, 1.0, 1.0, 1.0, 1.0, 1.0, 1.0, 1.0, 1.0, 1.0, 1.0, 1.0, 1.0, 1.0, 1.0, 1.0, 1.0, 1.0, 1.0, 1.0, 1.0, 1.0, 1.0, 1.0, 1.0, 1.0, 1.0, 1.0, 1.0], "best": [0.5238095, 0.5460318, 0.0, 0.54047614, 0.5390873, 0.0, 0.0, 0.53193957, 0.0, 0.5362278, 0.0, 0.0, 0.535084, 0.0, 0.5342262, 0.53504986, 0.0, 0.0, 0.0, 0.0, 0.0, 0.0, 0.5313616, 0.535589, 0.0, 0.0, 0.5346263, 0.0, 0.5380071, 0.0, 0.5353038, 0.0, 0.0, 0.0, 0.5362245, 0.0, 0.0, 0.0, 0.0, 0.5360119, 0.5354037, 0.0, 0.0, 0.0, 0.0, 0.0, 0.0, 0.0, 0.53612834, 0.5342114], "duration": [205, 192, 189, 192, 195, 192, 189, 194, 194, 200, 196, 192, 192, 191, 191, 192, 190, 193, 229, 191, 193, 195, 194, 195, 195, 232, 196, 192, 194, 191, 201, 192, 191, 191, 193, 203, 200, 194, 193, 193, 192, 194, 197, 191, 193, 190, 194, 189, 192, 193]}