{"avg": [0.2551111, 0.28429633, 0.28730994, 0.28749272, 0.28765804, 0.2859956, 0.30156568, 0.3034074, 0.30524573, 0.29668292, 0.2993927, 0.29180363, 0.28397048, 0.31100273, 0.3035627, 0.27942684, 0.2913263, 0.30502525, 0.32754096, 0.33470488, 0.28863785, 0.3158619, 0.3032359, 0.2997168, 0.30674347, 0.29833877, 0.3261953, 0.31151184, 0.30306694, 0.32862538, 0.32203063, 0.3202778, 0.31857148, 0.31838623, 0.34286743, 0.33302483, 0.3229102, 0.31384042, 0.33023584, 0.34267658, 0.32324192, 0.3340807, 0.33150646, 0.34143895, 0.35758442, 0.3379799, 0.35544908, 0.3423936, 0.3606038, 0.3506749], "std": [0.08346094, 0.07241157, 0.047499273, 0.042779334, 0.06939596, 0.07429368, 0.052311607, 0.064251706, 0.04889419, 0.05199644, 0.044152766, 0.05558735, 0.067869894, 0.060498618, 0.059314538, 0.07147493, 0.069593556, 0.081010126, 0.057225782, 0.03363387, 0.06543825, 0.07826097, 0.047103625, 0.0716839, 0.07721998, 0.06975844, 0.06180686, 0.06704381, 0.08091633, 0.04069652, 0.07496045, 0.056036968, 0.06953585, 0.060598444, 0.048249807, 0.052999645, 0.06504225, 0.066450395, 0.07145633, 0.043905098, 0.04496993, 0.05630673, 0.07109239, 0.047861386, 0.05370329, 0.045864794, 0.052915104, 0.04962224, 0.054521706, 0.064722], "var": [0.98, 0.98, 0.98, 0.96, 0.94, 0.94, 0.92, 0.92, 0.9, 0.9, 0.86, 0.84, 0.84, 0.84, 0.82, 0.8, 0.8, 0.78, 0.78, 0.78, 0.78, 0.76, 0.76, 0.74, 0.72, 0.76, 0.76, 0.76, 0.74, 0.74, 0.74, 0.76, 0.78, 0.76, 0.72, 0.72, 0.72, 0.72, 0.74, 0.72, 0.72, 0.72, 0.72, 0.68, 0.68, 0.66, 0.68, 0.64, 0.66, 0.64], "best": [0.42444444, 0.45333335, 0.35666665, 0.35052153, 0.44613755, 0.44720867, 0.3931987, 0.44763282, 0.39794874, 0.39707768, 0.38432023, 0.39757583, 0.35583773, 0.44818428, 0.39822027, 0.39740744, 0.39750338, 0.39808086, 0.40045404, 0.400473, 0.358953, 0.45066395, 0.3972125, 0.35983193, 0.39980128, 0.40043294, 0.4010973, 0.40227023, 0.40166286, 0.4004167, 0.4014943, 0.40201393, 0.40153337, 0.40225685, 0.4023819, 0.40329662, 0.40452003, 0.3994908, 0.45406154, 0.45471767, 0.4013673, 0.40454784, 0.40504563, 0.40375745, 0.45469046, 0.40478083, 0.4560813, 0.4058559, 0.40609428, 0.45708784], "duration": [42988, 39949, 52590, 42916, 49682, 47622, 39154, 38664, 45065, 39151, 38859, 38368, 38221, 38898, 39528, 38736, 39110, 46398, 39324, 46298, 38527, 45880, 38664, 38815, 38663, 38704, 39387, 46006, 39230, 39038, 45488, 45648, 39548, 39457, 38764, 39634, 39693, 39087, 45418, 46018, 38842, 39749, 46234, 43776, 46586, 52240, 39620, 39594, 44006, 46631]}