{"avg": [0.2546032, 0.30196825, 0.29105505, 0.26042843, 0.30770996, 0.28625968, 0.29643178, 0.29105285, 0.305347, 0.30786413, 0.28571194, 0.2817694, 0.30365667, 0.28820783, 0.28677154, 0.30296856, 0.30977267, 0.32948563, 0.31593165, 0.3190095, 0.3273157, 0.3232519, 0.30402088, 0.32634744, 0.31563744, 0.32579032, 0.3363191, 0.32226905, 0.3256726, 0.3302715, 0.32445654, 0.33465594, 0.34779358, 0.34694272, 0.34039637, 0.370046, 0.35177302, 0.35143206, 0.3433193, 0.31765437, 0.3516722, 0.35578194, 0.37960312, 0.3725598, 0.37458798, 0.32377058, 0.3605897, 0.35327286, 0.3609744, 0.36754557], "std": [0.088232264, 0.07669692, 0.05762845, 0.06934899, 0.06831042, 0.06830592, 0.0667568, 0.048170764, 0.07614484, 0.060628884, 0.08574947, 0.068797834, 0.05014841, 0.07257, 0.08648054, 0.08066517, 0.043846168, 0.026557306, 0.045502864, 0.05798969, 0.07525805, 0.057913605, 0.09163098, 0.059450474, 0.057932023, 0.06746693, 0.04754038, 0.060380362, 0.03625594, 0.059220698, 0.061764233, 0.06087386, 0.05800481, 0.06389848, 0.055304587, 0.05473078, 0.07290951, 0.0647129, 0.055970863, 0.07317268, 0.06373297, 0.06563076, 0.044947367, 0.08467773, 0.051472917, 0.09006515, 0.08661184, 0.08628982, 0.07104404, 0.05543372], "var": [0.98, 0.98, 0.98, 0.98, 0.98, 0.98, 0.98, 0.98, 0.98, 0.96, 0.94, 0.92, 0.92, 0.92, 0.92, 0.92, 0.92, 0.88, 0.86, 0.84, 0.84, 0.86, 0.84, 0.84, 0.84, 0.84, 0.84, 0.82, 0.8, 0.8, 0.8, 0.8, 0.78, 0.76, 0.76, 0.74, 0.74, 0.74, 0.74, 0.72, 0.74, 0.74, 0.72, 0.72, 0.74, 0.74, 0.7, 0.68, 0.68, 0.7], "best": [0.4333333, 0.46222222, 0.37507936, 0.35845995, 0.4546448, 0.45641026, 0.44019452, 0.36089993, 0.45672044, 0.44221544, 0.35855603, 0.35833332, 0.4419305, 0.40466714, 0.44316435, 0.44468865, 0.3858095, 0.39194968, 0.39347568, 0.40049705, 0.40810895, 0.4096845, 0.4585034, 0.41103598, 0.41223583, 0.46096936, 0.4052509, 0.41506636, 0.38907564, 0.39627194, 0.3904661, 0.46309277, 0.4640106, 0.46486136, 0.40827727, 0.46630037, 0.46737716, 0.46839377, 0.45837533, 0.46993998, 0.47032908, 0.4713178, 0.47176766, 0.473037, 0.46283373, 0.47514126, 0.4752539, 0.47637185, 0.4773333, 0.47783574], "duration": [38225, 39837, 45002, 43681, 46895, 39166, 39904, 38809, 51943, 40215, 38880, 39538, 51892, 45378, 45646, 39925, 39339, 39538, 40074, 38990, 39982, 39916, 39792, 39476, 38341, 39390, 53260, 38966, 39104, 39709, 38890, 39566, 40419, 39573, 39304, 46587, 39550, 39689, 39371, 39636, 40014, 46507, 40010, 46703, 40096, 39424, 39939, 40154, 39628, 39980]}