{"avg": [0.24910715, 0.28508598, 0.2679194, 0.2760806, 0.26082745, 0.29060078, 0.28979638, 0.27778447, 0.30774784, 0.30663782, 0.30341738, 0.29844302, 0.3101715, 0.28777224, 0.30132556, 0.30479446, 0.29230368, 0.26968712, 0.26161832, 0.2610525, 0.28693193, 0.29141617, 0.31706813, 0.28933075, 0.29438946, 0.30486754, 0.31265172, 0.3036756, 0.287916, 0.29037002, 0.30211285, 0.28584367, 0.27290112, 0.3117308, 0.30044943, 0.28370622, 0.31924626, 0.28392282, 0.3139417, 0.27897194, 0.3164577, 0.2943861, 0.33440983, 0.3111324, 0.31159663, 0.30855352, 0.31544626, 0.31230727, 0.32805926, 0.30662075], "std": [0.066405065, 0.053783365, 0.060530286, 0.044957086, 0.06855596, 0.0411311, 0.060751595, 0.062833436, 0.045717455, 0.052814737, 0.054496456, 0.05809915, 0.048093274, 0.06088438, 0.06127776, 0.061908662, 0.047951862, 0.04824278, 0.08352966, 0.07902012, 0.05246289, 0.05411778, 0.056039326, 0.058807164, 0.05467502, 0.05661592, 0.045690566, 0.06472637, 0.09060537, 0.067081645, 0.06687769, 0.0766502, 0.049037274, 0.064147905, 0.06226995, 0.056861814, 0.072524086, 0.052249324, 0.0629841, 0.07256625, 0.07284736, 0.038995866, 0.06934814, 0.06945419, 0.059685767, 0.05236138, 0.045178376, 0.057526603, 0.064108096, 0.07144327], "var": [1.0, 0.992, 0.984, 0.984, 0.984, 0.976, 0.968, 0.968, 0.96, 0.944, 0.936, 0.92, 0.912, 0.904, 0.904, 0.896, 0.88, 0.88, 0.872, 0.872, 0.872, 0.872, 0.864, 0.856, 0.856, 0.864, 0.856, 0.856, 0.856, 0.856, 0.856, 0.856, 0.848, 0.848, 0.848, 0.84, 0.832, 0.824, 0.824, 0.824, 0.824, 0.832, 0.832, 0.832, 0.824, 0.816, 0.816, 0.816, 0.8, 0.792], "best": [0.34761906, 0.41190472, 0.3565826, 0.35567763, 0.36076757, 0.35221484, 0.40929034, 0.38276836, 0.40945375, 0.37943724, 0.38294575, 0.4106636, 0.381626, 0.41220507, 0.41295075, 0.3862723, 0.36587885, 0.33996716, 0.4126623, 0.38650548, 0.37998056, 0.38092592, 0.44456232, 0.41322613, 0.35772502, 0.3980484, 0.38063064, 0.38322487, 0.4446068, 0.41156873, 0.41203496, 0.44505355, 0.36083877, 0.41190472, 0.44576856, 0.36529243, 0.4461455, 0.3661317, 0.36360702, 0.36054826, 0.44692078, 0.38572797, 0.44729224, 0.41265714, 0.4479642, 0.38713285, 0.4127413, 0.36387888, 0.44810697, 0.44881094], "duration": [38043, 38941, 53039, 38492, 53291, 38410, 42720, 38451, 44131, 44101, 39154, 39248, 39314, 38244, 38637, 39403, 43409, 42803, 34009, 38165, 44415, 38691, 48739, 42983, 38383, 39477, 43719, 39400, 44288, 39788, 39178, 48348, 37731, 38574, 38933, 39254, 48923, 38975, 39296, 38508, 44426, 39691, 48977, 39319, 38578, 43380, 50815, 44278, 39341, 44030]}