{"avg": [0.22312926, 0.25273472, 0.26123527, 0.25762182, 0.25850338, 0.25918517, 0.27512288, 0.28203452, 0.27181253, 0.28599125, 0.2792434, 0.2796142, 0.29620165, 0.2709605, 0.26782507, 0.27469274, 0.29272217, 0.29978, 0.3045254, 0.28820118, 0.31827328, 0.30637833, 0.32033095, 0.29594547, 0.28950572, 0.28341168, 0.33141604, 0.31775504, 0.30955768, 0.3341744, 0.32423213, 0.33324128, 0.31231296, 0.3316591, 0.33729285, 0.345151, 0.3354815, 0.34706178, 0.37717667, 0.3431731, 0.33329865, 0.36101207, 0.36295077, 0.34991318, 0.3434099, 0.32657462, 0.39002207, 0.3394435, 0.36685234, 0.32622615], "std": [0.07319172, 0.063734174, 0.043159105, 0.037907217, 0.060073916, 0.06640764, 0.045766033, 0.042810638, 0.07011608, 0.056548733, 0.065051794, 0.06449015, 0.044253044, 0.058238115, 0.07023554, 0.049920067, 0.03698413, 0.053228687, 0.06305066, 0.063986585, 0.07120851, 0.06351611, 0.06514306, 0.06582307, 0.06797318, 0.06762407, 0.06620711, 0.06544292, 0.08472894, 0.066262096, 0.07112115, 0.07441887, 0.058361936, 0.07401784, 0.06997168, 0.069465116, 0.07583232, 0.07796083, 0.07265754, 0.08025788, 0.07686501, 0.07896194, 0.081576295, 0.06975899, 0.095949195, 0.05477011, 0.06298471, 0.07239012, 0.08671356, 0.08964229], "var": [0.98, 0.98, 0.98, 0.96, 0.94, 0.94, 0.92, 0.92, 0.92, 0.9, 0.88, 0.86, 0.84, 0.8, 0.8, 0.78, 0.78, 0.76, 0.78, 0.78, 0.78, 0.78, 0.74, 0.74, 0.7, 0.68, 0.68, 0.64, 0.6, 0.62, 0.64, 0.62, 0.64, 0.6, 0.6, 0.56, 0.54, 0.52, 0.52, 0.5, 0.5, 0.54, 0.54, 0.52, 0.48, 0.48, 0.48, 0.46, 0.44, 0.44], "best": [0.37142855, 0.40857142, 0.3210204, 0.3131195, 0.3993197, 0.40069684, 0.35207176, 0.35558632, 0.39873013, 0.4005714, 0.40121952, 0.40290555, 0.40368184, 0.40418956, 0.40419048, 0.4067543, 0.3607826, 0.40631968, 0.40714285, 0.40939596, 0.4112734, 0.414941, 0.4160401, 0.41931364, 0.42150497, 0.42206794, 0.42266616, 0.4258907, 0.42744276, 0.42978525, 0.43306378, 0.4347105, 0.43740156, 0.4381679, 0.4405248, 0.442112, 0.44395605, 0.44533524, 0.44770575, 0.45139626, 0.45309973, 0.45398775, 0.45585775, 0.45821115, 0.45917487, 0.42821127, 0.46061137, 0.4625649, 0.46278936, 0.4650507], "duration": [43142, 39957, 52773, 42918, 49982, 47878, 45788, 38749, 38998, 39373, 39032, 39624, 39220, 39323, 45923, 39465, 38893, 39370, 39150, 39914, 40046, 46248, 40279, 45057, 39372, 38853, 39182, 65878, 39894, 47134, 39568, 39270, 39537, 39300, 46314, 39953, 40075, 39603, 40232, 40147, 39548, 40239, 40352, 40065, 39472, 39645, 40429, 46602, 40046, 39972]}