{"avg": [0.26031747, 0.3043386, 0.2925695, 0.30633196, 0.2962891, 0.31122026, 0.29356617, 0.31465262, 0.31727108, 0.30853325, 0.33774647, 0.3203067, 0.3140563, 0.33283913, 0.34761438, 0.3367177, 0.32483402, 0.35724422, 0.3431257, 0.35832718, 0.3456349, 0.35230446, 0.33648154, 0.3531222, 0.3488889, 0.36164585, 0.38873816, 0.36168224, 0.35646558, 0.36595422, 0.38373592, 0.34225944, 0.3433847, 0.38833573, 0.35482433, 0.36593965, 0.37024325, 0.33897296, 0.36189327, 0.3860741, 0.3697055, 0.42856577, 0.40889707, 0.42969102, 0.39969996, 0.44499755, 0.43195334, 0.43088037, 0.43903503, 0.39943442], "std": [0.08539034, 0.07623505, 0.05162963, 0.058620345, 0.06580729, 0.07444595, 0.052125774, 0.054603856, 0.07257797, 0.050925806, 0.06323877, 0.06196998, 0.067201756, 0.06383562, 0.057759836, 0.060795642, 0.052689917, 0.04737124, 0.07032413, 0.0574337, 0.07425752, 0.04483221, 0.08853748, 0.073220655, 0.06306433, 0.06090213, 0.067806154, 0.097811095, 0.066151954, 0.09090023, 0.06638802, 0.11120007, 0.10090249, 0.08145381, 0.09223204, 0.09939095, 0.10788044, 0.10317581, 0.113961466, 0.090433665, 0.10839138, 0.08902753, 0.08613329, 0.06321922, 0.10197632, 0.06260931, 0.065111496, 0.08848184, 0.08191836, 0.09884892], "var": [1.0, 0.98, 0.98, 0.96, 0.96, 0.94, 0.94, 0.92, 0.92, 0.9, 0.9, 0.9, 0.9, 0.88, 0.88, 0.9, 0.88, 0.86, 0.86, 0.86, 0.84, 0.84, 0.82, 0.84, 0.82, 0.82, 0.82, 0.8, 0.78, 0.74, 0.74, 0.72, 0.72, 0.7, 0.68, 0.68, 0.68, 0.68, 0.68, 0.66, 0.62, 0.6, 0.58, 0.54, 0.54, 0.52, 0.52, 0.52, 0.5, 0.5], "best": [0.4333333, 0.46222222, 0.37619045, 0.45869565, 0.459375, 0.4595833, 0.36369047, 0.36793086, 0.45948717, 0.3921493, 0.4611111, 0.42198005, 0.42388391, 0.4639423, 0.46444443, 0.40352735, 0.4041209, 0.45714286, 0.46666667, 0.46710095, 0.46862137, 0.40936974, 0.46921623, 0.47028002, 0.46372294, 0.47116664, 0.47192553, 0.47476634, 0.48034242, 0.476912, 0.4783124, 0.48047137, 0.48130718, 0.48187578, 0.4830873, 0.48369047, 0.48455283, 0.48646364, 0.48671058, 0.48826364, 0.48979592, 0.49206352, 0.49412057, 0.4962264, 0.49843302, 0.49949002, 0.5019501, 0.5034713, 0.50561357, 0.5083014], "duration": [43143, 44932, 39358, 50115, 43709, 44155, 44219, 38605, 46107, 43484, 39774, 38878, 39897, 52332, 45947, 39233, 38822, 39955, 39077, 53769, 39811, 39467, 39819, 38684, 38202, 38601, 39670, 39732, 46088, 40298, 46494, 39662, 38324, 38967, 45176, 45977, 39933, 38607, 38925, 39740, 39622, 40149, 59821, 40483, 40078, 39599, 40285, 47064, 40749, 38907]}