{"avg": [0.26031747, 0.2896931, 0.28155386, 0.29838437, 0.29249662, 0.31087768, 0.31742692, 0.32739115, 0.29780576, 0.29705447, 0.29108214, 0.3134458, 0.29873845, 0.31118676, 0.32106587, 0.32068512, 0.31496435, 0.3259615, 0.32441095, 0.30628675, 0.3029247, 0.3069893, 0.2963193, 0.32487836, 0.32015565, 0.32307962, 0.3058018, 0.32993913, 0.32109457, 0.34117508, 0.30874056, 0.2981289, 0.34473103, 0.32506037, 0.33260813, 0.32778496, 0.32082966, 0.3208303, 0.35314626, 0.36170202, 0.34614646, 0.34352887, 0.3522943, 0.3526158, 0.3531925, 0.35771447, 0.34342328, 0.351253, 0.34432232, 0.364789], "std": [0.08539034, 0.07409099, 0.06323948, 0.055956703, 0.071898036, 0.059065618, 0.043433357, 0.05114046, 0.06817792, 0.0502748, 0.06276452, 0.0627072, 0.053043764, 0.049321238, 0.042993285, 0.05482079, 0.07474246, 0.037726704, 0.04212368, 0.03764211, 0.07481879, 0.06258523, 0.05444616, 0.052713167, 0.048817813, 0.066424504, 0.058616783, 0.05896748, 0.070406996, 0.026931569, 0.054972224, 0.059549745, 0.06537609, 0.059762303, 0.040060136, 0.047481727, 0.05286904, 0.04522202, 0.05139676, 0.040673014, 0.04317426, 0.036513355, 0.055924345, 0.05021629, 0.033977963, 0.053490825, 0.043686576, 0.05286296, 0.059990827, 0.05857442], "var": [0.98, 0.96, 0.94, 0.92, 0.92, 0.92, 0.88, 0.9, 0.88, 0.86, 0.82, 0.78, 0.78, 0.76, 0.74, 0.74, 0.74, 0.72, 0.7, 0.7, 0.7, 0.68, 0.7, 0.7, 0.7, 0.7, 0.68, 0.66, 0.64, 0.62, 0.6, 0.58, 0.56, 0.54, 0.52, 0.48, 0.46, 0.46, 0.46, 0.44, 0.44, 0.44, 0.42, 0.42, 0.38, 0.36, 0.36, 0.36, 0.36, 0.36], "best": [0.4333333, 0.46222222, 0.36396822, 0.36326528, 0.4533333, 0.45396826, 0.38727012, 0.45470083, 0.37265512, 0.37238732, 0.37179923, 0.37327608, 0.37403455, 0.37603393, 0.3775179, 0.45138887, 0.45201036, 0.37692305, 0.37757453, 0.36896172, 0.45125, 0.45225224, 0.37866664, 0.45267937, 0.377583, 0.45283332, 0.4154304, 0.45392382, 0.45440182, 0.38005626, 0.38043675, 0.37994727, 0.4539021, 0.45484903, 0.3915403, 0.39199722, 0.37836564, 0.3921833, 0.45342234, 0.4540992, 0.3782935, 0.3925055, 0.4536953, 0.45393312, 0.37945655, 0.45388576, 0.394555, 0.45373872, 0.45402297, 0.45458874], "duration": [43217, 39949, 52651, 50710, 51274, 44338, 39463, 39669, 51688, 52626, 39818, 39847, 38453, 39318, 39890, 39661, 39308, 38980, 39193, 39015, 38596, 39049, 38518, 39590, 39191, 39723, 38453, 39721, 39825, 39210, 39388, 39035, 39774, 53200, 39675, 39780, 39831, 39110, 53416, 39992, 39554, 40028, 39567, 39774, 39728, 40115, 39408, 39688, 39666, 39907]}