{"avg": [0.26031747, 0.27136904, 0.30259332, 0.26763785, 0.29433388, 0.28174722, 0.2770981, 0.30199155, 0.30930457, 0.28445667, 0.2986093, 0.2915764, 0.3198887, 0.30473608, 0.30227184, 0.30347306, 0.3024253, 0.3215087, 0.28951073, 0.32160234, 0.28366277, 0.29967597, 0.29957315, 0.3007958, 0.32895848, 0.32926163, 0.3238089, 0.3147197, 0.30702564, 0.34046876, 0.32845068, 0.3138812, 0.30404636, 0.3131794, 0.30292135, 0.30482972, 0.31277612, 0.31774923, 0.33585277, 0.35614496, 0.3485777, 0.30835447, 0.34872526, 0.34706214, 0.3394249, 0.32422182, 0.32699177, 0.3218718, 0.35434356, 0.32838103], "std": [0.08539034, 0.051061444, 0.058322508, 0.060715776, 0.048379347, 0.06675943, 0.059111074, 0.058548365, 0.046731118, 0.07233245, 0.04076304, 0.047012, 0.06910133, 0.039253354, 0.077410825, 0.059105143, 0.047936104, 0.0684754, 0.0657957, 0.059967443, 0.05535388, 0.06528313, 0.05582431, 0.057018716, 0.050622728, 0.056726664, 0.070258185, 0.064487375, 0.06319379, 0.053479366, 0.05387918, 0.066348545, 0.07801288, 0.078220665, 0.065977454, 0.094619475, 0.085808, 0.06879232, 0.081202865, 0.04441897, 0.04943019, 0.06538856, 0.03337035, 0.059807766, 0.06945576, 0.069657765, 0.046556465, 0.080357075, 0.03392339, 0.06697596], "var": [0.98, 0.98, 0.98, 0.98, 0.98, 0.98, 0.98, 0.96, 0.96, 0.96, 0.94, 0.94, 0.92, 0.9, 0.9, 0.9, 0.88, 0.86, 0.84, 0.84, 0.82, 0.8, 0.8, 0.78, 0.78, 0.8, 0.8, 0.8, 0.78, 0.78, 0.78, 0.78, 0.76, 0.8, 0.78, 0.8, 0.78, 0.8, 0.76, 0.76, 0.72, 0.7, 0.72, 0.74, 0.74, 0.74, 0.7, 0.68, 0.68, 0.66], "best": [0.4333333, 0.35396823, 0.44946232, 0.35744047, 0.38635394, 0.3894678, 0.36925974, 0.44871795, 0.3898629, 0.45057473, 0.35120514, 0.35428035, 0.4517182, 0.35974026, 0.4532738, 0.45397487, 0.3990476, 0.45485854, 0.40058073, 0.45621562, 0.35739502, 0.40169063, 0.38786182, 0.38849953, 0.45549783, 0.45597014, 0.4565947, 0.45770112, 0.4581121, 0.45833334, 0.45838508, 0.4589846, 0.45899418, 0.4042884, 0.40450215, 0.4586002, 0.45890805, 0.4592717, 0.45953158, 0.46071234, 0.46105918, 0.3906282, 0.40750536, 0.4612573, 0.46233332, 0.4625993, 0.40833333, 0.46271336, 0.40896395, 0.4632423], "duration": [42984, 42709, 46691, 45397, 45656, 50375, 38532, 39374, 39455, 39502, 42780, 38601, 39091, 38629, 39937, 38993, 39000, 43455, 39643, 52559, 44116, 45643, 38765, 39504, 39759, 48226, 39119, 38533, 37758, 45361, 39810, 43949, 42539, 39603, 38982, 44034, 38779, 43329, 40128, 44191, 39660, 39328, 44126, 39606, 44026, 43406, 37956, 39081, 39772, 39256]}