{"avg": [0.27333334, 0.30318516, 0.3074854, 0.30677843, 0.30765802, 0.31083214, 0.32133618, 0.33654037, 0.3231029, 0.33785716, 0.33135292, 0.31333223, 0.33814433, 0.3449472, 0.32624835, 0.3382677, 0.35155398, 0.36979076, 0.34783828, 0.34170905, 0.35757366, 0.37654707, 0.36832836, 0.37785596, 0.35291934, 0.34612584, 0.39271483, 0.37858474, 0.39394993, 0.40438944, 0.3944748, 0.39636678, 0.37656108, 0.37753463, 0.384105, 0.39583805, 0.38650405, 0.41451025, 0.39969888, 0.3574081, 0.39312622, 0.41667002, 0.48336297, 0.41024455, 0.431312, 0.4331256, 0.35227776, 0.44166493, 0.44248876, 0.4717013], "std": [0.090226054, 0.078303896, 0.049509406, 0.045876443, 0.07182309, 0.07890176, 0.052902035, 0.05135639, 0.08501369, 0.06544454, 0.07936438, 0.064877085, 0.04271359, 0.06668628, 0.08305288, 0.07591393, 0.073127426, 0.05885179, 0.06343345, 0.07855394, 0.07169448, 0.06931338, 0.068492204, 0.08807505, 0.07677055, 0.07565161, 0.090442754, 0.08845629, 0.09283334, 0.094671465, 0.0763498, 0.08538194, 0.08566613, 0.07859612, 0.07747471, 0.08248283, 0.084786296, 0.090545334, 0.07630685, 0.08679729, 0.098205395, 0.07875523, 0.06539464, 0.08801761, 0.09421244, 0.09403253, 0.084444985, 0.09178116, 0.10248052, 0.08987021], "var": [0.98, 0.98, 0.98, 0.96, 0.94, 0.94, 0.92, 0.92, 0.92, 0.9, 0.9, 0.88, 0.88, 0.86, 0.82, 0.78, 0.76, 0.78, 0.76, 0.74, 0.74, 0.74, 0.72, 0.7, 0.68, 0.66, 0.62, 0.6, 0.56, 0.56, 0.54, 0.54, 0.5, 0.48, 0.48, 0.48, 0.48, 0.46, 0.46, 0.48, 0.48, 0.48, 0.46, 0.42, 0.38, 0.4, 0.42, 0.42, 0.4, 0.4], "best": [0.45555553, 0.4844444, 0.38222227, 0.3760771, 0.47724864, 0.47831976, 0.41986534, 0.42259887, 0.47679007, 0.47822216, 0.47872627, 0.38596988, 0.4057274, 0.47799143, 0.47911108, 0.48103762, 0.48309734, 0.48563978, 0.4876245, 0.48802587, 0.48940483, 0.49036813, 0.4925612, 0.49401012, 0.49737215, 0.49808428, 0.5540811, 0.55609196, 0.55737865, 0.55921143, 0.50562495, 0.5069668, 0.5651476, 0.5093822, 0.51019025, 0.51061237, 0.56850237, 0.51322836, 0.51593804, 0.5169955, 0.5175493, 0.5192424, 0.57674074, 0.5248309, 0.5815077, 0.58345646, 0.5299458, 0.58482563, 0.53180176, 0.5890585], "duration": [42745, 39627, 52398, 42787, 49713, 47591, 45580, 38404, 38864, 38976, 38586, 38514, 39099, 38597, 52199, 45058, 45339, 38831, 45700, 38306, 46034, 39152, 39644, 46429, 39479, 39341, 39620, 46245, 39705, 39779, 39851, 39139, 39595, 45707, 39437, 46413, 46373, 40045, 39303, 45059, 45571, 39778, 40061, 39424, 53269, 40122, 38331, 40036, 40048, 39950]}