{"avg": [0.35555556, 0.39858198, 0.39554495, 0.37072566, 0.40270382, 0.39882147, 0.3981031, 0.4007637, 0.40006658, 0.37698117, 0.3727852, 0.34562156, 0.4027401, 0.37799892, 0.3724263, 0.40212303, 0.40348092, 0.4032381, 0.40332282, 0.40558094, 0.40598685, 0.38157174, 0.40529355, 0.40353566, 0.4069046, 0.41063303, 0.40620157, 0.40891838, 0.40919507, 0.41072315, 0.40992633, 0.41312054, 0.41635147, 0.4168952, 0.41659772, 0.420184, 0.42144433, 0.42312244, 0.4131422, 0.41771218, 0.41897404, 0.41872665, 0.42315117, 0.4261474, 0.42549822, 0.4240904, 0.4242705, 0.421304, 0.42656952, 0.42671424], "std": [0.09502622, 0.013661802, 0.005649104, 0.10309084, 0.006697627, 0.008927483, 0.008212717, 0.008284236, 0.008915874, 0.09779856, 0.09974888, 0.14131387, 0.010462692, 0.0947764, 0.1037106, 0.007850319, 0.006797878, 0.008362054, 0.006727942, 0.00860309, 0.008787937, 0.10623161, 0.009423182, 0.008306669, 0.0094293915, 0.009825902, 0.010230847, 0.008661161, 0.01020792, 0.009439599, 0.010731306, 0.009872846, 0.01094698, 0.007356775, 0.011942923, 0.0080253715, 0.010102957, 0.011180875, 0.01490593, 0.012744117, 0.013295193, 0.01461494, 0.012358018, 0.011724806, 0.014435537, 0.014979157, 0.014524036, 0.018440094, 0.015149044, 0.015689438], "var": [0.98, 0.98, 0.98, 0.94, 0.94, 0.92, 0.9, 0.88, 0.88, 0.86, 0.88, 0.88, 0.86, 0.84, 0.82, 0.82, 0.82, 0.78, 0.78, 0.76, 0.76, 0.74, 0.74, 0.72, 0.7, 0.7, 0.7, 0.72, 0.72, 0.7, 0.7, 0.7, 0.7, 0.7, 0.68, 0.68, 0.66, 0.68, 0.68, 0.64, 0.62, 0.58, 0.6, 0.6, 0.62, 0.62, 0.6, 0.6, 0.6, 0.6], "best": [0.3809524, 0.4209524, 0.40428576, 0.41354498, 0.41598067, 0.42113507, 0.42034635, 0.41931716, 0.42062184, 0.4207534, 0.4078413, 0.42014432, 0.42192075, 0.42205775, 0.42333338, 0.4212798, 0.42111978, 0.4205357, 0.41527703, 0.42197803, 0.42300537, 0.4231956, 0.42241827, 0.4224275, 0.42222664, 0.42560315, 0.42166486, 0.42316917, 0.42634246, 0.4263101, 0.424785, 0.42627156, 0.42806712, 0.42953324, 0.4304396, 0.42979977, 0.433013, 0.4342152, 0.43481174, 0.4358019, 0.43618274, 0.43678972, 0.43683472, 0.4374982, 0.43790507, 0.4401743, 0.44103703, 0.44141218, 0.4421833, 0.44330946], "duration": [4455, 4438, 4741, 4427, 4416, 4369, 5198, 5214, 4445, 4453, 4390, 5161, 4292, 4712, 5043, 4414, 5675, 4384, 4234, 7383, 5165, 4296, 4448, 6192, 5203, 5746, 4498, 4443, 4484, 4558, 5227, 7479, 4374, 4357, 4401, 5326, 4598, 4430, 4554, 4459, 4868, 4610, 4843, 4372, 4622, 4646, 5149, 6418, 5063, 4368]}