{"avg": [0.026666667, 0.026666667, 0.026666667, 0.026666667, 0.026666667, 0.026666667, 0.026666667, 0.026666667, 0.026666667, 0.026666667, 0.026666667, 0.033333335, 0.033333335, 0.033333335, 0.033333335, 0.033333335, 0.033333335, 0.033333335, 0.033333335, 0.04, 0.04, 0.046666667, 0.046666667, 0.04, 0.04], "std": [0.16110747, 0.16110747, 0.16110747, 0.16110747, 0.16110747, 0.16110747, 0.16110747, 0.16110748, 0.16110748, 0.16110747, 0.16110747, 0.17950532, 0.17950532, 0.17950532, 0.17950533, 0.17950533, 0.17950533, 0.17950533, 0.17950533, 0.19595894, 0.19595894, 0.21092379, 0.21092379, 0.19595894, 0.19595894], "var": [0.99333334, 1.0, 0.9866667, 0.98, 0.97333336, 0.96666664, 0.9533333, 0.9533333, 0.9533333, 0.94666666, 0.94, 0.9266667, 0.91333336, 0.9, 0.88666666, 0.88, 0.8666667, 0.85333335, 0.86, 0.85333335, 0.8466667, 0.8466667, 0.86, 0.86, 0.86], "best": [1.0, 1.0, 1.0, 1.0, 1.0, 1.0, 1.0, 1.0, 1.0, 1.0, 1.0, 1.0, 1.0, 1.0, 1.0, 1.0, 1.0, 1.0, 1.0, 1.0, 1.0, 1.0, 1.0, 1.0, 1.0], "duration": [30253, 29916, 29830, 30423, 31289, 30351, 30173, 30332, 30312, 29935, 29965, 30312, 30942, 31403, 30173, 30783, 31568, 30869, 30489, 31327, 30771, 30992, 31866, 30654, 30826]}