{"avg": [0.0, 0.0, 0.0, 0.0, 0.0, 0.0, 0.0, 0.0, 0.0, 0.022718908, 0.041741878, 0.078310326, 0.0949918, 0.11897032, 0.15320481, 0.19181909, 0.23787384, 0.3181003, 0.4114112, 0.4417744, 0.51314896, 0.51276135, 0.54287356, 0.546108, 0.5482162, 0.55070525, 0.5533121, 0.55597544, 0.55844545, 0.56103444, 0.563578, 0.5666991, 0.5691253, 0.5716341, 0.57418656, 0.5765609, 0.57843155, 0.58058524, 0.5825463, 0.5843219, 0.5859318, 0.58754283, 0.58907855, 0.5906798, 0.59194344, 0.5932194, 0.594503, 0.5956176, 0.59696674, 0.59809613, 0.59902865, 0.5999793, 0.6008969, 0.6018293, 0.6026847, 0.60351187, 0.6044366, 0.60524756, 0.6061089, 0.60694015, 0.60767055, 0.6084477, 0.6091985, 0.6098595, 0.6105327, 0.61121553, 0.6118768, 0.612489, 0.61302733, 0.6136331, 0.6142471, 0.6147401, 0.6152208, 0.6157865, 0.6163121], "std": [0.0, 0.0, 0.0, 0.0, 0.0, 0.0, 0.0, 0.0, 0.0, 0.10656112, 0.14155456, 0.18641734, 0.20150983, 0.21937203, 0.23875435, 0.25375542, 0.2629829, 0.2597341, 0.22312695, 0.20271084, 0.11200148, 0.11767179, 0.0021348556, 0.0015416277, 0.0014713361, 0.0016435488, 0.0013063563, 0.0015079961, 0.0011052688, 0.0011443341, 0.0015568844, 0.0009244857, 0.0008959539, 0.00059341267, 0.00056567695, 0.00042531945, 0.00045274658, 1.1920929e-07, 5.9604645e-08, 0.0, 0.0, 5.9604645e-08, 1.1920929e-07, 1.1920929e-07, 1.1920929e-07, 1.1920929e-07, 5.9604645e-08, 1.7881393e-07, 0.0, 5.9604645e-08, 0.0, 5.9604645e-08, 0.0, 5.9604645e-08, 5.9604645e-08, 0.0, 1.1920929e-07, 0.0, 1.7881393e-07, 5.9604645e-08, 1.1920929e-07, 1.1920929e-07, 0.0, 5.9604645e-08, 5.9604645e-08, 0.0, 1.1920929e-07, 5.9604645e-08, 5.9604645e-08, 5.9604645e-08, 5.9604645e-08, 1.1920929e-07, 1.7881393e-07, 0.0, 5.9604645e-08], "var": [1.0, 1.0, 1.0, 1.0, 1.0, 1.0, 0.96, 1.0, 1.0, 1.0, 1.0, 1.0, 1.0, 0.96, 0.96, 0.96, 0.96, 0.92, 0.92, 0.84, 0.88, 0.88, 0.84, 0.76, 0.6, 0.52, 0.44, 0.48, 0.44, 0.4, 0.24, 0.16, 0.08, 0.08, 0.08, 0.08, 0.04, 0.04, 0.04, 0.04, 0.04, 0.04, 0.04, 0.04, 0.04, 0.04, 0.04, 0.04, 0.04, 0.04, 0.04, 0.04, 0.04, 0.04, 0.04, 0.04, 0.04, 0.04, 0.04, 0.04, 0.04, 0.04, 0.04, 0.04, 0.04, 0.04, 0.04, 0.04, 0.04, 0.04, 0.04, 0.04, 0.04, 0.04, 0.04], "best": [0.0, 0.0, 0.0, 0.0, 0.0, 0.0, 0.0, 0.0, 0.0, 0.5225349, 0.52361786, 0.5247299, 0.52576333, 0.52663267, 0.5282741, 0.530318, 0.5315916, 0.5344277, 0.5362718, 0.5384968, 0.5407551, 0.5432025, 0.5450011, 0.54763955, 0.54976666, 0.5524516, 0.5546514, 0.55734694, 0.55959594, 0.5621626, 0.56501776, 0.56741136, 0.5696026, 0.57194674, 0.57441133, 0.5766612, 0.5785303, 0.5805851, 0.58254635, 0.5843219, 0.5859318, 0.5875429, 0.5890784, 0.5906797, 0.5919433, 0.5932193, 0.5945029, 0.5956178, 0.59696674, 0.5980962, 0.59902865, 0.5999792, 0.6008969, 0.60182923, 0.6026846, 0.60351187, 0.60443646, 0.60524756, 0.6061091, 0.6069401, 0.6076704, 0.60844755, 0.6091985, 0.6098596, 0.61053264, 0.61121553, 0.6118769, 0.61248904, 0.6130273, 0.61363304, 0.614247, 0.61473995, 0.6152206, 0.6157865, 0.61631215], "duration": [9052, 7995, 7911, 9003, 8590, 10558, 7983, 9112, 10955, 10127, 13714, 9647, 9540, 7691, 10425, 9202, 10499, 8717, 10705, 9029, 9837, 10633, 8664, 8048, 13155, 8900, 11187, 8022, 10910, 8103, 11007, 9351, 10106, 11028, 10226, 9183, 9932, 11639, 9245, 8593, 7588, 8096, 11465, 8687, 7437, 10626, 8709, 11011, 9402, 8072, 8684, 12858, 11144, 9954, 10862, 9720, 10011, 8839, 9322, 9279, 8075, 7700, 9488, 8257, 10239, 9439, 10602, 8145, 9162, 8197, 11094, 10155, 9914, 8656, 8809]}