{"avg": [0.25777778, 0.2896931, 0.29226458, 0.2828924, 0.2938549, 0.26873508, 0.33110753, 0.30689165, 0.2985812, 0.28479707, 0.30432358, 0.2883093, 0.31463584, 0.2946251, 0.29651818, 0.32696396, 0.32229772, 0.31347647, 0.29731405, 0.31705368, 0.30394903, 0.30553076, 0.29759583, 0.30831188, 0.34451672, 0.30745596, 0.3104911, 0.32438618, 0.3272096, 0.32854024, 0.34528336, 0.32237726, 0.31212783, 0.32974297, 0.31020918, 0.31860858, 0.34673327, 0.3251947, 0.34316322, 0.31838632, 0.3230431, 0.30818754, 0.32713452, 0.34121725, 0.33138445, 0.33763635, 0.36262113, 0.3475887, 0.3503934, 0.33132413], "std": [0.08726752, 0.07409099, 0.06730356, 0.065550886, 0.046476897, 0.08198648, 0.051484715, 0.054673385, 0.052462626, 0.042645108, 0.052487902, 0.052863743, 0.047999993, 0.05740719, 0.05560237, 0.052147407, 0.045405243, 0.06169768, 0.06757727, 0.071837224, 0.06792067, 0.05098281, 0.06741381, 0.06368034, 0.051139373, 0.057141766, 0.051948622, 0.039338566, 0.056574877, 0.048191432, 0.042097177, 0.061076637, 0.051344443, 0.06675601, 0.05061444, 0.06678382, 0.051144738, 0.04821728, 0.052532412, 0.08600415, 0.055482432, 0.04550398, 0.07298007, 0.0524414, 0.045634713, 0.050722882, 0.04129971, 0.047325876, 0.059211638, 0.06679001], "var": [0.98, 0.96, 0.96, 0.94, 0.92, 0.9, 0.9, 0.88, 0.88, 0.88, 0.88, 0.88, 0.88, 0.86, 0.86, 0.84, 0.86, 0.86, 0.84, 0.84, 0.8, 0.78, 0.8, 0.78, 0.78, 0.78, 0.78, 0.8, 0.78, 0.76, 0.76, 0.74, 0.72, 0.7, 0.68, 0.68, 0.66, 0.68, 0.68, 0.66, 0.64, 0.64, 0.64, 0.62, 0.64, 0.64, 0.64, 0.64, 0.68, 0.7], "best": [0.4333333, 0.46222222, 0.36396822, 0.36507937, 0.37674603, 0.45225224, 0.45530304, 0.37975034, 0.38325262, 0.38154325, 0.38325652, 0.37893558, 0.38501552, 0.38635394, 0.387404, 0.44971263, 0.38842726, 0.4503121, 0.37925288, 0.4513935, 0.3889445, 0.37750757, 0.3775392, 0.38910815, 0.45163572, 0.37762508, 0.37821314, 0.3730532, 0.45204544, 0.38618216, 0.39123127, 0.4173917, 0.3809618, 0.41855216, 0.38223407, 0.39096102, 0.45073485, 0.42078218, 0.45102945, 0.4513279, 0.42282248, 0.39204395, 0.3922306, 0.4515196, 0.39229771, 0.4517064, 0.4531246, 0.45180723, 0.4520506, 0.3999939], "duration": [42956, 39795, 39096, 43740, 38679, 38205, 39749, 38608, 51306, 44790, 39810, 37518, 44821, 45521, 38744, 45794, 39574, 38403, 39401, 39732, 44826, 38285, 38089, 39328, 39417, 38895, 37811, 38684, 52854, 38066, 39604, 38278, 45836, 38797, 38967, 38663, 38789, 38960, 44725, 45448, 51816, 39275, 39190, 38789, 38950, 52665, 45913, 39654, 39256, 39019]}