{"avg": [0.26285714, 0.2896931, 0.29708436, 0.29300287, 0.2913673, 0.29402545, 0.30863777, 0.31833312, 0.30946973, 0.31332654, 0.31181094, 0.3180902, 0.33152744, 0.31922942, 0.31407407, 0.3212499, 0.33518386, 0.31873253, 0.34691536, 0.34344608, 0.3377336, 0.34578726, 0.3822778, 0.32363933, 0.3288398, 0.3684177, 0.34501386, 0.3592107, 0.36899486, 0.3476563, 0.33123648, 0.35943842, 0.36679178, 0.33966917, 0.3472625, 0.35218608, 0.3678141, 0.38445354, 0.3597512, 0.3587948, 0.36768392, 0.37682122, 0.3839125, 0.3908993, 0.41248098, 0.40517044, 0.37972006, 0.42092296, 0.4052593, 0.37958056], "std": [0.0841156, 0.07409099, 0.04982655, 0.04365753, 0.07330871, 0.073289685, 0.05154334, 0.04808029, 0.080868416, 0.075852305, 0.076668784, 0.07667211, 0.045368597, 0.075628735, 0.083967134, 0.056216814, 0.06445195, 0.05673769, 0.06777148, 0.07753102, 0.073613115, 0.07031849, 0.048544344, 0.058285218, 0.07616431, 0.0693531, 0.060785227, 0.06703099, 0.06718569, 0.073570095, 0.07539282, 0.07789638, 0.065969415, 0.055003565, 0.05126086, 0.06771925, 0.058032803, 0.06110993, 0.061787136, 0.08236467, 0.07817455, 0.066904925, 0.061180897, 0.07076496, 0.06595439, 0.06437735, 0.07253291, 0.069910586, 0.07178863, 0.069701836], "var": [0.98, 0.98, 0.98, 0.96, 0.94, 0.94, 0.92, 0.92, 0.92, 0.9, 0.9, 0.88, 0.88, 0.84, 0.82, 0.8, 0.8, 0.78, 0.76, 0.76, 0.74, 0.72, 0.72, 0.7, 0.68, 0.68, 0.68, 0.66, 0.62, 0.6, 0.6, 0.62, 0.58, 0.58, 0.58, 0.56, 0.54, 0.54, 0.52, 0.52, 0.52, 0.48, 0.46, 0.46, 0.48, 0.48, 0.48, 0.52, 0.56, 0.52], "best": [0.4333333, 0.46222222, 0.36396822, 0.3578231, 0.45502642, 0.45609757, 0.40081772, 0.40355125, 0.45456788, 0.45666668, 0.45691058, 0.45819208, 0.42066765, 0.4591346, 0.45970368, 0.46164572, 0.46233594, 0.4126867, 0.4625874, 0.46524587, 0.46687305, 0.46813723, 0.4701021, 0.42261907, 0.43362713, 0.47238803, 0.4262189, 0.47278285, 0.47413155, 0.4752688, 0.47585246, 0.4764905, 0.47531104, 0.43936506, 0.43407738, 0.47698268, 0.47779706, 0.47796512, 0.4366549, 0.47838414, 0.47882104, 0.4415631, 0.47938398, 0.48016444, 0.48316827, 0.48183906, 0.4832883, 0.4867284, 0.4858625, 0.48706532], "duration": [43288, 40423, 53850, 43665, 50459, 48237, 46866, 39335, 39144, 40207, 39836, 39620, 40180, 39577, 47083, 40082, 45883, 46160, 46483, 46328, 53107, 46606, 40017, 39415, 39629, 39831, 45848, 40210, 40051, 39408, 39571, 40213, 39700, 52931, 39444, 39983, 46828, 40377, 39949, 39834, 47078, 39739, 53749, 40163, 53729, 46767, 40275, 40531, 39931, 40414]}