{"avg": [0.29809526, 0.33116552, 0.33563194, 0.33146605, 0.33094642, 0.33353442, 0.34929422, 0.36385334, 0.3563443, 0.3739777, 0.34299237, 0.3352239, 0.35955855, 0.36601192, 0.33871162, 0.35053366, 0.36969158, 0.38897866, 0.37927258, 0.35377038, 0.38416162, 0.373225, 0.35474145, 0.384237, 0.35464355, 0.35354498, 0.3742352, 0.39101943, 0.3537856, 0.36861706, 0.36767933, 0.38142338, 0.39843017, 0.36134282, 0.38549116, 0.40200666, 0.38602227, 0.40575492, 0.37525207, 0.3908531, 0.39021844, 0.3784583, 0.4032581, 0.4099855, 0.43079022, 0.40911585, 0.40560916, 0.40229124, 0.4065552, 0.44165537], "std": [0.09958811, 0.08490297, 0.055563264, 0.047377333, 0.083450034, 0.087812446, 0.057930198, 0.05709504, 0.087309144, 0.07307845, 0.06841233, 0.051197436, 0.054129593, 0.0856378, 0.09230958, 0.05982618, 0.06283294, 0.07916168, 0.04284906, 0.063070185, 0.065934986, 0.05872838, 0.07605546, 0.0463396, 0.07896185, 0.060428992, 0.07228975, 0.088583246, 0.09048861, 0.07207927, 0.092514664, 0.07577176, 0.06517394, 0.07760217, 0.065473296, 0.06290288, 0.07291553, 0.067427, 0.104392745, 0.08130688, 0.0992113, 0.075787604, 0.094663456, 0.092157654, 0.052551348, 0.09971327, 0.07184889, 0.07242849, 0.09513994, 0.08830795], "var": [0.98, 0.98, 0.98, 0.96, 0.94, 0.94, 0.92, 0.92, 0.88, 0.88, 0.88, 0.86, 0.86, 0.84, 0.82, 0.82, 0.82, 0.78, 0.76, 0.78, 0.78, 0.78, 0.78, 0.76, 0.74, 0.72, 0.7, 0.66, 0.68, 0.66, 0.66, 0.64, 0.62, 0.6, 0.6, 0.62, 0.6, 0.56, 0.56, 0.52, 0.5, 0.52, 0.54, 0.56, 0.58, 0.6, 0.58, 0.56, 0.54, 0.52], "best": [0.49999997, 0.52476186, 0.4119728, 0.40670553, 0.5185941, 0.5195122, 0.45784375, 0.46018678, 0.518201, 0.51954883, 0.41000733, 0.46335602, 0.46355686, 0.5182313, 0.46648005, 0.46675774, 0.46705315, 0.5183823, 0.4717938, 0.4724152, 0.518657, 0.47289506, 0.44994417, 0.4730084, 0.47371906, 0.4740406, 0.51822656, 0.47472382, 0.47630233, 0.5179754, 0.476913, 0.47810146, 0.5182027, 0.48019257, 0.4802644, 0.5180811, 0.48108307, 0.5197302, 0.51997083, 0.48310584, 0.5206247, 0.5192857, 0.51959676, 0.5216514, 0.5222176, 0.48776087, 0.48905796, 0.48974055, 0.49065465, 0.5220982], "duration": [42759, 39524, 52454, 42638, 49553, 47533, 45356, 38353, 44542, 39486, 37119, 38665, 41119, 38727, 38765, 45590, 38735, 39176, 38947, 38337, 45793, 38656, 39025, 38863, 38237, 39146, 43902, 48572, 43441, 38551, 38677, 38866, 44066, 44238, 43421, 48207, 48915, 43795, 39099, 56674, 45643, 45550, 38980, 44145, 60659, 39600, 45838, 55167, 39354, 49129]}