{"avg": [0.2663248, 0.29592025, 0.29972562, 0.2966136, 0.29794145, 0.302989, 0.31544328, 0.32568064, 0.3135967, 0.32026005, 0.31874254, 0.318241, 0.33914128, 0.32655546, 0.3184697, 0.32817155, 0.34255296, 0.32807392, 0.35839778, 0.35940033, 0.37483388, 0.36411154, 0.3274691, 0.3727328, 0.36120602, 0.34977865, 0.35097185, 0.35808006, 0.34889704, 0.34429634, 0.34966815, 0.36605382, 0.3756367, 0.3863776, 0.4167946, 0.40214026, 0.35058102, 0.3897355, 0.36455917, 0.4018417, 0.3896346, 0.3959815, 0.41169876, 0.43563566, 0.39302647, 0.40352237, 0.4159627, 0.44012627, 0.417573, 0.43450862], "std": [0.08762015, 0.07603299, 0.049507353, 0.044406675, 0.07511782, 0.076609924, 0.058697127, 0.049053647, 0.07873638, 0.076413415, 0.07855932, 0.08227965, 0.055103585, 0.07714995, 0.08508942, 0.057713218, 0.06613519, 0.062264834, 0.06805068, 0.0820735, 0.07494524, 0.068663344, 0.05943481, 0.08214038, 0.061188787, 0.07780821, 0.059658315, 0.06149505, 0.06417649, 0.06727503, 0.06982134, 0.0696043, 0.077075236, 0.06631617, 0.07023625, 0.07440626, 0.07175782, 0.07024712, 0.071510956, 0.071273595, 0.07993729, 0.07910173, 0.07732288, 0.06996311, 0.07825111, 0.0744615, 0.098146446, 0.069696724, 0.10789013, 0.091183595], "var": [0.98, 0.98, 0.98, 0.96, 0.94, 0.94, 0.92, 0.92, 0.92, 0.9, 0.9, 0.88, 0.88, 0.84, 0.82, 0.8, 0.8, 0.78, 0.76, 0.76, 0.74, 0.7, 0.7, 0.7, 0.68, 0.68, 0.7, 0.72, 0.7, 0.72, 0.72, 0.72, 0.7, 0.68, 0.66, 0.62, 0.58, 0.58, 0.58, 0.56, 0.56, 0.54, 0.54, 0.52, 0.5, 0.5, 0.48, 0.44, 0.42, 0.46], "best": [0.44358978, 0.47247866, 0.37239313, 0.366248, 0.4652829, 0.466354, 0.40960893, 0.41234246, 0.42636278, 0.46692312, 0.46716702, 0.46844852, 0.46901932, 0.46939108, 0.46996012, 0.47190216, 0.47232994, 0.42160094, 0.47237766, 0.4748466, 0.4776455, 0.48084465, 0.43159756, 0.48140338, 0.4346187, 0.48319373, 0.43879125, 0.48365092, 0.4845358, 0.48459336, 0.48525643, 0.4853908, 0.48635462, 0.48726144, 0.48898372, 0.49170518, 0.49336067, 0.49612164, 0.4943498, 0.4951001, 0.4983039, 0.4969736, 0.552712, 0.5021662, 0.50265735, 0.5029662, 0.5578217, 0.5075026, 0.5610449, 0.56266975], "duration": [43047, 40018, 52794, 42983, 49957, 48036, 45567, 38716, 38317, 39622, 39032, 39492, 39669, 39084, 46098, 39392, 45099, 45352, 46010, 46236, 52811, 39838, 37815, 40317, 45860, 39491, 38356, 39470, 39015, 39273, 46065, 45838, 39714, 47300, 40433, 39855, 39986, 40192, 38890, 39801, 40106, 46964, 53754, 47314, 39936, 40175, 40009, 40511, 40787, 47049]}