{"avg": [0.26031747, 0.2896931, 0.29307437, 0.29300287, 0.29537734, 0.29626635, 0.31064278, 0.320574, 0.30834097, 0.32504535, 0.31316, 0.2990932, 0.32743004, 0.32884076, 0.3091559, 0.3142484, 0.33245504, 0.33659837, 0.3510671, 0.33400074, 0.31225607, 0.3553234, 0.3553873, 0.35605675, 0.35386825, 0.34738874, 0.36884767, 0.37228727, 0.36738476, 0.3445997, 0.3579444, 0.37593725, 0.37886506, 0.38280272, 0.36473492, 0.38251966, 0.39672253, 0.36770913, 0.374753, 0.42844012, 0.39482868, 0.41557497, 0.39906847, 0.4189744, 0.3881905, 0.36468098, 0.42636785, 0.40154085, 0.41338786, 0.43479455], "std": [0.08539034, 0.07409099, 0.04883301, 0.04365753, 0.0705064, 0.07189606, 0.052799568, 0.0491792, 0.08057846, 0.06462788, 0.07414443, 0.063063435, 0.039407905, 0.06397372, 0.07315211, 0.06813217, 0.0394509, 0.058511447, 0.062003165, 0.06279667, 0.046870776, 0.06103812, 0.056850582, 0.05654378, 0.05118637, 0.07872333, 0.037159983, 0.076421924, 0.062016256, 0.057996415, 0.067011915, 0.076447584, 0.07110798, 0.083419144, 0.06850322, 0.06506445, 0.07058067, 0.07311656, 0.07463279, 0.05584691, 0.074800774, 0.065692894, 0.0706338, 0.04982831, 0.08678026, 0.09464784, 0.070643105, 0.08127828, 0.09084874, 0.064206846], "var": [0.98, 0.98, 0.98, 0.96, 0.94, 0.94, 0.92, 0.92, 0.92, 0.9, 0.9, 0.88, 0.88, 0.86, 0.84, 0.84, 0.8, 0.82, 0.8, 0.8, 0.78, 0.76, 0.76, 0.76, 0.74, 0.7, 0.68, 0.66, 0.64, 0.64, 0.62, 0.6, 0.6, 0.56, 0.52, 0.52, 0.52, 0.54, 0.52, 0.54, 0.52, 0.52, 0.5, 0.54, 0.5, 0.46, 0.46, 0.48, 0.48, 0.46], "best": [0.4333333, 0.46222222, 0.36396822, 0.3578231, 0.45502642, 0.45609757, 0.40081772, 0.40355125, 0.45456788, 0.45599997, 0.45650408, 0.36771587, 0.38826704, 0.4557692, 0.45688888, 0.457563, 0.40835688, 0.4114567, 0.45749128, 0.4590759, 0.38090745, 0.45981872, 0.46254787, 0.46401826, 0.46509185, 0.4649916, 0.42644355, 0.47017953, 0.46780047, 0.4696703, 0.46972278, 0.46967828, 0.4706192, 0.47792706, 0.47384045, 0.47428057, 0.4751313, 0.4762309, 0.48388338, 0.48475575, 0.47880688, 0.4796636, 0.49771142, 0.49021897, 0.50109524, 0.5024674, 0.48319635, 0.5047427, 0.5055263, 0.5067782], "duration": [43136, 39985, 52856, 43151, 50000, 48043, 45990, 38875, 39025, 39670, 39127, 39120, 39462, 39274, 39278, 39071, 52036, 45599, 40151, 39427, 38518, 39462, 39738, 39862, 39696, 39885, 39008, 39772, 40360, 39359, 46174, 46361, 39947, 53472, 45889, 39730, 46236, 39917, 40225, 39624, 40122, 46668, 39169, 39588, 39751, 39683, 47051, 40595, 40032, 40301]}