{"avg": [0.2538095, 0.27798414, 0.28803885, 0.27944607, 0.2826232, 0.2858552, 0.29952344, 0.31038848, 0.29768428, 0.3139371, 0.30574915, 0.28650478, 0.3164909, 0.3160765, 0.29400796, 0.30449888, 0.3132621, 0.31007084, 0.34517843, 0.34931478, 0.31340864, 0.32152042, 0.32063344, 0.31394875, 0.31399104, 0.33551705, 0.3132432, 0.325988, 0.3447742, 0.33949113, 0.332156, 0.33742696, 0.35887188, 0.32565454, 0.3546308, 0.3486879, 0.36013737, 0.3581546, 0.3423663, 0.3387595, 0.3451831, 0.3467828, 0.35505897, 0.38288406, 0.38437855, 0.3617232, 0.34838775, 0.36621672, 0.352997, 0.37353507], "std": [0.085946776, 0.07469413, 0.048899785, 0.042446677, 0.07278014, 0.07407934, 0.05095053, 0.047636073, 0.08055594, 0.06497277, 0.074865244, 0.062093694, 0.04100763, 0.060131747, 0.0698593, 0.06371252, 0.037781958, 0.05681212, 0.05326195, 0.05014175, 0.07824566, 0.058942158, 0.061454, 0.057114, 0.050574277, 0.071709335, 0.05910014, 0.05193731, 0.065408215, 0.05499336, 0.053805456, 0.065845616, 0.051035088, 0.048821777, 0.061390292, 0.053835046, 0.048878465, 0.07035959, 0.059143968, 0.06525333, 0.050948948, 0.06500768, 0.062350854, 0.058197103, 0.060920656, 0.06221112, 0.07746718, 0.06839214, 0.07137586, 0.07183404], "var": [0.98, 0.98, 0.98, 0.96, 0.94, 0.94, 0.92, 0.92, 0.92, 0.9, 0.9, 0.88, 0.88, 0.88, 0.86, 0.84, 0.84, 0.82, 0.82, 0.8, 0.82, 0.8, 0.78, 0.74, 0.74, 0.72, 0.7, 0.66, 0.66, 0.66, 0.62, 0.58, 0.54, 0.54, 0.52, 0.5, 0.48, 0.48, 0.46, 0.48, 0.52, 0.5, 0.48, 0.48, 0.5, 0.5, 0.46, 0.46, 0.46, 0.44], "best": [0.425, 0.4466667, 0.35511905, 0.3505102, 0.44126984, 0.4420732, 0.38632756, 0.38837773, 0.44092593, 0.442, 0.44237807, 0.3579298, 0.36977172, 0.44182694, 0.44244444, 0.44299164, 0.39170417, 0.44302976, 0.4433979, 0.44534886, 0.44648564, 0.44817075, 0.44883722, 0.44951525, 0.4494695, 0.44943184, 0.45054615, 0.45029277, 0.45022574, 0.45142233, 0.45191085, 0.45185187, 0.4526786, 0.45313707, 0.45299625, 0.45396176, 0.4542403, 0.45459622, 0.45560202, 0.45590392, 0.4560222, 0.45582563, 0.4560332, 0.45693216, 0.45830935, 0.45748946, 0.46510345, 0.46559975, 0.45870712, 0.46700132], "duration": [43052, 39797, 52713, 42822, 49907, 47833, 45659, 38663, 38719, 39283, 38777, 38690, 39188, 38842, 45777, 39389, 38777, 45815, 40163, 39641, 46482, 38924, 39410, 39163, 45688, 39557, 45495, 45362, 39854, 39803, 39569, 39174, 39971, 45976, 39490, 46547, 39635, 40258, 38940, 39547, 39197, 46354, 39682, 46778, 39360, 39290, 52886, 39623, 38574, 45844]}