{"avg": [0.30122453, 0.33116552, 0.3381024, 0.33817163, 0.33094642, 0.33629552, 0.35176468, 0.36037198, 0.34974957, 0.32959372, 0.34354252, 0.36218962, 0.34037188, 0.34884357, 0.3546599, 0.37206244, 0.34256697, 0.35853836, 0.34310567, 0.36501545, 0.38707027, 0.35456654, 0.38456926, 0.37109783, 0.36268896, 0.38254493, 0.39496765, 0.38293573, 0.37547204, 0.3931474, 0.39422196, 0.37610313, 0.3823819, 0.3796539, 0.38557446, 0.37812364, 0.3639627, 0.39140433, 0.40620703, 0.37753236, 0.3917463, 0.38994512, 0.42464507, 0.3902934, 0.3574412, 0.4253996, 0.41149637, 0.39209804, 0.3877596, 0.3815112], "std": [0.097427115, 0.08490297, 0.05736414, 0.04522703, 0.083450034, 0.084911406, 0.059129477, 0.055839103, 0.09243025, 0.04436471, 0.07925839, 0.0638721, 0.06765629, 0.04749998, 0.042597294, 0.053215846, 0.07791858, 0.053076357, 0.07746615, 0.046885706, 0.050638657, 0.088641, 0.04138794, 0.077431716, 0.06256743, 0.04703897, 0.076112464, 0.062082298, 0.0824353, 0.07853812, 0.086811915, 0.08761202, 0.09121409, 0.08758971, 0.07874264, 0.0872385, 0.09448143, 0.09843234, 0.055014983, 0.10839397, 0.09182988, 0.09389541, 0.08588602, 0.13252576, 0.09309977, 0.10837027, 0.104376264, 0.10436442, 0.10712076, 0.09796222], "var": [0.98, 0.98, 0.98, 0.96, 0.94, 0.94, 0.92, 0.92, 0.92, 0.9, 0.88, 0.86, 0.86, 0.84, 0.86, 0.86, 0.86, 0.82, 0.82, 0.8, 0.8, 0.78, 0.78, 0.78, 0.76, 0.78, 0.78, 0.78, 0.74, 0.78, 0.78, 0.76, 0.78, 0.76, 0.76, 0.74, 0.72, 0.72, 0.72, 0.68, 0.66, 0.66, 0.64, 0.62, 0.58, 0.58, 0.6, 0.6, 0.6, 0.6], "best": [0.49999997, 0.52476186, 0.4119728, 0.40670553, 0.5185941, 0.5195122, 0.45784375, 0.46018678, 0.518201, 0.3980136, 0.4504231, 0.4624467, 0.46349674, 0.44707486, 0.40114793, 0.51215947, 0.4636958, 0.465276, 0.46616843, 0.46758422, 0.46839634, 0.46947357, 0.47020644, 0.51727706, 0.45857903, 0.4597017, 0.5195719, 0.52054226, 0.52124846, 0.52172107, 0.52298373, 0.5241323, 0.5248812, 0.52551407, 0.5259534, 0.52662605, 0.5271632, 0.5278066, 0.46686298, 0.5192787, 0.5284621, 0.5287031, 0.5293313, 0.5299739, 0.5208016, 0.53062654, 0.5318681, 0.5321525, 0.5327664, 0.5329382], "duration": [43060, 39997, 52817, 43097, 50031, 47956, 45996, 36103, 38664, 39099, 39315, 39607, 51591, 39159, 38247, 39912, 37850, 38908, 37756, 45791, 39519, 52459, 39403, 39291, 39490, 39684, 39382, 46153, 38987, 53326, 39688, 45797, 39440, 39625, 38983, 39779, 38630, 40023, 40046, 40000, 39838, 39659, 40285, 39746, 39395, 40426, 40319, 39817, 40067, 39420]}