{"avg": [0.26031747, 0.30558726, 0.2928345, 0.2901515, 0.30631053, 0.2758053, 0.28935117, 0.31652197, 0.32384762, 0.31910795, 0.29055673, 0.32028463, 0.2879102, 0.321049, 0.32657698, 0.3246779, 0.32732713, 0.33841017, 0.34528837, 0.32927302, 0.31801912, 0.34642938, 0.32408348, 0.3461949, 0.31716594, 0.33663234, 0.34554714, 0.35226965, 0.37511536, 0.3530028, 0.33344835, 0.32633463, 0.3453294, 0.33601996, 0.37126058, 0.33925116, 0.3520904, 0.35020226, 0.36267105, 0.33259985, 0.33577776, 0.34178215, 0.35798016, 0.33346438, 0.35055146, 0.36892283, 0.32997924, 0.4147738, 0.3540754, 0.36735636], "std": [0.08539034, 0.061447695, 0.04251061, 0.0607121, 0.041477855, 0.052936327, 0.06433345, 0.053598322, 0.04936764, 0.05288312, 0.045055583, 0.052448615, 0.061666943, 0.052027814, 0.043821476, 0.045834884, 0.031789392, 0.02995314, 0.041248012, 0.050102193, 0.048494156, 0.039682984, 0.0510558, 0.04655132, 0.085075244, 0.059291355, 0.070551604, 0.05016291, 0.039859965, 0.07275748, 0.057970602, 0.067079715, 0.06357739, 0.046009522, 0.061273076, 0.064471416, 0.065622374, 0.050845813, 0.042692825, 0.06944719, 0.07466597, 0.055844128, 0.06164124, 0.06052287, 0.079465754, 0.0640164, 0.084356554, 0.039562203, 0.08054371, 0.089170985], "var": [0.98, 0.98, 0.98, 0.96, 0.94, 0.9, 0.88, 0.86, 0.86, 0.88, 0.88, 0.86, 0.82, 0.8, 0.78, 0.76, 0.74, 0.74, 0.76, 0.76, 0.72, 0.7, 0.68, 0.66, 0.66, 0.66, 0.66, 0.66, 0.7, 0.68, 0.66, 0.66, 0.64, 0.68, 0.68, 0.66, 0.64, 0.64, 0.64, 0.62, 0.62, 0.6, 0.62, 0.58, 0.56, 0.52, 0.52, 0.56, 0.54, 0.52], "best": [0.4333333, 0.46222222, 0.34857145, 0.3587662, 0.35786924, 0.3624127, 0.364709, 0.44923544, 0.45146665, 0.45324072, 0.36542442, 0.40125036, 0.3881816, 0.45112178, 0.4044473, 0.40623018, 0.36746344, 0.39241624, 0.4064219, 0.40703937, 0.4072405, 0.44880238, 0.4494318, 0.4507246, 0.45142856, 0.45208332, 0.45490465, 0.45373365, 0.45414814, 0.45512545, 0.45859215, 0.45921782, 0.45994782, 0.41804323, 0.45431873, 0.4075446, 0.46296754, 0.45531198, 0.4554461, 0.45567998, 0.45640624, 0.46495616, 0.46536472, 0.4567345, 0.46580765, 0.46668646, 0.4676242, 0.46807763, 0.46904764, 0.460034], "duration": [43040, 39295, 39022, 47682, 39047, 45274, 52313, 38670, 59042, 38640, 44909, 39204, 38757, 45329, 39955, 39325, 38529, 39075, 39212, 39601, 38738, 52726, 39447, 45835, 40029, 45384, 39721, 39799, 40084, 53277, 39137, 39633, 46548, 39433, 39421, 39393, 39640, 39439, 39989, 39017, 39571, 39319, 38662, 39322, 52623, 39832, 39278, 40209, 39530, 40174]}