{"avg": [0.47293696, 0.51545703, 0.5367874, 0.5626019, 0.5898269, 0.5983285, 0.6134834, 0.6166808, 0.6187323, 0.6111329, 0.62160397, 0.62262094, 0.62496024, 0.62990266, 0.64810294, 0.63511497, 0.6475013, 0.64269614, 0.6613364, 0.6577798, 0.6602079, 0.6481714, 0.65504014, 0.6452629, 0.66262656, 0.6746676, 0.65083516, 0.6574863, 0.66252434, 0.6639977, 0.6783587, 0.68392575, 0.67187977, 0.6832678, 0.6830808, 0.6608924, 0.6938206, 0.68382746, 0.7027501, 0.6970468, 0.69885755, 0.68346137, 0.69573194, 0.69685704, 0.6979292, 0.6842218, 0.6979978, 0.6875706, 0.6957194, 0.68929696, 0.69605505, 0.7069065, 0.71581876, 0.6968771, 0.70494306, 0.681118, 0.6926729, 0.6885915, 0.7142589, 0.6986943, 0.7026433, 0.70726025, 0.7152458, 0.69187915, 0.6950888, 0.7029101, 0.6927915, 0.7305696, 0.7135072, 0.69470394, 0.70735437, 0.71387136, 0.72649974, 0.6884685, 0.70618373], "std": [0.09547932, 0.090465724, 0.07342248, 0.06128147, 0.06293996, 0.05292204, 0.041271273, 0.041186687, 0.043951772, 0.05159299, 0.04274909, 0.044030923, 0.041492797, 0.038994353, 0.006035221, 0.041625965, 0.029095422, 0.038658086, 0.0039027527, 0.02507613, 0.02719982, 0.047762856, 0.045169603, 0.05349291, 0.041518897, 0.029967116, 0.05351389, 0.05245585, 0.050331686, 0.052117262, 0.040859062, 0.03644513, 0.05040304, 0.04208166, 0.04455185, 0.058639713, 0.03589552, 0.04808287, 0.0260766, 0.03757864, 0.036734696, 0.051940735, 0.042848222, 0.042848222, 0.042848237, 0.053920083, 0.044650078, 0.053021964, 0.04808287, 0.053021964, 0.04897959, 0.03945178, 0.026687164, 0.049920306, 0.04372305, 0.058404442, 0.053768437, 0.056113176, 0.035944104, 0.051314723, 0.048979595, 0.04563404, 0.03757864, 0.056113172, 0.054845262, 0.05050666, 0.05634255, 1.7881393e-07, 0.042848185, 0.056113176, 0.048979614, 0.04372303, 0.026687143, 0.058903556, 0.050906897], "var": [1.0, 1.0, 0.96, 0.96, 1.0, 1.0, 1.0, 1.0, 0.96, 0.96, 0.96, 0.96, 0.92, 0.92, 0.88, 0.96, 0.88, 0.84, 0.8, 0.8, 0.72, 0.64, 0.44, 0.44, 0.32, 0.28, 0.24, 0.24, 0.24, 0.24, 0.2, 0.2, 0.16, 0.12, 0.12, 0.08, 0.04, 0.04, 0.04, 0.04, 0.04, 0.04, 0.04, 0.04, 0.04, 0.04, 0.04, 0.04, 0.04, 0.04, 0.04, 0.04, 0.04, 0.04, 0.04, 0.04, 0.04, 0.04, 0.04, 0.04, 0.04, 0.04, 0.04, 0.04, 0.04, 0.04, 0.04, 0.04, 0.04, 0.04, 0.04, 0.04, 0.04, 0.04, 0.04], "best": [0.61734694, 0.62790596, 0.6303038, 0.63314784, 0.63617814, 0.6368623, 0.63773954, 0.6397154, 0.6406335, 0.642988, 0.6449171, 0.647195, 0.649896, 0.65244013, 0.6564422, 0.659675, 0.6628956, 0.665137, 0.66723424, 0.669596, 0.67240506, 0.67484945, 0.6777507, 0.68029344, 0.6827635, 0.68534803, 0.6871231, 0.68913656, 0.6914137, 0.69328815, 0.69547635, 0.69763404, 0.69938654, 0.70090574, 0.7026724, 0.704177, 0.7056586, 0.70715094, 0.70858115, 0.70993626, 0.7111024, 0.71227294, 0.7132248, 0.71434975, 0.7154221, 0.7164454, 0.71733177, 0.7181829, 0.71904314, 0.71990925, 0.720545, 0.7213121, 0.7219413, 0.7226558, 0.7233103, 0.72397506, 0.7246162, 0.7253261, 0.7259208, 0.7265238, 0.72713315, 0.7276683, 0.7281353, 0.7286139, 0.72910255, 0.72952956, 0.7300585, 0.7305694, 0.7309998, 0.7314385, 0.73184425, 0.7322387, 0.73262227, 0.7329955, 0.7333946], "duration": [87454, 65933, 87398, 70948, 83553, 88143, 83545, 71141, 82244, 71207, 65751, 76500, 76567, 76809, 98854, 65725, 65575, 71181, 71617, 76524, 82010, 82041, 87545, 71643, 87516, 71301, 71090, 76618, 82140, 87651, 76600, 76760, 76681, 92919, 65648, 66275, 82068, 71111, 76684, 65637, 66071, 65596, 81925, 76604, 87551, 65695, 76504, 82040, 65703, 71135, 65615, 71344, 82104, 87698, 76694, 98973, 98674, 65641, 76646, 65716, 71184, 76620, 87595, 65631, 76594, 76774, 76627, 65639, 76653, 76610, 76573, 71247, 71164, 87550, 65712]}