{"avg": [0.24074075, 0.26762962, 0.26859653, 0.255345, 0.2695767, 0.2709384, 0.2925451, 0.27524644, 0.28581893, 0.26409528, 0.27122852, 0.28140736, 0.27666384, 0.2761799, 0.27447218, 0.2971885, 0.27280712, 0.2815923, 0.29973567, 0.28183007, 0.29238555, 0.28989083, 0.29204363, 0.287276, 0.29698133, 0.29733023, 0.31794053, 0.3231572, 0.31530938, 0.30414876, 0.30080554, 0.30840442, 0.30914325, 0.32732096, 0.2903263, 0.3155107, 0.33221376, 0.3221976, 0.29673868, 0.33136627, 0.30636245, 0.32212266, 0.31284574, 0.33197483, 0.3092937, 0.3442151, 0.34180003, 0.30118966, 0.3198928, 0.33361542], "std": [0.07324536, 0.063589305, 0.047356144, 0.0530521, 0.06053669, 0.07045891, 0.040577736, 0.04673038, 0.061172143, 0.039654303, 0.049840815, 0.0583614, 0.053745035, 0.046968788, 0.08124252, 0.045136984, 0.036455683, 0.04066462, 0.048380975, 0.04380135, 0.034122743, 0.04999623, 0.04443963, 0.043032564, 0.06558394, 0.05002903, 0.04444551, 0.036178492, 0.04553933, 0.042899366, 0.04759867, 0.0466037, 0.061120942, 0.06429877, 0.07887394, 0.05879273, 0.038842473, 0.04149242, 0.047786057, 0.05272431, 0.06869173, 0.059432197, 0.06292101, 0.07471071, 0.061769642, 0.04805677, 0.054410186, 0.06538905, 0.08029979, 0.062297445], "var": [0.98, 0.98, 0.98, 0.96, 0.92, 0.9, 0.9, 0.9, 0.9, 0.88, 0.9, 0.88, 0.9, 0.86, 0.86, 0.86, 0.88, 0.9, 0.9, 0.9, 0.9, 0.88, 0.88, 0.86, 0.84, 0.82, 0.84, 0.82, 0.82, 0.82, 0.8, 0.76, 0.76, 0.76, 0.78, 0.78, 0.76, 0.76, 0.76, 0.74, 0.72, 0.72, 0.7, 0.7, 0.66, 0.66, 0.64, 0.64, 0.64, 0.62], "best": [0.38888887, 0.41777778, 0.32666665, 0.32052153, 0.4100529, 0.41111112, 0.36589658, 0.32325798, 0.4108642, 0.324, 0.3643631, 0.4106766, 0.36542583, 0.36482358, 0.41062164, 0.41161618, 0.33268982, 0.33248174, 0.4121876, 0.36761382, 0.36866805, 0.3677877, 0.4112363, 0.3629032, 0.40189004, 0.3693827, 0.41224596, 0.41320083, 0.41396263, 0.40436336, 0.37430552, 0.37468013, 0.41559455, 0.4169091, 0.40670356, 0.3782548, 0.41567147, 0.38087985, 0.37442794, 0.41927472, 0.41992697, 0.3826802, 0.4196849, 0.4206164, 0.4214592, 0.4218038, 0.42235884, 0.42333928, 0.4231846, 0.4237218], "duration": [43100, 40056, 52865, 38118, 56792, 42973, 38914, 38253, 38905, 39593, 45708, 39512, 37470, 44557, 39136, 39704, 38338, 45574, 39385, 44288, 38767, 45702, 39561, 38473, 39668, 39429, 46805, 46387, 39798, 38210, 39812, 38751, 39743, 39906, 46014, 39908, 40325, 39197, 38394, 39350, 39859, 39538, 39553, 38855, 39424, 39012, 39244, 46211, 39506, 39678]}