{"avg": [0.26814815, 0.2985185, 0.30567256, 0.2957467, 0.2986522, 0.30468836, 0.32031566, 0.3205926, 0.32607907, 0.31460884, 0.31124455, 0.31180364, 0.30660936, 0.32822493, 0.3134772, 0.2885923, 0.30674633, 0.32291415, 0.3437206, 0.35092673, 0.3074506, 0.33788666, 0.36102015, 0.3275148, 0.3094275, 0.33347762, 0.34586108, 0.3078937, 0.32807186, 0.33589682, 0.34572652, 0.34824574, 0.3671923, 0.34954342, 0.38092458, 0.36718884, 0.3640483, 0.3669483, 0.33673474, 0.35686725, 0.37408945, 0.38566357, 0.3688459, 0.3636341, 0.37610915, 0.36566472, 0.3765529, 0.3787162, 0.37687024, 0.38063917], "std": [0.09035338, 0.07841503, 0.051305115, 0.05647583, 0.07669777, 0.08200084, 0.056396283, 0.06975044, 0.04853781, 0.05586673, 0.04498837, 0.06102341, 0.0702306, 0.0639315, 0.06308758, 0.066869706, 0.06823977, 0.07326971, 0.05768851, 0.03376292, 0.07692489, 0.08622075, 0.04814958, 0.07754664, 0.08717904, 0.071260795, 0.05991031, 0.07948484, 0.081847526, 0.08211042, 0.07711961, 0.073290825, 0.062840894, 0.06263808, 0.040531006, 0.059750896, 0.04267066, 0.06661716, 0.06445867, 0.055250064, 0.066718586, 0.04882247, 0.07650855, 0.0701797, 0.066042304, 0.05705414, 0.055102773, 0.052768953, 0.05405466, 0.049773574], "var": [0.98, 0.98, 0.98, 0.96, 0.94, 0.94, 0.92, 0.92, 0.9, 0.9, 0.86, 0.84, 0.84, 0.84, 0.82, 0.8, 0.8, 0.78, 0.8, 0.8, 0.8, 0.82, 0.82, 0.8, 0.78, 0.76, 0.76, 0.76, 0.76, 0.76, 0.74, 0.7, 0.72, 0.7, 0.72, 0.74, 0.72, 0.7, 0.72, 0.72, 0.72, 0.72, 0.68, 0.68, 0.68, 0.7, 0.66, 0.66, 0.66, 0.68], "best": [0.4511111, 0.48000002, 0.37888893, 0.37274376, 0.47280422, 0.47387537, 0.4154209, 0.47429952, 0.42017093, 0.41929987, 0.40209803, 0.41979802, 0.37805998, 0.47485098, 0.42044246, 0.3794302, 0.37583888, 0.41613638, 0.4187336, 0.41875377, 0.4194872, 0.47367212, 0.4740156, 0.42300656, 0.4235592, 0.40421358, 0.47380438, 0.42513192, 0.4249628, 0.47499505, 0.42561257, 0.47635317, 0.47747234, 0.4785128, 0.42964077, 0.47975218, 0.42568603, 0.4650519, 0.4655443, 0.4659551, 0.48215476, 0.43511942, 0.4838356, 0.46941984, 0.48583534, 0.43948433, 0.47724137, 0.48674798, 0.44111848, 0.44170275], "duration": [43066, 39955, 52915, 38144, 45047, 43480, 39357, 38727, 45162, 39370, 38849, 38274, 38259, 39191, 39806, 38501, 39027, 45884, 39351, 46266, 39072, 45941, 39583, 39039, 38929, 39497, 39061, 45285, 39041, 52286, 39384, 46216, 40029, 39498, 39866, 40106, 39490, 39708, 39295, 39711, 39465, 40060, 59642, 46359, 39905, 39660, 40049, 46534, 40006, 39340]}