{"avg": [0.25777778, 0.2896931, 0.29708436, 0.28688046, 0.2893623, 0.29402545, 0.31064278, 0.320574, 0.30834097, 0.32232428, 0.31316, 0.29685232, 0.32470894, 0.32884076, 0.3146146, 0.3103455, 0.32695043, 0.30353227, 0.3168425, 0.3135027, 0.3518685, 0.34526092, 0.3244664, 0.31370503, 0.31157002, 0.3701316, 0.38187087, 0.3806956, 0.34809837, 0.36473262, 0.34205526, 0.32645667, 0.34181544, 0.34769616, 0.33864632, 0.3525588, 0.3593501, 0.3854718, 0.37168762, 0.34715986, 0.34000286, 0.36666664, 0.3684664, 0.3635981, 0.37589616, 0.37926897, 0.35963503, 0.403682, 0.37415674, 0.4121752, 0.40435103, 0.41033956, 0.38262016, 0.39773923, 0.38892707, 0.43357643, 0.4142062, 0.4137184, 0.40853894, 0.4051592, 0.39167243, 0.401224, 0.42500138, 0.41618663, 0.4210812, 0.4298048, 0.47083023, 0.45457786, 0.47033745, 0.4586695, 0.45540598, 0.47219208, 0.47151777, 0.42369217, 0.46084133], "std": [0.08726752, 0.07409099, 0.04982655, 0.050351575, 0.07199143, 0.073289685, 0.052799568, 0.0491792, 0.08057846, 0.06927916, 0.07414443, 0.061366335, 0.04230329, 0.06397372, 0.07263663, 0.06809776, 0.049451742, 0.078543216, 0.07386148, 0.09241439, 0.063529715, 0.06300385, 0.05784876, 0.06928415, 0.07066812, 0.0651374, 0.06097804, 0.06570666, 0.061188743, 0.06611498, 0.1099737, 0.049768765, 0.058192976, 0.07694908, 0.05679396, 0.07521629, 0.08889944, 0.07181481, 0.08572851, 0.088827565, 0.06809414, 0.0928938, 0.086102076, 0.068730034, 0.06730095, 0.078559846, 0.05890872, 0.077530794, 0.0776203, 0.06449422, 0.06802166, 0.077064, 0.06720094, 0.074313454, 0.07645599, 0.07112783, 0.068963, 0.07302477, 0.0865783, 0.0932433, 0.077430494, 0.08024541, 0.078715034, 0.08190207, 0.0767266, 0.078281365, 0.05201952, 0.06872499, 0.040788226, 0.060392447, 0.07931678, 0.068385854, 0.07207552, 0.099586025, 0.08091617], "var": [0.98, 0.98, 0.98, 0.96, 0.94, 0.94, 0.92, 0.92, 0.92, 0.9, 0.9, 0.88, 0.88, 0.86, 0.84, 0.84, 0.82, 0.84, 0.82, 0.82, 0.82, 0.8, 0.8, 0.78, 0.74, 0.74, 0.7, 0.7, 0.68, 0.7, 0.68, 0.68, 0.64, 0.62, 0.64, 0.62, 0.6, 0.6, 0.6, 0.6, 0.62, 0.6, 0.6, 0.58, 0.58, 0.58, 0.54, 0.5, 0.46, 0.44, 0.46, 0.48, 0.52, 0.48, 0.48, 0.48, 0.48, 0.46, 0.44, 0.44, 0.42, 0.44, 0.42, 0.4, 0.38, 0.38, 0.38, 0.38, 0.36, 0.38, 0.34, 0.32, 0.32, 0.32, 0.32], "best": [0.4333333, 0.46222222, 0.36396822, 0.3578231, 0.45502642, 0.45609757, 0.40081772, 0.40355125, 0.45456788, 0.45599997, 0.45650408, 0.36771587, 0.38826704, 0.4557692, 0.45688888, 0.45770308, 0.458498, 0.45947954, 0.46063828, 0.46120402, 0.46237943, 0.46380365, 0.46403506, 0.46406683, 0.4125174, 0.46370557, 0.46536586, 0.46713948, 0.46788153, 0.4695238, 0.4707092, 0.4246852, 0.47192279, 0.4721576, 0.47270438, 0.47253823, 0.47301304, 0.4744521, 0.47542086, 0.4767759, 0.43204224, 0.47727743, 0.47867274, 0.4795667, 0.47957912, 0.48056337, 0.4516519, 0.48055932, 0.48258376, 0.48320377, 0.4839915, 0.48487496, 0.48418906, 0.486258, 0.48742136, 0.48814213, 0.4941288, 0.4908854, 0.4913377, 0.49716234, 0.49341825, 0.49843585, 0.49475846, 0.50389785, 0.50453943, 0.50510305, 0.50602835, 0.50739324, 0.50275946, 0.5096255, 0.5108463, 0.51175404, 0.51305383, 0.5112676, 0.5149754], "duration": [43059, 39882, 52943, 38238, 49894, 47874, 45660, 38788, 38751, 39404, 38939, 38818, 39319, 38854, 39222, 38468, 45514, 38810, 39358, 38600, 46527, 39412, 39111, 46925, 39477, 39613, 39921, 46558, 46215, 39758, 39553, 37986, 38831, 39516, 39047, 46011, 39696, 39629, 40168, 39616, 38652, 39567, 52588, 52633, 39441, 39336, 45860, 40318, 39456, 39832, 39888, 40127, 39415, 46371, 39746, 40299, 46785, 39613, 40153, 39892, 39626, 39467, 47026, 40195, 40147, 40354, 40463, 40244, 40233, 40093, 47124, 40517, 40538, 46819, 47317]}