{"avg": [0.26503703, 0.29407406, 0.301462, 0.29765147, 0.29806742, 0.29606092, 0.31537127, 0.32804367, 0.31310287, 0.33007935, 0.32109654, 0.32141796, 0.3383383, 0.3143885, 0.3108254, 0.32242307, 0.32692248, 0.33453116, 0.35641462, 0.3514139, 0.3551064, 0.33431014, 0.3411132, 0.382732, 0.36174044, 0.35586992, 0.33787596, 0.38029164, 0.38981983, 0.35137537, 0.34348977, 0.3864933, 0.37477356, 0.37998953, 0.39500904, 0.38349155, 0.39339572, 0.36953464, 0.39038986, 0.4017128, 0.40177506, 0.39762226, 0.41382754, 0.41944695, 0.37931654, 0.42235488, 0.41317663, 0.42431337, 0.4102979, 0.45110184], "std": [0.08591111, 0.074500985, 0.05047924, 0.044405464, 0.07139191, 0.07345993, 0.051933214, 0.051746197, 0.081346706, 0.0651236, 0.07557474, 0.074420676, 0.053023707, 0.06518711, 0.08125326, 0.054179605, 0.06375898, 0.056754917, 0.067133985, 0.0677306, 0.052458238, 0.061685383, 0.052253373, 0.06831774, 0.052904025, 0.057367593, 0.067616396, 0.057772715, 0.052439976, 0.08030544, 0.06469524, 0.06560214, 0.067924686, 0.07644283, 0.064476594, 0.06989817, 0.0779237, 0.08191484, 0.07608332, 0.07474799, 0.07192328, 0.07059452, 0.07485289, 0.074268825, 0.0860132, 0.07503079, 0.07520905, 0.070010655, 0.08059658, 0.052402712], "var": [0.98, 0.98, 0.98, 0.96, 0.94, 0.94, 0.92, 0.92, 0.92, 0.9, 0.88, 0.86, 0.84, 0.82, 0.8, 0.76, 0.78, 0.74, 0.74, 0.72, 0.74, 0.7, 0.68, 0.64, 0.62, 0.62, 0.62, 0.6, 0.6, 0.58, 0.6, 0.6, 0.62, 0.62, 0.62, 0.58, 0.58, 0.58, 0.58, 0.54, 0.52, 0.54, 0.54, 0.54, 0.52, 0.54, 0.52, 0.5, 0.54, 0.54], "best": [0.43777776, 0.46666667, 0.36777773, 0.36385486, 0.45947087, 0.460542, 0.40653202, 0.40926555, 0.4590123, 0.46044442, 0.4609485, 0.46225986, 0.46286368, 0.46325853, 0.46325922, 0.46525335, 0.46546805, 0.414834, 0.46516705, 0.46691683, 0.46805203, 0.46879485, 0.42336217, 0.468547, 0.42916235, 0.4705263, 0.43333337, 0.4700258, 0.47036037, 0.47161832, 0.44152343, 0.47199544, 0.47262326, 0.47950804, 0.47506905, 0.47645643, 0.48333332, 0.47834754, 0.47973466, 0.48659495, 0.48772517, 0.48319507, 0.4905014, 0.4856272, 0.4878495, 0.48901665, 0.4959396, 0.4974104, 0.494576, 0.49606812], "duration": [42867, 39767, 52827, 42884, 49758, 47974, 45738, 38736, 38663, 39234, 38819, 39474, 39228, 39405, 45683, 39365, 44666, 45814, 39149, 39154, 45811, 39320, 38299, 46411, 39450, 39163, 45132, 39452, 46363, 44810, 38549, 40016, 39280, 39425, 39626, 39696, 39782, 46542, 46560, 39969, 39586, 46560, 40136, 40369, 39870, 47088, 53394, 40184, 40027, 40014]}