{"avg": [0.26266667, 0.29620317, 0.29980955, 0.3020117, 0.2961069, 0.2980406, 0.31728262, 0.3272098, 0.32190725, 0.33703813, 0.31325057, 0.3018254, 0.32849488, 0.3422995, 0.30447996, 0.3060524, 0.29395312, 0.31498262, 0.32062793, 0.33247623, 0.34160674, 0.3083251, 0.35110497, 0.35317025, 0.3210705, 0.3803066, 0.31603327, 0.28788766, 0.33958444, 0.3462012, 0.3475599, 0.35336375, 0.32049984, 0.32705683, 0.37261063, 0.38160604, 0.3425095, 0.36827767, 0.3631208, 0.35622588, 0.3495794, 0.37366474, 0.36939347, 0.36987957, 0.38580427, 0.3671119, 0.38524958, 0.38019174, 0.38994446, 0.38594106], "std": [0.08709658, 0.07270685, 0.050168544, 0.044678364, 0.07262522, 0.07154967, 0.053563066, 0.05136344, 0.077483594, 0.065121256, 0.061117012, 0.04168983, 0.06759543, 0.055652764, 0.06840794, 0.0660875, 0.061320323, 0.037708383, 0.0671387, 0.066826425, 0.052453496, 0.07292914, 0.052392952, 0.05717923, 0.0791674, 0.068245746, 0.0684604, 0.06115677, 0.068508334, 0.04847486, 0.046674848, 0.060430024, 0.07095414, 0.07936571, 0.06077463, 0.04034446, 0.07903236, 0.040887322, 0.072828844, 0.077820696, 0.07533816, 0.060127474, 0.06522301, 0.056648236, 0.0604061, 0.07584028, 0.07973019, 0.060899507, 0.08176247, 0.073901586], "var": [0.98, 0.98, 0.98, 0.96, 0.94, 0.94, 0.92, 0.92, 0.88, 0.88, 0.88, 0.86, 0.84, 0.82, 0.82, 0.8, 0.8, 0.8, 0.82, 0.8, 0.8, 0.78, 0.78, 0.76, 0.74, 0.72, 0.72, 0.7, 0.7, 0.7, 0.7, 0.7, 0.7, 0.68, 0.7, 0.7, 0.7, 0.7, 0.72, 0.7, 0.66, 0.64, 0.66, 0.66, 0.62, 0.6, 0.62, 0.58, 0.56, 0.54], "best": [0.44, 0.47466668, 0.37104762, 0.36367348, 0.46603173, 0.4673171, 0.41240984, 0.4156901, 0.46548146, 0.46736842, 0.36650604, 0.36733335, 0.46612245, 0.4669811, 0.40548873, 0.41873536, 0.41918683, 0.37054545, 0.4192659, 0.4204403, 0.4651104, 0.42314973, 0.4656322, 0.52068883, 0.4671916, 0.52215904, 0.40441054, 0.37504673, 0.42893344, 0.47997493, 0.430614, 0.46903095, 0.43270665, 0.43311864, 0.52438736, 0.4391101, 0.5254002, 0.43850246, 0.5259252, 0.4710749, 0.47156897, 0.47198766, 0.4725414, 0.4477311, 0.47297844, 0.47353023, 0.47547588, 0.47523037, 0.47549668, 0.5330327], "duration": [42680, 39588, 52413, 42669, 49528, 47540, 45210, 38257, 44555, 39384, 37118, 37948, 45453, 39427, 44505, 38302, 37829, 38833, 39304, 38817, 45669, 38659, 39341, 39343, 38491, 39107, 44750, 37835, 38303, 38323, 39166, 38628, 43826, 38664, 39270, 39040, 39318, 39151, 45176, 39222, 45742, 44962, 39234, 39348, 39271, 38653, 38918, 45542, 45798, 39447]}