{"avg": [0.24871795, 0.27951, 0.28488082, 0.2801301, 0.28012767, 0.28172204, 0.29857418, 0.30712864, 0.29635075, 0.30934677, 0.30084673, 0.2994069, 0.31881446, 0.30451542, 0.2956858, 0.30066088, 0.30974454, 0.30836287, 0.33742714, 0.32634395, 0.31349456, 0.33364367, 0.31539327, 0.34524953, 0.34349698, 0.3468501, 0.34289145, 0.3540595, 0.36824295, 0.35033882, 0.36359242, 0.3451161, 0.37488282, 0.35593182, 0.36696428, 0.39849797, 0.38470915, 0.38047364, 0.36850867, 0.3690645, 0.3624361, 0.37604278, 0.3962556, 0.42121708, 0.4095041, 0.40767217, 0.3985191, 0.39121696, 0.37798953, 0.4011514], "std": [0.08152609, 0.06918208, 0.048436202, 0.038971987, 0.06524316, 0.07168151, 0.048921324, 0.04754709, 0.07580943, 0.0652442, 0.06961245, 0.066398226, 0.04974698, 0.063988045, 0.0785012, 0.052455187, 0.060369875, 0.05358174, 0.06299203, 0.064512454, 0.037871584, 0.07809592, 0.051390577, 0.06931752, 0.050537534, 0.063094415, 0.06103232, 0.06046829, 0.06406652, 0.058160204, 0.07349315, 0.07589284, 0.0629339, 0.047597762, 0.08879842, 0.05386298, 0.06645795, 0.07051895, 0.08450818, 0.07660431, 0.07703903, 0.0694307, 0.088031195, 0.052639186, 0.06811861, 0.07248479, 0.078518555, 0.07858975, 0.08929376, 0.10867308], "var": [0.98, 0.98, 0.98, 0.96, 0.94, 0.94, 0.92, 0.92, 0.92, 0.9, 0.88, 0.86, 0.86, 0.84, 0.82, 0.8, 0.82, 0.78, 0.78, 0.76, 0.76, 0.74, 0.74, 0.72, 0.7, 0.68, 0.66, 0.68, 0.66, 0.66, 0.62, 0.64, 0.62, 0.62, 0.6, 0.6, 0.58, 0.56, 0.6, 0.56, 0.52, 0.54, 0.52, 0.54, 0.56, 0.54, 0.52, 0.48, 0.46, 0.44], "best": [0.4128205, 0.4417094, 0.34675217, 0.34060702, 0.4345136, 0.43558475, 0.38396788, 0.38670143, 0.43405506, 0.43548715, 0.43599126, 0.4373026, 0.4379064, 0.4383013, 0.43874642, 0.4407145, 0.44116697, 0.39251587, 0.4410256, 0.44262183, 0.39901817, 0.443032, 0.39974138, 0.44459704, 0.44668016, 0.44665888, 0.44842473, 0.44913423, 0.4501022, 0.45260072, 0.45266482, 0.45421395, 0.45880207, 0.4207437, 0.4567063, 0.46215627, 0.4605651, 0.46119657, 0.46728528, 0.46457633, 0.4659225, 0.46704474, 0.47116637, 0.46998426, 0.47554043, 0.47734866, 0.47525796, 0.4774818, 0.48088333, 0.48179486], "duration": [42672, 39562, 52436, 42574, 49478, 47517, 45151, 38421, 38447, 38991, 38481, 39274, 38847, 38776, 44995, 38744, 44411, 45040, 38897, 38628, 44867, 38863, 38108, 39223, 39226, 39213, 38848, 39281, 39459, 39276, 45714, 39126, 46226, 38587, 39464, 46333, 39002, 39084, 39294, 39217, 39146, 38979, 52630, 46171, 39399, 46008, 52979, 39449, 39823, 53244]}