{"avg": [0.2577778, 0.28461376, 0.29226458, 0.28035274, 0.296576, 0.26873505, 0.32856783, 0.304352, 0.29657623, 0.28479707, 0.30905274, 0.31501, 0.31264615, 0.3081355, 0.28305146, 0.3171519, 0.3128264, 0.31969833, 0.31585762, 0.3249426, 0.3158358, 0.32905668, 0.33604166, 0.31744298, 0.32541734, 0.33039758, 0.34381709, 0.33181933, 0.34539828, 0.32667658, 0.30658877, 0.3415921, 0.3301087, 0.34785807, 0.34241274, 0.3381452, 0.32120374, 0.33182597, 0.331365, 0.3381692, 0.35775974, 0.34022546, 0.33203396, 0.3486316, 0.36035728, 0.37153906, 0.34291294, 0.3344191, 0.38147455, 0.3833954], "std": [0.080641165, 0.076805964, 0.06730356, 0.06330392, 0.041092213, 0.08375294, 0.051720146, 0.053037375, 0.0532601, 0.04491844, 0.0524356, 0.03809936, 0.06369906, 0.046866357, 0.04238545, 0.05936017, 0.057971798, 0.06920806, 0.060516782, 0.061612207, 0.054270193, 0.06686579, 0.05586803, 0.05228691, 0.05592808, 0.07209901, 0.03649335, 0.059627887, 0.05320294, 0.05803306, 0.06527136, 0.04268728, 0.06656657, 0.049902428, 0.058241833, 0.06714813, 0.06675776, 0.07419594, 0.05457141, 0.06791512, 0.06429683, 0.064486966, 0.072173975, 0.06403435, 0.044795733, 0.06536247, 0.058418337, 0.06793926, 0.05132735, 0.05659521], "var": [0.98, 0.96, 0.96, 0.94, 0.92, 0.9, 0.9, 0.88, 0.88, 0.88, 0.88, 0.88, 0.88, 0.86, 0.86, 0.86, 0.84, 0.84, 0.84, 0.84, 0.82, 0.78, 0.76, 0.76, 0.76, 0.76, 0.76, 0.78, 0.78, 0.76, 0.76, 0.72, 0.68, 0.66, 0.64, 0.62, 0.62, 0.62, 0.64, 0.64, 0.62, 0.6, 0.58, 0.58, 0.6, 0.58, 0.56, 0.58, 0.56, 0.56], "best": [0.39523807, 0.46222222, 0.36396822, 0.36507937, 0.37674603, 0.45225224, 0.45530304, 0.37975034, 0.38325262, 0.38154325, 0.38325652, 0.3769748, 0.45181158, 0.38635394, 0.34492946, 0.45275363, 0.40507165, 0.45429292, 0.456077, 0.4565415, 0.3882581, 0.4567288, 0.40787545, 0.37966463, 0.40916443, 0.4576923, 0.39244664, 0.39386293, 0.41105247, 0.39404762, 0.3948678, 0.3956258, 0.4128716, 0.39707747, 0.41346034, 0.45765433, 0.39996567, 0.45775056, 0.40170065, 0.4580308, 0.45831993, 0.45859373, 0.40354428, 0.45891356, 0.4185728, 0.45908663, 0.40674713, 0.459229, 0.45997337, 0.459887], "duration": [43231, 40394, 39570, 43924, 38875, 38335, 40173, 38882, 51404, 44975, 39961, 39098, 45047, 39772, 38756, 39890, 45675, 39939, 39570, 38805, 38518, 39168, 39883, 39589, 45975, 39805, 39217, 39844, 46283, 34075, 39231, 40005, 39880, 39759, 40280, 39296, 38950, 40341, 46748, 39699, 40413, 54121, 45927, 46838, 40234, 40236, 39331, 46141, 40235, 40028]}