{"avg": [0.26031747, 0.29862437, 0.2925695, 0.29864734, 0.3030315, 0.32139492, 0.30843547, 0.31937268, 0.30072743, 0.3241805, 0.31375015, 0.29315886, 0.3121019, 0.30555362, 0.32154843, 0.32675713, 0.34498465, 0.35398066, 0.33299714, 0.33605704, 0.31758234, 0.33959946, 0.3345659, 0.3674646, 0.34192216, 0.361837, 0.35273007, 0.35601977, 0.3516147, 0.3575533, 0.34476334, 0.31795877, 0.3594204, 0.39013508, 0.34380358, 0.36728835, 0.3365688, 0.35986805, 0.3910106, 0.3815481, 0.40643612, 0.41324484, 0.4235784, 0.37757522, 0.39574295, 0.3550443, 0.38387743, 0.3975085, 0.41891128, 0.39804155], "std": [0.08539034, 0.07658326, 0.05162963, 0.05867207, 0.064419284, 0.06765896, 0.055979446, 0.058677156, 0.038414437, 0.055271924, 0.055710796, 0.049816146, 0.059845846, 0.058616184, 0.04796977, 0.063187614, 0.048649307, 0.039424967, 0.07411491, 0.068217345, 0.04862697, 0.052279625, 0.0585687, 0.04728814, 0.060144685, 0.052798375, 0.074583836, 0.05523679, 0.04799357, 0.06665391, 0.06023535, 0.087827496, 0.06966114, 0.0469649, 0.062879995, 0.058890764, 0.06515126, 0.06990743, 0.060006127, 0.061525118, 0.060015365, 0.0631855, 0.05782843, 0.06881315, 0.058271505, 0.08689418, 0.07998902, 0.08470032, 0.08444291, 0.08632186], "var": [1.0, 0.98, 0.98, 0.94, 0.94, 0.92, 0.92, 0.92, 0.92, 0.92, 0.9, 0.9, 0.88, 0.88, 0.88, 0.88, 0.86, 0.84, 0.84, 0.82, 0.8, 0.76, 0.76, 0.76, 0.74, 0.74, 0.74, 0.74, 0.72, 0.72, 0.72, 0.72, 0.72, 0.7, 0.66, 0.64, 0.64, 0.62, 0.6, 0.58, 0.54, 0.52, 0.54, 0.56, 0.56, 0.56, 0.58, 0.56, 0.56, 0.54], "best": [0.4333333, 0.46222222, 0.37619045, 0.45869565, 0.46065572, 0.46033752, 0.4642361, 0.46489677, 0.36542928, 0.4647887, 0.3679626, 0.36390975, 0.46326163, 0.405779, 0.39109823, 0.46164572, 0.46276042, 0.4631127, 0.46446756, 0.46611658, 0.3953737, 0.46596596, 0.46638012, 0.4663942, 0.42017904, 0.46566162, 0.46626016, 0.42405546, 0.40461144, 0.46557257, 0.4079198, 0.46584865, 0.46653464, 0.46673074, 0.43142322, 0.4674531, 0.425436, 0.46787146, 0.4685092, 0.46905926, 0.46963432, 0.4707102, 0.47297025, 0.47443125, 0.47456396, 0.47504735, 0.47560182, 0.4763265, 0.4776298, 0.47943354], "duration": [43071, 40214, 39552, 43494, 46295, 47035, 46065, 39708, 37828, 39078, 39436, 38672, 45620, 46433, 38726, 39465, 39947, 40832, 39813, 39757, 39720, 39567, 46190, 46417, 39546, 39561, 39761, 39950, 39874, 40242, 39414, 46278, 40278, 40414, 39317, 40867, 39085, 47290, 48552, 40279, 40670, 40403, 40499, 40292, 47271, 39742, 40583, 40529, 40541, 39997]}