{"avg": [0.26031747, 0.2896931, 0.29708436, 0.2902818, 0.2893623, 0.28954366, 0.30863777, 0.31833312, 0.30946973, 0.3092857, 0.3117484, 0.3060121, 0.32874498, 0.32554272, 0.30356315, 0.3199296, 0.32439947, 0.3471833, 0.324124, 0.33722913, 0.32819435, 0.34564686, 0.3332417, 0.31551704, 0.33288306, 0.33303592, 0.32839802, 0.32583842, 0.3078457, 0.34410426, 0.33091843, 0.3520996, 0.35439706, 0.36682796, 0.3225566, 0.3519202, 0.3848879, 0.3569222, 0.3578204, 0.37755883, 0.34962922, 0.35417044, 0.38185114, 0.36270544, 0.39406312, 0.39157677, 0.38957605, 0.38828608, 0.38342595, 0.3842564], "std": [0.08539034, 0.07409099, 0.04982655, 0.041381273, 0.07199143, 0.07456948, 0.057517584, 0.04808029, 0.080868416, 0.06731533, 0.07655492, 0.07505071, 0.058980048, 0.066126615, 0.089420445, 0.05036679, 0.06328438, 0.06298097, 0.07433941, 0.064398915, 0.05155866, 0.069780014, 0.064698026, 0.06420612, 0.070462696, 0.057748094, 0.081968494, 0.07879556, 0.081306644, 0.058560833, 0.05281545, 0.05599131, 0.068796076, 0.0733542, 0.046601787, 0.049734473, 0.048786923, 0.05583271, 0.068876356, 0.06898492, 0.09187696, 0.065529145, 0.05333581, 0.08366151, 0.0768512, 0.06978521, 0.07311729, 0.091905646, 0.06432529, 0.08574404], "var": [0.98, 0.98, 0.98, 0.96, 0.94, 0.94, 0.92, 0.92, 0.92, 0.9, 0.9, 0.88, 0.88, 0.84, 0.82, 0.78, 0.76, 0.76, 0.78, 0.76, 0.76, 0.76, 0.74, 0.72, 0.72, 0.72, 0.74, 0.74, 0.74, 0.74, 0.76, 0.72, 0.7, 0.68, 0.66, 0.62, 0.62, 0.62, 0.62, 0.62, 0.64, 0.64, 0.64, 0.62, 0.62, 0.6, 0.6, 0.6, 0.58, 0.58], "best": [0.4333333, 0.46222222, 0.36396822, 0.3578231, 0.45502642, 0.45609757, 0.40081772, 0.40355125, 0.45456788, 0.45666668, 0.45691058, 0.45819208, 0.45876288, 0.4591346, 0.45970368, 0.4082885, 0.4604987, 0.4609665, 0.46146572, 0.46196866, 0.41993, 0.4623853, 0.46373412, 0.46386552, 0.4644325, 0.4661512, 0.46691358, 0.46714172, 0.4672006, 0.46740413, 0.4246846, 0.42594895, 0.46733868, 0.46816114, 0.384382, 0.43037137, 0.4689881, 0.43381202, 0.47032654, 0.47093594, 0.4721329, 0.43776584, 0.47290388, 0.4845951, 0.47415456, 0.48619318, 0.48708048, 0.48774585, 0.47844443, 0.47918296], "duration": [42739, 39593, 52192, 42579, 49514, 47589, 45338, 38436, 38110, 38915, 38582, 38581, 39126, 38617, 45668, 38617, 38027, 38952, 38869, 38152, 38368, 38990, 39055, 37932, 38912, 44503, 38374, 38671, 38245, 45024, 45118, 38876, 38979, 45482, 38539, 38778, 39240, 38610, 38840, 38478, 38724, 38416, 38702, 58830, 39557, 39137, 45346, 39860, 38751, 38830]}