{"avg": [0.22312926, 0.25273472, 0.25779808, 0.25470635, 0.25506625, 0.25726438, 0.26840806, 0.28026327, 0.26991078, 0.2814694, 0.27689245, 0.2759863, 0.2898117, 0.2693064, 0.26985225, 0.27909145, 0.29286894, 0.29550403, 0.29810846, 0.28378993, 0.32125717, 0.29995507, 0.31372294, 0.29148972, 0.2905589, 0.2814331, 0.32937998, 0.31260043, 0.2948372, 0.29475015, 0.29753655, 0.34340236, 0.3171596, 0.32311732, 0.32831773, 0.34381294, 0.3314926, 0.32479858, 0.35140875, 0.33903435, 0.331085, 0.35496318, 0.3349943, 0.34696117, 0.35199657, 0.3418985, 0.38228595, 0.35082287, 0.3650385, 0.38932213], "std": [0.07319172, 0.062409963, 0.042349122, 0.0438468, 0.06255174, 0.065233596, 0.04253193, 0.040160745, 0.0679355, 0.058120597, 0.063842334, 0.06208654, 0.044222556, 0.05750772, 0.07054329, 0.047649704, 0.028795924, 0.047997553, 0.05810733, 0.059712507, 0.06520834, 0.059488546, 0.062271103, 0.06416, 0.06485829, 0.06692096, 0.06064988, 0.06582535, 0.06654515, 0.054956973, 0.06717056, 0.074317195, 0.078215554, 0.06331077, 0.06494904, 0.067458704, 0.07141093, 0.0766445, 0.079541944, 0.08242895, 0.072923966, 0.07732914, 0.07324353, 0.06639491, 0.06989116, 0.06980093, 0.06830939, 0.059549663, 0.064049095, 0.07205463], "var": [0.98, 0.98, 0.98, 0.96, 0.94, 0.94, 0.92, 0.92, 0.92, 0.9, 0.88, 0.86, 0.84, 0.82, 0.8, 0.78, 0.78, 0.76, 0.76, 0.74, 0.74, 0.74, 0.7, 0.7, 0.68, 0.66, 0.66, 0.66, 0.62, 0.62, 0.66, 0.64, 0.62, 0.58, 0.54, 0.52, 0.52, 0.54, 0.56, 0.54, 0.52, 0.5, 0.52, 0.48, 0.46, 0.48, 0.48, 0.46, 0.42, 0.42], "best": [0.37142855, 0.40857142, 0.3210204, 0.3131195, 0.3993197, 0.40069684, 0.33568335, 0.3247492, 0.39809522, 0.39971426, 0.4001742, 0.40193704, 0.4025773, 0.4027472, 0.40266666, 0.40531975, 0.33049172, 0.40456718, 0.40516716, 0.40709493, 0.40880874, 0.4125819, 0.4132832, 0.41644052, 0.4187548, 0.41932774, 0.41990805, 0.4230404, 0.42478132, 0.4252579, 0.4256963, 0.42659298, 0.43098983, 0.43309703, 0.43440232, 0.435288, 0.43733937, 0.4392368, 0.44115138, 0.44327524, 0.4455653, 0.44677523, 0.44898266, 0.45005226, 0.4513182, 0.4528392, 0.45403978, 0.45714283, 0.45770454, 0.45917583], "duration": [42774, 39514, 52243, 37653, 49483, 47599, 45350, 38384, 38553, 38960, 38452, 39219, 38923, 38966, 45497, 39115, 38444, 39014, 38703, 39203, 39629, 45774, 39809, 44696, 39097, 38664, 38774, 58591, 39327, 52474, 38446, 39657, 39692, 39358, 39176, 39587, 38978, 45838, 39759, 39802, 39316, 52384, 39174, 45715, 39774, 38991, 53190, 39664, 39753, 40018]}