{"avg": [0.1952381, 0.2288254, 0.23284458, 0.23108599, 0.23084794, 0.23473562, 0.2439717, 0.25144923, 0.24563316, 0.2470306, 0.24821097, 0.24373783, 0.2503498, 0.2443844, 0.24795349, 0.28740326, 0.2578646, 0.28055128, 0.2824476, 0.2728627, 0.2728059, 0.26622722, 0.2800251, 0.28139597, 0.27451724, 0.2854167, 0.2626661, 0.3014689, 0.29388142, 0.28882098, 0.29800424, 0.29337385, 0.2984875, 0.29963923, 0.30536214, 0.31154412, 0.3076991, 0.31216353, 0.32670614, 0.31050736, 0.31718543, 0.33883587, 0.33537903, 0.31510156, 0.32715383, 0.32515302, 0.35519838, 0.31180367, 0.31917003, 0.3379913], "std": [0.06404275, 0.055207532, 0.03748966, 0.033661578, 0.056430902, 0.056461744, 0.040764894, 0.037192903, 0.06255633, 0.058999926, 0.05840299, 0.06550985, 0.05168347, 0.049961757, 0.07904048, 0.05879294, 0.030547002, 0.05027275, 0.04919289, 0.053308398, 0.061312396, 0.061822403, 0.05524486, 0.062164802, 0.07695023, 0.07049111, 0.06727951, 0.0557788, 0.06024993, 0.05568883, 0.07999566, 0.08201669, 0.07047004, 0.051738318, 0.07400412, 0.071502164, 0.0673126, 0.07696772, 0.06419649, 0.05468891, 0.07233386, 0.0519007, 0.065392256, 0.0877503, 0.078364335, 0.08746637, 0.07233924, 0.0902335, 0.07489066, 0.069993615], "var": [0.98, 0.98, 0.98, 0.96, 0.94, 0.94, 0.92, 0.92, 0.92, 0.9, 0.88, 0.86, 0.84, 0.82, 0.8, 0.78, 0.74, 0.74, 0.74, 0.72, 0.72, 0.68, 0.68, 0.66, 0.64, 0.64, 0.62, 0.62, 0.6, 0.58, 0.56, 0.54, 0.52, 0.54, 0.54, 0.54, 0.54, 0.54, 0.56, 0.56, 0.56, 0.54, 0.52, 0.5, 0.5, 0.46, 0.46, 0.44, 0.44, 0.44], "best": [0.325, 0.3683333, 0.2888095, 0.27959183, 0.35753968, 0.35914633, 0.31551227, 0.3196126, 0.35685185, 0.35999998, 0.36036584, 0.36228812, 0.3259205, 0.3620192, 0.36178413, 0.3633333, 0.3067522, 0.36891142, 0.3700704, 0.37184384, 0.3453662, 0.3491584, 0.37355906, 0.37472525, 0.37644735, 0.3796366, 0.36005163, 0.38313952, 0.38445944, 0.36655846, 0.38439456, 0.38785422, 0.38942492, 0.37560087, 0.39032108, 0.39294642, 0.39536393, 0.39771956, 0.40028733, 0.40284, 0.40324724, 0.40492365, 0.40579224, 0.40782163, 0.40935713, 0.4113955, 0.41316688, 0.41552418, 0.41613007, 0.417278], "duration": [42924, 39982, 52785, 42965, 49670, 47726, 45598, 38714, 38473, 39474, 38842, 39643, 38948, 45694, 39179, 39901, 39112, 39560, 39813, 45720, 38963, 39070, 38760, 43961, 46768, 39738, 45271, 39417, 51673, 45354, 46349, 46383, 46148, 39108, 40052, 39628, 38941, 39855, 46467, 39311, 39525, 39343, 39985, 40081, 40119, 46457, 40153, 39295, 39567, 39987]}