{"avg": [0.5900622, 0.54282606, 0.65535516, 0.689788, 0.72760284, 0.7308665, 0.735452, 0.73878115, 0.7422864, 0.747009, 0.75205684, 0.7553662, 0.75964564, 0.76412904, 0.7670231, 0.7710485, 0.77463615, 0.7782472, 0.7815946, 0.7862797, 0.7895605, 0.7925883, 0.7950215, 0.7976126, 0.79989076, 0.80179584, 0.8039246, 0.80571437, 0.8076419, 0.8095081, 0.8113834, 0.8127129, 0.8141591, 0.81545424, 0.81678575, 0.81803507, 0.81900996, 0.8201274, 0.8211365, 0.822092, 0.82303816, 0.8237438, 0.8245308, 0.8252117, 0.8258984, 0.8265885, 0.827218, 0.8277924, 0.8284871, 0.82904124, 0.82960045, 0.8301127, 0.830655, 0.8311292, 0.8315869, 0.8321152, 0.83255976, 0.833009, 0.8334228, 0.8338224, 0.8342273, 0.8346178, 0.8349617, 0.8353282, 0.8356668, 0.8359795, 0.83625335, 0.8365497, 0.8368091, 0.8371174, 0.83741647, 0.8376676, 0.837938, 0.83820075, 0.8384686], "std": [0.27073908, 0.313405, 0.21263865, 0.15827002, 0.0033305495, 0.0031255991, 0.0029370403, 0.0037411023, 0.0046632905, 0.005070117, 0.002848248, 0.0048292987, 0.0046604904, 0.0049010986, 0.005742314, 0.005756984, 0.0069740335, 0.006940313, 0.007615606, 0.0022067386, 0.0005479532, 0.0007320648, 0.0006726338, 0.0001977809, 0.0003242212, 5.9604645e-08, 0.0, 1.1920929e-07, 1.1920929e-07, 1.1920929e-07, 1.7881393e-07, 5.9604645e-08, 1.7881393e-07, 2.3841858e-07, 0.0, 5.9604645e-08, 1.7881393e-07, 5.9604645e-08, 0.0, 0.0, 5.9604645e-08, 0.0, 2.3841858e-07, 2.3841858e-07, 1.7881393e-07, 5.9604645e-08, 5.9604645e-08, 1.7881393e-07, 1.7881393e-07, 1.1920929e-07, 5.9604645e-08, 2.3841858e-07, 5.9604645e-08, 5.9604645e-08, 0.0, 0.0, 1.1920929e-07, 5.9604645e-08, 5.9604645e-08, 1.1920929e-07, 1.7881393e-07, 1.7881393e-07, 1.1920929e-07, 5.9604645e-08, 0.0, 5.9604645e-08, 1.1920929e-07, 1.1920929e-07, 1.1920929e-07, 1.1920929e-07, 1.1920929e-07, 5.9604645e-08, 1.7881393e-07, 0.0, 0.0], "var": [1.0, 1.0, 1.0, 1.0, 0.96, 0.96, 0.96, 0.96, 0.96, 0.88, 0.88, 0.96, 0.88, 0.76, 0.64, 0.44, 0.44, 0.32, 0.24, 0.16, 0.12, 0.12, 0.08, 0.08, 0.04, 0.04, 0.04, 0.04, 0.04, 0.04, 0.04, 0.04, 0.04, 0.04, 0.04, 0.04, 0.04, 0.04, 0.04, 0.04, 0.04, 0.04, 0.04, 0.04, 0.04, 0.04, 0.04, 0.04, 0.04, 0.04, 0.04, 0.04, 0.04, 0.04, 0.04, 0.04, 0.04, 0.04, 0.04, 0.04, 0.04, 0.04, 0.04, 0.04, 0.04, 0.04, 0.04, 0.04, 0.04, 0.04, 0.04, 0.04, 0.04, 0.04, 0.04], "best": [0.71428573, 0.7279503, 0.727907, 0.73058033, 0.7335034, 0.73564756, 0.73917407, 0.7444015, 0.74806726, 0.75338733, 0.7572757, 0.76172394, 0.765227, 0.7686537, 0.77205175, 0.7751573, 0.778655, 0.7811238, 0.78426343, 0.7872587, 0.7898391, 0.7929367, 0.7952991, 0.7976581, 0.7999719, 0.8017959, 0.8039246, 0.80571425, 0.8076418, 0.8095082, 0.8113836, 0.81271297, 0.8141589, 0.815454, 0.81678575, 0.818035, 0.81901014, 0.82012737, 0.8211365, 0.822092, 0.8230382, 0.8237438, 0.824531, 0.82521194, 0.8258986, 0.8265886, 0.82721794, 0.8277922, 0.8284869, 0.8290411, 0.8296005, 0.83011293, 0.83065504, 0.83112925, 0.8315869, 0.8321152, 0.8325599, 0.83300906, 0.8334227, 0.83382255, 0.83422714, 0.834618, 0.83496183, 0.83532816, 0.8356668, 0.8359796, 0.83625346, 0.8365496, 0.836809, 0.83711725, 0.83741635, 0.8376675, 0.83793783, 0.83820075, 0.8384686], "duration": [1530, 1393, 1676, 1487, 1196, 1877, 1384, 1595, 1487, 1985, 1587, 1623, 1153, 1474, 1283, 1496, 1581, 2082, 1474, 1254, 1575, 1287, 1389, 1370, 1755, 1290, 1477, 1561, 1471, 1562, 1310, 1203, 1285, 1653, 1404, 1359, 1526, 1261, 1253, 1501, 1288, 1192, 1290, 1312, 1687, 1300, 1557, 1471, 1267, 1650, 1742, 1980, 1569, 1265, 1581, 1197, 1654, 1491, 1840, 1422, 1560, 1971, 1289, 1368, 1420, 1248, 1204, 1301, 1395, 1289, 1421, 1304, 1448, 1698, 1501]}