{"avg": [0.3352263, 0.36693135, 0.38222018, 0.43024468, 0.44693875, 0.47255898, 0.47231793, 0.48096904, 0.48280504, 0.4994099, 0.52776355, 0.53470993, 0.5495408, 0.56550217, 0.5812739, 0.593346, 0.6013277, 0.63017356, 0.64169383, 0.6520612, 0.6690834, 0.67317015, 0.69168496, 0.7005232, 0.706991, 0.71717155, 0.71072924, 0.7220149, 0.72450835, 0.7238862, 0.7262642, 0.7280671, 0.72772264, 0.73419756, 0.73148054, 0.7374956, 0.73893255, 0.73806614, 0.7393745, 0.7429837, 0.7402248, 0.7456092, 0.74197453, 0.7455406, 0.7465179, 0.7423746, 0.7505706, 0.75142455, 0.75224143, 0.75061923, 0.7537058, 0.75442964, 0.75055754, 0.75355464, 0.74917996, 0.75466526, 0.7554546, 0.7533845, 0.7588098, 0.75684184, 0.7576595, 0.758076, 0.76088995, 0.7570972, 0.7618501, 0.75530916, 0.76272845, 0.76080525, 0.76353455, 0.76395607, 0.76431173, 0.75953627, 0.765011, 0.7653706, 0.7605172], "std": [0.101064034, 0.09978589, 0.11136776, 0.07834771, 0.06983981, 0.059288636, 0.067991205, 0.07177932, 0.06364723, 0.067516066, 0.047488466, 0.046854183, 0.041120943, 0.044547617, 0.03936056, 0.041293923, 0.045788962, 0.04486566, 0.044319503, 0.043737646, 0.03725371, 0.04212688, 0.029426837, 0.026531508, 0.022428181, 0.0013627078, 0.02144572, 0.00031800166, 0.00038429073, 0.011219346, 0.010202403, 0.010936988, 0.014377639, 5.9604645e-08, 0.013801057, 1.1920929e-07, 0.0, 0.010202406, 0.010430649, 5.9604645e-08, 0.013537242, 1.1920929e-07, 0.014377656, 0.009988475, 0.010202407, 0.017489208, 1.7881393e-07, 1.7881393e-07, 1.7881393e-07, 0.010430649, 1.1920929e-07, 0.0, 0.014377656, 0.010430649, 0.017489232, 0.010674851, 0.010202408, 0.01469389, 1.1920929e-07, 0.010937002, 0.010202392, 0.010430647, 0.0, 0.013801055, 2.3841858e-07, 0.017139306, 1.7881393e-07, 0.010430633, 0.0, 0.0, 0.0, 0.015031473, 1.1920929e-07, 1.7881393e-07, 0.015031471], "var": [1.0, 1.0, 1.0, 1.0, 0.96, 1.0, 1.0, 1.0, 1.0, 1.0, 1.0, 1.0, 1.0, 1.0, 1.0, 1.0, 0.88, 0.8, 0.64, 0.48, 0.44, 0.28, 0.2, 0.2, 0.16, 0.12, 0.08, 0.08, 0.04, 0.04, 0.04, 0.04, 0.04, 0.04, 0.04, 0.04, 0.04, 0.04, 0.04, 0.04, 0.04, 0.04, 0.04, 0.04, 0.04, 0.04, 0.04, 0.04, 0.04, 0.04, 0.04, 0.04, 0.04, 0.04, 0.04, 0.04, 0.04, 0.04, 0.04, 0.04, 0.04, 0.04, 0.04, 0.04, 0.04, 0.04, 0.04, 0.04, 0.04, 0.04, 0.04, 0.04, 0.04, 0.04, 0.04], "best": [0.57551014, 0.58482695, 0.5860544, 0.5886798, 0.5904843, 0.59326327, 0.59664834, 0.5991865, 0.6022634, 0.60400397, 0.6063925, 0.60858953, 0.61058563, 0.6813641, 0.68340236, 0.68951494, 0.6925398, 0.69557536, 0.6984213, 0.70104134, 0.7041164, 0.7071642, 0.70991, 0.71269554, 0.71521866, 0.71763766, 0.7198854, 0.7221874, 0.72468024, 0.72660726, 0.72849035, 0.7306449, 0.73238724, 0.7341975, 0.73573965, 0.7374957, 0.73893255, 0.7402925, 0.7417069, 0.74298364, 0.74430627, 0.7456091, 0.74663913, 0.7476702, 0.7487443, 0.7497217, 0.7505708, 0.7514244, 0.7522416, 0.7529516, 0.7537057, 0.75442964, 0.75522214, 0.75588703, 0.7565268, 0.75711405, 0.75768095, 0.75828224, 0.7588097, 0.7594198, 0.7598859, 0.7604082, 0.76088995, 0.7613562, 0.7618499, 0.7623063, 0.7627283, 0.76313746, 0.76353455, 0.76395607, 0.76431173, 0.7646918, 0.76501113, 0.7653708, 0.7656731], "duration": [92280, 90723, 92401, 79799, 100124, 94038, 108973, 87440, 80932, 87668, 108006, 87124, 101205, 107983, 107658, 121716, 87842, 108463, 121740, 81264, 95024, 87878, 95000, 108375, 88137, 102064, 101586, 115276, 95250, 101876, 94950, 95111, 108465, 94954, 108292, 81402, 88159, 94656, 94823, 108436, 108643, 115085, 81198, 108702, 115061, 102277, 102605, 101462, 94901, 81848, 96664, 88047, 108546, 95593, 96284, 109375, 88100, 88229, 108575, 95036, 103638, 88134, 81552, 115359, 102357, 96137, 88576, 122185, 121843, 81430, 88513, 95198, 103302, 88849, 109504]}