{"avg": [0.27019048, 0.28641716, 0.28747332, 0.28967938, 0.2926833, 0.2970583, 0.29852733, 0.29825526, 0.3016729, 0.30251577, 0.30045584, 0.29997733, 0.30652368, 0.31361115, 0.31517908, 0.3192414, 0.32117882, 0.32431617, 0.3233433, 0.33188707, 0.3302985, 0.33195364, 0.33126915, 0.33212215, 0.33290607, 0.33653903, 0.33534214, 0.33931544, 0.33822426, 0.3411241, 0.34278774, 0.3432865, 0.34788445, 0.34629953, 0.3420418, 0.33995464, 0.33757728, 0.34133315, 0.33880815, 0.33813366, 0.3365737, 0.3416515, 0.33634508, 0.34294128, 0.34172744, 0.34828922, 0.34277603, 0.34654367, 0.34398118, 0.3442365], "std": [0.064367205, 0.05961243, 0.059103157, 0.057888925, 0.056830686, 0.059045654, 0.058016155, 0.058486562, 0.05825117, 0.0577416, 0.059337985, 0.063494384, 0.0674211, 0.057514112, 0.05512862, 0.051028036, 0.053801265, 0.053146668, 0.050470356, 0.049573015, 0.056316957, 0.055505656, 0.054817412, 0.052032594, 0.054747064, 0.051638987, 0.053413656, 0.050748743, 0.05138128, 0.04313302, 0.041655377, 0.03944953, 0.037751712, 0.04277545, 0.04482533, 0.046564285, 0.046607967, 0.04115305, 0.04208689, 0.047882456, 0.047926, 0.047181427, 0.056760095, 0.053611327, 0.05194367, 0.05524523, 0.059913956, 0.05804731, 0.061081953, 0.057973146], "var": [1.0, 1.0, 1.0, 1.0, 1.0, 1.0, 0.98, 0.98, 0.96, 0.96, 0.96, 0.96, 0.94, 0.92, 0.9, 0.88, 0.86, 0.86, 0.86, 0.88, 0.86, 0.84, 0.82, 0.8, 0.76, 0.74, 0.74, 0.72, 0.72, 0.7, 0.68, 0.7, 0.68, 0.7, 0.72, 0.72, 0.72, 0.76, 0.78, 0.76, 0.76, 0.74, 0.72, 0.74, 0.76, 0.74, 0.72, 0.7, 0.74, 0.74], "best": [0.4333333, 0.44999996, 0.44999996, 0.44999996, 0.45016667, 0.4504, 0.45111108, 0.45161903, 0.45208332, 0.45244443, 0.45266664, 0.45284846, 0.4532222, 0.45374358, 0.4542381, 0.45462218, 0.45504165, 0.45541176, 0.45574072, 0.45599997, 0.4565333, 0.45698413, 0.45742425, 0.45776808, 0.45805553, 0.45834664, 0.4586154, 0.4588395, 0.4590238, 0.4591494, 0.45926666, 0.4593333, 0.459375, 0.45941412, 0.45945096, 0.45950475, 0.45946297, 0.45944142, 0.45940349, 0.4593675, 0.45931664, 0.45931706, 0.4592857, 0.4592868, 0.45930302, 0.49573967, 0.49581984, 0.49589667, 0.49603966, 0.49616325], "duration": [99936, 101628, 99476, 101933, 101927, 101999, 101792, 101842, 101504, 102026, 102418, 100853, 102672, 102599, 102963, 103356, 102518, 102725, 101674, 102166, 102917, 103108, 102417, 103396, 103230, 103353, 103537, 104493, 104820, 107718, 107818, 108701, 107910, 108827, 107452, 107444, 107499, 108082, 107929, 108293, 109248, 109207, 108540, 108860, 109529, 108923, 108468, 109323, 109065, 108159]}