{"avg": [0.19642855, 0.19867726, 0.23776458, 0.22724867, 0.2097553, 0.14164022, 0.2136508, 0.17425473, 0.16522291, 0.29894492, 0.18303572, 0.19770865, 0.109442115, 0.2207958, 0.22149801, 0.14769287, 0.1746463, 0.20907031, 0.217674, 0.20834775, 0.1961823, 0.1710773, 0.20674852, 0.21869256, 0.26495948, 0.23058291, 0.19225481, 0.18350631, 0.2573829, 0.16385582, 0.19951196, 0.14726986, 0.18719006, 0.19212165, 0.2014626, 0.19582838, 0.18418641, 0.1989269, 0.19062181, 0.26917163, 0.24550378, 0.16578557, 0.15778567, 0.19942397, 0.2403512, 0.18951648, 0.18596588, 0.17827271, 0.25475615, 0.2815603], "std": [0.07200495, 0.14715227, 0.011447152, 0.09127241, 0.041980963, 0.07653476, 0.086329415, 0.118226096, 0.04095371, 0.09164707, 0.07780239, 0.0565059, 0.08485983, 0.07657863, 0.050451204, 0.042943053, 0.11174589, 0.048325535, 0.09321843, 0.046460595, 0.10978413, 0.082251675, 0.053270515, 0.08381525, 0.050715577, 0.055945445, 0.043201584, 0.106654555, 0.052046344, 0.08846414, 0.104852125, 0.048226982, 0.092255965, 0.066382155, 0.052533202, 0.080758594, 0.078720346, 0.1341761, 0.1087863, 0.08282375, 0.1010958, 0.10119196, 0.08530356, 0.07732757, 0.08007697, 0.09476261, 0.051261976, 0.116750985, 0.06494264, 0.058158144], "var": [1.0, 1.0, 1.0, 1.0, 1.0, 1.0, 1.0, 1.0, 1.0, 1.0, 1.0, 1.0, 1.0, 1.0, 1.0, 1.0, 1.0, 1.0, 1.0, 1.0, 1.0, 1.0, 1.0, 1.0, 1.0, 1.0, 1.0, 1.0, 1.0, 1.0, 1.0, 1.0, 1.0, 1.0, 1.0, 1.0, 1.0, 1.0, 1.0, 1.0, 1.0, 1.0, 1.0, 1.0, 1.0, 1.0, 1.0, 1.0, 1.0, 1.0], "best": [0.32142857, 0.4746032, 0.25198415, 0.3362434, 0.27718255, 0.23841272, 0.3472222, 0.3652729, 0.23611957, 0.378198, 0.3327381, 0.25046083, 0.23746501, 0.3436937, 0.27232143, 0.23859358, 0.3586439, 0.24829932, 0.34423077, 0.25142857, 0.3326355, 0.23520689, 0.26945683, 0.36892232, 0.33557725, 0.32970443, 0.23722802, 0.34273505, 0.3713404, 0.24920635, 0.33215654, 0.23804234, 0.2582883, 0.25100973, 0.27431974, 0.33370054, 0.33559927, 0.34397495, 0.33289647, 0.34553573, 0.38064185, 0.33103308, 0.24856357, 0.33110598, 0.34278214, 0.23811357, 0.25155437, 0.34292743, 0.33374742, 0.37921312], "duration": [1088, 967, 1359, 5381, 1027, 924, 1026, 990, 861, 5378, 913, 987, 5783, 949, 1007, 1016, 5795, 1040, 1025, 984, 1039, 992, 1001, 1020, 1024, 1020, 914, 924, 1020, 918, 938, 928, 5846, 1032, 908, 1011, 927, 999, 1018, 1030, 5370, 933, 991, 937, 924, 899, 5765, 1022, 980, 940]}