{"avg": [0.26776558, 0.28193358, 0.30459613, 0.30604115, 0.31792632, 0.30725127, 0.32615662, 0.3166314, 0.32434666, 0.3326462, 0.3345623, 0.34471366, 0.34839436, 0.3459516, 0.35114476, 0.3488632, 0.346785, 0.3576652, 0.36197928, 0.3636019, 0.35956094, 0.35343853, 0.3663591, 0.3712021, 0.4010916, 0.3986433, 0.39745522, 0.4097258, 0.4013944, 0.41456085, 0.3928073, 0.40216497, 0.41136563, 0.40204224, 0.4253661, 0.41799667, 0.403761, 0.42791146, 0.42947304, 0.41244525, 0.43563282, 0.44584653, 0.4371096, 0.46437383, 0.46785402, 0.47741145, 0.4680181, 0.48813882, 0.4998302, 0.4865449], "std": [0.0694388, 0.061498657, 0.061473757, 0.056034602, 0.03779121, 0.05821028, 0.04914988, 0.045656174, 0.044750396, 0.04212187, 0.041246336, 0.043055143, 0.053869072, 0.05277029, 0.060981207, 0.07204204, 0.08549918, 0.091428936, 0.07980636, 0.06688287, 0.06643477, 0.083964095, 0.07978965, 0.074004784, 0.058275655, 0.06964691, 0.0662262, 0.06289115, 0.076228365, 0.068563715, 0.07530381, 0.0880519, 0.07441755, 0.08934932, 0.0704232, 0.0940411, 0.105896786, 0.08580114, 0.08377119, 0.09848281, 0.0893685, 0.08640188, 0.09538561, 0.08439027, 0.08541107, 0.08237517, 0.08556201, 0.075546905, 0.063774735, 0.09032746], "var": [0.98, 0.96, 0.94, 0.94, 0.9, 0.86, 0.84, 0.84, 0.82, 0.84, 0.84, 0.82, 0.8, 0.76, 0.72, 0.66, 0.72, 0.68, 0.68, 0.64, 0.68, 0.66, 0.64, 0.62, 0.64, 0.58, 0.56, 0.52, 0.54, 0.52, 0.48, 0.5, 0.46, 0.4, 0.42, 0.42, 0.4, 0.36, 0.32, 0.28, 0.26, 0.28, 0.28, 0.28, 0.24, 0.22, 0.22, 0.2, 0.2, 0.2], "best": [0.4333333, 0.36776558, 0.45493826, 0.4556962, 0.38966754, 0.4554707, 0.45624998, 0.39506173, 0.3939552, 0.39785135, 0.39836094, 0.4538631, 0.45420465, 0.4497565, 0.4521297, 0.4536861, 0.45544532, 0.45858586, 0.4615234, 0.45245478, 0.4281441, 0.46710184, 0.46994197, 0.47340953, 0.4752599, 0.47859934, 0.48241243, 0.48592663, 0.48895907, 0.49181452, 0.45396635, 0.49625447, 0.49833277, 0.50039107, 0.50273794, 0.5055929, 0.5077351, 0.509726, 0.51231414, 0.5145537, 0.5163004, 0.5187753, 0.521279, 0.523696, 0.52892095, 0.53169435, 0.532534, 0.53666854, 0.53916234, 0.541951], "duration": [86068, 96533, 77871, 91714, 85223, 96815, 78272, 104239, 78276, 90935, 77874, 84251, 78731, 91439, 84404, 85094, 78129, 84922, 91456, 78560, 77722, 92012, 79089, 85122, 86145, 86169, 79156, 79465, 98848, 85885, 78992, 85537, 79391, 79056, 86179, 79094, 92563, 86407, 86413, 85738, 99788, 99643, 92941, 86326, 92875, 86532, 106452, 86400, 86593, 79593]}