{"avg": [0.26593405, 0.2828166, 0.30426452, 0.30998376, 0.3210277, 0.30439276, 0.31668323, 0.32983246, 0.3391581, 0.31780753, 0.33933446, 0.34991324, 0.35231945, 0.35158285, 0.34698215, 0.3586874, 0.39167973, 0.39714387, 0.41240412, 0.39244837, 0.40957367, 0.43808842, 0.4200817, 0.45852688, 0.44726387, 0.43704098, 0.45456004, 0.46080792, 0.43860665, 0.49867946, 0.4789088, 0.48393458, 0.50599134, 0.49932048, 0.5075735, 0.54303706, 0.5069553, 0.52875304, 0.5312333, 0.58382404, 0.5735167, 0.58040684, 0.5580937, 0.56385404, 0.5710834, 0.5911208, 0.57396203, 0.5753287, 0.63479805, 0.597261], "std": [0.07436799, 0.06266778, 0.057302125, 0.05724008, 0.038894836, 0.05863907, 0.05672204, 0.043108486, 0.060958646, 0.056641806, 0.06641292, 0.061222564, 0.059072223, 0.0630295, 0.05677806, 0.073106155, 0.075569026, 0.07605882, 0.07492671, 0.08597904, 0.077199556, 0.08281424, 0.08724037, 0.06605651, 0.09609393, 0.09535327, 0.10100907, 0.101336375, 0.11283529, 0.09848945, 0.10993691, 0.11730614, 0.101069085, 0.11563435, 0.12555422, 0.08757577, 0.12982729, 0.11740539, 0.12607461, 0.07678122, 0.10378404, 0.099658564, 0.13081166, 0.12536466, 0.12027137, 0.10788701, 0.13556358, 0.13604917, 0.05755962, 0.117165245], "var": [0.98, 0.96, 0.94, 0.94, 0.9, 0.88, 0.84, 0.88, 0.86, 0.86, 0.82, 0.82, 0.78, 0.76, 0.76, 0.7, 0.66, 0.7, 0.68, 0.6, 0.58, 0.54, 0.52, 0.5, 0.48, 0.42, 0.4, 0.36, 0.34, 0.32, 0.3, 0.32, 0.32, 0.26, 0.3, 0.26, 0.22, 0.22, 0.22, 0.2, 0.16, 0.14, 0.12, 0.12, 0.1, 0.08, 0.08, 0.08, 0.08, 0.08], "best": [0.4333333, 0.36776558, 0.45493826, 0.4556962, 0.39061096, 0.45530304, 0.45617282, 0.41826212, 0.4561162, 0.459919, 0.5134121, 0.51378447, 0.46878633, 0.51811653, 0.46811965, 0.5121744, 0.5255939, 0.53105325, 0.5357475, 0.541818, 0.54606324, 0.5493924, 0.5544061, 0.55818945, 0.564393, 0.56928706, 0.5732429, 0.57759064, 0.5815529, 0.5837341, 0.58838576, 0.5919956, 0.59591913, 0.59981406, 0.6026276, 0.60581034, 0.61014766, 0.6125372, 0.61601156, 0.61917084, 0.6232255, 0.62732244, 0.63101345, 0.6336118, 0.6362045, 0.63894653, 0.64166945, 0.64420676, 0.6463385, 0.64961743], "duration": [82263, 97510, 78891, 92340, 92521, 97111, 98176, 79794, 98653, 102986, 97975, 79716, 107550, 91350, 87378, 90441, 100815, 95437, 81017, 79941, 117827, 87689, 88060, 88190, 108460, 87757, 87751, 87936, 94087, 101716, 87912, 95125, 88157, 88502, 87534, 81717, 81313, 108530, 87844, 81565, 108403, 101800, 87083, 81193, 94513, 81355, 101097, 81183, 87994, 80565]}