{"avg": [0.25777778, 0.2896931, 0.29307437, 0.2902818, 0.2913673, 0.29402545, 0.30863774, 0.31833312, 0.30946973, 0.31060544, 0.31181094, 0.31360838, 0.33152744, 0.31922942, 0.31407407, 0.3212499, 0.33518386, 0.3212722, 0.34892035, 0.35347733, 0.36679503, 0.3540476, 0.32067534, 0.3612699, 0.34766904, 0.3417035, 0.3423016, 0.34640673, 0.34139705, 0.33686018, 0.34098285, 0.3410183, 0.35162863, 0.33660772, 0.35640383, 0.3773513, 0.3697406, 0.3715377, 0.38201198, 0.36948264, 0.381621, 0.4151197, 0.40092692, 0.3927412, 0.3648794, 0.39161658, 0.42220908, 0.4251616, 0.39862585, 0.41198987, 0.42435735, 0.419003, 0.4006885, 0.44570082, 0.44241285, 0.4330151, 0.43026558, 0.42460102, 0.4190522, 0.42345574, 0.4267151, 0.43872723, 0.41091543, 0.463424, 0.40038213, 0.45119062, 0.45008254, 0.43192384, 0.48275876, 0.45921683, 0.46751618, 0.4597419, 0.46498606, 0.4630598, 0.45245242, 0.46913663, 0.45258313, 0.47838044, 0.4902963, 0.49114403, 0.47883427, 0.4881606, 0.46449205, 0.48377365, 0.5184824, 0.5275582, 0.47642368, 0.48627213, 0.5165136, 0.4865655, 0.5100284, 0.4709614, 0.49122906, 0.5163155, 0.5178078, 0.4467843, 0.50810534, 0.5645264, 0.51280594, 0.49601302], "std": [0.08726752, 0.07409099, 0.047121577, 0.041381273, 0.07330871, 0.073289685, 0.05244847, 0.04808029, 0.080868416, 0.07946732, 0.076668784, 0.077234015, 0.05396703, 0.075628735, 0.083967134, 0.056216814, 0.06477185, 0.05706056, 0.06801539, 0.083258554, 0.073916, 0.06855068, 0.05951315, 0.080014035, 0.060780264, 0.076664396, 0.05949399, 0.058621917, 0.063176386, 0.060280554, 0.07632348, 0.056059778, 0.069825105, 0.0634153, 0.065153204, 0.0673895, 0.077139184, 0.07485566, 0.072326735, 0.0797544, 0.07342148, 0.05251444, 0.065926276, 0.058586117, 0.06689649, 0.05077469, 0.06504891, 0.0666319, 0.07331894, 0.07392862, 0.06493939, 0.07517894, 0.08924521, 0.07051782, 0.059998948, 0.072106086, 0.08758786, 0.08793861, 0.083844215, 0.08479454, 0.08536795, 0.0786781, 0.07395479, 0.07728279, 0.09144335, 0.074880674, 0.0802491, 0.08949727, 0.06521883, 0.08544495, 0.08592744, 0.09680679, 0.08798174, 0.080997586, 0.09218586, 0.08568395, 0.10370899, 0.09418278, 0.083845146, 0.078721404, 0.0989755, 0.085235216, 0.09639968, 0.090268984, 0.075784855, 0.06108977, 0.10700299, 0.1036648, 0.08656006, 0.103477985, 0.096471936, 0.11807686, 0.11067086, 0.09234657, 0.08832938, 0.13530877, 0.103511654, 0.005056746, 0.10370017, 0.11325761], "var": [0.98, 0.98, 0.98, 0.96, 0.94, 0.94, 0.92, 0.92, 0.92, 0.9, 0.9, 0.88, 0.88, 0.84, 0.82, 0.8, 0.8, 0.78, 0.76, 0.76, 0.76, 0.72, 0.72, 0.72, 0.7, 0.7, 0.72, 0.74, 0.72, 0.74, 0.72, 0.7, 0.68, 0.66, 0.64, 0.62, 0.6, 0.58, 0.58, 0.56, 0.56, 0.56, 0.56, 0.56, 0.56, 0.56, 0.56, 0.54, 0.52, 0.52, 0.5, 0.52, 0.52, 0.52, 0.52, 0.52, 0.52, 0.5, 0.5, 0.48, 0.44, 0.42, 0.44, 0.44, 0.46, 0.46, 0.46, 0.42, 0.4, 0.4, 0.38, 0.36, 0.36, 0.36, 0.36, 0.34, 0.34, 0.32, 0.32, 0.3, 0.3, 0.3, 0.3, 0.28, 0.28, 0.26, 0.22, 0.22, 0.2, 0.18, 0.16, 0.16, 0.14, 0.14, 0.1, 0.12, 0.12, 0.12, 0.08, 0.08], "best": [0.4333333, 0.46222222, 0.36396822, 0.3578231, 0.45502642, 0.45609757, 0.40081772, 0.40355125, 0.45456788, 0.45666668, 0.45691058, 0.45819208, 0.45876288, 0.4591346, 0.45970368, 0.46164572, 0.46233594, 0.4126867, 0.4625874, 0.46524587, 0.46800825, 0.47117648, 0.42252544, 0.47186378, 0.42539683, 0.47260725, 0.42952383, 0.47308865, 0.47354028, 0.47362006, 0.47395834, 0.47442642, 0.4746249, 0.4745247, 0.47435424, 0.47489563, 0.4761324, 0.4769666, 0.47929707, 0.48145762, 0.48252475, 0.4836124, 0.48524022, 0.486531, 0.4867424, 0.4869828, 0.48709527, 0.48862004, 0.49035084, 0.49123707, 0.49254107, 0.49449956, 0.496521, 0.49789178, 0.5, 0.50173205, 0.50363636, 0.5054064, 0.5070407, 0.5082073, 0.5098831, 0.5113779, 0.51289433, 0.5135903, 0.515968, 0.5164213, 0.5178767, 0.51961905, 0.5207512, 0.52292246, 0.5245357, 0.5265587, 0.52830076, 0.5300699, 0.53169537, 0.53310674, 0.5346186, 0.5360055, 0.5380331, 0.5397477, 0.5415209, 0.5431972, 0.5447028, 0.545999, 0.54730207, 0.54907686, 0.55129343, 0.55246097, 0.5539258, 0.55583334, 0.55720335, 0.5587002, 0.5598249, 0.56079906, 0.5625846, 0.56396514, 0.56452113, 0.5657906, 0.56798786, 0.56938726], "duration": [42871, 39596, 52343, 42633, 49521, 47485, 45391, 38377, 38026, 39159, 38578, 38862, 39154, 38572, 45771, 39133, 44699, 44957, 45761, 45793, 52246, 39403, 37539, 39587, 45271, 39127, 37978, 38688, 38832, 38783, 39183, 39064, 39023, 45417, 44582, 39353, 39273, 45221, 39802, 45422, 46442, 45840, 39247, 39565, 39151, 39455, 46642, 39746, 39576, 46487, 39757, 39704, 39257, 39720, 39836, 39735, 39685, 39908, 46251, 39826, 39817, 39914, 39355, 39917, 45845, 39813, 40094, 39962, 40153, 39935, 39855, 39545, 46517, 40062, 39980, 39837, 46545, 46716, 39997, 46695, 40082, 39924, 46837, 39932, 40032, 46647, 39918, 40020, 40168, 39942, 40035, 40070, 39943, 40114, 40172, 39453, 40171, 40251, 39913, 39412]}