{"avg": [0.2742857, 0.26924604, 0.30967742, 0.27174446, 0.27748325, 0.2960996, 0.2952515, 0.30727443, 0.3025401, 0.29613495, 0.29650283, 0.31691852, 0.29700658, 0.29309824, 0.29269615, 0.30794424, 0.29863822, 0.30828694, 0.2913591, 0.32047895, 0.3248428, 0.31722772, 0.29838026, 0.32419723, 0.30742663, 0.29800716, 0.31293288, 0.3067428, 0.31940457, 0.29991916, 0.3095213, 0.2868639, 0.33811828, 0.33741802, 0.3049661, 0.3279317, 0.30895078, 0.30450132, 0.3246507, 0.3279881, 0.34214073, 0.32224035, 0.32437655, 0.32307127, 0.3308934, 0.34633893, 0.36046442, 0.3323614, 0.32534796, 0.3572201], "std": [0.054399766, 0.0422869, 0.05764767, 0.040985722, 0.06911221, 0.079433106, 0.07099315, 0.035166427, 0.060065724, 0.071763806, 0.05972375, 0.056176405, 0.058665823, 0.051308196, 0.06993412, 0.04621296, 0.032819048, 0.047014512, 0.06074778, 0.046256177, 0.040641364, 0.04905066, 0.05103783, 0.06869527, 0.08496971, 0.07695198, 0.06596416, 0.07867354, 0.036237843, 0.071531, 0.050482858, 0.08090357, 0.038334567, 0.07223708, 0.06873824, 0.06481518, 0.07475279, 0.07489534, 0.09761463, 0.02942424, 0.046496972, 0.0750906, 0.07403785, 0.06577854, 0.0781131, 0.027567094, 0.07009874, 0.08342224, 0.080296025, 0.06311637], "var": [1.0, 0.9866667, 0.97333336, 0.96, 0.94666666, 0.93333334, 0.92, 0.92, 0.93333334, 0.93333334, 0.93333334, 0.92, 0.9066667, 0.8933333, 0.8933333, 0.8666667, 0.85333335, 0.84, 0.82666665, 0.82666665, 0.81333333, 0.81333333, 0.81333333, 0.7866667, 0.7866667, 0.7866667, 0.76, 0.74666667, 0.74666667, 0.72, 0.6933333, 0.70666665, 0.6933333, 0.72, 0.72, 0.72, 0.72, 0.73333335, 0.70666665, 0.6933333, 0.6933333, 0.6933333, 0.6666667, 0.6533333, 0.6533333, 0.64, 0.64, 0.64, 0.62666667, 0.6], "best": [0.34761906, 0.3352381, 0.43870965, 0.31965554, 0.36264881, 0.44583333, 0.44747472, 0.3833944, 0.3998557, 0.40137425, 0.38920632, 0.40347984, 0.40507457, 0.38895595, 0.4062723, 0.4071624, 0.36454213, 0.3653086, 0.35677406, 0.44540596, 0.4463636, 0.4013547, 0.3687729, 0.40422305, 0.44663298, 0.3678948, 0.37100676, 0.40319958, 0.37288904, 0.37310517, 0.37448573, 0.4039545, 0.37647477, 0.44798067, 0.3803091, 0.45739475, 0.40435195, 0.4280108, 0.4754256, 0.4061642, 0.4166524, 0.47609332, 0.41719842, 0.3935119, 0.4049172, 0.38559428, 0.4606258, 0.42296633, 0.3949238, 0.46107054], "duration": [39812, 37280, 38762, 43352, 42788, 46202, 44897, 52475, 39181, 46646, 39854, 38968, 38898, 39285, 38969, 38542, 38879, 59326, 39504, 44643, 39122, 38531, 38666, 38885, 44238, 39457, 39704, 44310, 38862, 45947, 45177, 39201, 39161, 46053, 43167, 39101, 43691, 43585, 39957, 39903, 39845, 39422, 44717, 39450, 40293, 39403, 46357, 46002, 46177, 39761]}