{"avg": [0.53333336, 0.5133333, 0.52, 0.5133333, 0.5133333, 0.50666666, 0.52, 0.52666664, 0.5133333, 0.50666666, 0.5133333, 0.5133333, 0.50666666, 0.49333334, 0.48666668, 0.48666668, 0.48666668, 0.49333334, 0.5, 0.5, 0.49333334, 0.48666668, 0.48, 0.48, 0.47333333], "std": [0.49888754, 0.49982232, 0.49959978, 0.4998223, 0.49982232, 0.4999556, 0.49959975, 0.49928865, 0.4998223, 0.4999556, 0.4998223, 0.4998223, 0.4999556, 0.4999556, 0.4998223, 0.4998223, 0.4998223, 0.4999556, 0.5, 0.5, 0.4999556, 0.4998223, 0.49959975, 0.49959975, 0.49928862], "var": [0.99333334, 0.98, 0.97333336, 0.96666664, 0.96666664, 0.96, 0.9533333, 0.94, 0.93333334, 0.93333334, 0.92, 0.92, 0.92, 0.9066667, 0.91333336, 0.9, 0.88666666, 0.88666666, 0.88, 0.87333333, 0.8666667, 0.85333335, 0.84, 0.8333333, 0.82666665], "best": [1.0, 1.0, 1.0, 1.0, 1.0, 1.0, 1.0, 1.0, 1.0, 1.0, 1.0, 1.0, 1.0, 1.0, 1.0, 1.0, 1.0, 1.0, 1.0, 1.0, 1.0, 1.0, 1.0, 1.0, 1.0], "duration": [20271, 15285, 21880, 21911, 21892, 20069, 22020, 22350, 18391, 20567, 22306, 22312, 22217, 20581, 20438, 20678, 18588, 20747, 20512, 20697, 17190, 20712, 20970, 20907, 20905]}