{"avg": [0.49933338, 0.4980001, 0.5006667, 0.49866673, 0.49933338, 0.49466679, 0.49466679, 0.49466676, 0.49400008, 0.49400014, 0.4953335, 0.4900001, 0.4886668, 0.48666683, 0.4893335, 0.48666683, 0.4826668, 0.48133352, 0.48200017, 0.4800002, 0.4800002, 0.48066685, 0.4780002, 0.47733352, 0.4766668], "std": [0.13341495, 0.13390043, 0.13241182, 0.13265827, 0.13490571, 0.13405803, 0.13405803, 0.13305967, 0.13624977, 0.13328163, 0.1377615, 0.14130346, 0.13834102, 0.13792104, 0.14006983, 0.13984115, 0.14594366, 0.14440067, 0.14425445, 0.14468361, 0.1442221, 0.14546324, 0.1450839, 0.14428985, 0.14579286], "var": [1.0, 0.9866667, 0.9866667, 0.98, 0.97333336, 0.97333336, 0.96666664, 0.96, 0.94666666, 0.93333334, 0.92, 0.91333336, 0.9066667, 0.9066667, 0.9, 0.8933333, 0.88666666, 0.88666666, 0.88666666, 0.88666666, 0.88666666, 0.8933333, 0.8933333, 0.88666666, 0.88], "best": [0.9, 0.9, 0.9, 0.9, 0.9, 0.9, 0.9, 0.9, 0.9, 0.9, 0.9, 0.9, 0.8, 0.9, 0.9, 0.9, 0.9, 0.9, 0.9, 0.9, 0.9, 0.9, 0.9, 0.9, 0.9], "duration": [274661, 271386, 274272, 275061, 275304, 271865, 274403, 276118, 276152, 275478, 277241, 274256, 272507, 270834, 272576, 273957, 271398, 270213, 270984, 269518, 267856, 266635, 266613, 267375, 265916]}