{"avg": [0.18055554, 0.19867726, 0.23776458, 0.25899473, 0.19388229, 0.14164022, 0.2136508, 0.17425473, 0.16522291, 0.31799254, 0.19890873, 0.19770865, 0.109442115, 0.2207958, 0.22149801, 0.14769287, 0.1746463, 0.20907031, 0.217674, 0.20834775, 0.1961823, 0.173172, 0.20674852, 0.21869256, 0.26495948, 0.24645595, 0.1732072, 0.1676333, 0.2415099, 0.16385582, 0.19951196, 0.14726986, 0.18719006, 0.19212165, 0.2014626, 0.19582838, 0.16630052, 0.1989269, 0.20840617, 0.26917163, 0.22566251, 0.16578557, 0.15778567, 0.19942397, 0.24035122, 0.17046887, 0.18596588, 0.17827271, 0.25475615, 0.2815603], "std": [0.07415965, 0.14715227, 0.011447152, 0.093992315, 0.05728408, 0.07653476, 0.086329415, 0.118226096, 0.04095371, 0.08933381, 0.07733547, 0.08800643, 0.08485983, 0.07657863, 0.050451204, 0.042943053, 0.11174589, 0.048325535, 0.07641479, 0.0705009, 0.10978413, 0.056135673, 0.053270515, 0.08381525, 0.050715577, 0.039620504, 0.05351625, 0.10430574, 0.06772364, 0.08846414, 0.104852125, 0.048445906, 0.092255965, 0.066382155, 0.052533202, 0.080758594, 0.102694854, 0.1341761, 0.08145985, 0.08268103, 0.12367303, 0.10119196, 0.08530356, 0.07732757, 0.055438735, 0.092627645, 0.051261976, 0.116750985, 0.06494264, 0.058158144], "var": [1.0, 1.0, 1.0, 1.0, 1.0, 1.0, 1.0, 1.0, 1.0, 1.0, 1.0, 1.0, 1.0, 1.0, 1.0, 1.0, 1.0, 1.0, 1.0, 1.0, 1.0, 1.0, 1.0, 1.0, 1.0, 1.0, 1.0, 1.0, 1.0, 1.0, 1.0, 1.0, 1.0, 1.0, 1.0, 1.0, 1.0, 1.0, 1.0, 1.0, 1.0, 1.0, 1.0, 1.0, 1.0, 1.0, 1.0, 1.0, 1.0, 1.0], "best": [0.32142857, 0.4746032, 0.25198415, 0.3738095, 0.27718255, 0.23841272, 0.3472222, 0.3652729, 0.23611957, 0.378198, 0.3327381, 0.34569892, 0.23746501, 0.3436937, 0.27232143, 0.23859358, 0.3586439, 0.24829932, 0.34423077, 0.32930735, 0.3326355, 0.23520689, 0.26945683, 0.36892232, 0.33557725, 0.32970443, 0.23722802, 0.34273505, 0.3713404, 0.24920635, 0.33215654, 0.23859788, 0.2582883, 0.25100973, 0.27431974, 0.33370054, 0.33559927, 0.34397495, 0.33289647, 0.34479165, 0.47587994, 0.33103308, 0.24856357, 0.33110598, 0.3320585, 0.23708792, 0.25155437, 0.34292743, 0.33374742, 0.37921312], "duration": [1045, 968, 1063, 5388, 1089, 1013, 1050, 1049, 863, 5378, 937, 1042, 5799, 964, 999, 980, 5758, 1006, 979, 946, 980, 965, 991, 1037, 1063, 1012, 932, 932, 988, 900, 902, 917, 5866, 1040, 890, 1009, 926, 982, 995, 1006, 1029, 916, 977, 940, 940, 916, 5794, 1019, 1007, 945]}