{"avg": [0.49733344, 0.50000006, 0.5006667, 0.4960001, 0.49666673, 0.49866667, 0.49200013, 0.49333343, 0.49266672, 0.49066675, 0.4873334, 0.4880001, 0.48866674, 0.48933345, 0.4880001, 0.48733342, 0.49133343, 0.48133346, 0.4853334, 0.4886668, 0.4853334, 0.48466673, 0.48666677, 0.4880001, 0.48666677], "std": [0.1336397, 0.13366623, 0.13291435, 0.13360642, 0.1348662, 0.13613065, 0.13292602, 0.13148722, 0.13421209, 0.13679504, 0.1377421, 0.1336264, 0.13639976, 0.1357186, 0.1300872, 0.13079076, 0.13009566, 0.12826361, 0.12669471, 0.12834163, 0.12457212, 0.12529251, 0.1252553, 0.12432222, 0.12418624], "var": [1.0, 0.99333334, 0.98, 0.97333336, 0.96666664, 0.9533333, 0.9533333, 0.94, 0.93333334, 0.92, 0.91333336, 0.91333336, 0.92, 0.9266667, 0.9266667, 0.9266667, 0.91333336, 0.9066667, 0.9, 0.8933333, 0.88666666, 0.88, 0.88, 0.87333333, 0.8666667], "best": [0.9, 0.9, 0.9, 0.9, 0.9, 0.9, 0.9, 0.9, 0.9, 0.9, 0.9, 0.9, 0.9, 0.9, 0.8, 0.8, 0.8, 0.8, 0.8, 0.8, 0.8, 0.8, 0.8, 0.8, 0.8], "duration": [280102, 280819, 280369, 278836, 280471, 276517, 276956, 278116, 281456, 276678, 277413, 278524, 277304, 281406, 274793, 276597, 281428, 278190, 279546, 276467, 276829, 277135, 278008, 279484, 281518]}