{"avg": [0.26031747, 0.2896931, 0.29708436, 0.29300287, 0.29136732, 0.29336274, 0.3099086, 0.30191335, 0.30175924, 0.3168548, 0.31025246, 0.291891, 0.28202638, 0.29179016, 0.3082001, 0.31945, 0.3221426, 0.3170992, 0.3301381, 0.32950693, 0.34945452, 0.33155403, 0.3229745, 0.30416667, 0.3296279, 0.3301192, 0.32627398, 0.32489127, 0.3284824, 0.34883717, 0.34113285, 0.3523033, 0.3519863, 0.34925193, 0.35345837, 0.345976, 0.35680684, 0.36759633, 0.37700438, 0.37543866, 0.38142812, 0.371815, 0.3678884, 0.35055333, 0.38715428, 0.39144447, 0.3785237, 0.387178, 0.4067229, 0.4027931], "std": [0.08539034, 0.07409099, 0.04982655, 0.04365753, 0.06961222, 0.073451154, 0.052475657, 0.057752497, 0.058344588, 0.06195742, 0.03221021, 0.057941027, 0.06606133, 0.031573538, 0.032182544, 0.05155494, 0.055159893, 0.06114482, 0.044896785, 0.043087803, 0.054615423, 0.06336186, 0.058191806, 0.058916032, 0.052259095, 0.05316583, 0.058400154, 0.061122548, 0.060307313, 0.05685116, 0.04550667, 0.049014766, 0.047180858, 0.040333286, 0.06486437, 0.050486017, 0.059852332, 0.06895795, 0.06518591, 0.0647372, 0.06902913, 0.06415296, 0.06293612, 0.058308665, 0.058664218, 0.063828535, 0.06197119, 0.069989614, 0.036411993, 0.04067103], "var": [0.98, 0.98, 0.98, 0.96, 0.96, 0.92, 0.92, 0.9, 0.9, 0.9, 0.9, 0.9, 0.88, 0.88, 0.84, 0.86, 0.84, 0.82, 0.8, 0.8, 0.82, 0.82, 0.84, 0.82, 0.8, 0.78, 0.8, 0.8, 0.8, 0.82, 0.8, 0.8, 0.8, 0.78, 0.76, 0.76, 0.74, 0.74, 0.74, 0.74, 0.74, 0.7, 0.68, 0.66, 0.7, 0.66, 0.66, 0.64, 0.68, 0.68], "best": [0.4333333, 0.46222222, 0.36396822, 0.3578231, 0.45502642, 0.45609757, 0.40115443, 0.40383375, 0.45407405, 0.45607063, 0.36253583, 0.36385158, 0.38650393, 0.34938273, 0.36512852, 0.45349792, 0.45529714, 0.456326, 0.40458253, 0.40581667, 0.45882353, 0.44902948, 0.46148145, 0.40725684, 0.40397033, 0.4047853, 0.42065373, 0.46237227, 0.4522452, 0.46395853, 0.42264095, 0.46189526, 0.41370657, 0.41448227, 0.46833768, 0.41551408, 0.46409377, 0.46830705, 0.46925703, 0.4670879, 0.4726117, 0.47372743, 0.4693509, 0.4620758, 0.4757357, 0.47791135, 0.4792453, 0.47947606, 0.47389293, 0.47685003], "duration": [43090, 40202, 52966, 43065, 49879, 47810, 46274, 38348, 38809, 40983, 37986, 38767, 45758, 38663, 38433, 46108, 46387, 39320, 45325, 46468, 46460, 58232, 39370, 38119, 40204, 40106, 46258, 46456, 45815, 39126, 38971, 39980, 38875, 46503, 39928, 39118, 39096, 40234, 46634, 39487, 53367, 39785, 40005, 39370, 40114, 40095, 39382, 40264, 40215, 40254]}