{"avg": [0.26851857, 0.28138226, 0.26797384, 0.27595884, 0.2960825, 0.27060723, 0.28016254, 0.27594137, 0.28336582, 0.27213338, 0.29741758, 0.25309664, 0.27564374, 0.29412386, 0.29351166, 0.29166532, 0.268941, 0.2947966, 0.28665185, 0.29613087, 0.29675406, 0.28998232, 0.30962515, 0.28816402, 0.30611154, 0.28237823, 0.28459448, 0.29119754, 0.28818583, 0.27619416, 0.27872807, 0.28747848, 0.29294378, 0.2980617, 0.30507973, 0.30569655, 0.3031449, 0.30182418, 0.27969775, 0.29261592, 0.30974457, 0.30559486, 0.2882874, 0.29836076, 0.30872706, 0.32070976, 0.3030679, 0.31247744, 0.3066652, 0.3141625], "std": [0.06682028, 0.06524912, 0.06822907, 0.042839013, 0.03878455, 0.082809314, 0.046895627, 0.056509826, 0.05208496, 0.04922119, 0.04529561, 0.058943413, 0.05287333, 0.056049455, 0.05930231, 0.059721053, 0.05805375, 0.049688935, 0.06040691, 0.037286755, 0.044275276, 0.054844826, 0.047092725, 0.049707472, 0.06136698, 0.072544694, 0.048275627, 0.056353185, 0.057167616, 0.06534337, 0.05651176, 0.039242163, 0.06571049, 0.058793057, 0.065394156, 0.062157005, 0.041941594, 0.043950506, 0.06296195, 0.046372306, 0.037078362, 0.047322877, 0.049857244, 0.03328464, 0.04005153, 0.03404313, 0.05472006, 0.044518977, 0.058589924, 0.062764555], "var": [0.99333334, 0.9866667, 0.9866667, 0.98, 0.97333336, 0.97333336, 0.96666664, 0.96, 0.96, 0.96, 0.96, 0.9533333, 0.94666666, 0.94666666, 0.94666666, 0.94666666, 0.94, 0.93333334, 0.9266667, 0.9266667, 0.92, 0.9266667, 0.9266667, 0.92, 0.91333336, 0.91333336, 0.9, 0.9, 0.9, 0.9, 0.9, 0.88666666, 0.8933333, 0.88666666, 0.88, 0.87333333, 0.87333333, 0.87333333, 0.87333333, 0.87333333, 0.8666667, 0.86, 0.86, 0.85333335, 0.8466667, 0.8466667, 0.84, 0.8333333, 0.82666665, 0.81333333], "best": [0.39523807, 0.42301586, 0.38137257, 0.38653848, 0.3884058, 0.4468992, 0.3817308, 0.38805556, 0.35831606, 0.37133637, 0.41016057, 0.34401, 0.35423532, 0.4109418, 0.4454545, 0.44648787, 0.35808495, 0.35851026, 0.35920534, 0.36111352, 0.3764088, 0.35445133, 0.4098322, 0.3552738, 0.4452153, 0.4457471, 0.41024175, 0.41083637, 0.41125453, 0.3593254, 0.38097063, 0.35575834, 0.37769786, 0.41164294, 0.44615817, 0.44664466, 0.38261104, 0.36977935, 0.38321412, 0.37969518, 0.36546078, 0.38036466, 0.37269232, 0.35567424, 0.37091947, 0.37970278, 0.41076317, 0.38193262, 0.44642004, 0.44615984], "duration": [43429, 44185, 42423, 41671, 39428, 39027, 39308, 37602, 43026, 37945, 39157, 42176, 42637, 38703, 45582, 43960, 43068, 38582, 43489, 37402, 49556, 38727, 52541, 38838, 43224, 39362, 39264, 45247, 38232, 44666, 43860, 39112, 42605, 37832, 44824, 39433, 39880, 38909, 48974, 39047, 42639, 39351, 53428, 48212, 38627, 39821, 43936, 39087, 39678, 47909]}