{"avg": [0.26552382, 0.2990603, 0.3043208, 0.3020117, 0.29836255, 0.30056164, 0.31728262, 0.3272098, 0.3168663, 0.33393192, 0.32436344, 0.32226178, 0.33992425, 0.31631386, 0.31269115, 0.32317433, 0.34523284, 0.34808448, 0.35708964, 0.33269796, 0.3743699, 0.3586888, 0.37157997, 0.3478751, 0.33855748, 0.3193609, 0.38357106, 0.36550626, 0.3442687, 0.34646922, 0.35157233, 0.39457324, 0.3803557, 0.3830382, 0.39713222, 0.40679502, 0.37591663, 0.38878414, 0.39901656, 0.36742437, 0.4035636, 0.42673987, 0.41378847, 0.45299643, 0.46168703, 0.4404783, 0.4246776, 0.4446022, 0.41706985, 0.42309493], "std": [0.08520781, 0.07391636, 0.05114658, 0.044285107, 0.07020074, 0.07704154, 0.05349131, 0.05136344, 0.08089411, 0.064789824, 0.07591223, 0.0763198, 0.054518808, 0.06661095, 0.08336385, 0.056177117, 0.04135996, 0.06145628, 0.07050043, 0.07345802, 0.079708315, 0.069995634, 0.074282005, 0.07105025, 0.077666216, 0.08230926, 0.0769224, 0.082133256, 0.07551351, 0.070338234, 0.063841954, 0.08340477, 0.08979304, 0.07720152, 0.0770824, 0.07375846, 0.07919459, 0.08713074, 0.085492104, 0.088782445, 0.086079635, 0.084711984, 0.09277712, 0.06482427, 0.08210446, 0.085696526, 0.10475908, 0.09388333, 0.0975923, 0.102220096], "var": [0.98, 0.98, 0.98, 0.96, 0.94, 0.94, 0.92, 0.92, 0.92, 0.9, 0.88, 0.86, 0.84, 0.82, 0.8, 0.78, 0.78, 0.76, 0.76, 0.76, 0.76, 0.76, 0.72, 0.7, 0.68, 0.66, 0.66, 0.66, 0.62, 0.62, 0.64, 0.62, 0.62, 0.6, 0.58, 0.58, 0.54, 0.56, 0.56, 0.54, 0.52, 0.52, 0.52, 0.5, 0.48, 0.48, 0.44, 0.42, 0.4, 0.4], "best": [0.44, 0.47466668, 0.37104762, 0.36367348, 0.46603173, 0.4673171, 0.41240984, 0.4156901, 0.46548146, 0.46719998, 0.4678049, 0.46937856, 0.4701031, 0.47057694, 0.4705778, 0.47297072, 0.42053995, 0.47256508, 0.47333336, 0.47543627, 0.4771885, 0.48073396, 0.48163742, 0.48469275, 0.48673797, 0.48726344, 0.48792082, 0.49092636, 0.49260768, 0.4931291, 0.49366874, 0.49384928, 0.49716535, 0.499084, 0.50115025, 0.50285715, 0.50547373, 0.5066212, 0.50857145, 0.5105349, 0.5113565, 0.5137231, 0.5162707, 0.5187059, 0.5212104, 0.5258427, 0.5284182, 0.53047234, 0.5327152, 0.5341969], "duration": [43080, 39914, 53168, 42994, 49977, 47828, 45759, 38572, 38936, 39294, 38833, 39659, 39204, 39323, 45879, 39455, 38732, 39560, 39178, 39956, 39934, 46145, 40091, 45186, 39434, 38847, 39495, 59198, 39970, 53087, 39548, 39948, 40113, 39959, 40123, 47049, 39337, 38896, 40201, 39392, 40048, 40293, 40413, 40159, 40452, 39669, 40408, 40326, 40222, 40181]}