{"avg": [0.25952384, 0.2533069, 0.31157407, 0.2621693, 0.258168, 0.25981483, 0.30222222, 0.255362, 0.29379433, 0.29942113, 0.25882939, 0.2604071, 0.2670168, 0.2957958, 0.26594248, 0.2623754, 0.25335577, 0.2558957, 0.30656287, 0.24763347, 0.2464149, 0.28666404, 0.30960566, 0.26353383, 0.29114994, 0.2912972, 0.2779691, 0.2915649, 0.30658925, 0.27800924, 0.24879128, 0.24869843, 0.25104678, 0.2368836, 0.23765306, 0.26686016, 0.24093242, 0.24428797, 0.23499346, 0.27710816, 0.25423396, 0.26603782, 0.24260461, 0.23553509, 0.30304962, 0.26139927, 0.23834682, 0.25073272, 0.29245457, 0.31906027], "std": [0.03560831, 0.09780322, 0.035046972, 0.043948527, 0.036409933, 0.053107943, 0.061396033, 0.07737397, 0.06494499, 0.034558676, 0.047333494, 0.0694138, 0.052665167, 0.035735264, 0.043680057, 0.05330543, 0.09546594, 0.04123635, 0.051451262, 0.047033396, 0.07724284, 0.047851995, 0.0398533, 0.062142886, 0.038595375, 0.03830699, 0.023454906, 0.052994035, 0.02320941, 0.04451958, 0.037196007, 0.034398798, 0.042859644, 0.043684762, 0.024588006, 0.060912818, 0.06732175, 0.051786132, 0.06393645, 0.0802285, 0.038673997, 0.056335352, 0.038225275, 0.037205335, 0.06259088, 0.03959013, 0.042739768, 0.025523568, 0.04667046, 0.03962725], "var": [1.0, 1.0, 1.0, 1.0, 1.0, 1.0, 1.0, 1.0, 1.0, 1.0, 1.0, 1.0, 1.0, 1.0, 1.0, 1.0, 1.0, 1.0, 1.0, 1.0, 1.0, 1.0, 1.0, 1.0, 1.0, 1.0, 1.0, 1.0, 1.0, 1.0, 1.0, 1.0, 1.0, 1.0, 1.0, 1.0, 1.0, 1.0, 1.0, 1.0, 1.0, 1.0, 1.0, 1.0, 1.0, 1.0, 1.0, 1.0, 1.0, 1.0], "best": [0.30476192, 0.41746032, 0.356746, 0.33201057, 0.3267857, 0.34079364, 0.38531744, 0.38908246, 0.3556231, 0.34509805, 0.30059525, 0.34039938, 0.3541316, 0.34845558, 0.3394048, 0.31755263, 0.44197723, 0.30986395, 0.382326, 0.30199137, 0.34195402, 0.34426227, 0.36469492, 0.39749375, 0.34272012, 0.3382266, 0.30605486, 0.35225883, 0.35273364, 0.34444442, 0.31568146, 0.30232805, 0.3130502, 0.30234358, 0.26955783, 0.35297322, 0.3570278, 0.29986587, 0.3305155, 0.37886906, 0.3062526, 0.3286521, 0.29348683, 0.2953917, 0.4046869, 0.30613554, 0.31345913, 0.29530838, 0.38976884, 0.35778454], "duration": [12872, 12866, 13496, 13702, 12792, 12625, 13524, 12916, 12568, 13160, 12544, 12749, 17505, 13388, 13469, 12592, 14564, 12465, 12842, 12997, 12224, 12883, 12701, 9415, 12956, 13649, 13013, 12719, 12810, 12994, 12968, 13048, 13062, 12684, 8274, 13552, 12903, 9776, 12864, 13482, 12197, 12553, 12419, 12105, 13370, 12174, 12200, 12217, 12809, 12767]}