{"avg": [0.26285714, 0.28715342, 0.29708436, 0.28756073, 0.29136732, 0.29178452, 0.31064278, 0.3183331, 0.31279385, 0.32797393, 0.30798092, 0.2972057, 0.32017434, 0.33182698, 0.30490553, 0.2951552, 0.28412578, 0.30948457, 0.3264463, 0.32252383, 0.3328645, 0.33029726, 0.32402948, 0.3173518, 0.3364964, 0.3266249, 0.3189467, 0.32546377, 0.34769753, 0.3414831, 0.33651713, 0.32643682, 0.34745535, 0.3390794, 0.345667, 0.34487057, 0.36192238, 0.35201696, 0.33842054, 0.35098985, 0.34553477, 0.3532883, 0.35834458, 0.3715188, 0.37339944, 0.3806574, 0.3718068, 0.3643818, 0.3567214, 0.3831811], "std": [0.0841156, 0.07637929, 0.04982655, 0.0409638, 0.06961222, 0.07578598, 0.052799568, 0.04829049, 0.07701867, 0.06492253, 0.06272913, 0.04858215, 0.062846705, 0.052661356, 0.06785194, 0.06838422, 0.047428716, 0.042198826, 0.05223585, 0.07508013, 0.06284924, 0.048738435, 0.04248896, 0.055539507, 0.043280266, 0.063196465, 0.0826539, 0.041762915, 0.052890882, 0.046258286, 0.055197787, 0.04073864, 0.053800207, 0.05881494, 0.052064735, 0.05039139, 0.054864373, 0.059492573, 0.049861263, 0.062163677, 0.055602938, 0.054629475, 0.05554709, 0.04834146, 0.0507564, 0.045862164, 0.04744717, 0.044875063, 0.07261281, 0.055569], "var": [0.98, 0.98, 0.98, 0.96, 0.94, 0.94, 0.92, 0.92, 0.88, 0.88, 0.88, 0.86, 0.84, 0.82, 0.82, 0.8, 0.78, 0.78, 0.76, 0.74, 0.76, 0.74, 0.74, 0.74, 0.72, 0.7, 0.66, 0.68, 0.64, 0.66, 0.66, 0.64, 0.62, 0.64, 0.62, 0.58, 0.58, 0.6, 0.6, 0.58, 0.58, 0.6, 0.58, 0.58, 0.54, 0.56, 0.56, 0.58, 0.56, 0.58], "best": [0.4333333, 0.46222222, 0.36396822, 0.3578231, 0.45502642, 0.45609757, 0.40081772, 0.40355125, 0.45456788, 0.4561403, 0.36353984, 0.36396825, 0.455102, 0.45581758, 0.39028823, 0.40622565, 0.35846153, 0.3657662, 0.45459768, 0.4552319, 0.45603713, 0.40994647, 0.41212, 0.38948786, 0.41247693, 0.41395488, 0.45526314, 0.41737214, 0.41735002, 0.41903734, 0.4195856, 0.378278, 0.4307115, 0.42291835, 0.4326768, 0.4338785, 0.43458995, 0.42870012, 0.43034935, 0.45473513, 0.4388839, 0.43196866, 0.45484352, 0.4552964, 0.45571426, 0.45640668, 0.45702592, 0.43557087, 0.436581, 0.45728362], "duration": [43027, 39808, 52778, 42771, 49796, 47829, 45759, 38607, 44921, 39845, 37244, 38100, 45765, 39678, 44720, 38504, 38165, 45727, 45180, 39769, 46433, 39241, 39115, 39008, 38943, 39234, 39562, 39302, 46258, 39758, 39269, 46211, 38842, 39259, 39797, 46113, 39280, 39051, 39574, 39774, 39656, 39392, 39636, 39824, 39736, 40214, 39868, 40224, 38778, 40078]}