{"avg": [0.26031747, 0.2896931, 0.29708436, 0.2902818, 0.29537734, 0.29336274, 0.3119136, 0.30415422, 0.30175924, 0.3193945, 0.3102524, 0.28977463, 0.28426725, 0.29179016, 0.30595917, 0.31945, 0.32452354, 0.321332, 0.32759842, 0.32766694, 0.34392437, 0.324097, 0.30953166, 0.33170432, 0.33100674, 0.34296516, 0.32231045, 0.32949567, 0.3471653, 0.34158698, 0.3392949, 0.30923587, 0.36792487, 0.32971653, 0.33549485, 0.34057352, 0.37378922, 0.33077836, 0.3521307, 0.34134972, 0.34822553, 0.37469366, 0.35275504, 0.37658903, 0.35506168, 0.38675046, 0.38643694, 0.40218157, 0.3626905, 0.37330702], "std": [0.08539034, 0.07409099, 0.04982655, 0.041381273, 0.0705064, 0.073451154, 0.05363746, 0.057378337, 0.058344588, 0.060532358, 0.028458787, 0.058614187, 0.066061564, 0.031573538, 0.03144492, 0.05155494, 0.0514755, 0.057881363, 0.04390636, 0.04259594, 0.06275617, 0.06935167, 0.045675706, 0.033568013, 0.049698938, 0.05234634, 0.059877913, 0.03555808, 0.061150458, 0.057038773, 0.051839367, 0.063938364, 0.06521209, 0.056078166, 0.06270039, 0.070111826, 0.05769223, 0.056536656, 0.05646816, 0.06990622, 0.07986391, 0.06550946, 0.077557966, 0.05223458, 0.06594795, 0.055039432, 0.06542923, 0.044084165, 0.08120412, 0.08097985], "var": [0.98, 0.98, 0.98, 0.96, 0.96, 0.92, 0.92, 0.9, 0.9, 0.9, 0.9, 0.9, 0.88, 0.88, 0.84, 0.86, 0.84, 0.82, 0.8, 0.8, 0.82, 0.8, 0.8, 0.78, 0.8, 0.82, 0.86, 0.84, 0.84, 0.82, 0.82, 0.8, 0.8, 0.78, 0.78, 0.78, 0.78, 0.78, 0.76, 0.76, 0.78, 0.74, 0.72, 0.7, 0.7, 0.68, 0.68, 0.68, 0.66, 0.66], "best": [0.4333333, 0.46222222, 0.36396822, 0.3578231, 0.45502642, 0.45609757, 0.40115443, 0.40383375, 0.45407405, 0.45607063, 0.36107287, 0.362352, 0.38650393, 0.34938273, 0.36512852, 0.45349792, 0.45529714, 0.456326, 0.40458253, 0.40581667, 0.4589267, 0.44902948, 0.4091647, 0.3941841, 0.46058264, 0.40991184, 0.40875468, 0.39681086, 0.44947326, 0.45034742, 0.41081718, 0.4110795, 0.46043673, 0.41216338, 0.46485177, 0.46578947, 0.46428165, 0.46533775, 0.4542749, 0.4548749, 0.45544532, 0.46832576, 0.47202554, 0.46988937, 0.42234793, 0.46010172, 0.47551942, 0.47480106, 0.47634545, 0.46486127], "duration": [43007, 39947, 52719, 42851, 49808, 47718, 46218, 38290, 38588, 39490, 37941, 38905, 45841, 38596, 38417, 46004, 46238, 39204, 45300, 46326, 46330, 45016, 45448, 39377, 39373, 39727, 44957, 38958, 39477, 52697, 39637, 45762, 39883, 46107, 46179, 40113, 40039, 39309, 39603, 40208, 39722, 40179, 39748, 40016, 46624, 40215, 40295, 40406, 46948, 40246]}