{"avg": [0.25659862, 0.2830023, 0.29191554, 0.28161183, 0.2863707, 0.2893567, 0.3006369, 0.31583413, 0.3062843, 0.32149956, 0.3020303, 0.29199266, 0.31423107, 0.32842824, 0.299501, 0.28211772, 0.29065093, 0.29980993, 0.29467618, 0.29535854, 0.33633384, 0.30299282, 0.33009136, 0.31720716, 0.31720066, 0.34762144, 0.32643792, 0.3036026, 0.32044816, 0.32915547, 0.3276991, 0.33268243, 0.332575, 0.33892837, 0.32634655, 0.35317257, 0.34137627, 0.3723453, 0.36201826, 0.32247376, 0.35458323, 0.36384684, 0.35982847, 0.36352226, 0.38543618, 0.38102654, 0.39528385, 0.3850052, 0.40024, 0.38239777], "std": [0.08566395, 0.074383736, 0.049195353, 0.040539674, 0.06938525, 0.07404931, 0.04949752, 0.04780308, 0.076848656, 0.07008335, 0.06284418, 0.045716617, 0.06370656, 0.05475885, 0.06970973, 0.07198596, 0.07615479, 0.06664448, 0.06374862, 0.07031141, 0.05044739, 0.065924816, 0.063428916, 0.04001013, 0.0753584, 0.060281083, 0.10038902, 0.063797496, 0.06454967, 0.062606774, 0.076533146, 0.07483188, 0.0625773, 0.06495431, 0.05858948, 0.05587113, 0.07390981, 0.0733865, 0.068165235, 0.07216933, 0.07037889, 0.06585149, 0.05932814, 0.072289646, 0.078164324, 0.09101048, 0.07571119, 0.061558675, 0.07301981, 0.06948964], "var": [0.98, 0.98, 0.98, 0.96, 0.94, 0.94, 0.92, 0.92, 0.88, 0.88, 0.88, 0.86, 0.84, 0.82, 0.82, 0.8, 0.8, 0.82, 0.84, 0.82, 0.84, 0.82, 0.82, 0.78, 0.76, 0.76, 0.76, 0.78, 0.76, 0.76, 0.76, 0.72, 0.72, 0.68, 0.66, 0.66, 0.66, 0.64, 0.62, 0.62, 0.58, 0.54, 0.54, 0.56, 0.54, 0.52, 0.5, 0.52, 0.52, 0.5], "best": [0.42857143, 0.45333335, 0.35891157, 0.3536443, 0.44716552, 0.44808364, 0.39253762, 0.39488068, 0.4467725, 0.4481203, 0.3589869, 0.35891157, 0.4472303, 0.44784364, 0.37943074, 0.362362, 0.44714287, 0.4482078, 0.39753404, 0.39733693, 0.44821993, 0.3997787, 0.44876847, 0.40376854, 0.4489689, 0.4495142, 0.5055578, 0.45144197, 0.40836737, 0.45169172, 0.50756305, 0.47353175, 0.508464, 0.4531625, 0.41365835, 0.4144478, 0.5096047, 0.5099607, 0.5108675, 0.45492372, 0.5116462, 0.51200354, 0.45632896, 0.5127596, 0.51344246, 0.51473224, 0.5161222, 0.51715493, 0.5178733, 0.5186724], "duration": [43287, 40119, 52993, 43069, 49905, 43462, 45759, 38695, 45001, 40104, 37390, 39733, 46085, 39874, 44946, 39420, 38812, 40130, 39796, 39965, 45977, 39486, 38741, 39748, 40112, 39117, 39474, 37995, 39862, 53255, 39484, 40015, 39492, 46885, 39799, 45899, 39925, 40059, 40210, 39892, 39936, 47799, 39327, 41303, 40024, 47049, 53578, 40277, 40197, 47162]}