{"avg": [0.21295473, 0.30947733, 0.37616187, 0.43288845, 0.43905604, 0.4642881, 0.49172747, 0.5208144, 0.52508307, 0.5284974, 0.5326594, 0.5128408, 0.541842, 0.5451272, 0.52536887, 0.5559374, 0.56063163, 0.5656477, 0.5692742, 0.54567367, 0.5758609, 0.5789387, 0.58100486, 0.58332354, 0.58535093, 0.58738816, 0.5889434, 0.5904691, 0.5918229, 0.5619995, 0.59440714, 0.59569365, 0.5967904, 0.5680279, 0.57285523, 0.5999449, 0.60093206, 0.6017434, 0.6025142, 0.6033544, 0.6041154, 0.6047736, 0.60540223, 0.6060619, 0.6066624, 0.5819858, 0.6079127, 0.60836023, 0.57681686, 0.609299, 0.60976344, 0.6102097, 0.6105786, 0.6109941, 0.6113567, 0.6117074, 0.612029, 0.61235803, 0.6127425, 0.61306506, 0.61337763, 0.6136353, 0.6139591, 0.61424375, 0.614547, 0.6148538, 0.6151502, 0.5874391, 0.6156788, 0.6159372, 0.6161874, 0.61639786, 0.58983487, 0.61688584, 0.5862438], "std": [0.24280578, 0.24277689, 0.21719873, 0.17675573, 0.17452207, 0.15066978, 0.11009044, 0.0059695435, 0.0074271304, 0.007978219, 0.00927351, 0.11503048, 0.009988976, 0.010972212, 0.11269916, 0.007619879, 0.0068760896, 0.0034269178, 0.0025982978, 0.12202032, 0.0010233986, 5.9604645e-08, 1.7881393e-07, 5.9604645e-08, 5.9604645e-08, 5.9604645e-08, 0.0, 5.9604645e-08, 5.9604645e-08, 0.13246456, 0.0, 5.9604645e-08, 5.9604645e-08, 0.13031453, 0.122133166, 1.1920929e-07, 0.0, 1.1920929e-07, 5.9604645e-08, 0.0, 5.9604645e-08, 5.9604645e-08, 5.9604645e-08, 0.0, 1.1920929e-07, 0.12135243, 1.1920929e-07, 5.9604645e-08, 0.13595702, 5.9604645e-08, 5.9604645e-08, 5.9604645e-08, 5.9604645e-08, 5.9604645e-08, 0.0, 1.1920929e-07, 0.0, 5.9604645e-08, 0.0, 1.1920929e-07, 0.0, 1.1920929e-07, 5.9604645e-08, 5.9604645e-08, 1.1920929e-07, 0.0, 5.9604645e-08, 0.12818968, 0.0, 1.1920929e-07, 1.1920929e-07, 0.0, 0.12575318, 1.7881393e-07, 0.13449356], "var": [1.0, 1.0, 0.92, 1.0, 1.0, 1.0, 1.0, 0.96, 0.88, 0.8, 0.72, 0.64, 0.6, 0.56, 0.48, 0.32, 0.24, 0.16, 0.08, 0.08, 0.04, 0.04, 0.04, 0.04, 0.04, 0.04, 0.04, 0.04, 0.04, 0.04, 0.04, 0.04, 0.04, 0.04, 0.04, 0.04, 0.04, 0.04, 0.04, 0.04, 0.04, 0.04, 0.04, 0.04, 0.04, 0.04, 0.04, 0.04, 0.04, 0.04, 0.04, 0.04, 0.04, 0.04, 0.04, 0.04, 0.04, 0.04, 0.04, 0.04, 0.04, 0.04, 0.04, 0.04, 0.04, 0.04, 0.04, 0.04, 0.04, 0.04, 0.04, 0.04, 0.04, 0.04, 0.04], "best": [0.48979592, 0.5034605, 0.5063544, 0.50921553, 0.5161825, 0.51916844, 0.5238361, 0.52814686, 0.5333175, 0.5376124, 0.541131, 0.5449327, 0.5492267, 0.55328226, 0.55714285, 0.56051904, 0.56418866, 0.5672969, 0.57025486, 0.5731879, 0.57607895, 0.5789388, 0.5810047, 0.5833236, 0.5853509, 0.5873882, 0.5889434, 0.59046906, 0.591823, 0.59322166, 0.59440714, 0.5956937, 0.59679043, 0.59792405, 0.5988941, 0.5999448, 0.60093206, 0.6017433, 0.60251415, 0.6033544, 0.60411537, 0.60477364, 0.6054023, 0.6060619, 0.6066623, 0.6072896, 0.6079126, 0.6083602, 0.6088623, 0.60929906, 0.6097635, 0.61020976, 0.61057866, 0.61099404, 0.6113567, 0.61170727, 0.612029, 0.612358, 0.6127425, 0.6130652, 0.61337763, 0.6136354, 0.613959, 0.6142438, 0.61454713, 0.6148538, 0.61515015, 0.61541235, 0.6156788, 0.61593705, 0.6161875, 0.61639786, 0.61664546, 0.61688566, 0.61709875], "duration": [2203, 2713, 2334, 2404, 2885, 2756, 2638, 2572, 2426, 2542, 2387, 2803, 2486, 3570, 2540, 2827, 3024, 2185, 2714, 2217, 3104, 3658, 2194, 2383, 2721, 2548, 2453, 2184, 3309, 2290, 2179, 2562, 2337, 2592, 2177, 2556, 3255, 2881, 2546, 2867, 2374, 2646, 2491, 2493, 2326, 2835, 2216, 2044, 2187, 2576, 2161, 4083, 4246, 2330, 3531, 2279, 2263, 2568, 2525, 2734, 2352, 2011, 2621, 2158, 2206, 3495, 2739, 2218, 3556, 2225, 2201, 2748, 2710, 2382, 2516]}