{"avg": [0.27074072, 0.30318516, 0.31157893, 0.30677843, 0.30765802, 0.30854455, 0.3246212, 0.32696298, 0.33100963, 0.3165348, 0.3205038, 0.3155643, 0.31341487, 0.3299255, 0.31789845, 0.29729345, 0.3055981, 0.33647305, 0.35060796, 0.3579063, 0.30928153, 0.34063107, 0.32170245, 0.31635544, 0.32494923, 0.31824672, 0.34888476, 0.33313352, 0.32631084, 0.3520694, 0.34355846, 0.3452465, 0.3407016, 0.34668544, 0.37580973, 0.3641585, 0.3573176, 0.3394604, 0.3374925, 0.35659572, 0.34974292, 0.3474514, 0.3683095, 0.36901864, 0.36466384, 0.3870665, 0.3835789, 0.37373477, 0.376591, 0.39082494], "std": [0.0921947, 0.078303896, 0.05231647, 0.04359549, 0.07473447, 0.08106426, 0.05701576, 0.07139652, 0.049623378, 0.05524372, 0.044882327, 0.061982233, 0.07052612, 0.07420577, 0.064126894, 0.07446291, 0.080393426, 0.0786666, 0.060689464, 0.03548615, 0.07083414, 0.08316471, 0.049664333, 0.084727064, 0.085474685, 0.07491865, 0.06541231, 0.07212824, 0.086200565, 0.04311404, 0.080363676, 0.056035005, 0.07155117, 0.05542462, 0.055663474, 0.036228824, 0.052908525, 0.08055865, 0.078740105, 0.051005863, 0.068396136, 0.085083105, 0.051855065, 0.047903933, 0.05873439, 0.052016336, 0.04566422, 0.05107705, 0.061086435, 0.05274611], "var": [0.98, 0.98, 0.98, 0.96, 0.94, 0.94, 0.92, 0.92, 0.9, 0.9, 0.86, 0.84, 0.84, 0.84, 0.82, 0.8, 0.8, 0.78, 0.78, 0.78, 0.78, 0.76, 0.76, 0.74, 0.72, 0.76, 0.76, 0.76, 0.74, 0.74, 0.74, 0.76, 0.78, 0.76, 0.74, 0.72, 0.72, 0.72, 0.7, 0.72, 0.7, 0.66, 0.64, 0.64, 0.64, 0.66, 0.66, 0.66, 0.62, 0.6], "best": [0.45555553, 0.4844444, 0.38222227, 0.3760771, 0.47724864, 0.47831976, 0.41986534, 0.4787439, 0.42461538, 0.42374432, 0.4087647, 0.42424247, 0.38262787, 0.47929537, 0.4248869, 0.42407408, 0.42417002, 0.4247475, 0.42724016, 0.42725226, 0.38472223, 0.48187664, 0.42387915, 0.38557425, 0.4265583, 0.42718616, 0.42784706, 0.4290168, 0.42840648, 0.42708334, 0.4282328, 0.42868057, 0.42826667, 0.42898834, 0.4838479, 0.4297794, 0.43029222, 0.4309028, 0.4309685, 0.43152118, 0.4319979, 0.43177083, 0.4863952, 0.44795498, 0.44752634, 0.4881302, 0.43658313, 0.45132637, 0.49098054, 0.43933856], "duration": [42938, 39515, 52838, 42733, 49570, 47610, 38977, 38366, 45095, 39037, 38535, 37989, 38032, 38625, 39367, 38324, 38681, 46142, 39128, 46000, 38393, 45574, 38398, 38497, 38355, 38348, 39145, 45616, 39019, 38676, 45249, 45437, 39090, 39414, 39162, 38900, 39010, 39197, 38593, 38634, 39036, 39164, 39264, 39076, 39071, 38931, 39374, 45960, 39494, 39670]}