{"avg": [0.2662222, 0.29585186, 0.3034503, 0.29939747, 0.29526037, 0.3001132, 0.312986, 0.3225368, 0.31950617, 0.33180448, 0.31448653, 0.30353013, 0.32440048, 0.33878148, 0.3039437, 0.3034825, 0.31278354, 0.32337528, 0.30665308, 0.33145112, 0.342419, 0.30664745, 0.3107415, 0.32669038, 0.32463622, 0.33178997, 0.34752494, 0.32498765, 0.3613644, 0.34822753, 0.36276045, 0.3317799, 0.33683014, 0.33865124, 0.3506749, 0.34136638, 0.35139808, 0.38432735, 0.3842114, 0.36062786, 0.35328072, 0.3745673, 0.35496166, 0.38377485, 0.39953965, 0.39345548, 0.36548263, 0.38272852, 0.38335675, 0.39627627], "std": [0.08777524, 0.07612797, 0.051251885, 0.044333167, 0.073850214, 0.07515965, 0.057716087, 0.048093434, 0.07875967, 0.07143175, 0.064428955, 0.049557652, 0.065942466, 0.0616739, 0.07332751, 0.07118565, 0.073412545, 0.059677698, 0.058455694, 0.06364489, 0.04911904, 0.07405353, 0.054727945, 0.057807967, 0.0764462, 0.055189785, 0.06559424, 0.06710173, 0.036415756, 0.045129508, 0.045571435, 0.05900334, 0.047781922, 0.06863137, 0.05620192, 0.057944383, 0.05873727, 0.03287088, 0.07169752, 0.06699872, 0.061223656, 0.05266832, 0.061386324, 0.052995224, 0.054726355, 0.060605146, 0.067271225, 0.0666429, 0.070717044, 0.06937937], "var": [0.98, 0.98, 0.98, 0.96, 0.94, 0.94, 0.92, 0.92, 0.88, 0.88, 0.88, 0.86, 0.82, 0.8, 0.82, 0.8, 0.8, 0.8, 0.82, 0.8, 0.8, 0.78, 0.78, 0.78, 0.76, 0.74, 0.74, 0.72, 0.72, 0.72, 0.74, 0.7, 0.74, 0.72, 0.72, 0.7, 0.72, 0.72, 0.68, 0.68, 0.68, 0.68, 0.66, 0.64, 0.64, 0.62, 0.6, 0.6, 0.56, 0.58], "best": [0.44444442, 0.47333333, 0.3722222, 0.36385486, 0.46613753, 0.46720865, 0.40875423, 0.4114878, 0.46543208, 0.46703216, 0.37179384, 0.37222221, 0.46604308, 0.46677145, 0.39885965, 0.41402555, 0.46598288, 0.4673535, 0.3715972, 0.41369763, 0.4674728, 0.41599736, 0.37438694, 0.4166515, 0.46698573, 0.41838893, 0.4673611, 0.42106214, 0.4215481, 0.4231663, 0.42398033, 0.42583504, 0.39906642, 0.4673052, 0.42839506, 0.46756753, 0.42940262, 0.43086842, 0.46786633, 0.46837744, 0.46882567, 0.46972647, 0.4703203, 0.47125793, 0.47187737, 0.47248435, 0.47043157, 0.47199818, 0.4477047, 0.47218636], "duration": [43007, 40027, 52828, 43055, 49903, 47903, 45734, 38707, 44865, 39772, 37337, 38196, 45858, 39795, 44756, 38492, 38788, 39866, 39019, 39227, 46283, 38998, 39356, 45455, 38990, 39414, 45800, 39083, 39464, 39497, 39454, 39102, 38746, 51989, 39577, 39651, 39157, 39735, 39746, 39091, 39215, 45837, 39745, 39076, 39919, 39499, 52938, 39588, 39245, 39575]}