{"avg": [0.26984125, 0.24425395, 0.2283069, 0.2443235, 0.27575812, 0.22735813, 0.20825893, 0.28958622, 0.31682846, 0.34310776, 0.33886468, 0.28471744, 0.3528558, 0.27915284, 0.27643993, 0.26367062, 0.24201179, 0.3312542, 0.31559044, 0.2855617, 0.38695383, 0.31639847, 0.26870704, 0.4011327, 0.32148853, 0.39403597, 0.3163477, 0.39639926, 0.405709, 0.3838547, 0.3845148, 0.3808836, 0.43411955, 0.36865258, 0.44563356, 0.40560585, 0.4461342, 0.40021136, 0.45891374, 0.43305978, 0.42543113, 0.4268953, 0.42619392, 0.42949587, 0.40484175, 0.49981764, 0.50604105, 0.51229244, 0.44398254, 0.48300788], "std": [0.19258097, 0.19994761, 0.21405588, 0.21277012, 0.2078345, 0.21405168, 0.20894137, 0.1962275, 0.1748802, 0.18529515, 0.17108701, 0.20235297, 0.17111075, 0.21741611, 0.208431, 0.21664621, 0.21117108, 0.18367632, 0.2058823, 0.20303854, 0.16039886, 0.20175767, 0.23002851, 0.16095515, 0.19537419, 0.15832257, 0.21504925, 0.16446997, 0.16137998, 0.18645294, 0.19577122, 0.19156954, 0.11579286, 0.17930634, 0.119087, 0.16061474, 0.11526292, 0.18065704, 0.12381103, 0.16161796, 0.16412698, 0.17142625, 0.17116307, 0.17763093, 0.18419866, 0.033171073, 0.038216528, 0.029929074, 0.16642731, 0.12525015], "var": [0.98, 0.98, 0.98, 0.96, 0.94, 0.92, 0.9, 0.9, 0.88, 0.84, 0.82, 0.8, 0.8, 0.82, 0.8, 0.8, 0.78, 0.76, 0.74, 0.72, 0.7, 0.7, 0.72, 0.7, 0.66, 0.66, 0.64, 0.64, 0.6, 0.56, 0.58, 0.54, 0.54, 0.54, 0.52, 0.5, 0.46, 0.42, 0.42, 0.42, 0.4, 0.38, 0.4, 0.38, 0.34, 0.34, 0.36, 0.36, 0.34, 0.3], "best": [0.47619048, 0.4396825, 0.44857144, 0.48063493, 0.49087974, 0.49217224, 0.4520563, 0.4526099, 0.4538492, 0.49323308, 0.45815197, 0.4588927, 0.45928302, 0.4933726, 0.49428573, 0.49241075, 0.49376372, 0.49371353, 0.4969925, 0.46096244, 0.500799, 0.49766484, 0.5012416, 0.5024707, 0.46347883, 0.5050794, 0.5070452, 0.5076355, 0.50857145, 0.50944716, 0.5125541, 0.5162477, 0.518117, 0.5145439, 0.5186029, 0.52015275, 0.5205942, 0.5218014, 0.52325946, 0.52596676, 0.52822965, 0.53019154, 0.5321946, 0.53405595, 0.53572494, 0.53730965, 0.53889114, 0.54138184, 0.5434451, 0.54484653], "duration": [6830, 1916, 1957, 11597, 11581, 6760, 6667, 1843, 1803, 11946, 1811, 1794, 1839, 11536, 16706, 6664, 6672, 11565, 16397, 1838, 16410, 6681, 11763, 26434, 1819, 16429, 16435, 11561, 26137, 26167, 26168, 16419, 16410, 6671, 21266, 11543, 21277, 26429, 36536, 31039, 26144, 21286, 21269, 21270, 21302, 31013, 41343, 26161, 26144, 31007]}