{"avg": [0.2713889, 0.30124074, 0.3046345, 0.3049927, 0.30480716, 0.30544, 0.32067606, 0.32819045, 0.3218971, 0.32565075, 0.323929, 0.3237316, 0.3125349, 0.32568452, 0.3160161, 0.32440358, 0.33131483, 0.32487124, 0.35610855, 0.35556763, 0.36798206, 0.34257495, 0.34848353, 0.34437573, 0.3564935, 0.3468879, 0.38539934, 0.34947503, 0.40355927, 0.34056568, 0.32771972, 0.37684837, 0.37367755, 0.35149938, 0.3868988, 0.36241442, 0.37320992, 0.37998942, 0.38736475, 0.39936015, 0.42813155, 0.40524018, 0.40701804, 0.40285325, 0.42446977, 0.4055819, 0.43378443, 0.37561452, 0.40767476, 0.41519725], "std": [0.08986701, 0.07792123, 0.0494488, 0.04462739, 0.076590344, 0.08099943, 0.059956368, 0.051126763, 0.08429057, 0.079133324, 0.08061806, 0.07147222, 0.077728756, 0.036283374, 0.07196392, 0.052716568, 0.04410254, 0.079906195, 0.037577055, 0.06747985, 0.071475804, 0.052669097, 0.055664238, 0.06565255, 0.06514373, 0.08689977, 0.03628846, 0.113049746, 0.053506095, 0.10656522, 0.07008303, 0.08795667, 0.079102606, 0.09062755, 0.07331152, 0.07294865, 0.07447425, 0.096534394, 0.07640408, 0.077543855, 0.052186847, 0.073556155, 0.07014509, 0.07638175, 0.06683647, 0.08173857, 0.06288657, 0.08366359, 0.08448579, 0.070818685], "var": [0.98, 0.98, 0.98, 0.96, 0.94, 0.94, 0.92, 0.92, 0.92, 0.9, 0.88, 0.86, 0.86, 0.86, 0.86, 0.84, 0.82, 0.82, 0.8, 0.76, 0.78, 0.8, 0.78, 0.78, 0.76, 0.76, 0.76, 0.74, 0.76, 0.74, 0.74, 0.76, 0.74, 0.72, 0.68, 0.64, 0.62, 0.58, 0.58, 0.56, 0.52, 0.56, 0.56, 0.56, 0.58, 0.56, 0.56, 0.54, 0.5, 0.5], "best": [0.45416665, 0.48305556, 0.37944445, 0.36913264, 0.47585976, 0.4769309, 0.41569865, 0.4184322, 0.4751543, 0.47727776, 0.47754064, 0.4788371, 0.42143473, 0.37626985, 0.422382, 0.42319444, 0.42216277, 0.47651097, 0.42293832, 0.47711745, 0.47816667, 0.42759803, 0.4289799, 0.42585126, 0.47871447, 0.47916666, 0.42932537, 0.48016056, 0.4822524, 0.43459138, 0.43217495, 0.48426768, 0.48522136, 0.48560604, 0.48584557, 0.4870238, 0.4876736, 0.48845878, 0.48991227, 0.49097776, 0.49272466, 0.4947375, 0.49600744, 0.49788645, 0.49864256, 0.50405073, 0.5010061, 0.5023148, 0.50708985, 0.5084829], "duration": [43189, 40017, 52700, 43018, 49967, 47907, 45584, 38638, 38460, 39605, 38822, 39011, 52132, 45490, 38640, 43021, 43401, 39129, 39034, 65731, 39933, 38876, 39082, 39434, 46386, 39597, 39228, 39350, 46915, 45318, 38012, 39672, 39003, 39291, 39605, 39133, 40169, 40235, 39180, 40264, 40164, 46439, 53505, 39695, 40029, 39995, 52767, 39642, 40079, 39921]}