{"avg": [0.35333332, 0.35833332, 0.36, 0.34833333, 0.34833333, 0.34333333, 0.33666667, 0.33333334, 0.33166668, 0.33333334, 0.33666667, 0.33666667, 0.335, 0.32666665, 0.33833334, 0.335, 0.33833334, 0.32833335, 0.34, 0.335, 0.335, 0.33333334, 0.32833335, 0.325, 0.32666665], "std": [0.21830155, 0.21874003, 0.21886076, 0.22154121, 0.2196524, 0.22276051, 0.21791948, 0.2094968, 0.21114112, 0.22484566, 0.21982318, 0.22171055, 0.21952605, 0.21202736, 0.21240033, 0.2156966, 0.2182061, 0.21240027, 0.21463148, 0.22141595, 0.21179792, 0.21538083, 0.2064313, 0.20564927, 0.21398349], "var": [0.9866667, 0.97333336, 0.96666664, 0.96666664, 0.96, 0.94666666, 0.94666666, 0.93333334, 0.9266667, 0.91333336, 0.9, 0.9066667, 0.9066667, 0.9066667, 0.91333336, 0.92, 0.92, 0.92, 0.92, 0.9066667, 0.9, 0.8933333, 0.88666666, 0.88666666, 0.88], "best": [0.75, 0.75, 0.75, 0.75, 0.75, 0.75, 0.75, 0.75, 0.75, 0.75, 0.75, 0.75, 0.75, 0.75, 0.75, 0.75, 0.75, 0.75, 0.75, 0.75, 0.75, 0.75, 0.75, 0.75, 0.75], "duration": [37317, 36276, 36361, 36210, 36203, 35757, 35212, 35276, 35399, 35248, 35167, 35236, 34726, 34682, 35017, 34657, 35372, 34806, 34507, 34633, 34486, 34877, 34295, 34747, 34837]}