{"avg": [0.54, 0.52666664, 0.52, 0.5133333, 0.5133333, 0.5133333, 0.52, 0.52, 0.52, 0.5133333, 0.5133333, 0.5133333, 0.5, 0.49333334, 0.48, 0.48, 0.48666668, 0.49333334, 0.5, 0.5, 0.5, 0.48, 0.47333333, 0.47333333, 0.46666667], "std": [0.49839723, 0.49928862, 0.49959978, 0.4998223, 0.49982232, 0.4998223, 0.49959975, 0.49959975, 0.49959975, 0.4998223, 0.4998223, 0.4998223, 0.5, 0.4999556, 0.49959975, 0.49959978, 0.4998223, 0.4999556, 0.5, 0.5, 0.5, 0.49959975, 0.49928862, 0.49928862, 0.49888754], "var": [0.99333334, 0.98, 0.97333336, 0.96666664, 0.96666664, 0.96, 0.9533333, 0.94, 0.93333334, 0.93333334, 0.92, 0.92, 0.9266667, 0.91333336, 0.91333336, 0.9, 0.88666666, 0.88666666, 0.88, 0.87333333, 0.8666667, 0.8666667, 0.86, 0.85333335, 0.86], "best": [1.0, 1.0, 1.0, 1.0, 1.0, 1.0, 1.0, 1.0, 1.0, 1.0, 1.0, 1.0, 1.0, 1.0, 1.0, 1.0, 1.0, 1.0, 1.0, 1.0, 1.0, 1.0, 1.0, 1.0, 1.0], "duration": [22306, 20072, 21750, 21859, 21929, 22146, 22190, 20538, 22054, 22435, 22384, 22368, 20659, 22265, 18252, 20422, 20615, 22070, 21978, 22583, 22418, 21083, 21032, 22624, 22410]}