{"avg": [0.1626984, 0.1234127, 0.19808201, 0.14237213, 0.17605822, 0.18838625, 0.2266402, 0.15238094, 0.22244175, 0.17741363, 0.16746032, 0.2235023, 0.18989263, 0.2049228, 0.16281748, 0.13622186, 0.17397344, 0.11626983, 0.24942, 0.08502165, 0.106650256, 0.21285455, 0.20674852, 0.20678781, 0.16173062, 0.18296386, 0.18273102, 0.20919313, 0.21770038, 0.17721562, 0.1440248, 0.21631746, 0.21691978, 0.111351274, 0.17278913, 0.1780759, 0.12310406, 0.21095462, 0.14888234, 0.15818451, 0.15626983, 0.16975385, 0.15395513, 0.14390361, 0.22646232, 0.13473259, 0.15025158, 0.12608856, 0.16955085, 0.16251266], "std": [0.0668742, 0.10498688, 0.05653261, 0.08738377, 0.13214146, 0.07277459, 0.1460533, 0.11613878, 0.16053358, 0.099069014, 0.08769258, 0.07213236, 0.13846765, 0.052356295, 0.13238557, 0.07605259, 0.14473063, 0.05220596, 0.08863266, 0.09731462, 0.11252541, 0.079804264, 0.06696167, 0.13200004, 0.08436822, 0.08546183, 0.055569362, 0.11197035, 0.0813574, 0.05139124, 0.11008022, 0.09065725, 0.08212621, 0.055861276, 0.09560057, 0.09561104, 0.12026694, 0.053714782, 0.041246906, 0.1338136, 0.08701133, 0.08890126, 0.09337562, 0.08105984, 0.1219086, 0.013813437, 0.041563623, 0.07724102, 0.10792883, 0.06471383], "var": [1.0, 1.0, 1.0, 1.0, 1.0, 1.0, 1.0, 1.0, 1.0, 1.0, 1.0, 1.0, 1.0, 1.0, 1.0, 1.0, 1.0, 1.0, 1.0, 1.0, 1.0, 1.0, 1.0, 1.0, 1.0, 1.0, 1.0, 1.0, 1.0, 1.0, 1.0, 1.0, 1.0, 1.0, 1.0, 1.0, 1.0, 1.0, 1.0, 1.0, 1.0, 1.0, 1.0, 1.0, 1.0, 1.0, 1.0, 1.0, 1.0, 1.0], "best": [0.26190475, 0.27222222, 0.26746032, 0.2611111, 0.3577381, 0.26222223, 0.39021167, 0.2597561, 0.39371836, 0.2617647, 0.26011905, 0.35706604, 0.35651258, 0.26216218, 0.35607144, 0.2627907, 0.3943582, 0.14421768, 0.35741758, 0.26151517, 0.2586207, 0.35616705, 0.26223958, 0.48796996, 0.23554301, 0.35489324, 0.2603753, 0.3546398, 0.35614344, 0.2611111, 0.26091954, 0.35708997, 0.3569498, 0.14386687, 0.2622449, 0.26227197, 0.35940877, 0.26251957, 0.23765838, 0.35744047, 0.27291927, 0.2611582, 0.27319953, 0.23815286, 0.4856393, 0.14274725, 0.23964961, 0.23972063, 0.35405454, 0.27254304], "duration": [1585, 1542, 2230, 2020, 1550, 1591, 2136, 1649, 1611, 2011, 1577, 1546, 2182, 2196, 2278, 1641, 2209, 1579, 1640, 1544, 1497, 1522, 1635, 1682, 1533, 2104, 2081, 1544, 1665, 1487, 2009, 2182, 1988, 1506, 2063, 2032, 1548, 2117, 1479, 2044, 981, 1479, 1443, 1021, 2036, 952, 1533, 990, 1504, 1494]}