{"avg": [0.025396826, 0.0, 0.0, 0.0, 0.0, 0.0, 0.0, 0.02641785, 0.0, 0.0, 0.0, 0.021759648, 0.0, 0.0, 0.024554245, 0.0, 0.0, 0.0, 0.0, 0.0, 0.0, 0.0, 0.0, 0.0, 0.0, 0.0, 0.0, 0.0, 0.0, 0.0, 0.0, 0.0, 0.0, 0.0, 0.0, 0.0, 0.0, 0.0, 0.0, 0.0, 0.0, 0.0, 0.0, 0.0, 0.0, 0.0, 0.0, 0.0, 0.0, 0.0], "std": [0.09502622, 0.0, 0.0, 0.0, 0.0, 0.0, 0.0, 0.09884652, 0.0, 0.0, 0.0, 0.08971733, 0.0, 0.0, 0.09509819, 0.0, 0.0, 0.0, 0.0, 0.0, 0.0, 0.0, 0.0, 0.0, 0.0, 0.0, 0.0, 0.0, 0.0, 0.0, 0.0, 0.0, 0.0, 0.0, 0.0, 0.0, 0.0, 0.0, 0.0, 0.0, 0.0, 0.0, 0.0, 0.0, 0.0, 0.0, 0.0, 0.0, 0.0, 0.0], "var": [1.0, 1.0, 1.0, 1.0, 1.0, 1.0, 1.0, 1.0, 1.0, 1.0, 1.0, 1.0, 1.0, 1.0, 1.0, 1.0, 1.0, 1.0, 1.0, 1.0, 1.0, 1.0, 1.0, 1.0, 1.0, 1.0, 1.0, 1.0, 1.0, 1.0, 1.0, 1.0, 1.0, 1.0, 1.0, 1.0, 1.0, 1.0, 1.0, 1.0, 1.0, 1.0, 1.0, 1.0, 1.0, 1.0, 1.0, 1.0, 1.0, 1.0], "best": [0.3809524, 0.0, 0.0, 0.0, 0.0, 0.0, 0.0, 0.39626774, 0.0, 0.0, 0.0, 0.39167365, 0.0, 0.0, 0.39286792, 0.0, 0.0, 0.0, 0.0, 0.0, 0.0, 0.0, 0.0, 0.0, 0.0, 0.0, 0.0, 0.0, 0.0, 0.0, 0.0, 0.0, 0.0, 0.0, 0.0, 0.0, 0.0, 0.0, 0.0, 0.0, 0.0, 0.0, 0.0, 0.0, 0.0, 0.0, 0.0, 0.0, 0.0, 0.0], "duration": [3781, 3760, 3746, 3744, 3741, 3901, 3696, 4906, 4401, 3683, 4400, 4301, 3763, 4309, 3743, 3712, 3677, 4558, 3772, 3748, 4271, 3711, 3684, 3659, 3697, 3679, 3727, 3734, 3692, 4358, 4029, 3741, 3716, 3704, 3888, 4271, 3762, 3719, 3794, 3685, 4958, 3741, 3665, 3693, 3771, 3562, 3562, 3610, 3547, 4970]}