{"avg": [0.25777778, 0.28461376, 0.29226458, 0.28035274, 0.2938549, 0.26601395, 0.33110753, 0.30689165, 0.29657623, 0.28268063, 0.30178392, 0.2883093, 0.31015408, 0.2946251, 0.2939785, 0.32495892, 0.32229772, 0.31109548, 0.29731405, 0.31451398, 0.3112779, 0.30330774, 0.29760185, 0.30322638, 0.3423905, 0.30745596, 0.3037421, 0.31242576, 0.33659494, 0.3318437, 0.3320321, 0.32393572, 0.3381149, 0.32956323, 0.33328274, 0.33850583, 0.34755263, 0.3568201, 0.34507188, 0.3503381, 0.3344122, 0.3268419, 0.33321586, 0.33390385, 0.36342743, 0.3228964, 0.31950584, 0.3695618, 0.36967006, 0.37587196], "std": [0.08726752, 0.077203825, 0.06730356, 0.06575692, 0.046476897, 0.08382189, 0.05010213, 0.054673385, 0.0532601, 0.046077974, 0.052982666, 0.052863743, 0.048054185, 0.05740719, 0.054051675, 0.051994745, 0.045405243, 0.06698597, 0.06757727, 0.07128788, 0.059107065, 0.05042928, 0.06740012, 0.07041934, 0.05129471, 0.05712803, 0.05307384, 0.043672267, 0.06201385, 0.042331506, 0.055297986, 0.0444207, 0.06812404, 0.06452313, 0.04115045, 0.052586608, 0.057761937, 0.042285882, 0.05846875, 0.054261472, 0.06201652, 0.07371442, 0.08199145, 0.061449513, 0.04175338, 0.07068981, 0.080870524, 0.05303333, 0.050428256, 0.05970562], "var": [0.98, 0.96, 0.96, 0.94, 0.92, 0.9, 0.9, 0.88, 0.88, 0.88, 0.88, 0.88, 0.88, 0.86, 0.86, 0.84, 0.86, 0.86, 0.84, 0.84, 0.8, 0.78, 0.8, 0.78, 0.78, 0.78, 0.78, 0.78, 0.74, 0.74, 0.72, 0.7, 0.68, 0.68, 0.68, 0.68, 0.66, 0.64, 0.64, 0.62, 0.58, 0.6, 0.56, 0.58, 0.6, 0.6, 0.6, 0.58, 0.58, 0.56], "best": [0.4333333, 0.46222222, 0.36396822, 0.36507937, 0.37674603, 0.45225224, 0.45530304, 0.37975034, 0.38325262, 0.38154325, 0.38325652, 0.37893558, 0.38501552, 0.38635394, 0.387404, 0.44971263, 0.38842726, 0.4503121, 0.37925288, 0.4513935, 0.3889445, 0.37750757, 0.3775392, 0.38910815, 0.4515473, 0.37762508, 0.37821314, 0.37313163, 0.45196965, 0.3877715, 0.37994933, 0.38135576, 0.41859138, 0.45155036, 0.38331988, 0.3933959, 0.42201114, 0.42339006, 0.39792717, 0.42638564, 0.4266545, 0.39335704, 0.42841896, 0.39244565, 0.45079136, 0.45789614, 0.4586141, 0.45894957, 0.46054694, 0.43835497], "duration": [42782, 39554, 38922, 43418, 38615, 38098, 39500, 38387, 51034, 44481, 39483, 37340, 44511, 45274, 38462, 45489, 39426, 38195, 39315, 39548, 44591, 38144, 39157, 39051, 39204, 38853, 37636, 38654, 45883, 38523, 39000, 38705, 39188, 45406, 38001, 38252, 39189, 38869, 38947, 39228, 38795, 38639, 51432, 45608, 39264, 45463, 39179, 39269, 39190, 39515]}