{"avg": [0.26416668, 0.2954074, 0.30134505, 0.3017189, 0.29757032, 0.29980272, 0.31950867, 0.32796195, 0.3192502, 0.32891607, 0.31024456, 0.3117766, 0.33216715, 0.3205531, 0.3056898, 0.32487357, 0.3519961, 0.3379755, 0.3561833, 0.3125722, 0.35896295, 0.29745927, 0.31844363, 0.35403472, 0.32806978, 0.3673611, 0.35273522, 0.3560184, 0.35777113, 0.3825684, 0.33847684, 0.34210038, 0.36484376, 0.36291835, 0.36234716, 0.3672692, 0.35603803, 0.39514294, 0.36295906, 0.34853473, 0.3618421, 0.3677677, 0.38112432, 0.38479477, 0.40738103, 0.4211027, 0.38579696, 0.41058198, 0.41530737, 0.39595085], "std": [0.08852966, 0.07543344, 0.048643906, 0.045108307, 0.077478945, 0.076245636, 0.054049816, 0.04907478, 0.077769324, 0.066783, 0.064729884, 0.051552102, 0.054323543, 0.07491979, 0.06191316, 0.05755487, 0.06195798, 0.085364364, 0.05039866, 0.05970513, 0.05665872, 0.0713808, 0.08966468, 0.08370633, 0.07811907, 0.080549136, 0.06773412, 0.07224732, 0.06859119, 0.076039374, 0.08735002, 0.07479664, 0.071199365, 0.07364395, 0.050979223, 0.078674056, 0.07887396, 0.076801926, 0.0782747, 0.07621323, 0.09184433, 0.07346485, 0.07452886, 0.09229532, 0.0705051, 0.088163204, 0.087457724, 0.08182053, 0.08610772, 0.07778044], "var": [0.98, 0.98, 0.98, 0.96, 0.94, 0.94, 0.92, 0.92, 0.9, 0.9, 0.9, 0.88, 0.88, 0.86, 0.84, 0.82, 0.8, 0.8, 0.8, 0.78, 0.8, 0.78, 0.8, 0.8, 0.78, 0.76, 0.76, 0.76, 0.76, 0.72, 0.7, 0.7, 0.72, 0.72, 0.7, 0.74, 0.76, 0.72, 0.72, 0.7, 0.72, 0.7, 0.68, 0.66, 0.66, 0.62, 0.6, 0.58, 0.6, 0.6], "best": [0.4416667, 0.47055557, 0.37111107, 0.36913264, 0.4633598, 0.46443093, 0.41153196, 0.4142655, 0.46290123, 0.4649123, 0.3684739, 0.417037, 0.41751698, 0.4638889, 0.400295, 0.46481872, 0.46754906, 0.46779612, 0.47068766, 0.37327865, 0.46998432, 0.42290416, 0.47348487, 0.47536135, 0.46821427, 0.47922885, 0.48145935, 0.47343147, 0.47932515, 0.48407128, 0.47756943, 0.48765993, 0.48841146, 0.47699273, 0.486883, 0.48690057, 0.4884483, 0.49244967, 0.49428105, 0.48582265, 0.49479166, 0.49599144, 0.4961177, 0.4970126, 0.4989437, 0.5002414, 0.50243247, 0.5035082, 0.5012679, 0.50145435], "duration": [42754, 39578, 52224, 42727, 44650, 47873, 45350, 38282, 44434, 38923, 37846, 38433, 38774, 37949, 38998, 38358, 45028, 38740, 44925, 42816, 45207, 44918, 38676, 42968, 38723, 38916, 45042, 39258, 45561, 46416, 45759, 38734, 39219, 45224, 38385, 45554, 38792, 38907, 38806, 39304, 45123, 39136, 39536, 52548, 46111, 39705, 38887, 39120, 39826, 39229]}