{"avg": [0.26296297, 0.2931852, 0.30134502, 0.29654032, 0.2994709, 0.30246615, 0.31088075, 0.32724267, 0.31484777, 0.3316032, 0.32265058, 0.32372656, 0.33750778, 0.31592885, 0.32367754, 0.32145512, 0.33370054, 0.33275577, 0.361259, 0.34959975, 0.36019278, 0.35445258, 0.36812806, 0.35947943, 0.34633622, 0.35844785, 0.35456216, 0.3564658, 0.36174875, 0.3726187, 0.3367901, 0.3595918, 0.32009232, 0.34282058, 0.34317106, 0.34265774, 0.3447998, 0.36491698, 0.37505835, 0.3508703, 0.39637488, 0.40531668, 0.3639218, 0.36562634, 0.3772556, 0.37763786, 0.3935409, 0.38218674, 0.4071353, 0.38021767], "std": [0.09086204, 0.07663485, 0.051803812, 0.041846953, 0.07275241, 0.07658868, 0.056324292, 0.050322786, 0.082363784, 0.06622579, 0.07740847, 0.07592889, 0.059172783, 0.06632111, 0.0877599, 0.07151838, 0.051459435, 0.068225205, 0.05989514, 0.04940517, 0.08261285, 0.050971337, 0.07401978, 0.09265654, 0.07303174, 0.06337921, 0.067917965, 0.08622831, 0.07486011, 0.07704937, 0.07967363, 0.07158481, 0.070640415, 0.06839899, 0.08423909, 0.08027954, 0.084093526, 0.064177215, 0.07475915, 0.06479808, 0.067643166, 0.06641598, 0.071455516, 0.07725, 0.07421296, 0.082564205, 0.08002798, 0.08009011, 0.07725868, 0.08179271], "var": [0.98, 0.98, 0.98, 0.96, 0.94, 0.94, 0.92, 0.92, 0.92, 0.9, 0.88, 0.86, 0.84, 0.82, 0.78, 0.78, 0.76, 0.72, 0.72, 0.7, 0.7, 0.7, 0.66, 0.68, 0.68, 0.66, 0.66, 0.64, 0.62, 0.64, 0.66, 0.68, 0.66, 0.66, 0.64, 0.64, 0.62, 0.64, 0.62, 0.62, 0.62, 0.6, 0.6, 0.6, 0.58, 0.58, 0.58, 0.56, 0.56, 0.54], "best": [0.44444442, 0.47333333, 0.3722222, 0.36385486, 0.46613753, 0.46720865, 0.40875423, 0.4114878, 0.46543208, 0.46688887, 0.4674119, 0.4687382, 0.46935853, 0.46976495, 0.46977773, 0.4728191, 0.41664508, 0.42932191, 0.47239766, 0.47380424, 0.47430775, 0.43667004, 0.47719803, 0.47907045, 0.48175654, 0.48168933, 0.48162708, 0.48132384, 0.48180208, 0.48284385, 0.48340452, 0.4839889, 0.48468587, 0.48465192, 0.48458174, 0.485003, 0.48557916, 0.48685822, 0.4869094, 0.4877068, 0.48826763, 0.48862925, 0.47567692, 0.4898765, 0.49014488, 0.490436, 0.49145177, 0.4921409, 0.49282435, 0.4945965], "duration": [38197, 39696, 52968, 42839, 49972, 47827, 45636, 38808, 38987, 39318, 38921, 39692, 39219, 39418, 52865, 39442, 39311, 38581, 39806, 39429, 39926, 40121, 39540, 40057, 39937, 39241, 39511, 39399, 38964, 39822, 38698, 38909, 37865, 51362, 38992, 38934, 39061, 39408, 39976, 39414, 39359, 40112, 45746, 38913, 52254, 39738, 39778, 46677, 39786, 39800]}