{"avg": [0.26814815, 0.2985185, 0.30766082, 0.3017784, 0.30110836, 0.30246615, 0.32110223, 0.33000445, 0.3193745, 0.3238254, 0.32221386, 0.3282863, 0.34397644, 0.32895863, 0.32597885, 0.33289012, 0.34657505, 0.32994944, 0.36330634, 0.36614046, 0.38010967, 0.37041664, 0.328592, 0.37392598, 0.36182404, 0.35581067, 0.3537897, 0.35840672, 0.3763302, 0.36573, 0.3611955, 0.3529065, 0.38031518, 0.38545233, 0.35705763, 0.38511217, 0.39831683, 0.3840342, 0.42476803, 0.35822612, 0.3907493, 0.37071276, 0.40224272, 0.38775447, 0.37656286, 0.4273271, 0.35453984, 0.42902583, 0.3613982, 0.38784456], "std": [0.09035338, 0.07841503, 0.05117577, 0.045886848, 0.07733867, 0.08059113, 0.05464754, 0.04950199, 0.08493845, 0.07931125, 0.08080841, 0.08113156, 0.05613627, 0.07614003, 0.08642584, 0.058262415, 0.067686364, 0.06491075, 0.06946293, 0.08408559, 0.07676074, 0.06932367, 0.061271776, 0.08293843, 0.060793906, 0.07670647, 0.06158511, 0.06102145, 0.07268262, 0.06722881, 0.0821725, 0.075158805, 0.069210365, 0.06473469, 0.072720885, 0.08037414, 0.07653134, 0.07361544, 0.05597313, 0.079117864, 0.08208835, 0.09853173, 0.07347599, 0.09949649, 0.112837955, 0.079436235, 0.10235128, 0.08046353, 0.10474877, 0.10995543], "var": [0.98, 0.98, 0.98, 0.96, 0.94, 0.94, 0.92, 0.92, 0.92, 0.9, 0.9, 0.88, 0.88, 0.84, 0.82, 0.8, 0.8, 0.78, 0.76, 0.76, 0.76, 0.72, 0.72, 0.72, 0.7, 0.7, 0.72, 0.74, 0.72, 0.72, 0.7, 0.72, 0.68, 0.66, 0.66, 0.64, 0.62, 0.6, 0.56, 0.6, 0.6, 0.56, 0.54, 0.5, 0.48, 0.48, 0.48, 0.46, 0.44, 0.42], "best": [0.4511111, 0.48000002, 0.37888893, 0.37274376, 0.47280422, 0.47387537, 0.4154209, 0.41815445, 0.47234568, 0.47444448, 0.47468838, 0.47596988, 0.47654068, 0.4769124, 0.47748148, 0.47942352, 0.48011374, 0.42728987, 0.4803652, 0.48302367, 0.48578605, 0.48895428, 0.43712863, 0.48964158, 0.44000003, 0.49038506, 0.444127, 0.49086645, 0.49131808, 0.49225807, 0.49249998, 0.4931489, 0.49351165, 0.4947106, 0.49549386, 0.49585584, 0.4969736, 0.49867347, 0.5000625, 0.46400428, 0.5017381, 0.50207955, 0.5025354, 0.5032893, 0.504263, 0.5055339, 0.5070015, 0.507308, 0.5092476, 0.50985146], "duration": [42941, 39903, 52779, 42945, 49797, 47700, 45653, 38807, 38410, 39248, 38796, 38968, 39431, 38902, 46283, 39333, 45123, 45353, 46058, 46386, 52921, 39812, 37735, 39859, 45566, 39473, 38227, 39053, 39634, 38575, 39868, 39110, 39217, 39607, 39508, 45775, 39407, 39354, 46837, 39143, 39511, 39435, 39815, 46660, 39456, 40008, 39328, 47292, 38863, 39439]}