{"avg": [0.26031747, 0.32161173, 0.28842592, 0.301294, 0.3275007, 0.29990426, 0.30585626, 0.302451, 0.3193772, 0.3088049, 0.32889682, 0.26727173, 0.2951761, 0.31067702, 0.32121032, 0.29110977, 0.32374978, 0.3147112, 0.28401837, 0.30926687, 0.3319366, 0.32033312, 0.28125432, 0.28916684, 0.31730834, 0.30532253, 0.32755092, 0.32881778, 0.32513914, 0.3333663, 0.3533883, 0.32854053, 0.326463, 0.3703411, 0.3523448, 0.34436363, 0.3535281, 0.36492816, 0.35628834, 0.35150662, 0.32119304, 0.36455807, 0.3791151, 0.3698884, 0.37115425, 0.37340212, 0.37501043, 0.39673963, 0.36022097, 0.40827358], "std": [0.08539034, 0.04837454, 0.06730117, 0.04174077, 0.051318485, 0.046803944, 0.08216753, 0.063905396, 0.03554309, 0.06192682, 0.055953518, 0.06659259, 0.06865768, 0.05857774, 0.055644833, 0.07263249, 0.04888059, 0.06213191, 0.07525536, 0.05003858, 0.05438368, 0.077624545, 0.09632585, 0.0709637, 0.078957655, 0.07057534, 0.07613661, 0.055487763, 0.07863825, 0.07521849, 0.044437908, 0.09405228, 0.05532098, 0.075922616, 0.053028114, 0.076330155, 0.09214518, 0.07600718, 0.0748823, 0.091643, 0.083331324, 0.06707469, 0.08061778, 0.07289297, 0.07383058, 0.078804694, 0.091741756, 0.043941393, 0.08407133, 0.07879171], "var": [0.98, 0.96, 0.96, 0.94, 0.92, 0.9, 0.9, 0.88, 0.9, 0.88, 0.88, 0.86, 0.86, 0.86, 0.88, 0.88, 0.86, 0.88, 0.88, 0.86, 0.86, 0.84, 0.84, 0.84, 0.84, 0.84, 0.8, 0.82, 0.82, 0.82, 0.82, 0.8, 0.76, 0.74, 0.74, 0.74, 0.72, 0.7, 0.72, 0.72, 0.72, 0.72, 0.72, 0.7, 0.68, 0.7, 0.68, 0.68, 0.68, 0.68], "best": [0.4333333, 0.46222222, 0.35476187, 0.36283645, 0.4537634, 0.358047, 0.45451388, 0.45595238, 0.36016977, 0.45757577, 0.45729163, 0.35961902, 0.45729163, 0.36768377, 0.4581845, 0.35945404, 0.4590551, 0.45950615, 0.46025637, 0.3745873, 0.46044302, 0.46134534, 0.46283522, 0.37495735, 0.45910287, 0.46386766, 0.46062088, 0.46446538, 0.46212122, 0.4629222, 0.40673587, 0.46521437, 0.40852937, 0.46517506, 0.4668564, 0.46642065, 0.4679785, 0.4691057, 0.47050846, 0.47095707, 0.47128287, 0.4719685, 0.47316948, 0.4743513, 0.4753771, 0.4765714, 0.4778087, 0.47916093, 0.4807675, 0.48149607], "duration": [43117, 40290, 52172, 44055, 40162, 39189, 39756, 38958, 37798, 50744, 39435, 39690, 46208, 45113, 38586, 39013, 39620, 39269, 38561, 39029, 39222, 40091, 38605, 45061, 39847, 38396, 45819, 39797, 39072, 39414, 40120, 40256, 39651, 40355, 40494, 39909, 40350, 39971, 39998, 40481, 40350, 40337, 40320, 40358, 40399, 39963, 40479, 40358, 40313, 40513]}