{"avg": [0.26355556, 0.29051855, 0.30134502, 0.29654032, 0.2968978, 0.30246615, 0.312986, 0.32724267, 0.31950617, 0.33466163, 0.31448653, 0.30353013, 0.32440048, 0.34128147, 0.3064437, 0.3034825, 0.31278354, 0.32337528, 0.309006, 0.33145112, 0.342419, 0.30664745, 0.31087223, 0.32669035, 0.31993034, 0.33428997, 0.3501916, 0.3221305, 0.35850725, 0.34070492, 0.36180967, 0.34046885, 0.35070613, 0.34269756, 0.35787657, 0.36901277, 0.3471703, 0.35721844, 0.3611771, 0.37998432, 0.34943753, 0.37573415, 0.36576328, 0.37319693, 0.4029548, 0.38350323, 0.3947977, 0.3758633, 0.396564, 0.38898924], "std": [0.08972495, 0.07750626, 0.051441308, 0.041846953, 0.0761065, 0.07658868, 0.057716087, 0.050322786, 0.07875967, 0.066483915, 0.064428955, 0.042047568, 0.065942466, 0.056389455, 0.07444585, 0.07118565, 0.073412545, 0.059677698, 0.06019616, 0.06364489, 0.04911904, 0.069949, 0.057149462, 0.059647523, 0.08401578, 0.053856976, 0.063761964, 0.07544886, 0.037906293, 0.051368292, 0.045447584, 0.053882048, 0.054319616, 0.06949099, 0.06570197, 0.059537023, 0.05987939, 0.058136757, 0.037335485, 0.048859794, 0.057028096, 0.06054788, 0.05958204, 0.07221406, 0.043702025, 0.038916457, 0.07161258, 0.07198433, 0.05516692, 0.058086533], "var": [0.98, 0.98, 0.98, 0.96, 0.94, 0.94, 0.92, 0.92, 0.88, 0.88, 0.88, 0.86, 0.82, 0.8, 0.82, 0.8, 0.8, 0.8, 0.82, 0.8, 0.8, 0.78, 0.78, 0.78, 0.76, 0.74, 0.74, 0.72, 0.7, 0.7, 0.72, 0.68, 0.7, 0.7, 0.68, 0.68, 0.68, 0.66, 0.64, 0.64, 0.6, 0.58, 0.56, 0.54, 0.56, 0.56, 0.56, 0.52, 0.52, 0.5], "best": [0.44444442, 0.47333333, 0.3722222, 0.36385486, 0.46613753, 0.46720865, 0.40875423, 0.4114878, 0.46543208, 0.46703216, 0.37179384, 0.36666664, 0.46604308, 0.46677145, 0.39885965, 0.41402555, 0.46598288, 0.4673535, 0.37171295, 0.41369763, 0.4674728, 0.41599736, 0.37438694, 0.4166515, 0.46698573, 0.41838893, 0.4673611, 0.42106214, 0.4215481, 0.4231663, 0.42398033, 0.42576692, 0.46738985, 0.46787992, 0.4681481, 0.4702102, 0.47112274, 0.4697573, 0.43121782, 0.46991563, 0.43319336, 0.47005793, 0.4704093, 0.47071895, 0.4712063, 0.43872526, 0.47329056, 0.4731057, 0.47492313, 0.44497493], "duration": [42716, 39546, 52316, 42601, 44664, 47600, 45370, 38253, 44581, 39399, 37099, 37897, 45636, 39373, 44450, 38278, 38317, 39487, 38834, 38727, 45723, 38640, 38931, 45076, 38453, 38974, 45198, 38701, 39009, 39191, 39314, 38812, 38686, 51261, 39007, 39049, 38591, 45590, 38109, 39327, 37954, 39146, 39302, 51598, 39480, 38691, 45763, 38797, 39121, 38306]}