{"avg": [0.25777778, 0.30927438, 0.30055058, 0.30394757, 0.29931578, 0.3080014, 0.308934, 0.30593863, 0.31922683, 0.31490618, 0.29753757, 0.3405725, 0.33577693, 0.3313866, 0.33018434, 0.32744738, 0.34522706, 0.34829584, 0.32542074, 0.35678005, 0.34458643, 0.36475408, 0.36745474, 0.33492738, 0.36427277, 0.35597718, 0.32866007, 0.3698059, 0.3644249, 0.3798605, 0.36177996, 0.36265874, 0.36886132, 0.3842164, 0.38441515, 0.40187377, 0.37543985, 0.37677217, 0.38845593, 0.3768829, 0.41513824, 0.3912897, 0.41511348, 0.415858, 0.4021136, 0.42578673, 0.4029904, 0.43734226, 0.43147856, 0.43000513], "std": [0.08726752, 0.05683859, 0.046592858, 0.051680785, 0.0743021, 0.0485662, 0.078204885, 0.04307824, 0.06288813, 0.07121352, 0.059428494, 0.05566904, 0.062312745, 0.056834813, 0.05620472, 0.050873213, 0.063022174, 0.05579766, 0.05131205, 0.055487625, 0.058666818, 0.04371337, 0.0378698, 0.05488482, 0.044345777, 0.06584618, 0.050896097, 0.048391037, 0.0364943, 0.05250736, 0.048450198, 0.0490578, 0.047994066, 0.041709147, 0.03414961, 0.025944505, 0.059229482, 0.046098616, 0.060858004, 0.050048586, 0.056578938, 0.052189864, 0.041380044, 0.040471897, 0.06057566, 0.05621958, 0.057725832, 0.042420536, 0.06737957, 0.05851934], "var": [1.0, 1.0, 0.98, 0.96, 0.96, 0.94, 0.94, 0.94, 0.92, 0.9, 0.9, 0.86, 0.86, 0.84, 0.8, 0.78, 0.78, 0.78, 0.78, 0.78, 0.78, 0.78, 0.76, 0.76, 0.76, 0.76, 0.72, 0.74, 0.74, 0.74, 0.74, 0.74, 0.7, 0.7, 0.68, 0.68, 0.66, 0.62, 0.62, 0.6, 0.56, 0.54, 0.54, 0.58, 0.56, 0.56, 0.58, 0.58, 0.58, 0.58], "best": [0.4333333, 0.46222222, 0.36141217, 0.36790892, 0.45573768, 0.37454212, 0.40790275, 0.38377425, 0.41105995, 0.41404593, 0.38753414, 0.45163774, 0.4535135, 0.455, 0.40092167, 0.45550784, 0.45649263, 0.4573791, 0.41834784, 0.51088434, 0.5113885, 0.4198585, 0.45848122, 0.39966372, 0.43931162, 0.51219, 0.45874998, 0.45917067, 0.42219663, 0.47539684, 0.41511345, 0.4601389, 0.46103287, 0.4618123, 0.46283737, 0.46300364, 0.5185706, 0.446875, 0.52034706, 0.46688667, 0.52172285, 0.4696447, 0.5255716, 0.5265103, 0.5278196, 0.5374004, 0.5306863, 0.47703195, 0.5343702, 0.5363739], "duration": [43000, 39397, 45258, 43635, 43918, 40094, 39168, 39386, 43958, 39508, 43387, 40001, 39591, 61838, 39690, 46322, 39509, 40046, 38057, 39049, 40235, 40298, 39442, 39556, 39724, 46239, 46637, 40136, 40257, 39580, 39326, 47128, 53909, 47074, 40329, 40169, 38716, 39607, 40225, 40290, 40216, 40764, 40411, 40350, 39843, 40496, 40502, 39953, 40418, 40378]}