{"avg": [0.26031747, 0.2896931, 0.29507932, 0.29300287, 0.29537734, 0.29402545, 0.30863777, 0.320574, 0.31279385, 0.32525286, 0.30798092, 0.29482475, 0.31779337, 0.33420795, 0.3049238, 0.29746783, 0.30610135, 0.3168365, 0.30275834, 0.30614364, 0.3253087, 0.31898227, 0.32005045, 0.32161918, 0.33507615, 0.3354993, 0.3313231, 0.30552226, 0.33540028, 0.3382322, 0.36617666, 0.34776387, 0.30491072, 0.3253256, 0.34928662, 0.3340533, 0.34155282, 0.32442042, 0.33309594, 0.35485393, 0.36809188, 0.3509254, 0.35491392, 0.3615104, 0.34402573, 0.38264492, 0.3626585, 0.37385315, 0.38761112, 0.37903863], "std": [0.08539034, 0.07409099, 0.05000072, 0.04365753, 0.0705064, 0.073289685, 0.05154334, 0.0491792, 0.07701867, 0.06967578, 0.06272913, 0.042330455, 0.06423988, 0.055016633, 0.070135094, 0.06955723, 0.071935296, 0.058153037, 0.05933762, 0.071402505, 0.05180956, 0.066224225, 0.058157522, 0.04174641, 0.05817471, 0.048386127, 0.057953462, 0.07503467, 0.04115215, 0.06472782, 0.039710954, 0.06405571, 0.078293405, 0.0842207, 0.0654516, 0.057189208, 0.06879517, 0.07600908, 0.06976442, 0.056533135, 0.057608046, 0.06793118, 0.04922863, 0.05350451, 0.07431949, 0.06677074, 0.06485538, 0.04905633, 0.057891253, 0.056821562], "var": [0.98, 0.98, 0.98, 0.96, 0.94, 0.94, 0.92, 0.92, 0.88, 0.88, 0.88, 0.86, 0.84, 0.82, 0.82, 0.8, 0.8, 0.8, 0.8, 0.78, 0.78, 0.74, 0.74, 0.74, 0.74, 0.72, 0.7, 0.68, 0.68, 0.68, 0.68, 0.7, 0.66, 0.66, 0.66, 0.66, 0.68, 0.66, 0.64, 0.62, 0.64, 0.6, 0.58, 0.56, 0.58, 0.56, 0.58, 0.58, 0.58, 0.56], "best": [0.4333333, 0.46222222, 0.36396822, 0.3578231, 0.45502642, 0.45609757, 0.40081772, 0.40355125, 0.45456788, 0.4561403, 0.36353984, 0.35859787, 0.455102, 0.45581758, 0.39028823, 0.40608904, 0.4551282, 0.45648482, 0.36370704, 0.40576112, 0.45678234, 0.40775964, 0.41142857, 0.41301417, 0.41315433, 0.45691666, 0.41620883, 0.42530802, 0.417747, 0.4270397, 0.42850065, 0.45610425, 0.42308202, 0.43119964, 0.45644358, 0.42519593, 0.4570928, 0.4270275, 0.42782915, 0.43407306, 0.43686536, 0.43883178, 0.4333975, 0.43410027, 0.4347912, 0.44153956, 0.43716514, 0.44157186, 0.44277546, 0.44687462], "duration": [43236, 40216, 53144, 43115, 49958, 47993, 45969, 38771, 45019, 40175, 37525, 38509, 46001, 39856, 45002, 38798, 38776, 39834, 39173, 38722, 46061, 45993, 39357, 38511, 40065, 39499, 39134, 38691, 38979, 39806, 39213, 39827, 45188, 52043, 39479, 45395, 39299, 38788, 40112, 45532, 46215, 38937, 39542, 40040, 40002, 40465, 46147, 39747, 39821, 53140]}