{"avg": [0.26222223, 0.295037, 0.3069006, 0.29844508, 0.2997633, 0.30070138, 0.3163654, 0.32902408, 0.31915227, 0.32319048, 0.31828228, 0.32299215, 0.33969072, 0.3298737, 0.32065362, 0.3256382, 0.32456696, 0.30722225, 0.33533528, 0.35605788, 0.35070807, 0.33975744, 0.37424344, 0.355234, 0.3355171, 0.36234546, 0.39194337, 0.38425976, 0.3454168, 0.372953, 0.36230612, 0.39182475, 0.38765085, 0.35142908, 0.411418, 0.3908393, 0.3753843, 0.3911153, 0.38048083, 0.39249125, 0.40659174, 0.39025694, 0.4137635, 0.39540613, 0.4042084, 0.42117932, 0.4027694, 0.43354836, 0.4109296, 0.4144323], "std": [0.09274505, 0.07882455, 0.050817322, 0.043706022, 0.073673464, 0.07652385, 0.055236373, 0.049192626, 0.08440486, 0.07931041, 0.080394275, 0.08141064, 0.061777484, 0.07828363, 0.09685202, 0.0681582, 0.049239423, 0.05990242, 0.071572654, 0.07669998, 0.07714516, 0.062484737, 0.061299518, 0.07462216, 0.058895677, 0.079929024, 0.06159094, 0.07367084, 0.06353481, 0.07895441, 0.07767006, 0.082981, 0.08260054, 0.07525871, 0.074336596, 0.076154, 0.080256574, 0.07431715, 0.084245995, 0.08235828, 0.07950852, 0.068037026, 0.091745384, 0.09431693, 0.07658288, 0.06986356, 0.074708045, 0.0807259, 0.08855348, 0.09668274], "var": [0.98, 0.98, 0.98, 0.96, 0.94, 0.94, 0.92, 0.92, 0.92, 0.9, 0.9, 0.88, 0.88, 0.84, 0.8, 0.8, 0.8, 0.82, 0.82, 0.82, 0.8, 0.8, 0.8, 0.78, 0.76, 0.74, 0.72, 0.72, 0.72, 0.7, 0.68, 0.72, 0.72, 0.68, 0.66, 0.64, 0.66, 0.66, 0.64, 0.62, 0.6, 0.62, 0.62, 0.62, 0.62, 0.62, 0.6, 0.6, 0.58, 0.58], "best": [0.44999996, 0.47888887, 0.37666664, 0.37052152, 0.47169307, 0.47276422, 0.41430977, 0.41704333, 0.47123453, 0.47333333, 0.47357723, 0.47485873, 0.47542953, 0.47580126, 0.47637033, 0.4793388, 0.42207095, 0.4232435, 0.47868752, 0.47984746, 0.4806584, 0.4819648, 0.48239958, 0.4836007, 0.43412903, 0.48498347, 0.4857086, 0.4866972, 0.48855773, 0.48854387, 0.4901247, 0.4902159, 0.49213958, 0.49345347, 0.49376917, 0.49543825, 0.49701443, 0.49772343, 0.49612018, 0.49970663, 0.50062495, 0.5017784, 0.5024663, 0.5000487, 0.5001669, 0.5019813, 0.50176036, 0.5069444, 0.50463325, 0.50908697], "duration": [42831, 39643, 52312, 42581, 49670, 47486, 45266, 38309, 38216, 39071, 38493, 38829, 39137, 38515, 52638, 38512, 38315, 44188, 45068, 45911, 52084, 38647, 45257, 38970, 38437, 38979, 39347, 45817, 38585, 38870, 38750, 39067, 39533, 38901, 39636, 39090, 45560, 39082, 39529, 39577, 39635, 39022, 39731, 38960, 39663, 39450, 46144, 39768, 39576, 39857]}