{"avg": [0.4365079, 0.44669315, 0.5353835, 0.35815695, 0.26746032, 0.53362435, 0.53269845, 0.3550329, 0.5342705, 0.21370682, 0.44533733, 0.35718122, 0.5360644, 0.53627205, 0.35622025, 0.5345977, 0.35675463, 0.44546485, 0.4467109, 0.4465079, 0.44618228, 0.44470468, 0.5353199, 0.44515455, 0.44574058, 0.44489875, 0.5351119, 0.5344221, 0.44590437, 0.53435844, 0.26704526, 0.42834395, 0.26688972, 0.21409623, 0.42758504, 0.44554606, 0.44635764, 0.5347641, 0.26822487, 0.26788196, 0.26775017, 0.53508544, 0.44548407, 0.44551328, 0.44503808, 0.5347325, 0.35731956, 0.5354946, 0.35611054, 0.5345365], "std": [0.19521227, 0.19982901, 0.0033704212, 0.25326508, 0.26746872, 0.0019685496, 0.0026578978, 0.25104764, 0.001361922, 0.26173666, 0.1991616, 0.25256553, 0.0024180831, 0.0012651992, 0.25188866, 0.0017537274, 0.2522694, 0.19922195, 0.19977807, 0.19969565, 0.19954558, 0.19888453, 0.002199869, 0.19908382, 0.19935063, 0.19896726, 0.00121232, 0.001108001, 0.19941925, 0.0016257566, 0.26704544, 0.21417254, 0.26689124, 0.2622134, 0.21379484, 0.19925576, 0.19962083, 0.0011197922, 0.26822576, 0.26788205, 0.2677505, 0.001491239, 0.19923073, 0.19924302, 0.19902827, 0.0010075341, 0.2526658, 0.0012877049, 0.2518094, 0.00058732205], "var": [1.0, 1.0, 1.0, 1.0, 1.0, 1.0, 1.0, 1.0, 1.0, 1.0, 1.0, 1.0, 1.0, 1.0, 1.0, 1.0, 1.0, 1.0, 1.0, 1.0, 1.0, 1.0, 1.0, 1.0, 1.0, 1.0, 1.0, 1.0, 1.0, 1.0, 1.0, 1.0, 1.0, 1.0, 1.0, 1.0, 1.0, 1.0, 1.0, 1.0, 1.0, 1.0, 1.0, 1.0, 1.0, 1.0, 1.0, 1.0, 1.0, 1.0], "best": [0.5238095, 0.5460318, 0.5376984, 0.54047614, 0.5390873, 0.5360317, 0.5376984, 0.5335656, 0.5365755, 0.53492063, 0.53511906, 0.5361751, 0.53998595, 0.5377735, 0.53630954, 0.5366002, 0.5372153, 0.5370748, 0.5382326, 0.53835493, 0.53788996, 0.53637785, 0.5381324, 0.535589, 0.5379582, 0.5353038, 0.53749603, 0.53641635, 0.5380071, 0.5367063, 0.53472906, 0.5362169, 0.53516084, 0.5356769, 0.5362245, 0.5360815, 0.5379802, 0.5363291, 0.5377239, 0.5360119, 0.5362733, 0.5372276, 0.53634393, 0.5357719, 0.5352268, 0.53573257, 0.53752023, 0.5373396, 0.5350414, 0.5355117], "duration": [299, 242, 200, 212, 219, 245, 225, 217, 186, 202, 188, 190, 189, 199, 211, 230, 220, 193, 230, 250, 187, 190, 191, 194, 215, 231, 233, 198, 204, 203, 188, 220, 196, 199, 188, 195, 209, 190, 216, 280, 205, 210, 187, 186, 186, 189, 188, 194, 199, 187]}