{"avg": [0.31238094, 0.33838734, 0.34246117, 0.34253648, 0.34218884, 0.34011272, 0.36037064, 0.3718402, 0.360539, 0.36309794, 0.36269096, 0.36816505, 0.38361034, 0.3722099, 0.35458687, 0.37246227, 0.37786728, 0.40375182, 0.376502, 0.40474212, 0.38291082, 0.38456944, 0.4053608, 0.3933589, 0.3908236, 0.38284862, 0.41159788, 0.43328372, 0.41860357, 0.40789542, 0.40303686, 0.45271224, 0.439459, 0.4587772, 0.45777115, 0.4414237, 0.4599781, 0.4242337, 0.47908267, 0.46702424, 0.44677687, 0.42894676, 0.4590093, 0.46771955, 0.45058405, 0.47930068, 0.48912966, 0.46714592, 0.44751853, 0.43266466], "std": [0.1024684, 0.089540355, 0.05577639, 0.05181955, 0.08409604, 0.08632676, 0.06739444, 0.056901723, 0.09561152, 0.09374437, 0.091333725, 0.091707714, 0.06927762, 0.08787301, 0.104479216, 0.057809856, 0.07274091, 0.07196521, 0.08586889, 0.07148174, 0.081504665, 0.059354212, 0.07722374, 0.07889065, 0.070572235, 0.08782244, 0.08227369, 0.062262364, 0.083110355, 0.07348755, 0.076346576, 0.07888818, 0.09086317, 0.073736936, 0.08023084, 0.08960225, 0.08436131, 0.0896412, 0.08654774, 0.09104339, 0.08013356, 0.06562444, 0.091566466, 0.08224294, 0.09315767, 0.08277747, 0.082230784, 0.084384486, 0.09915854, 0.10441811], "var": [0.98, 0.98, 0.98, 0.96, 0.94, 0.94, 0.92, 0.92, 0.92, 0.9, 0.9, 0.88, 0.88, 0.84, 0.82, 0.78, 0.76, 0.76, 0.78, 0.76, 0.74, 0.74, 0.72, 0.74, 0.72, 0.7, 0.68, 0.68, 0.7, 0.66, 0.64, 0.64, 0.64, 0.64, 0.64, 0.66, 0.64, 0.6, 0.6, 0.6, 0.58, 0.58, 0.56, 0.54, 0.54, 0.56, 0.56, 0.58, 0.58, 0.6], "best": [0.52, 0.5373333, 0.4240952, 0.42040816, 0.53301585, 0.5336585, 0.4690621, 0.47070223, 0.5327407, 0.534, 0.5341463, 0.53491527, 0.5352577, 0.53548074, 0.5358222, 0.4737119, 0.53629917, 0.5365799, 0.5368794, 0.5371812, 0.53744406, 0.48199138, 0.5377842, 0.53849584, 0.5394623, 0.5401542, 0.5407463, 0.5415274, 0.54219174, 0.54309046, 0.5438379, 0.54467905, 0.5458233, 0.54722327, 0.5485338, 0.54981685, 0.5506952, 0.5516464, 0.5557504, 0.5533881, 0.554528, 0.55513257, 0.55517554, 0.55886734, 0.56, 0.56067985, 0.5582247, 0.56179106, 0.5602929, 0.5610635], "duration": [42804, 39528, 52492, 42630, 49536, 47550, 45314, 38323, 38115, 39136, 38509, 38822, 39149, 38488, 45786, 38565, 38085, 38889, 38755, 38571, 45802, 38669, 39051, 38488, 39261, 38439, 39117, 52574, 39446, 38615, 38993, 39670, 38844, 45904, 39700, 39534, 39751, 38785, 46646, 39728, 39681, 39315, 39413, 39393, 46423, 39325, 40049, 39308, 46236, 39429]}