{"avg": [0.1904762, 0.15520962, 0.14924155, 0.2253673, 0.16947927, 0.21227369, 0.2506584, 0.2424265, 0.21270631, 0.14279237, 0.27928013, 0.2137722, 0.22767213, 0.23743254, 0.23028897, 0.2947323, 0.18886232, 0.21573101, 0.2633223, 0.16946842, 0.16173579, 0.20259587, 0.31081006, 0.32906085, 0.33654046, 0.2546188, 0.25244367, 0.29291114, 0.27142492, 0.27340654, 0.32637125, 0.26677758, 0.31559977, 0.3011891, 0.25790253, 0.3044075, 0.35782441, 0.36266524, 0.3362049, 0.3409341, 0.3245717, 0.36596793, 0.3883401, 0.38073137, 0.3870611, 0.36286995, 0.31444314, 0.37821326, 0.34722447, 0.40443856], "std": [0.19047618, 0.19642763, 0.19271855, 0.19879857, 0.19876316, 0.20021774, 0.1941932, 0.1979915, 0.20060661, 0.19160947, 0.1862577, 0.20159894, 0.19720522, 0.1986908, 0.19946787, 0.1778234, 0.20192227, 0.20182605, 0.19452138, 0.20055845, 0.19812573, 0.20265414, 0.17246984, 0.15822275, 0.1558967, 0.19733602, 0.19970968, 0.18543105, 0.1921241, 0.19352797, 0.16879201, 0.19726413, 0.17540427, 0.18193239, 0.20007291, 0.1838677, 0.14079602, 0.13753133, 0.16850738, 0.164322, 0.18030688, 0.13902792, 0.10428164, 0.13498223, 0.1123898, 0.15290597, 0.19005029, 0.13903944, 0.16731663, 0.0996202], "var": [1.0, 0.98, 0.94, 0.92, 0.88, 0.88, 0.88, 0.88, 0.88, 0.86, 0.82, 0.8, 0.78, 0.76, 0.76, 0.76, 0.74, 0.72, 0.72, 0.7, 0.68, 0.68, 0.64, 0.66, 0.66, 0.68, 0.66, 0.64, 0.64, 0.62, 0.6, 0.58, 0.54, 0.54, 0.54, 0.56, 0.56, 0.56, 0.58, 0.58, 0.54, 0.56, 0.56, 0.54, 0.54, 0.54, 0.52, 0.52, 0.52, 0.52], "best": [0.3809524, 0.41243386, 0.41105995, 0.41073963, 0.40952384, 0.41306624, 0.40721503, 0.4119669, 0.41043958, 0.40929708, 0.4120083, 0.41064587, 0.40939915, 0.41087112, 0.4096311, 0.41061342, 0.4103017, 0.4101504, 0.41048977, 0.412496, 0.41385564, 0.41356778, 0.41506317, 0.41585982, 0.41721126, 0.41878104, 0.4199907, 0.4215527, 0.42361295, 0.42389402, 0.42508686, 0.42761907, 0.42869475, 0.43085608, 0.43113968, 0.43161905, 0.4326338, 0.43399838, 0.43458775, 0.43616244, 0.43778387, 0.439441, 0.44039682, 0.4406067, 0.44314575, 0.44332254, 0.44486424, 0.4464495, 0.44832268, 0.44908333], "duration": [1524, 1131, 1034, 1268, 1243, 1065, 1071, 1067, 1406, 1078, 1076, 1091, 1060, 1160, 1250, 1092, 1075, 1242, 1089, 1111, 1241, 1245, 1102, 1085, 1060, 1153, 1139, 1069, 1253, 1060, 1449, 1087, 1093, 1112, 1064, 1055, 1072, 1056, 1066, 1094, 1065, 1318, 1079, 1240, 1066, 1397, 1331, 1042, 1093, 1292]}