{"avg": [0.19576721, 0.11851853, 0.2390873, 0.11728395, 0.14761905, 0.20206349, 0.27425927, 0.20132275, 0.2621243, 0.208366, 0.17804234, 0.20961343, 0.22957516, 0.20558415, 0.17207672, 0.1785499, 0.22952898, 0.15198413, 0.26529303, 0.08899952, 0.11921639, 0.23798682, 0.24408731, 0.2072264, 0.14916448, 0.17521073, 0.21447703, 0.23366404, 0.2653194, 0.21160716, 0.1473317, 0.20589948, 0.26453885, 0.14547828, 0.17675737, 0.23429282, 0.117122926, 0.17365527, 0.14987017, 0.1431217, 0.18404764, 0.18099721, 0.17918909, 0.123413764, 0.23506021, 0.148221, 0.15193473, 0.112264976, 0.18079424, 0.17843635], "std": [0.11831048, 0.13258694, 0.07933523, 0.12959449, 0.11983606, 0.1539958, 0.17644827, 0.1534812, 0.19246802, 0.1283474, 0.099419124, 0.06090305, 0.16234069, 0.0628592, 0.14067629, 0.100144856, 0.19139725, 0.06824075, 0.0797186, 0.13364892, 0.12996854, 0.07459921, 0.13600327, 0.15465645, 0.066946246, 0.099286646, 0.06494152, 0.12614498, 0.0788612, 0.059428345, 0.11941848, 0.12923798, 0.07949578, 0.07298755, 0.10948055, 0.12637323, 0.13016282, 0.10950298, 0.067404255, 0.15477555, 0.104026616, 0.09964494, 0.14429821, 0.087273, 0.1264319, 0.074115664, 0.0681999, 0.0916659, 0.09901107, 0.1273604], "var": [1.0, 1.0, 1.0, 1.0, 1.0, 1.0, 1.0, 1.0, 1.0, 1.0, 1.0, 1.0, 1.0, 1.0, 1.0, 1.0, 1.0, 1.0, 1.0, 1.0, 1.0, 1.0, 1.0, 1.0, 1.0, 1.0, 1.0, 1.0, 1.0, 1.0, 1.0, 1.0, 1.0, 1.0, 1.0, 1.0, 1.0, 1.0, 1.0, 1.0, 1.0, 1.0, 1.0, 1.0, 1.0, 1.0, 1.0, 1.0, 1.0, 1.0], "best": [0.34920636, 0.35555556, 0.35476193, 0.34444442, 0.34583333, 0.34555554, 0.51719576, 0.34308943, 0.5207025, 0.34509805, 0.34345236, 0.3451613, 0.3470588, 0.3454955, 0.345, 0.34612402, 0.52134234, 0.18786849, 0.34551284, 0.34484848, 0.34195402, 0.34426227, 0.34557292, 0.51971596, 0.18515474, 0.3429885, 0.3437086, 0.34444442, 0.34506175, 0.34444442, 0.34425285, 0.3451852, 0.34540543, 0.18751766, 0.34557822, 0.34560528, 0.34750402, 0.34585288, 0.18714142, 0.34553573, 0.36022088, 0.3444915, 0.36050114, 0.18656556, 0.5173853, 0.18639804, 0.18806231, 0.18813331, 0.34214976, 0.35984468], "duration": [1460, 1360, 1727, 1747, 1364, 1408, 1999, 1366, 1353, 1726, 1356, 1347, 1932, 1944, 1961, 1385, 1932, 1349, 1364, 1156, 1156, 1352, 1393, 1356, 1359, 1928, 1913, 1368, 1404, 1167, 1725, 1954, 1750, 1341, 1720, 1924, 1352, 1910, 1338, 1728, 766, 1348, 1163, 774, 1754, 779, 1334, 807, 1332, 1350]}