{"avg": [0.2525926, 0.28429633, 0.2892982, 0.28749272, 0.28765804, 0.28821778, 0.30273968, 0.31418747, 0.3024362, 0.31611112, 0.30998543, 0.3086075, 0.3294494, 0.3011859, 0.30066663, 0.31058115, 0.31000412, 0.3200126, 0.34710905, 0.34204087, 0.34288087, 0.3195519, 0.31829917, 0.36978596, 0.3253728, 0.34353203, 0.32007098, 0.34061566, 0.3498672, 0.3500052, 0.35286272, 0.35706943, 0.33231992, 0.3478312, 0.36297303, 0.37786978, 0.39097476, 0.3432471, 0.36856797, 0.36829585, 0.35196528, 0.37148255, 0.39593115, 0.36008713, 0.3582381, 0.36864498, 0.35978088, 0.35931653, 0.39058614, 0.3905567], "std": [0.08530041, 0.07241157, 0.047755614, 0.042779334, 0.06939596, 0.07161646, 0.05089416, 0.048314735, 0.07880992, 0.060441103, 0.0736923, 0.07203857, 0.048831295, 0.06454773, 0.07910561, 0.05331983, 0.06337462, 0.05790271, 0.064769045, 0.063731484, 0.051812243, 0.06431725, 0.060081206, 0.058716595, 0.062494643, 0.052451804, 0.060051765, 0.06329866, 0.07279539, 0.061780527, 0.06319742, 0.066891, 0.05645764, 0.06260659, 0.073055156, 0.056723733, 0.06875711, 0.06786255, 0.053719565, 0.07238031, 0.07509797, 0.06546569, 0.047387246, 0.06699145, 0.078717, 0.08035209, 0.07334149, 0.08187402, 0.079001695, 0.07251543], "var": [0.98, 0.98, 0.98, 0.96, 0.94, 0.94, 0.92, 0.92, 0.92, 0.9, 0.88, 0.86, 0.84, 0.8, 0.8, 0.76, 0.78, 0.74, 0.74, 0.72, 0.74, 0.7, 0.72, 0.7, 0.68, 0.68, 0.66, 0.62, 0.6, 0.6, 0.58, 0.54, 0.56, 0.56, 0.52, 0.52, 0.52, 0.54, 0.5, 0.54, 0.54, 0.54, 0.52, 0.52, 0.5, 0.5, 0.48, 0.46, 0.46, 0.46], "best": [0.42444444, 0.45333335, 0.35666665, 0.35052153, 0.44613755, 0.44720867, 0.3931987, 0.39593223, 0.44567898, 0.4471111, 0.44761518, 0.44892654, 0.44953036, 0.4499252, 0.4499259, 0.45192003, 0.45226598, 0.40150067, 0.4520668, 0.45380425, 0.45492968, 0.45566297, 0.41002885, 0.45521367, 0.45769003, 0.45794615, 0.4146148, 0.45746553, 0.45792893, 0.45880342, 0.41903344, 0.45839763, 0.42293498, 0.42313957, 0.45890772, 0.4602808, 0.46098635, 0.46227607, 0.46226713, 0.4623755, 0.46304932, 0.46279848, 0.43692002, 0.43767214, 0.46276084, 0.46286973, 0.46333334, 0.46385488, 0.49182317, 0.46530604], "duration": [43039, 40112, 52909, 42921, 49870, 47762, 45799, 38643, 38928, 39397, 38938, 39702, 39275, 39497, 45920, 39479, 44716, 45856, 39191, 39394, 46011, 39329, 38315, 40148, 39119, 39762, 45697, 38828, 39306, 39119, 39473, 38797, 39438, 39192, 39869, 40099, 40068, 38946, 39342, 39022, 45490, 39386, 39264, 44680, 39349, 39099, 39749, 38533, 39961, 46063]}