{"avg": [0.2548718, 0.27950996, 0.290009, 0.28489196, 0.28795493, 0.2891127, 0.30440623, 0.30945078, 0.30786863, 0.2996382, 0.2998779, 0.29536602, 0.29139367, 0.30932617, 0.30095136, 0.27471092, 0.27958935, 0.30899572, 0.32177788, 0.33450657, 0.28100967, 0.34284428, 0.33995774, 0.3145417, 0.31998324, 0.29137596, 0.3169355, 0.29799494, 0.29994315, 0.2982851, 0.31216213, 0.33137053, 0.3323211, 0.33947983, 0.32593498, 0.33395424, 0.31488442, 0.35030413, 0.35935518, 0.33663106, 0.34977138, 0.3307883, 0.34390193, 0.32995322, 0.3154378, 0.34976494, 0.33605534, 0.3535321, 0.35069102, 0.34671497], "std": [0.08481872, 0.07501068, 0.047914013, 0.040374704, 0.07134275, 0.076936185, 0.0604838, 0.06712512, 0.046004355, 0.053638976, 0.042447917, 0.05817765, 0.07009753, 0.070225954, 0.054824937, 0.06558639, 0.0714006, 0.06806884, 0.052756697, 0.031624563, 0.06584831, 0.030560765, 0.05671977, 0.05683871, 0.052103832, 0.07147148, 0.042888116, 0.07358402, 0.07377289, 0.078689985, 0.0931344, 0.06726167, 0.043723997, 0.062373303, 0.066326596, 0.04274571, 0.054889485, 0.058803808, 0.0401749, 0.06665494, 0.050097626, 0.04771253, 0.043777633, 0.041656666, 0.05422817, 0.039695412, 0.05347467, 0.04331403, 0.06663159, 0.08279676], "var": [0.98, 0.98, 0.98, 0.96, 0.94, 0.94, 0.92, 0.92, 0.9, 0.9, 0.86, 0.84, 0.84, 0.84, 0.82, 0.8, 0.8, 0.78, 0.78, 0.76, 0.76, 0.74, 0.74, 0.7, 0.7, 0.68, 0.66, 0.68, 0.68, 0.66, 0.66, 0.66, 0.66, 0.66, 0.68, 0.7, 0.7, 0.7, 0.74, 0.74, 0.74, 0.76, 0.78, 0.78, 0.76, 0.76, 0.76, 0.76, 0.72, 0.7], "best": [0.42820513, 0.45709404, 0.35957265, 0.35086343, 0.44989824, 0.45096937, 0.3942243, 0.4511037, 0.39897433, 0.39787495, 0.38397834, 0.398412, 0.35997832, 0.45161977, 0.39894417, 0.35940173, 0.35625705, 0.39750388, 0.39729807, 0.3976698, 0.36399576, 0.3975297, 0.44994006, 0.40080217, 0.4016725, 0.36259857, 0.40314308, 0.40387368, 0.38504174, 0.40397206, 0.40395668, 0.4184047, 0.39390382, 0.41989306, 0.4496698, 0.3906833, 0.4202843, 0.45009997, 0.42054746, 0.45081052, 0.42254448, 0.40898833, 0.4236858, 0.3925252, 0.37748003, 0.42317164, 0.40908313, 0.42334977, 0.45109668, 0.45180896], "duration": [43179, 40168, 53088, 42957, 49902, 47936, 39478, 38759, 45138, 39459, 39003, 38210, 38239, 39140, 39834, 38542, 38996, 45764, 39277, 46187, 45083, 39375, 39838, 38792, 38755, 38678, 38198, 38679, 39289, 38399, 39666, 52610, 40053, 40133, 39407, 45555, 38721, 40277, 39903, 39796, 39892, 39753, 39199, 39065, 39481, 39655, 39080, 39614, 39636, 40123]}