{"avg": [0.2725, 0.3062407, 0.31296787, 0.309457, 0.30524576, 0.31181252, 0.32828057, 0.34242272, 0.3278251, 0.34341267, 0.3360538, 0.31292373, 0.3245758, 0.35893708, 0.35891867, 0.35569263, 0.35418686, 0.35152447, 0.34599137, 0.32342413, 0.37686077, 0.37361503, 0.36650938, 0.37917715, 0.35342243, 0.3673741, 0.3563983, 0.37425002, 0.34767023, 0.36510864, 0.36645776, 0.3811686, 0.37064222, 0.33501777, 0.38132912, 0.41512087, 0.3881587, 0.3801665, 0.368291, 0.37830475, 0.39949638, 0.38888338, 0.3587975, 0.39221263, 0.40745267, 0.42135772, 0.40737635, 0.44033748, 0.4221313, 0.44384426], "std": [0.09671454, 0.082243174, 0.049528804, 0.04789607, 0.082469404, 0.084849924, 0.054893047, 0.052133206, 0.08853705, 0.076022975, 0.083076105, 0.06757668, 0.0576153, 0.07027234, 0.08388304, 0.05903828, 0.090496376, 0.0776654, 0.0630503, 0.082871, 0.08458933, 0.07284405, 0.080553986, 0.08619133, 0.056442775, 0.0818599, 0.09104186, 0.10127723, 0.09483532, 0.122612916, 0.10884686, 0.10373275, 0.0853445, 0.08811606, 0.107097425, 0.090017356, 0.1070576, 0.08457998, 0.09469865, 0.09744694, 0.08333657, 0.0973842, 0.102825, 0.09899909, 0.105717845, 0.10548987, 0.097488806, 0.079124585, 0.09920428, 0.08512437], "var": [0.98, 0.98, 0.98, 0.96, 0.94, 0.94, 0.92, 0.92, 0.92, 0.9, 0.9, 0.88, 0.88, 0.84, 0.86, 0.84, 0.82, 0.82, 0.8, 0.76, 0.74, 0.72, 0.7, 0.68, 0.66, 0.68, 0.7, 0.7, 0.7, 0.68, 0.7, 0.7, 0.66, 0.66, 0.66, 0.66, 0.66, 0.64, 0.6, 0.6, 0.62, 0.6, 0.56, 0.54, 0.56, 0.56, 0.56, 0.54, 0.54, 0.5], "best": [0.46666667, 0.49555555, 0.3919444, 0.3857993, 0.48835978, 0.4894309, 0.42819867, 0.4309322, 0.4879012, 0.4893333, 0.4898374, 0.39569208, 0.3955756, 0.4895238, 0.49136904, 0.49330544, 0.49366924, 0.4967153, 0.49816093, 0.47252178, 0.49844238, 0.50118345, 0.5023474, 0.5035135, 0.47925326, 0.5053897, 0.50558215, 0.50537634, 0.5066519, 0.506339, 0.5073691, 0.50774884, 0.5091262, 0.4565992, 0.50836384, 0.50871885, 0.5102076, 0.5113917, 0.5112206, 0.5121406, 0.51323986, 0.51410455, 0.5142361, 0.514723, 0.5163826, 0.51775616, 0.51991814, 0.5209728, 0.52329844, 0.52544755], "duration": [42833, 39517, 52261, 42677, 44648, 47632, 45423, 38351, 38513, 38901, 38506, 38566, 51471, 39145, 38591, 44446, 38875, 38478, 39044, 38808, 52922, 38988, 39513, 39266, 45243, 39228, 38629, 45461, 45663, 46372, 39206, 39423, 45582, 38709, 39232, 39460, 39434, 38781, 39188, 39509, 39081, 39018, 38885, 39191, 39621, 39136, 39114, 39814, 46270, 53176]}