{"avg": [0.26358974, 0.29335612, 0.29554206, 0.29130223, 0.29524237, 0.3004249, 0.31314906, 0.32100496, 0.31500807, 0.32678694, 0.3049561, 0.31167647, 0.30727363, 0.30331907, 0.32200065, 0.31308, 0.30803818, 0.3141393, 0.33622277, 0.3174511, 0.32837796, 0.33646998, 0.33840165, 0.32917625, 0.3348062, 0.3260395, 0.33795413, 0.34582314, 0.33339375, 0.36646107, 0.33450142, 0.34566548, 0.34628427, 0.3559614, 0.3510449, 0.34724396, 0.31889132, 0.3511894, 0.37609324, 0.3512644, 0.35102552, 0.35270903, 0.3493772, 0.3629128, 0.34702605, 0.3684407, 0.37370545, 0.35629135, 0.35495088, 0.35521322], "std": [0.08774178, 0.07603299, 0.049729075, 0.04048416, 0.071482085, 0.07669804, 0.058256198, 0.048065487, 0.078017816, 0.06242469, 0.06534717, 0.045470823, 0.08026697, 0.050742816, 0.05991254, 0.03831706, 0.045085207, 0.07609911, 0.04577214, 0.05131946, 0.06054766, 0.05270629, 0.04818907, 0.043126293, 0.049414117, 0.06470182, 0.04977192, 0.038991526, 0.04863857, 0.041202042, 0.057576995, 0.06415873, 0.047461838, 0.054546192, 0.047733825, 0.05715906, 0.06066384, 0.047580086, 0.03690055, 0.049829762, 0.053682923, 0.047901522, 0.058745697, 0.056376796, 0.056299288, 0.06651239, 0.05855272, 0.059859496, 0.05506654, 0.0607519], "var": [0.98, 0.98, 0.98, 0.96, 0.94, 0.94, 0.92, 0.92, 0.9, 0.9, 0.88, 0.86, 0.84, 0.84, 0.84, 0.84, 0.84, 0.8, 0.8, 0.78, 0.76, 0.76, 0.78, 0.76, 0.74, 0.72, 0.76, 0.76, 0.74, 0.74, 0.72, 0.7, 0.7, 0.66, 0.66, 0.68, 0.66, 0.66, 0.7, 0.68, 0.66, 0.68, 0.68, 0.66, 0.62, 0.6, 0.6, 0.6, 0.62, 0.62], "best": [0.44102564, 0.46991456, 0.3698291, 0.36368394, 0.46271876, 0.4637899, 0.4070448, 0.40977836, 0.46226022, 0.46427128, 0.36719188, 0.41254985, 0.41302982, 0.41566148, 0.4162544, 0.37695503, 0.37173545, 0.46061203, 0.41609934, 0.37226722, 0.46098387, 0.41801032, 0.4615828, 0.41960207, 0.41980922, 0.42051283, 0.42043135, 0.42192128, 0.42322162, 0.460924, 0.42332578, 0.46144915, 0.42513332, 0.42620698, 0.41752777, 0.4615105, 0.4620721, 0.4277741, 0.42769146, 0.42963335, 0.4622618, 0.43045616, 0.46282828, 0.4631822, 0.43213847, 0.46335757, 0.4642761, 0.47107515, 0.43517065, 0.43536603], "duration": [43061, 39945, 52781, 42945, 49842, 47883, 45915, 38840, 44978, 39855, 38480, 39209, 51788, 37852, 38635, 44992, 38263, 38807, 38998, 38110, 39529, 39591, 45747, 39419, 44457, 39593, 38615, 45703, 50438, 44619, 39110, 45375, 44057, 39362, 39207, 45311, 43507, 53918, 39228, 49135, 43766, 43909, 38840, 43542, 43616, 49454, 52204, 38504, 39531, 43733]}