{"avg": [0.26866665, 0.28556573, 0.28494662, 0.28653142, 0.28506717, 0.28801104, 0.2882867, 0.28876004, 0.29441953, 0.28832507, 0.2893758, 0.28282717, 0.2857019, 0.29064277, 0.2912162, 0.29029652, 0.2920266, 0.28888774, 0.28482604, 0.28490463, 0.28139922, 0.28230292, 0.28232926, 0.27698418, 0.27850685, 0.27690184, 0.2779938, 0.2813537, 0.28045475, 0.281179, 0.28043586, 0.28307325, 0.28403786, 0.28480008, 0.28661692, 0.28201067, 0.28733, 0.2906371, 0.2857933, 0.28224814, 0.28461197, 0.28526056, 0.289946, 0.2899479, 0.2939787, 0.29371727, 0.29297164, 0.28976703, 0.2881873, 0.29048055], "std": [0.06510476, 0.06321268, 0.06557179, 0.06967651, 0.066860735, 0.071367584, 0.071364604, 0.07017542, 0.07441109, 0.07233508, 0.075020835, 0.06931063, 0.07447428, 0.06911402, 0.067786865, 0.06746923, 0.0673419, 0.0635864, 0.06612494, 0.06629213, 0.063933864, 0.0645209, 0.06493307, 0.06002547, 0.05873997, 0.056582913, 0.058738418, 0.055698358, 0.054921545, 0.055389088, 0.05604372, 0.056308948, 0.058198605, 0.05580729, 0.054952268, 0.056792084, 0.05336649, 0.05753973, 0.06396083, 0.057779644, 0.057953883, 0.06132091, 0.06723178, 0.06661948, 0.062416762, 0.06149182, 0.06079316, 0.061890945, 0.061754454, 0.061894204], "var": [0.98, 0.96, 0.94, 0.94, 0.92, 0.92, 0.9, 0.9, 0.92, 0.94, 0.96, 0.96, 0.92, 0.9, 0.9, 0.9, 0.88, 0.88, 0.88, 0.86, 0.82, 0.8, 0.82, 0.8, 0.84, 0.84, 0.82, 0.82, 0.82, 0.8, 0.76, 0.76, 0.76, 0.78, 0.76, 0.76, 0.74, 0.74, 0.74, 0.72, 0.72, 0.72, 0.74, 0.72, 0.7, 0.72, 0.74, 0.72, 0.76, 0.78], "best": [0.4333333, 0.44999996, 0.45099998, 0.4517778, 0.4538333, 0.45533332, 0.4563333, 0.45695236, 0.4575833, 0.4585185, 0.45866665, 0.4591515, 0.459, 0.4593333, 0.45966664, 0.45995554, 0.46012497, 0.46019605, 0.45988885, 0.4596491, 0.45943332, 0.45920634, 0.45896968, 0.45878258, 0.45841667, 0.45810664, 0.45792305, 0.45770368, 0.45749998, 0.45731032, 0.45717776, 0.45694622, 0.4567708, 0.45656565, 0.45639214, 0.45622858, 0.45607403, 0.45592794, 0.45598245, 0.4560171, 0.4558833, 0.45573983, 0.45579362, 0.45598447, 0.4561515, 0.45628145, 0.45646372, 0.4566525, 0.45679164, 0.45688435], "duration": [99892, 100012, 100032, 97592, 99254, 97106, 98148, 98321, 98694, 98643, 98159, 97530, 97305, 99707, 96662, 95525, 97551, 96977, 98096, 95342, 94622, 91402, 92318, 92185, 91756, 90697, 90624, 91779, 91371, 90948, 94682, 94778, 90750, 92682, 94273, 94668, 94672, 95142, 93224, 92779, 92237, 93088, 92192, 92293, 93915, 94038, 94039, 95048, 93529, 94451]}