{"avg": [0.25777778, 0.30927438, 0.2992009, 0.27673158, 0.2887897, 0.32333177, 0.29203224, 0.2902822, 0.32544068, 0.30761063, 0.28465733, 0.32577515, 0.30604884, 0.3149175, 0.31901002, 0.31455025, 0.3439836, 0.31959605, 0.34623083, 0.34539607, 0.3544749, 0.33885148, 0.36568707, 0.33747366, 0.36562195, 0.3676943, 0.36444786, 0.35913697, 0.3525416, 0.36669278, 0.3599337, 0.3781185, 0.38648516, 0.37003732, 0.38094205, 0.37827978, 0.3989183, 0.40567067, 0.38377738, 0.394204, 0.37503392, 0.3931888, 0.39921707, 0.4149502, 0.40400875, 0.409046, 0.41892213, 0.39595553, 0.4055265, 0.41343233], "std": [0.08726752, 0.05683859, 0.042981297, 0.06719322, 0.082695074, 0.052408174, 0.06716154, 0.04745247, 0.056150373, 0.07566586, 0.070450515, 0.06208961, 0.05549302, 0.08042402, 0.06564652, 0.06456357, 0.045331277, 0.040228203, 0.05231639, 0.04248592, 0.045904994, 0.039688304, 0.044449005, 0.024687508, 0.042949613, 0.032434687, 0.026251337, 0.032328397, 0.043191686, 0.030175472, 0.04986133, 0.044859257, 0.041328385, 0.038841628, 0.043346174, 0.039475225, 0.042230796, 0.060575318, 0.0380531, 0.054321498, 0.048180234, 0.041418172, 0.042432964, 0.047899745, 0.039274268, 0.050707173, 0.040290926, 0.050048593, 0.039633375, 0.053947665], "var": [1.0, 1.0, 1.0, 1.0, 0.98, 0.98, 0.96, 0.96, 0.94, 0.92, 0.92, 0.9, 0.9, 0.86, 0.84, 0.82, 0.84, 0.8, 0.78, 0.8, 0.8, 0.8, 0.8, 0.8, 0.82, 0.82, 0.82, 0.78, 0.78, 0.8, 0.8, 0.8, 0.82, 0.84, 0.84, 0.86, 0.84, 0.84, 0.86, 0.86, 0.84, 0.84, 0.82, 0.82, 0.8, 0.8, 0.78, 0.74, 0.72, 0.7], "best": [0.4333333, 0.46222222, 0.36141217, 0.36504328, 0.45555556, 0.4561403, 0.36242235, 0.35233685, 0.4585366, 0.4596618, 0.39087304, 0.45891473, 0.36858678, 0.45771143, 0.45987654, 0.45965663, 0.46162018, 0.36971644, 0.46160185, 0.46206507, 0.4425083, 0.40498033, 0.46062377, 0.39789096, 0.4623886, 0.46293464, 0.40731168, 0.40880334, 0.40961078, 0.4099102, 0.46353278, 0.46313968, 0.46525252, 0.46490195, 0.46596956, 0.46296296, 0.4681081, 0.47076023, 0.47341266, 0.4711771, 0.47541597, 0.4768025, 0.47752294, 0.47822618, 0.4754616, 0.4807217, 0.48249766, 0.48271772, 0.48355675, 0.48548245], "duration": [43069, 39483, 38672, 42801, 39226, 39362, 38253, 39123, 39636, 39566, 38663, 46819, 39197, 46043, 39230, 45113, 46054, 38338, 38865, 40224, 38983, 39474, 46540, 38974, 46365, 39568, 39575, 40092, 46016, 39754, 44545, 40142, 44486, 39598, 40314, 44220, 40131, 47323, 47186, 44291, 52926, 40362, 40031, 40163, 51044, 44549, 40581, 40298, 40005, 40448]}