{"avg": [0.2742857, 0.26924604, 0.30967742, 0.27174446, 0.27748325, 0.30010962, 0.29313505, 0.30727443, 0.30029923, 0.293754, 0.29650283, 0.31077152, 0.29767838, 0.2930759, 0.2927652, 0.3055889, 0.31665373, 0.30374876, 0.32251254, 0.31279945, 0.32397786, 0.31866726, 0.3300092, 0.2906474, 0.33195102, 0.32205096, 0.30737963, 0.29513478, 0.31547144, 0.3305116, 0.30223063, 0.31670755, 0.31222397, 0.30073193, 0.2942072, 0.31314754, 0.29584128, 0.32901555, 0.31544912, 0.31614092, 0.33323574, 0.32925603, 0.31731838, 0.31757295, 0.31994358, 0.30868775, 0.35603082, 0.34015536, 0.32971075, 0.33452308], "std": [0.054399766, 0.0422869, 0.05764767, 0.036756955, 0.06911221, 0.07617298, 0.07106807, 0.03871449, 0.059163067, 0.072499946, 0.05972375, 0.05188152, 0.05528277, 0.05332814, 0.06490776, 0.047078192, 0.04694538, 0.042164944, 0.038480952, 0.05313602, 0.036968227, 0.038563687, 0.04445125, 0.06883965, 0.04601765, 0.067921005, 0.064333335, 0.074602515, 0.05498071, 0.071737036, 0.047752123, 0.05127981, 0.07822405, 0.039496902, 0.06823694, 0.05294845, 0.056666937, 0.062762946, 0.0390305, 0.06277701, 0.05843814, 0.049189165, 0.06699889, 0.07846859, 0.06002196, 0.05914954, 0.045918256, 0.045403246, 0.06384531, 0.06116777], "var": [1.0, 0.9866667, 0.97333336, 0.96, 0.94666666, 0.93333334, 0.92, 0.92, 0.93333334, 0.93333334, 0.93333334, 0.92, 0.9066667, 0.8933333, 0.8933333, 0.8666667, 0.85333335, 0.84, 0.84, 0.82666665, 0.82666665, 0.82666665, 0.84, 0.82666665, 0.84, 0.84, 0.85333335, 0.8666667, 0.8666667, 0.8666667, 0.88, 0.85333335, 0.84, 0.84, 0.82666665, 0.82666665, 0.8, 0.8, 0.8, 0.8, 0.81333333, 0.8, 0.8, 0.8, 0.8, 0.7866667, 0.7733333, 0.7733333, 0.74666667, 0.73333335], "best": [0.34761906, 0.3352381, 0.43870965, 0.31965554, 0.36264881, 0.44583333, 0.44747472, 0.3833944, 0.3998557, 0.40137425, 0.38920632, 0.40347984, 0.40440115, 0.38926896, 0.40568492, 0.40661594, 0.44576922, 0.36518824, 0.4063764, 0.40728927, 0.4076307, 0.40890267, 0.4094976, 0.4101411, 0.44599155, 0.41059235, 0.36487117, 0.3687352, 0.4470588, 0.44768906, 0.3661451, 0.396052, 0.44821882, 0.3646561, 0.36982122, 0.39518788, 0.3713392, 0.40817568, 0.36705902, 0.4117625, 0.4207951, 0.41212186, 0.37269196, 0.42304412, 0.42328706, 0.36969054, 0.42358157, 0.40987015, 0.40998366, 0.42433667], "duration": [39790, 37154, 38785, 43245, 42779, 46340, 44766, 52503, 39062, 46819, 39724, 38802, 38550, 39186, 38936, 38685, 39009, 45648, 45500, 49353, 39701, 39161, 40440, 39313, 39810, 39528, 38921, 39244, 40012, 39337, 38466, 39374, 40032, 40010, 39157, 39561, 38329, 40167, 39337, 45900, 40228, 40187, 39858, 39570, 40023, 39543, 39776, 46503, 39826, 40062]}