{"avg": [0.20133333, 0.23163177, 0.23965916, 0.2326239, 0.23730996, 0.23720023, 0.24826005, 0.2599829, 0.25031066, 0.261732, 0.24957712, 0.23931351, 0.26134112, 0.25425002, 0.23338908, 0.24573421, 0.2608064, 0.26580533, 0.27535278, 0.2709187, 0.2849806, 0.26634896, 0.27773592, 0.28124806, 0.2740528, 0.29706228, 0.28662798, 0.29324338, 0.27926484, 0.3108876, 0.28798807, 0.29686695, 0.273873, 0.299288, 0.2843959, 0.29089183, 0.3139349, 0.29641688, 0.31865838, 0.30669957, 0.31030142, 0.31755283, 0.29950798, 0.322875, 0.30368364, 0.34368545, 0.32673627, 0.3339904, 0.3500155, 0.35640913], "std": [0.07018628, 0.059293028, 0.039556753, 0.033528168, 0.05747268, 0.061696872, 0.041759606, 0.038381517, 0.06278345, 0.057220507, 0.050810307, 0.040065017, 0.037898064, 0.066892445, 0.06875439, 0.048815746, 0.043465856, 0.06346464, 0.04882851, 0.035544474, 0.045049667, 0.050408002, 0.061430696, 0.051650017, 0.06199784, 0.047448114, 0.050896104, 0.043961633, 0.06628725, 0.04031297, 0.075750336, 0.058767557, 0.0594548, 0.059528343, 0.060650542, 0.053538147, 0.06659305, 0.07200888, 0.06397151, 0.060602225, 0.07216063, 0.0706344, 0.070056796, 0.07786395, 0.07311015, 0.069788285, 0.06107542, 0.065964624, 0.060828105, 0.055844445], "var": [0.98, 0.98, 0.98, 0.96, 0.94, 0.94, 0.92, 0.92, 0.88, 0.88, 0.88, 0.86, 0.86, 0.84, 0.82, 0.82, 0.82, 0.82, 0.84, 0.8, 0.8, 0.8, 0.8, 0.78, 0.78, 0.76, 0.74, 0.72, 0.72, 0.7, 0.7, 0.68, 0.7, 0.66, 0.62, 0.62, 0.64, 0.66, 0.66, 0.66, 0.64, 0.62, 0.58, 0.56, 0.56, 0.56, 0.52, 0.5, 0.48, 0.46], "best": [0.34, 0.37466666, 0.29676193, 0.28938776, 0.36603177, 0.36731708, 0.32098123, 0.3242615, 0.3654815, 0.36736843, 0.29624787, 0.32869843, 0.32897958, 0.36552382, 0.33307207, 0.33346087, 0.33387437, 0.36529413, 0.37512195, 0.34215936, 0.36586753, 0.34449226, 0.36655173, 0.4152955, 0.38125986, 0.36901766, 0.38456312, 0.35583442, 0.35895282, 0.36165053, 0.42048424, 0.36738878, 0.37301588, 0.3733719, 0.37249866, 0.42307574, 0.39567375, 0.42527094, 0.3985235, 0.3799579, 0.42744312, 0.38242236, 0.3852157, 0.42891598, 0.4299261, 0.43075633, 0.39126375, 0.43227845, 0.41050133, 0.4131959], "duration": [43117, 39859, 52746, 43040, 50017, 47798, 45665, 38786, 45185, 39940, 37454, 38965, 39325, 39040, 39222, 46013, 39305, 51186, 40021, 39140, 46031, 43961, 39287, 39691, 43807, 39280, 54792, 39757, 45748, 40082, 43657, 39599, 38928, 43991, 43447, 39278, 39553, 39742, 40316, 39953, 39440, 39238, 59443, 39807, 39425, 40037, 39481, 39589, 46160, 39887]}