{"avg": [0.26481482, 0.295037, 0.3048538, 0.29844508, 0.2997633, 0.302989, 0.32045898, 0.33131158, 0.32045022, 0.33851814, 0.3144435, 0.30891207, 0.32835886, 0.34497184, 0.3145468, 0.29907787, 0.30496582, 0.31809324, 0.31218004, 0.33485425, 0.34645405, 0.31161106, 0.3402637, 0.35330385, 0.32882765, 0.36725625, 0.31544122, 0.29183173, 0.3524833, 0.34368733, 0.346881, 0.3565763, 0.36294454, 0.33379257, 0.37110272, 0.36303744, 0.3457237, 0.36951998, 0.36441126, 0.34276494, 0.35714835, 0.3571802, 0.39145795, 0.37645194, 0.35996628, 0.3515275, 0.36695898, 0.36956203, 0.39994153, 0.38968256], "std": [0.092444316, 0.07882455, 0.049216345, 0.04569292, 0.07751984, 0.078892775, 0.054433685, 0.050361525, 0.07818747, 0.06795622, 0.06450041, 0.043001212, 0.06784197, 0.057952527, 0.0733409, 0.078621574, 0.08154907, 0.07068373, 0.062038444, 0.065560855, 0.04977815, 0.07166677, 0.074369736, 0.059101272, 0.083364956, 0.07622878, 0.06746374, 0.05617905, 0.077042244, 0.06557694, 0.06397986, 0.06557622, 0.06549383, 0.0892989, 0.08194588, 0.091200635, 0.07644977, 0.06610525, 0.06288209, 0.08197864, 0.060062416, 0.085067235, 0.070770495, 0.06504099, 0.08201057, 0.0975654, 0.08066867, 0.037016086, 0.091445446, 0.083194435], "var": [0.98, 0.98, 0.98, 0.96, 0.94, 0.94, 0.92, 0.92, 0.88, 0.88, 0.88, 0.86, 0.84, 0.82, 0.82, 0.8, 0.8, 0.8, 0.82, 0.8, 0.8, 0.78, 0.78, 0.78, 0.74, 0.72, 0.74, 0.72, 0.72, 0.72, 0.68, 0.64, 0.64, 0.66, 0.66, 0.62, 0.62, 0.58, 0.6, 0.56, 0.6, 0.58, 0.6, 0.58, 0.58, 0.58, 0.56, 0.58, 0.6, 0.6], "best": [0.44999996, 0.47888887, 0.37666664, 0.37052152, 0.47169307, 0.47276422, 0.41430977, 0.41704333, 0.47123453, 0.47280696, 0.37516734, 0.3712963, 0.47176865, 0.47248423, 0.40219298, 0.4195811, 0.47166666, 0.47290906, 0.37719908, 0.4192532, 0.4729232, 0.4215529, 0.47318006, 0.53130895, 0.47432193, 0.53233975, 0.4276969, 0.37294912, 0.5327049, 0.53340644, 0.5338534, 0.53435284, 0.53504527, 0.47778848, 0.53644526, 0.53736544, 0.53835505, 0.5383708, 0.480028, 0.44689143, 0.47969404, 0.53899115, 0.5392887, 0.5399108, 0.540262, 0.54088795, 0.48169172, 0.4420251, 0.5414766, 0.54262596], "duration": [43294, 40176, 52938, 42992, 49839, 47938, 45600, 38582, 45095, 39968, 37410, 38404, 46109, 39726, 44862, 38574, 38609, 39985, 39060, 39290, 46275, 39108, 39282, 39757, 39565, 39652, 45848, 38853, 39339, 38859, 39606, 39027, 39128, 38868, 40385, 40129, 39456, 39823, 46259, 45222, 52981, 39549, 45983, 45764, 39747, 39890, 46525, 39967, 39612, 39600]}