{"avg": [0.032738093, 0.0, 0.0, 0.07161905, 0.02940917, 0.033165444, 0.038656097, 0.067270175, 0.031429023, 0.07694071, 0.06743855, 0.029815279, 0.04463551, 0.0, 0.101146385, 0.0848695, 0.033792213, 0.15901132, 0.16987446, 0.032041084, 0.07272945, 0.16046369, 0.13655171, 0.11720901, 0.15636297, 0.24117893, 0.10324179, 0.07344388, 0.1731933, 0.15315372, 0.22166632, 0.16314779, 0.2780403, 0.27859136, 0.2963787, 0.16584408, 0.3736508, 0.30639717, 0.18966325, 0.34163418, 0.28858197, 0.26927015, 0.3101002, 0.35366893, 0.23487632, 0.31255132, 0.28944173, 0.2927488, 0.32796517, 0.3453629], "std": [0.12679408, 0.0, 0.0, 0.18260328, 0.1212571, 0.1284492, 0.13937654, 0.17798719, 0.12571609, 0.18847124, 0.1784321, 0.122931525, 0.14803924, 0.0, 0.21055621, 0.19599879, 0.13087666, 0.24634387, 0.2519656, 0.12816434, 0.18542445, 0.24859029, 0.23652293, 0.22444962, 0.24724352, 0.27347517, 0.21494015, 0.18725286, 0.2568971, 0.24698882, 0.27151662, 0.25278464, 0.27809623, 0.2786774, 0.2773201, 0.2569655, 0.2643382, 0.2837134, 0.26826376, 0.2790431, 0.28858462, 0.28792164, 0.29007605, 0.28229895, 0.28766662, 0.29243034, 0.28966758, 0.29289407, 0.28953043, 0.28918514], "var": [1.0, 1.0, 1.0, 0.98, 1.0, 1.0, 0.98, 0.96, 0.96, 0.98, 0.96, 0.94, 0.94, 0.94, 0.94, 0.92, 0.92, 0.92, 0.94, 0.9, 0.88, 0.88, 0.86, 0.84, 0.8, 0.78, 0.78, 0.76, 0.74, 0.76, 0.72, 0.72, 0.68, 0.64, 0.66, 0.64, 0.6, 0.6, 0.6, 0.58, 0.58, 0.58, 0.56, 0.52, 0.52, 0.52, 0.5, 0.48, 0.46, 0.46], "best": [0.5238095, 0.0, 0.0, 0.54232806, 0.52936506, 0.5306471, 0.5411854, 0.5426367, 0.53429335, 0.54248565, 0.5438095, 0.53667504, 0.5356261, 0.0, 0.54325396, 0.5397578, 0.5406754, 0.54341, 0.545171, 0.5446984, 0.54557604, 0.54650027, 0.54864234, 0.5506588, 0.55151397, 0.552393, 0.55600184, 0.5552605, 0.55623376, 0.55838555, 0.55953383, 0.56171, 0.5625447, 0.56467795, 0.5668702, 0.5682339, 0.5693066, 0.5723356, 0.5747801, 0.57570344, 0.5781677, 0.58073896, 0.58262116, 0.5850601, 0.58812606, 0.5895372, 0.5914877, 0.59250593, 0.5941848, 0.59575075], "duration": [748, 696, 594, 591, 680, 689, 586, 587, 584, 588, 592, 596, 596, 729, 576, 668, 575, 574, 602, 583, 577, 580, 688, 597, 584, 588, 589, 590, 695, 788, 650, 619, 623, 579, 613, 592, 686, 591, 585, 589, 688, 579, 580, 583, 585, 584, 578, 574, 575, 630]}