{"avg": [0.63666666, 0.63, 0.635, 0.635, 0.62833333, 0.62166667, 0.62333333, 0.62666667, 0.6166667, 0.625, 0.6066667, 0.615, 0.6066667, 0.625, 0.62166667, 0.62666667, 0.6166667, 0.6166667, 0.61333334, 0.6166667, 0.61333334, 0.62, 0.615, 0.6116667, 0.615], "std": [0.19913709, 0.19304581, 0.19922777, 0.19285151, 0.20562239, 0.19945064, 0.20564269, 0.20154956, 0.20138419, 0.19737865, 0.19439374, 0.19285148, 0.20278622, 0.20361319, 0.19735052, 0.20360638, 0.20949687, 0.19930439, 0.20327874, 0.19720274, 0.20327874, 0.20149446, 0.19922778, 0.2011149, 0.20336759], "var": [1.0, 0.99333334, 0.98, 0.97333336, 0.96, 0.94666666, 0.94, 0.9266667, 0.92, 0.92, 0.92, 0.9266667, 0.92, 0.91333336, 0.9, 0.8933333, 0.88, 0.87333333, 0.87333333, 0.87333333, 0.8666667, 0.8666667, 0.8666667, 0.85333335, 0.85333335], "best": [1.0, 1.0, 1.0, 1.0, 1.0, 1.0, 1.0, 1.0, 1.0, 1.0, 1.0, 1.0, 1.0, 1.0, 1.0, 1.0, 1.0, 1.0, 1.0, 1.0, 1.0, 1.0, 1.0, 1.0, 1.0], "duration": [231177, 232292, 232866, 229628, 231933, 230876, 231692, 230464, 227816, 226264, 225420, 223962, 223747, 224678, 222466, 224993, 222892, 223319, 221726, 225435, 225103, 224518, 224064, 224924, 226390]}