{"avg": [0.26866665, 0.29166287, 0.2928705, 0.2918806, 0.29527566, 0.29823506, 0.2924721, 0.29628763, 0.2977769, 0.30126068, 0.30528972, 0.31236687, 0.31472236, 0.31628716, 0.32156375, 0.32462147, 0.32883397, 0.32717812, 0.32867265, 0.33258006, 0.33471924, 0.33391616, 0.33575276, 0.33913222, 0.33844498, 0.33947518, 0.34160236, 0.3461811, 0.348409, 0.35355386, 0.36035895, 0.3613253, 0.36161673, 0.36099565, 0.36240318, 0.36759278, 0.3707591, 0.3784507, 0.38212952, 0.3816348, 0.38179028, 0.3855909, 0.38761652, 0.39121848, 0.39074218, 0.3873233, 0.39043388, 0.39569244, 0.3951924, 0.39819947], "std": [0.06504901, 0.06443873, 0.06556807, 0.06493148, 0.059160177, 0.061588284, 0.06897338, 0.062249623, 0.061726406, 0.06002842, 0.06049213, 0.060956422, 0.06412296, 0.06538114, 0.06413031, 0.06275834, 0.06429276, 0.06859543, 0.067074, 0.06508012, 0.07078635, 0.07409098, 0.07069986, 0.071067534, 0.07550889, 0.07385937, 0.074517615, 0.07242622, 0.06986216, 0.06439802, 0.05808606, 0.058936737, 0.065082125, 0.0670044, 0.06921802, 0.061204392, 0.062163252, 0.048945826, 0.04105728, 0.047326107, 0.048170336, 0.040622592, 0.038436696, 0.033403743, 0.03178219, 0.04799138, 0.05037701, 0.030188477, 0.033291828, 0.028403047], "var": [0.98, 0.98, 0.98, 0.96, 0.92, 0.92, 0.92, 0.92, 0.92, 0.88, 0.84, 0.82, 0.82, 0.78, 0.78, 0.76, 0.78, 0.78, 0.78, 0.78, 0.78, 0.76, 0.76, 0.76, 0.76, 0.72, 0.7, 0.7, 0.68, 0.68, 0.68, 0.68, 0.68, 0.66, 0.66, 0.64, 0.62, 0.62, 0.62, 0.62, 0.6, 0.62, 0.6, 0.6, 0.6, 0.58, 0.58, 0.58, 0.58, 0.58], "best": [0.4333333, 0.44999996, 0.45033333, 0.44977775, 0.449, 0.44853333, 0.4483333, 0.44819045, 0.44816664, 0.41020104, 0.4484, 0.44854546, 0.4487222, 0.4493846, 0.44999996, 0.45057777, 0.4510833, 0.4515686, 0.452, 0.45235085, 0.4526333, 0.4530476, 0.45336363, 0.45368114, 0.45397222, 0.4542133, 0.45441023, 0.4545926, 0.45473805, 0.45489654, 0.45504442, 0.4551828, 0.455375, 0.45557573, 0.45576468, 0.4559238, 0.4561111, 0.45627025, 0.4564035, 0.45656407, 0.45671666, 0.45684552, 0.45696822, 0.45714727, 0.45734847, 0.45754072, 0.45776808, 0.45795742, 0.4581944, 0.45840815], "duration": [102112, 100633, 101109, 103212, 102981, 104540, 101160, 103172, 103717, 104999, 104969, 106173, 105892, 107345, 106562, 106891, 108287, 106739, 108177, 107885, 107812, 110995, 110471, 107134, 106822, 107187, 106598, 107216, 107493, 108193, 108976, 109450, 108653, 107694, 108461, 108514, 109850, 109800, 110004, 110027, 110191, 109734, 109566, 109786, 109737, 108650, 110254, 109966, 110415, 110236]}