{"avg": [0.25460318, 0.2989418, 0.304256, 0.29068324, 0.32575196, 0.3110501, 0.31068724, 0.3351074, 0.327131, 0.33315992, 0.32574525, 0.36636907, 0.31410453, 0.35753596, 0.3484635, 0.36735448, 0.39685854, 0.3626322, 0.40704125, 0.39739084, 0.38536918, 0.41162798, 0.42840466, 0.41676936, 0.44768524, 0.45562366, 0.42604086, 0.43318725, 0.432964, 0.4402011, 0.47387516, 0.4770472, 0.46343005, 0.48979062, 0.49448553, 0.5038919, 0.497227, 0.49926597, 0.51416594, 0.4945114, 0.5287669, 0.5145926, 0.5101812, 0.55203044, 0.5488984, 0.5385776, 0.5020947, 0.5449025, 0.54393744, 0.532377], "std": [0.09013078, 0.0757022, 0.06249321, 0.044480864, 0.066751674, 0.054502785, 0.06400169, 0.057927463, 0.07059622, 0.07751648, 0.062496267, 0.077930324, 0.061416708, 0.08315384, 0.067008615, 0.064922065, 0.060483698, 0.069058225, 0.060230844, 0.07183199, 0.07231584, 0.06686572, 0.07871322, 0.08463313, 0.064815, 0.07241504, 0.08546791, 0.07460384, 0.09471335, 0.08325719, 0.06283143, 0.07551633, 0.08932495, 0.06087358, 0.075271696, 0.06336955, 0.061230946, 0.065325856, 0.080579355, 0.0862491, 0.062162075, 0.09498377, 0.091305904, 0.040131997, 0.06277512, 0.06588479, 0.10356929, 0.064526655, 0.06510211, 0.07980568], "var": [0.98, 0.98, 0.96, 0.94, 0.94, 0.96, 0.94, 0.92, 0.92, 0.88, 0.84, 0.82, 0.82, 0.78, 0.74, 0.72, 0.72, 0.72, 0.74, 0.76, 0.74, 0.72, 0.68, 0.66, 0.68, 0.68, 0.64, 0.64, 0.64, 0.62, 0.6, 0.58, 0.58, 0.58, 0.56, 0.56, 0.52, 0.5, 0.52, 0.5, 0.5, 0.48, 0.44, 0.46, 0.48, 0.48, 0.48, 0.46, 0.46, 0.46], "best": [0.4333333, 0.46222222, 0.44682539, 0.36231884, 0.46065572, 0.46367517, 0.46350875, 0.46695903, 0.4689567, 0.47256234, 0.46971545, 0.47472525, 0.4752525, 0.47574332, 0.47807407, 0.4798639, 0.48593155, 0.490734, 0.49249145, 0.49633226, 0.4989648, 0.5012745, 0.50616246, 0.50997305, 0.51316017, 0.51625204, 0.5220893, 0.52317166, 0.52647275, 0.5199134, 0.5310321, 0.5344108, 0.5382161, 0.54104996, 0.54278696, 0.54794276, 0.5513937, 0.5542938, 0.5574165, 0.5592, 0.5624347, 0.5655453, 0.56806386, 0.5706997, 0.5735714, 0.57645684, 0.57864654, 0.58, 0.58261055, 0.5851328], "duration": [37905, 39492, 39404, 42610, 39625, 38545, 44758, 38507, 38167, 55742, 45889, 44342, 39307, 39861, 51893, 52521, 39949, 43831, 39700, 39931, 44399, 46599, 39924, 39765, 39816, 39982, 39841, 49225, 39752, 39741, 44646, 39837, 39877, 44800, 39860, 40070, 44740, 57996, 40093, 39867, 46653, 40122, 39886, 49568, 46776, 40067, 44654, 40094, 44753, 40103]}