{"avg": [0.25777778, 0.2896931, 0.3017143, 0.2954215, 0.271648, 0.27558443, 0.30263653, 0.3086723, 0.3084952, 0.3035059, 0.30133834, 0.3170497, 0.33742592, 0.31882492, 0.32401472, 0.3115837, 0.34834132, 0.3354144, 0.3502101, 0.34850508, 0.34938923, 0.33211786, 0.37103373, 0.34217793, 0.35372993, 0.36315677, 0.39030468, 0.337389, 0.35730618, 0.36711922, 0.36295697, 0.37424347, 0.40530273, 0.40963277, 0.39472678, 0.40560144, 0.39961037, 0.4144166, 0.42204088, 0.4210401, 0.4208012, 0.40483975, 0.42985624, 0.4250705, 0.43921864, 0.42961612, 0.41379085, 0.4479213, 0.42218107, 0.45733693], "std": [0.08726752, 0.07409099, 0.037975825, 0.062766604, 0.08176677, 0.06897139, 0.055603236, 0.053555254, 0.077714905, 0.07705914, 0.051779613, 0.053030062, 0.06401935, 0.0818989, 0.092908, 0.07642258, 0.045221277, 0.076602325, 0.054935697, 0.0760618, 0.07972865, 0.058221806, 0.048473556, 0.07389358, 0.07028134, 0.06899605, 0.06343496, 0.07136284, 0.07507295, 0.04953675, 0.063923314, 0.06332276, 0.048620068, 0.043337286, 0.046301436, 0.061028555, 0.062192272, 0.06273048, 0.058231078, 0.05078749, 0.04188774, 0.06466598, 0.041205555, 0.072456926, 0.040585864, 0.052826047, 0.07387023, 0.067560025, 0.075258374, 0.04735395], "var": [1.0, 1.0, 1.0, 1.0, 0.98, 0.98, 0.98, 0.98, 0.98, 0.98, 0.98, 0.98, 0.96, 0.98, 0.98, 0.98, 0.94, 0.94, 0.94, 0.94, 0.94, 0.94, 0.94, 0.94, 0.94, 0.92, 0.9, 0.9, 0.9, 0.9, 0.9, 0.9, 0.9, 0.9, 0.86, 0.86, 0.82, 0.8, 0.82, 0.82, 0.82, 0.82, 0.8, 0.76, 0.76, 0.76, 0.74, 0.74, 0.72, 0.72], "best": [0.4333333, 0.46222222, 0.36396822, 0.35841265, 0.3623016, 0.3852814, 0.38845754, 0.4487654, 0.45134404, 0.439579, 0.37547466, 0.41933444, 0.4520947, 0.44143566, 0.454321, 0.44204614, 0.45514902, 0.4557252, 0.45690474, 0.45712683, 0.46160337, 0.43858144, 0.4506481, 0.4614612, 0.46211722, 0.4628788, 0.46319613, 0.43867242, 0.46531832, 0.46630433, 0.4704641, 0.46680298, 0.4721452, 0.47349933, 0.47557202, 0.47388688, 0.47861743, 0.479841, 0.48261347, 0.48163703, 0.4753369, 0.4877436, 0.4863976, 0.49102, 0.49111748, 0.49359512, 0.49371585, 0.49544236, 0.49574563, 0.5007702], "duration": [43108, 40026, 39478, 47737, 44582, 39177, 38863, 39833, 39940, 38898, 40093, 39539, 40048, 38503, 44920, 39385, 38833, 46308, 39732, 46280, 46321, 46759, 39975, 39115, 39971, 39640, 40015, 39462, 39153, 39139, 39764, 46470, 39309, 39778, 40396, 40249, 46707, 40435, 40407, 46787, 39952, 46956, 40328, 40457, 40176, 53297, 40221, 47084, 46916, 40256]}