{"avg": [0.26851857, 0.2813823, 0.26374105, 0.28638768, 0.292303, 0.26906914, 0.27949, 0.27771384, 0.27817157, 0.29960784, 0.29157284, 0.25297132, 0.271166, 0.30419546, 0.2957128, 0.29315555, 0.28684917, 0.2941256, 0.2850717, 0.3028431, 0.28798002, 0.2833457, 0.28813165, 0.3094012, 0.2969593, 0.2766741, 0.29517245, 0.27984574, 0.31439844, 0.28569913, 0.2721771, 0.29847565, 0.30320412, 0.2892939, 0.29519844, 0.28990227, 0.31735697, 0.2950969, 0.27449575, 0.29970232, 0.3072788, 0.30548558, 0.29278234, 0.30103925, 0.3066513, 0.3158874, 0.29500666, 0.31498668, 0.2907417, 0.32520077], "std": [0.06682028, 0.07025995, 0.06890538, 0.038746595, 0.040849403, 0.069354415, 0.048242185, 0.048102554, 0.057252925, 0.03673874, 0.048738603, 0.058632046, 0.044329967, 0.050462533, 0.06263087, 0.07914398, 0.05955896, 0.048198834, 0.068762906, 0.049527604, 0.053374514, 0.040933166, 0.04661315, 0.05206077, 0.054443307, 0.030269373, 0.059118357, 0.05785435, 0.046366874, 0.058761742, 0.055262897, 0.050823186, 0.054966554, 0.06744875, 0.035875995, 0.053260937, 0.04228927, 0.050740927, 0.05318432, 0.054714125, 0.054669697, 0.058162577, 0.049158577, 0.04745576, 0.052816387, 0.04677555, 0.06255827, 0.044344693, 0.046325933, 0.05668478], "var": [0.99333334, 0.9866667, 0.9866667, 0.98, 0.97333336, 0.97333336, 0.96666664, 0.96, 0.96, 0.96, 0.96, 0.9533333, 0.94666666, 0.94666666, 0.94666666, 0.93333334, 0.93333334, 0.93333334, 0.93333334, 0.93333334, 0.9266667, 0.9266667, 0.9266667, 0.91333336, 0.9066667, 0.9, 0.88666666, 0.8933333, 0.88, 0.87333333, 0.87333333, 0.87333333, 0.87333333, 0.8666667, 0.8666667, 0.8666667, 0.86, 0.8466667, 0.8466667, 0.8466667, 0.84, 0.82666665, 0.8333333, 0.82666665, 0.8333333, 0.82666665, 0.82, 0.82666665, 0.82666665, 0.82666665], "best": [0.39523807, 0.42301586, 0.38137257, 0.38653848, 0.3884058, 0.3738095, 0.3830128, 0.3872222, 0.34378883, 0.35834098, 0.37577522, 0.35706767, 0.34358975, 0.38296297, 0.44449034, 0.4457364, 0.4467391, 0.38287982, 0.4477419, 0.3787602, 0.3962703, 0.36040446, 0.3604128, 0.4081684, 0.38168678, 0.31442901, 0.38191965, 0.34996414, 0.3823978, 0.3835194, 0.38320413, 0.37249863, 0.38130674, 0.39582598, 0.34934473, 0.37250614, 0.3832523, 0.3840795, 0.38381827, 0.44770458, 0.38403893, 0.39612547, 0.3844198, 0.38479805, 0.3852217, 0.37871328, 0.39614227, 0.3801155, 0.3528831, 0.4485533], "duration": [43317, 44191, 42359, 42732, 39159, 39449, 39083, 37483, 43580, 39057, 52222, 42142, 42705, 44372, 44572, 46884, 38020, 44348, 39296, 44363, 44665, 32217, 33758, 47859, 48820, 37495, 43781, 39570, 43532, 43782, 38029, 39034, 39984, 39166, 43660, 43263, 43882, 39105, 38343, 43909, 44062, 48146, 44540, 43428, 39071, 39620, 44073, 39571, 39025, 39004]}