{"avg": [0.36, 0.36, 0.35333332, 0.32, 0.37333333, 0.35333332, 0.36, 0.36, 0.34666666, 0.37333333, 0.38666666, 0.36, 0.38, 0.36666667, 0.37333333, 0.38, 0.34666666, 0.36666667, 0.35333332, 0.36, 0.35333332, 0.37333333, 0.41333333, 0.36666667, 0.34666666], "std": [0.48000005, 0.47999996, 0.47800496, 0.46647617, 0.4836895, 0.47800487, 0.48, 0.48000002, 0.47590864, 0.4836895, 0.4869865, 0.48000005, 0.48538625, 0.4818947, 0.4836895, 0.48538625, 0.47590864, 0.4818947, 0.47800493, 0.48000002, 0.47800493, 0.4836895, 0.49243173, 0.4818947, 0.4759086], "var": [0.99333334, 0.98, 0.97333336, 0.97333336, 0.96666664, 0.9533333, 0.94666666, 0.94666666, 0.93333334, 0.93333334, 0.92, 0.92, 0.92, 0.91333336, 0.92, 0.92, 0.91333336, 0.91333336, 0.91333336, 0.9066667, 0.8933333, 0.88, 0.8666667, 0.8666667, 0.86], "best": [1.0, 1.0, 1.0, 1.0, 1.0, 1.0, 1.0, 1.0, 1.0, 1.0, 1.0, 1.0, 1.0, 1.0, 1.0, 1.0, 1.0, 1.0, 1.0, 1.0, 1.0, 1.0, 1.0, 1.0, 1.0], "duration": [8360, 8324, 8503, 8267, 8429, 8265, 8469, 8398, 8375, 8412, 8356, 8324, 8541, 8651, 8361, 8279, 8277, 8501, 8251, 8495, 8362, 8543, 8209, 8333, 8353]}