{"avg": [0.26942858, 0.28328001, 0.2822771, 0.28563303, 0.2832457, 0.28396645, 0.28229108, 0.28226668, 0.28548068, 0.28407612, 0.28643048, 0.28989682, 0.29147857, 0.2925081, 0.2907876, 0.28615832, 0.2890724, 0.28887025, 0.2908706, 0.29142803, 0.2911387, 0.29294413, 0.29313672, 0.296947, 0.29665256, 0.2980298, 0.29667115, 0.29650366, 0.30475336, 0.30272362, 0.3060277, 0.31022778, 0.308798, 0.3086805, 0.30914038, 0.3120133, 0.31286228, 0.31508577, 0.32055527, 0.31768724, 0.3200714, 0.3185624, 0.31526956, 0.3147751, 0.31581366, 0.31584162, 0.320264, 0.31534916, 0.31595415, 0.3157761], "std": [0.06434804, 0.06454099, 0.065611444, 0.069961935, 0.069658555, 0.07166826, 0.07190888, 0.06948698, 0.07453664, 0.07048842, 0.06974321, 0.070064805, 0.06811146, 0.0701105, 0.0696537, 0.0700969, 0.070141084, 0.0682289, 0.06896135, 0.06668759, 0.06587711, 0.06896413, 0.07225779, 0.07242749, 0.073166706, 0.06921953, 0.06609534, 0.06670945, 0.062659234, 0.062053364, 0.061894584, 0.06513184, 0.06363445, 0.065166526, 0.06853654, 0.067323685, 0.06809895, 0.06780301, 0.067215435, 0.06632585, 0.0649622, 0.061869826, 0.0644021, 0.06446395, 0.060949743, 0.06359539, 0.06190575, 0.067513615, 0.06771093, 0.067840084], "var": [0.98, 0.96, 0.94, 0.94, 0.92, 0.92, 0.9, 0.9, 0.92, 0.92, 0.92, 0.92, 0.9, 0.88, 0.9, 0.9, 0.86, 0.86, 0.88, 0.86, 0.84, 0.82, 0.82, 0.82, 0.82, 0.84, 0.82, 0.8, 0.78, 0.78, 0.76, 0.78, 0.78, 0.76, 0.78, 0.78, 0.76, 0.8, 0.8, 0.78, 0.76, 0.72, 0.76, 0.74, 0.72, 0.72, 0.74, 0.74, 0.78, 0.8], "best": [0.4333333, 0.44999996, 0.45099998, 0.45111108, 0.4525, 0.4533333, 0.454, 0.4542857, 0.45458332, 0.45533332, 0.45526662, 0.45533332, 0.45533332, 0.45533332, 0.45552382, 0.4557333, 0.45583332, 0.45588234, 0.45588887, 0.45599997, 0.45613334, 0.4562222, 0.45660603, 0.45724633, 0.45780554, 0.45834664, 0.4589487, 0.45925924, 0.45966664, 0.46004596, 0.46037778, 0.46060213, 0.46102083, 0.46141413, 0.4618039, 0.46226665, 0.4627037, 0.46311712, 0.46354386, 0.46408546, 0.46445, 0.46482924, 0.46506348, 0.46522477, 0.46539393, 0.46555555, 0.46571013, 0.4658865, 0.46605554, 0.46620405], "duration": [99868, 100287, 97500, 96994, 98402, 95869, 95534, 96759, 96380, 96355, 98495, 95857, 94980, 94829, 93008, 95242, 96760, 95897, 92232, 94183, 91912, 95497, 95512, 95652, 93932, 93272, 93563, 92567, 91927, 92684, 93676, 96375, 96100, 96523, 96798, 96232, 96434, 95418, 97110, 97683, 97476, 97479, 96668, 96190, 98785, 98383, 97224, 98189, 96365, 96628]}