{"avg": [0.25777778, 0.28715342, 0.29708436, 0.2902818, 0.29337233, 0.29402545, 0.31064278, 0.31833312, 0.30693004, 0.31332654, 0.31181094, 0.31584927, 0.33152744, 0.31922942, 0.311353, 0.32328752, 0.33294296, 0.3208212, 0.3485462, 0.35364124, 0.36218575, 0.35637343, 0.32041782, 0.36126986, 0.35259667, 0.3420335, 0.34501985, 0.3466514, 0.34141818, 0.33961016, 0.34419996, 0.34363228, 0.35193303, 0.33680573, 0.35653043, 0.37487125, 0.3751878, 0.37139627, 0.38970426, 0.3694826, 0.3859407, 0.41510385, 0.40086088, 0.38790357, 0.3592007, 0.38421005, 0.42375544, 0.4207129, 0.40308684, 0.3995306], "std": [0.08726752, 0.07637929, 0.04982655, 0.043432835, 0.070916995, 0.076752, 0.052799568, 0.04808029, 0.0804736, 0.075852305, 0.076668784, 0.07975516, 0.05396703, 0.075628735, 0.08337226, 0.054995254, 0.06278748, 0.057451107, 0.06828488, 0.08285264, 0.07449642, 0.06734975, 0.059465308, 0.079787895, 0.05638997, 0.076195925, 0.057162773, 0.05555508, 0.06293304, 0.058131937, 0.07430523, 0.052177373, 0.06953238, 0.06250899, 0.064762466, 0.06914068, 0.07321732, 0.07457833, 0.07148469, 0.07957865, 0.07175384, 0.052409295, 0.0657771, 0.060129665, 0.07078568, 0.06744576, 0.065455556, 0.06322413, 0.080902845, 0.079830885], "var": [0.98, 0.98, 0.98, 0.96, 0.94, 0.94, 0.92, 0.92, 0.92, 0.9, 0.9, 0.88, 0.88, 0.84, 0.82, 0.8, 0.8, 0.78, 0.76, 0.76, 0.74, 0.7, 0.7, 0.7, 0.68, 0.68, 0.7, 0.72, 0.7, 0.72, 0.7, 0.7, 0.68, 0.66, 0.64, 0.62, 0.6, 0.58, 0.58, 0.56, 0.56, 0.56, 0.56, 0.56, 0.58, 0.58, 0.54, 0.52, 0.56, 0.58], "best": [0.4333333, 0.46222222, 0.36396822, 0.3578231, 0.45502642, 0.45609757, 0.40081772, 0.40355125, 0.45456788, 0.45666668, 0.45691058, 0.45819208, 0.45876288, 0.4591346, 0.45970368, 0.46164572, 0.46207348, 0.41280973, 0.46212122, 0.46459016, 0.46738902, 0.4705882, 0.42280635, 0.47114694, 0.42574134, 0.4719472, 0.42984128, 0.47247705, 0.472949, 0.47304657, 0.47340277, 0.4738866, 0.4739726, 0.473891, 0.47373924, 0.4742993, 0.4755517, 0.47640064, 0.47874793, 0.48092175, 0.48200312, 0.48310503, 0.4847449, 0.48604646, 0.4862689, 0.4865179, 0.48709527, 0.48870966, 0.49074557, 0.49230108], "duration": [43009, 39951, 52783, 42966, 49919, 47676, 45684, 38599, 38387, 39471, 38861, 39073, 39493, 38836, 46246, 39590, 45005, 45313, 46058, 46231, 52822, 39646, 37678, 40046, 45563, 39538, 38215, 39086, 39214, 39143, 39393, 40313, 39486, 45849, 44923, 39739, 39839, 45861, 40194, 45881, 46736, 46176, 39767, 39920, 39514, 39599, 39986, 40104, 40308, 39594]}