{"avg": [0.25777778, 0.28715342, 0.29507932, 0.2930029, 0.29337233, 0.29178455, 0.30863777, 0.320574, 0.30834097, 0.32232428, 0.31316, 0.2946114, 0.32198787, 0.32884076, 0.29645506, 0.3207744, 0.32568932, 0.32213962, 0.3243648, 0.33716318, 0.32350057, 0.35213682, 0.3469216, 0.30145895, 0.34470585, 0.36407095, 0.35937718, 0.34647396, 0.3254896, 0.34123877, 0.3820246, 0.35617703, 0.35253185, 0.3548627, 0.36677057, 0.38311818, 0.3737262, 0.37904155, 0.3567413, 0.39700407, 0.36159945, 0.3567312, 0.38058764, 0.3898498, 0.3989666, 0.39481276, 0.36741072, 0.3698965, 0.37359583, 0.39085716, 0.4269517, 0.42496887, 0.38775423, 0.445358, 0.4049504, 0.41242594, 0.43423218, 0.39113075, 0.41789284, 0.41778743, 0.4222562, 0.41934022, 0.41952583, 0.4296556, 0.4277453, 0.43300202, 0.42001638, 0.4694207, 0.41790107, 0.41192424, 0.44015807, 0.4594267, 0.47822487, 0.42092714, 0.45077547], "std": [0.08726752, 0.07315504, 0.048330657, 0.04130452, 0.070916995, 0.07210073, 0.05187532, 0.0491792, 0.08057846, 0.06927916, 0.07414443, 0.06204765, 0.04079906, 0.06397372, 0.08013866, 0.043869503, 0.056612127, 0.05789563, 0.05655938, 0.05077318, 0.052892793, 0.058857687, 0.07162267, 0.08207357, 0.07799367, 0.07568166, 0.07160317, 0.05315891, 0.064393975, 0.055228848, 0.06574179, 0.06218643, 0.06844188, 0.06952805, 0.06680936, 0.070299946, 0.08736691, 0.092069134, 0.074763656, 0.06890664, 0.08544351, 0.088092126, 0.08587716, 0.05922978, 0.06702754, 0.07061164, 0.08002101, 0.07946745, 0.0743346, 0.08179738, 0.05546242, 0.06920794, 0.07332865, 0.054333184, 0.09307261, 0.07994756, 0.064491995, 0.09118153, 0.07619085, 0.08921663, 0.09149544, 0.083393715, 0.09008191, 0.07294729, 0.072770745, 0.0870839, 0.10109923, 0.07191101, 0.10988533, 0.09659993, 0.08294553, 0.07883933, 0.058500662, 0.10357228, 0.08209166], "var": [0.98, 0.98, 0.98, 0.96, 0.94, 0.94, 0.92, 0.92, 0.92, 0.9, 0.9, 0.88, 0.88, 0.86, 0.84, 0.82, 0.82, 0.8, 0.82, 0.8, 0.78, 0.74, 0.74, 0.74, 0.7, 0.68, 0.66, 0.7, 0.68, 0.7, 0.72, 0.7, 0.72, 0.72, 0.72, 0.7, 0.7, 0.7, 0.7, 0.7, 0.68, 0.68, 0.68, 0.64, 0.66, 0.66, 0.68, 0.64, 0.64, 0.62, 0.6, 0.6, 0.6, 0.62, 0.6, 0.56, 0.56, 0.56, 0.54, 0.54, 0.52, 0.52, 0.52, 0.52, 0.52, 0.5, 0.48, 0.5, 0.5, 0.48, 0.44, 0.44, 0.4, 0.42, 0.42], "best": [0.4333333, 0.46222222, 0.36396822, 0.3578231, 0.45502642, 0.45609757, 0.40081772, 0.40355125, 0.45456788, 0.45599997, 0.45650408, 0.36771587, 0.38826704, 0.4557692, 0.45688888, 0.36782226, 0.45656165, 0.457373, 0.45809856, 0.45891473, 0.41077137, 0.45920244, 0.46068624, 0.41437963, 0.46290323, 0.4641944, 0.46617404, 0.4529365, 0.46697387, 0.46718517, 0.4672389, 0.46826386, 0.46921527, 0.47024038, 0.47103098, 0.47134933, 0.47277078, 0.47428736, 0.47617427, 0.47649005, 0.47804615, 0.47875455, 0.47827196, 0.4802395, 0.4809663, 0.4834522, 0.48417366, 0.482968, 0.48375836, 0.48453787, 0.4868466, 0.48820317, 0.4897119, 0.48992717, 0.49218252, 0.49384734, 0.4955275, 0.49691844, 0.49803922, 0.5, 0.50174683, 0.50325626, 0.50417525, 0.5051361, 0.50458497, 0.5071947, 0.50848776, 0.5098209, 0.5116477, 0.51288515, 0.51376873, 0.5150966, 0.5169051, 0.51893, 0.519722], "duration": [43270, 40058, 53039, 43050, 49847, 48025, 45897, 39227, 39369, 39395, 39092, 38884, 39470, 38992, 45998, 39210, 39042, 45813, 38510, 38605, 39444, 39264, 39539, 52260, 46447, 40322, 39286, 40033, 39383, 39721, 40403, 39807, 40240, 39670, 40163, 39823, 40189, 40543, 40057, 40132, 40191, 39200, 46695, 40683, 40456, 39912, 46111, 39615, 40076, 40418, 40342, 40096, 40414, 40518, 40497, 47795, 41327, 40387, 40702, 53897, 40443, 40219, 39960, 40509, 40555, 47240, 47478, 40965, 40103, 40350, 40780, 41058, 41167, 40893, 40672]}