{"avg": [0.96, 0.96, 0.96, 0.96, 0.96, 0.96, 0.96, 0.96, 0.96, 0.9533333, 0.9533333, 0.9533333, 0.9533333, 0.9533333, 0.9533333, 0.9533333, 0.94666666, 0.94666666, 0.94, 0.94, 0.93333334, 0.93333334, 0.93333334, 0.93333334, 0.9266667], "std": [0.19595918, 0.19595918, 0.19595918, 0.19595918, 0.19595918, 0.19595918, 0.19595918, 0.19595918, 0.19595918, 0.21092379, 0.21092379, 0.21092379, 0.21092379, 0.21092379, 0.21092379, 0.21092379, 0.22469716, 0.22469716, 0.23748697, 0.23748697, 0.24944393, 0.24944393, 0.24944393, 0.24944393, 0.26068285], "var": [0.9866667, 0.98, 0.98, 0.97333336, 0.96666664, 0.9533333, 0.9533333, 0.94666666, 0.93333334, 0.9266667, 0.91333336, 0.91333336, 0.91333336, 0.9066667, 0.9, 0.8933333, 0.88, 0.87333333, 0.86, 0.86, 0.86, 0.86, 0.85333335, 0.85333335, 0.85333335], "best": [1.0, 1.0, 1.0, 1.0, 1.0, 1.0, 1.0, 1.0, 1.0, 1.0, 1.0, 1.0, 1.0, 1.0, 1.0, 1.0, 1.0, 1.0, 1.0, 1.0, 1.0, 1.0, 1.0, 1.0, 1.0], "duration": [30574, 31299, 30858, 30662, 31314, 30628, 31531, 30504, 31427, 30439, 30950, 31958, 32130, 31322, 30824, 31503, 30901, 32137, 31727, 31288, 31291, 30753, 31603, 31447, 31633]}