{"avg": [0.11714287, 0.152, 0.15119049, 0.15662132, 0.16284718, 0.14491858, 0.16030219, 0.1570761, 0.17394614, 0.17046237, 0.16922191, 0.15574636, 0.17279817, 0.16918556, 0.1596298, 0.17226867, 0.1711651, 0.18748143, 0.17706473, 0.17889717, 0.18742846, 0.17634551, 0.18467711, 0.17224713, 0.17584036, 0.1848072, 0.1704752, 0.17863993, 0.16958278, 0.19518934, 0.19026259, 0.1864317, 0.1958374, 0.1928108, 0.18426533, 0.19588582, 0.20707782, 0.2097386, 0.20113601, 0.21316381, 0.2136855, 0.21492402, 0.21605203, 0.2148686, 0.20722236, 0.20990446, 0.20830241, 0.21951774, 0.21240658, 0.22393504], "std": [0.044858057, 0.040900003, 0.031918384, 0.039969053, 0.03388729, 0.044554655, 0.03223635, 0.030648768, 0.037925776, 0.025960583, 0.018724702, 0.03309771, 0.039447058, 0.04300474, 0.042307407, 0.031016227, 0.032755744, 0.018672723, 0.026579244, 0.028930986, 0.037352066, 0.03103315, 0.032661818, 0.02045346, 0.036130622, 0.0367421, 0.0383373, 0.023122882, 0.03649629, 0.03682608, 0.02803777, 0.02925264, 0.03634436, 0.034289718, 0.039369114, 0.03653025, 0.027741207, 0.037804846, 0.033009443, 0.039882835, 0.034994077, 0.034926467, 0.034537535, 0.03760993, 0.044321515, 0.04103606, 0.04253724, 0.045160286, 0.0262292, 0.03868275], "var": [0.98, 0.98, 0.98, 0.94, 0.94, 0.94, 0.94, 0.94, 0.92, 0.92, 0.88, 0.86, 0.86, 0.84, 0.8, 0.78, 0.76, 0.74, 0.74, 0.74, 0.72, 0.72, 0.68, 0.68, 0.64, 0.62, 0.64, 0.62, 0.64, 0.64, 0.62, 0.62, 0.66, 0.64, 0.62, 0.62, 0.66, 0.64, 0.6, 0.6, 0.56, 0.54, 0.58, 0.56, 0.58, 0.58, 0.58, 0.58, 0.6, 0.6], "best": [0.2, 0.24333334, 0.17833334, 0.2020635, 0.2322034, 0.23355263, 0.22582418, 0.22730307, 0.23606557, 0.2423913, 0.19766574, 0.23244047, 0.2332281, 0.24116161, 0.2427907, 0.24344978, 0.23673888, 0.2438224, 0.23644958, 0.23606151, 0.23835456, 0.2440063, 0.24380666, 0.2016056, 0.23750001, 0.24238846, 0.24365482, 0.23981579, 0.24178906, 0.24266365, 0.24088779, 0.24126479, 0.2446281, 0.24690619, 0.2483559, 0.24725276, 0.24892011, 0.25073195, 0.25384143, 0.25477785, 0.25703782, 0.25871748, 0.2577094, 0.26557058, 0.26403022, 0.26865888, 0.27048498, 0.26691207, 0.26149112, 0.27317843], "duration": [42747, 39512, 38108, 37409, 50432, 39218, 38613, 37558, 45548, 43428, 39177, 37877, 45062, 38796, 44797, 38921, 39047, 38892, 39077, 38873, 38787, 39166, 38610, 44871, 39031, 39186, 38920, 45568, 38865, 39151, 38777, 38737, 38482, 38417, 38930, 39239, 45662, 38780, 39034, 39272, 39511, 39544, 39459, 38835, 39234, 45628, 39393, 46331, 39663, 38854]}