{"avg": [0.38571426, 0.41142857, 0.4135338, 0.4086735, 0.41541353, 0.4159664, 0.43796986, 0.45546222, 0.4361905, 0.4535714, 0.44505495, 0.42226893, 0.46428567, 0.46554622, 0.444958, 0.44666672, 0.4495238, 0.4318681, 0.47226894, 0.46238095, 0.494898, 0.46989796, 0.4861607, 0.47008932, 0.45952383, 0.44579834, 0.47455359, 0.4977679, 0.46571434, 0.48526785, 0.47755104, 0.48901096, 0.46512607, 0.49375004, 0.46830362, 0.50892854, 0.50892854, 0.53380954, 0.53991586, 0.49904767, 0.5380953, 0.51875, 0.5252747, 0.5452381, 0.5361607, 0.522619, 0.56071424, 0.60109895, 0.57040817, 0.5126051], "std": [0.13260858, 0.112992674, 0.07198635, 0.05728162, 0.103956714, 0.11508463, 0.08229563, 0.07174423, 0.117469534, 0.09650412, 0.111306794, 0.09280483, 0.056436956, 0.090159096, 0.11524712, 0.09475592, 0.07951667, 0.09141377, 0.07743184, 0.0824566, 0.10964521, 0.059650254, 0.08584322, 0.0993672, 0.09406418, 0.057407934, 0.07088942, 0.095388524, 0.07768766, 0.0847215, 0.12819834, 0.10334344, 0.10425757, 0.07409638, 0.09136746, 0.08289638, 0.08983757, 0.08561368, 0.07767087, 0.10274684, 0.10558121, 0.08344751, 0.1051132, 0.07939681, 0.095112324, 0.1153288, 0.08733585, 0.06850305, 0.093125865, 0.109881766], "var": [0.98, 0.98, 0.98, 0.96, 0.94, 0.94, 0.92, 0.92, 0.92, 0.9, 0.9, 0.88, 0.88, 0.86, 0.82, 0.82, 0.82, 0.78, 0.76, 0.76, 0.74, 0.74, 0.7, 0.72, 0.68, 0.66, 0.66, 0.68, 0.7, 0.7, 0.66, 0.66, 0.66, 0.66, 0.64, 0.6, 0.56, 0.56, 0.56, 0.56, 0.54, 0.52, 0.48, 0.46, 0.48, 0.44, 0.44, 0.42, 0.42, 0.42], "best": [0.65, 0.65, 0.5142857, 0.5142857, 0.65, 0.65, 0.5714286, 0.5714286, 0.65, 0.65, 0.65, 0.5142857, 0.55714285, 0.65, 0.65, 0.65, 0.65, 0.65, 0.65, 0.65, 0.65, 0.5714286, 0.65, 0.65, 0.65, 0.55714285, 0.65, 0.65, 0.65, 0.65, 0.65, 0.65, 0.65, 0.65, 0.65, 0.65, 0.65, 0.65, 0.65, 0.65, 0.65, 0.65, 0.65, 0.65, 0.65, 0.65, 0.65, 0.65, 0.65, 0.65], "duration": [38255, 40197, 53208, 42938, 49871, 48274, 45747, 38624, 38977, 39318, 39014, 41638, 39479, 38977, 52509, 38888, 38884, 38369, 39145, 39465, 40543, 38990, 39416, 39373, 48583, 45603, 39667, 39302, 38789, 45962, 39362, 39634, 39896, 39928, 39329, 39739, 40043, 39795, 39883, 40002, 40247, 40077, 41310, 46910, 40192, 40221, 47189, 40540, 40297, 40207]}