{"avg": [0.26841173, 0.28896698, 0.3315355, 0.35334173, 0.37702578, 0.4340046, 0.456993, 0.46259233, 0.47578302, 0.50397277, 0.5318252, 0.5598592, 0.59166247, 0.59433216, 0.6297895, 0.63710386, 0.6478427, 0.6463154, 0.6590178, 0.6676512, 0.67108315, 0.6747103, 0.67825586, 0.6816113, 0.6698087, 0.67687315, 0.6812555, 0.69204205, 0.6945631, 0.69751054, 0.6943846, 0.7020152, 0.69255614, 0.6990636, 0.70698905, 0.7025546, 0.70422924, 0.7114351, 0.7127362, 0.71402717, 0.7152498, 0.71640897, 0.717314, 0.7183707, 0.71350086, 0.72025007, 0.72116846, 0.72208476, 0.72277236, 0.7236154, 0.71845305, 0.7249947, 0.71929693, 0.72633547, 0.7269976, 0.7275779, 0.72816557, 0.72263634, 0.7239556, 0.7187255, 0.73038983, 0.72473574, 0.73131204, 0.72535086, 0.7322004, 0.72655237, 0.7330749, 0.7334632, 0.7338407, 0.72254556, 0.72875106, 0.73494554, 0.735266, 0.7297638, 0.73009956], "std": [0.13587096, 0.12137335, 0.14715074, 0.078738056, 0.11439352, 0.08196115, 0.078653626, 0.07732179, 0.1050865, 0.116870925, 0.10848305, 0.10083716, 0.07402381, 0.07238668, 0.04930583, 0.045390654, 0.037695143, 0.04456077, 0.025802331, 0.0026115717, 0.002624413, 0.0026194663, 0.0027331857, 0.0022335732, 0.06461542, 0.04156347, 0.03789595, 0.002650823, 0.0026133982, 0.0006685384, 0.025505988, 1.7881393e-07, 0.035201605, 0.027342482, 2.3841858e-07, 0.026687136, 0.026076581, 1.1920929e-07, 1.1920929e-07, 5.9604645e-08, 1.1920929e-07, 1.1920929e-07, 1.7881393e-07, 1.1920929e-07, 0.026076596, 1.1920929e-07, 0.0, 1.7881393e-07, 2.3841858e-07, 1.1920929e-07, 0.026076593, 0.0, 0.027342472, 0.0, 1.7881393e-07, 1.7881393e-07, 1.1920929e-07, 0.026687136, 0.02497117, 0.03520161, 1.1920929e-07, 0.026687132, 2.3841858e-07, 0.027342476, 1.1920929e-07, 0.026687155, 1.7881393e-07, 5.9604645e-08, 1.1920929e-07, 0.035944104, 0.026076593, 1.7881393e-07, 1.1920929e-07, 0.026076593, 0.02607659], "var": [1.0, 1.0, 0.96, 0.96, 0.96, 0.96, 0.96, 0.96, 0.96, 1.0, 1.0, 0.96, 0.96, 0.96, 0.92, 0.88, 0.84, 0.68, 0.64, 0.6, 0.48, 0.36, 0.28, 0.32, 0.32, 0.28, 0.2, 0.16, 0.08, 0.04, 0.04, 0.04, 0.04, 0.04, 0.04, 0.04, 0.04, 0.04, 0.04, 0.04, 0.04, 0.04, 0.04, 0.04, 0.04, 0.04, 0.04, 0.04, 0.04, 0.04, 0.04, 0.04, 0.04, 0.04, 0.04, 0.04, 0.04, 0.04, 0.04, 0.04, 0.04, 0.04, 0.04, 0.04, 0.04, 0.04, 0.04, 0.04, 0.04, 0.04, 0.04, 0.04, 0.04, 0.04, 0.04], "best": [0.6020408, 0.48393968, 0.6102041, 0.45351478, 0.4935291, 0.61406344, 0.630135, 0.63273156, 0.6355053, 0.6414112, 0.643917, 0.64591837, 0.6511816, 0.65308803, 0.6549911, 0.6573001, 0.6619027, 0.66538775, 0.66876787, 0.67220557, 0.6748019, 0.6776314, 0.6809748, 0.6834522, 0.6859704, 0.68858135, 0.6907321, 0.6932286, 0.6953842, 0.69765323, 0.69995064, 0.7020154, 0.703688, 0.7055084, 0.7069888, 0.708677, 0.71006024, 0.71143496, 0.7127363, 0.7140271, 0.71524966, 0.7164091, 0.7173142, 0.7183708, 0.7193319, 0.72024995, 0.72116846, 0.7220846, 0.7227721, 0.7236153, 0.72428375, 0.7249947, 0.7257418, 0.72633547, 0.7269978, 0.72757775, 0.72816545, 0.72875875, 0.72927934, 0.7298571, 0.73038995, 0.7308583, 0.7313123, 0.73179567, 0.73220026, 0.7326749, 0.7330747, 0.73346317, 0.7338406, 0.7342075, 0.73458195, 0.7349457, 0.7352661, 0.7355947, 0.73593044], "duration": [15941, 7393, 5986, 6010, 7104, 8710, 7589, 7560, 7330, 7259, 7119, 7248, 7638, 7688, 7810, 8710, 8110, 9062, 6931, 6757, 7844, 9190, 7702, 7802, 6162, 7825, 8241, 8298, 7706, 7929, 7858, 7774, 9885, 6420, 8330, 6409, 9546, 7281, 8226, 6840, 8650, 7296, 6676, 9224, 7682, 14263, 6193, 6788, 7178, 7369, 7172, 9258, 10070, 9295, 6734, 8855, 7720, 7808, 6635, 8287, 8470, 7724, 6207, 8671, 7345, 6719, 7245, 7135, 7350, 10819, 7751, 7316, 6676, 7662, 6668]}