{"avg": [0.2538095, 0.2758413, 0.28465542, 0.27842566, 0.28431496, 0.28774598, 0.2978317, 0.31038848, 0.29951137, 0.31664371, 0.2952714, 0.28863344, 0.3123178, 0.31166667, 0.28401005, 0.3013598, 0.32135725, 0.34785065, 0.31353754, 0.31487703, 0.3183046, 0.3116228, 0.32333753, 0.3072354, 0.32945067, 0.28595355, 0.3064467, 0.33588636, 0.33448038, 0.34221017, 0.3293113, 0.32698298, 0.34871408, 0.36060143, 0.3187925, 0.35154012, 0.36085638, 0.34215653, 0.35028002, 0.3720546, 0.3639979, 0.3832877, 0.35248312, 0.3757463, 0.37394485, 0.3582533, 0.38140875, 0.37593699, 0.3964057, 0.3900045], "std": [0.085946776, 0.0750725, 0.04793741, 0.049501225, 0.07260613, 0.07530979, 0.049658284, 0.047251303, 0.07807754, 0.06522116, 0.0614651, 0.04828848, 0.044331606, 0.0741328, 0.07723405, 0.049195286, 0.065077305, 0.043095417, 0.041431256, 0.059364624, 0.054740045, 0.044895083, 0.060668886, 0.043935813, 0.06881341, 0.055730112, 0.08036682, 0.052660443, 0.06165497, 0.059183814, 0.08467659, 0.0505736, 0.07391791, 0.061509944, 0.07104572, 0.04993189, 0.055985514, 0.06284479, 0.071518764, 0.073241584, 0.06292244, 0.047113214, 0.08017185, 0.05088794, 0.064891785, 0.075293384, 0.071279146, 0.062525146, 0.06330732, 0.049275853], "var": [0.98, 0.98, 0.98, 0.96, 0.94, 0.94, 0.92, 0.92, 0.88, 0.88, 0.88, 0.86, 0.86, 0.84, 0.82, 0.82, 0.82, 0.78, 0.76, 0.76, 0.74, 0.74, 0.72, 0.72, 0.68, 0.66, 0.66, 0.66, 0.66, 0.7, 0.66, 0.7, 0.72, 0.7, 0.68, 0.66, 0.64, 0.64, 0.6, 0.6, 0.56, 0.58, 0.58, 0.58, 0.56, 0.52, 0.5, 0.48, 0.5, 0.48], "best": [0.425, 0.4466667, 0.35511905, 0.3505102, 0.44126984, 0.4420732, 0.38632756, 0.38837773, 0.44092593, 0.44210526, 0.35697073, 0.3911508, 0.39132655, 0.4409524, 0.39388433, 0.3941273, 0.44114786, 0.4420037, 0.39774436, 0.4424669, 0.4429811, 0.39839232, 0.4430636, 0.40057224, 0.44298944, 0.37372515, 0.40157562, 0.40213448, 0.44228604, 0.44270155, 0.44838205, 0.40650922, 0.44328794, 0.45023677, 0.4301536, 0.43039227, 0.44534785, 0.452242, 0.45280066, 0.4536859, 0.44688958, 0.455, 0.44622782, 0.461288, 0.46230608, 0.4580801, 0.4633266, 0.46385944, 0.45950067, 0.451906], "duration": [42785, 39558, 52290, 37737, 49499, 47541, 45303, 38387, 44475, 39527, 37171, 38614, 39011, 38845, 38861, 45275, 38927, 39400, 38210, 43236, 38660, 45286, 38679, 49385, 39196, 38365, 39084, 51654, 38391, 52871, 45886, 38659, 39243, 46286, 45804, 38943, 39575, 38857, 46037, 46249, 39867, 46393, 39093, 46323, 45711, 39495, 39928, 39630, 39831, 39816]}