{"avg": [0.27333334, 0.30318516, 0.30953217, 0.30677843, 0.30765802, 0.30854455, 0.32338297, 0.33654037, 0.32763982, 0.34089908, 0.31999904, 0.3141204, 0.33321998, 0.34809685, 0.31975514, 0.31155512, 0.32086328, 0.33216006, 0.31783772, 0.34043717, 0.3520306, 0.3099314, 0.35016903, 0.3589279, 0.3299787, 0.38912958, 0.31909773, 0.30192265, 0.34130567, 0.3459997, 0.34672788, 0.37583932, 0.3627672, 0.33337748, 0.36547804, 0.35331196, 0.35591015, 0.35566932, 0.3700803, 0.4043375, 0.37587875, 0.37398627, 0.37886947, 0.3706985, 0.43347788, 0.40309024, 0.40240055, 0.3979597, 0.4416373, 0.38957796], "std": [0.090226054, 0.078303896, 0.05072741, 0.045876443, 0.07473447, 0.07749057, 0.05229728, 0.05135639, 0.08121469, 0.073459975, 0.06671095, 0.04681445, 0.06906586, 0.063219264, 0.07385017, 0.073393695, 0.075110935, 0.060997274, 0.0621557, 0.06560656, 0.049906164, 0.07594168, 0.066598184, 0.05897569, 0.07840683, 0.06734499, 0.06946528, 0.07090655, 0.045841023, 0.06973026, 0.072027236, 0.07847471, 0.048909467, 0.060954984, 0.06694634, 0.09808747, 0.087641865, 0.10258066, 0.072044216, 0.094020605, 0.06850142, 0.114106, 0.10449209, 0.061305933, 0.09412982, 0.0928728, 0.08434904, 0.09262526, 0.07320604, 0.085817195], "var": [0.98, 0.98, 0.98, 0.96, 0.94, 0.94, 0.92, 0.92, 0.88, 0.88, 0.88, 0.86, 0.84, 0.82, 0.82, 0.8, 0.8, 0.8, 0.82, 0.8, 0.8, 0.78, 0.78, 0.76, 0.74, 0.72, 0.74, 0.76, 0.76, 0.76, 0.74, 0.74, 0.7, 0.66, 0.66, 0.66, 0.64, 0.64, 0.62, 0.62, 0.64, 0.62, 0.66, 0.62, 0.62, 0.64, 0.62, 0.6, 0.62, 0.6], "best": [0.45555553, 0.4844444, 0.38222227, 0.3760771, 0.47724864, 0.47831976, 0.41986534, 0.42259887, 0.47679007, 0.47836253, 0.38179386, 0.38222227, 0.47732422, 0.47803977, 0.40774858, 0.42513666, 0.47735038, 0.47870705, 0.38275465, 0.42480874, 0.47879422, 0.42710844, 0.47902295, 0.5371385, 0.48013994, 0.5382312, 0.40676916, 0.43286386, 0.38838387, 0.53890103, 0.5395716, 0.5400818, 0.4348515, 0.43628207, 0.48284522, 0.54159594, 0.54262197, 0.5433009, 0.5442775, 0.5453643, 0.5473407, 0.5476802, 0.5488185, 0.4916179, 0.5509299, 0.5530692, 0.5544124, 0.55536085, 0.5564057, 0.55831176], "duration": [43042, 39803, 52789, 43096, 49858, 47830, 45838, 38641, 44911, 39918, 37366, 38160, 45925, 39766, 44733, 38639, 38736, 39645, 38862, 39202, 46085, 38956, 39035, 39676, 38795, 39596, 38605, 37716, 45604, 39146, 39496, 40169, 39339, 39419, 39114, 45400, 39432, 39403, 46020, 39520, 38657, 46854, 53343, 39568, 46722, 40084, 46825, 39453, 40507, 46274]}