{"avg": [0.2525926, 0.27925926, 0.29128653, 0.28146097, 0.2856697, 0.29044, 0.30472797, 0.31196523, 0.30367076, 0.30461904, 0.3058036, 0.30307078, 0.30563003, 0.3023465, 0.305632, 0.35496527, 0.31469664, 0.3304598, 0.338871, 0.32994032, 0.37149435, 0.34359148, 0.3369968, 0.35046804, 0.34441274, 0.3484441, 0.38074932, 0.35870442, 0.34730273, 0.37807426, 0.35394657, 0.38057485, 0.383704, 0.35681725, 0.37404984, 0.40468556, 0.3851369, 0.3683797, 0.4084482, 0.38963503, 0.3905213, 0.35944378, 0.41934374, 0.4267362, 0.4027731, 0.4158487, 0.39518008, 0.43522885, 0.41561547, 0.38435063], "std": [0.08530041, 0.07511272, 0.04884136, 0.04762182, 0.068115205, 0.07295674, 0.05181723, 0.047241163, 0.07912481, 0.07786056, 0.0750333, 0.081723906, 0.06734048, 0.060975734, 0.099135235, 0.07246129, 0.04531029, 0.04472041, 0.06574019, 0.063693084, 0.0582206, 0.07440175, 0.046269886, 0.074389525, 0.09455084, 0.071504414, 0.06954748, 0.10537386, 0.057121724, 0.07288532, 0.07042849, 0.07095309, 0.06182072, 0.090848014, 0.06272419, 0.060515963, 0.09150908, 0.082671665, 0.078876466, 0.08416566, 0.09253726, 0.07634499, 0.07184005, 0.07781397, 0.074750386, 0.067330025, 0.0753731, 0.08134104, 0.090401925, 0.10388573], "var": [0.98, 0.98, 0.98, 0.96, 0.94, 0.94, 0.92, 0.92, 0.92, 0.9, 0.88, 0.86, 0.84, 0.82, 0.8, 0.78, 0.76, 0.76, 0.74, 0.74, 0.74, 0.7, 0.7, 0.68, 0.66, 0.64, 0.66, 0.68, 0.66, 0.66, 0.64, 0.62, 0.6, 0.58, 0.56, 0.54, 0.54, 0.54, 0.52, 0.5, 0.5, 0.5, 0.48, 0.46, 0.44, 0.42, 0.42, 0.42, 0.4, 0.4], "best": [0.42444444, 0.45333335, 0.35666665, 0.35052153, 0.44613755, 0.44720867, 0.3931987, 0.39593223, 0.44567898, 0.44777778, 0.44802168, 0.44930318, 0.4001375, 0.44912395, 0.44896722, 0.45000002, 0.40640628, 0.40228716, 0.453132, 0.45348737, 0.45514897, 0.45707497, 0.41739467, 0.4582344, 0.46022746, 0.46096838, 0.46295574, 0.465446, 0.42992428, 0.4680117, 0.46938112, 0.47011587, 0.47184744, 0.4732016, 0.47357702, 0.4741732, 0.47632238, 0.47769785, 0.4775, 0.47956637, 0.48024616, 0.4806687, 0.48055303, 0.482999, 0.48533073, 0.48622847, 0.48761687, 0.48840475, 0.49155378, 0.49340546], "duration": [42905, 39899, 52607, 38018, 49797, 47882, 45755, 38555, 38468, 39494, 38875, 39516, 38935, 45747, 39179, 39689, 45403, 39134, 39731, 38976, 39427, 39311, 38461, 39770, 39594, 39044, 40074, 39692, 38871, 45951, 39521, 39708, 46358, 39142, 39186, 39746, 40035, 39526, 40048, 39767, 39732, 39277, 40462, 40124, 40086, 40180, 39754, 40485, 40170, 40125]}