{"avg": [0.21798943, 0.22645502, 0.24867727, 0.2636357, 0.2558592, 0.2631065, 0.25787562, 0.24288768, 0.26616138, 0.2615126, 0.26908872, 0.26245683, 0.2913724, 0.291192, 0.26124334, 0.2671651, 0.26837403, 0.30570608, 0.2798978, 0.30259332, 0.3101952, 0.3163742, 0.31199965, 0.3087382, 0.2815811, 0.33935574, 0.28248528, 0.3055417, 0.33634123, 0.32523412, 0.2813378, 0.33032113, 0.30140588, 0.2975117, 0.31390968, 0.3293244, 0.3651563, 0.36086, 0.36798102, 0.37220168, 0.36139488, 0.32568687, 0.33248916, 0.32276785, 0.38973543, 0.4148418, 0.36711967, 0.36741224, 0.3247392, 0.3706313], "std": [0.12598372, 0.11620191, 0.120080024, 0.09737622, 0.07794567, 0.12046379, 0.102033146, 0.113360055, 0.09388128, 0.11737391, 0.1001208, 0.100030415, 0.08794372, 0.08777673, 0.1403208, 0.12415475, 0.10096223, 0.08983872, 0.070764594, 0.12374672, 0.1132969, 0.12333276, 0.116258584, 0.087679766, 0.10728934, 0.090504006, 0.088630594, 0.14599314, 0.09222867, 0.114452906, 0.10172705, 0.080511205, 0.13979642, 0.09677409, 0.10239058, 0.053117294, 0.09317893, 0.093543306, 0.095227145, 0.09864917, 0.103307664, 0.11363318, 0.15213783, 0.12684894, 0.104685895, 0.101204105, 0.11621646, 0.1435952, 0.14378725, 0.13801903], "var": [0.98, 0.98, 0.98, 0.94, 0.94, 0.92, 0.9, 0.9, 0.88, 0.88, 0.88, 0.88, 0.88, 0.86, 0.86, 0.84, 0.84, 0.8, 0.8, 0.78, 0.74, 0.72, 0.74, 0.72, 0.72, 0.68, 0.66, 0.64, 0.6, 0.62, 0.64, 0.6, 0.6, 0.62, 0.66, 0.7, 0.7, 0.68, 0.68, 0.64, 0.66, 0.64, 0.62, 0.6, 0.56, 0.52, 0.52, 0.52, 0.48, 0.48], "best": [0.47619048, 0.5050794, 0.50095236, 0.3389418, 0.36672047, 0.4958252, 0.36776698, 0.49574175, 0.50400794, 0.5071252, 0.35307017, 0.5084308, 0.4931365, 0.49431014, 0.5084932, 0.509623, 0.37015876, 0.5103841, 0.35078788, 0.5111274, 0.5141047, 0.5148049, 0.5163421, 0.51814634, 0.493354, 0.5180755, 0.4934775, 0.5189529, 0.51999557, 0.52123016, 0.3706144, 0.5214302, 0.5216181, 0.37210265, 0.521412, 0.37220332, 0.52200395, 0.52337134, 0.52460855, 0.5255616, 0.5317613, 0.5282093, 0.53270715, 0.5330609, 0.53049886, 0.5320635, 0.5338227, 0.53495294, 0.5360351, 0.5367388], "duration": [7574, 2405, 2573, 12384, 12422, 7456, 12258, 2329, 7826, 12438, 7361, 2391, 7352, 2525, 7406, 8119, 7838, 2393, 17180, 2494, 2500, 2504, 17627, 7918, 2899, 7385, 7760, 12266, 12224, 17160, 7490, 12306, 12354, 17194, 17756, 12364, 17229, 7485, 7759, 7453, 22111, 7440, 12319, 17184, 22523, 7517, 12318, 17727, 12751, 22966]}