{"avg": [0.2666667, 0.2954074, 0.3052924, 0.29904032, 0.30020192, 0.3020086, 0.31854486, 0.31823188, 0.31646448, 0.3157129, 0.31697607, 0.30213496, 0.30418578, 0.32389405, 0.29383677, 0.32035834, 0.33370808, 0.34290928, 0.34509072, 0.34932432, 0.35745862, 0.33089617, 0.3405753, 0.342752, 0.34999543, 0.35698187, 0.3661251, 0.35573587, 0.35703596, 0.34682766, 0.37812757, 0.37402597, 0.36289117, 0.36397448, 0.3796902, 0.36849645, 0.4108463, 0.3816748, 0.39025196, 0.37934515, 0.37650222, 0.38406023, 0.40059707, 0.36282155, 0.40606597, 0.39028668, 0.35747182, 0.40200096, 0.40637824, 0.41384724], "std": [0.08827042, 0.07543344, 0.05107514, 0.0448651, 0.07059606, 0.075056136, 0.055149376, 0.06857107, 0.038358033, 0.06588304, 0.045553837, 0.041438073, 0.07175382, 0.06827037, 0.08219881, 0.078856945, 0.041014038, 0.04165365, 0.046416327, 0.051223256, 0.035724036, 0.04286169, 0.028205575, 0.038149703, 0.025408657, 0.036966406, 0.053026386, 0.033014618, 0.06971873, 0.074627504, 0.059715208, 0.05364127, 0.056861736, 0.07063434, 0.058267634, 0.05832712, 0.044237502, 0.06801865, 0.04537637, 0.04213266, 0.05876329, 0.06331491, 0.07302218, 0.079770245, 0.061361864, 0.09751322, 0.07896879, 0.07247457, 0.062258724, 0.05227918], "var": [0.98, 0.98, 0.98, 0.96, 0.94, 0.94, 0.94, 0.94, 0.92, 0.9, 0.9, 0.9, 0.88, 0.86, 0.84, 0.82, 0.82, 0.82, 0.82, 0.8, 0.8, 0.78, 0.78, 0.74, 0.72, 0.7, 0.68, 0.68, 0.68, 0.66, 0.64, 0.66, 0.66, 0.64, 0.6, 0.64, 0.62, 0.64, 0.64, 0.62, 0.6, 0.58, 0.58, 0.62, 0.62, 0.62, 0.6, 0.6, 0.6, 0.62], "best": [0.4416667, 0.47055557, 0.37111107, 0.36913264, 0.4633598, 0.46443093, 0.41153196, 0.46485507, 0.3997436, 0.4652098, 0.4035865, 0.3700385, 0.41180924, 0.4630597, 0.41185012, 0.4630231, 0.41659892, 0.4173664, 0.462846, 0.4632883, 0.41758063, 0.418808, 0.3801805, 0.41979167, 0.38311645, 0.4186842, 0.46207914, 0.42402673, 0.46330392, 0.4648485, 0.46761695, 0.46707448, 0.46304128, 0.4325033, 0.46935615, 0.46368042, 0.4751825, 0.47712767, 0.4787931, 0.46583757, 0.47998905, 0.48136708, 0.4825805, 0.48398992, 0.48492596, 0.48609504, 0.46932626, 0.48716342, 0.4808663, 0.4889556], "duration": [43000, 39788, 52620, 42846, 49887, 47809, 39110, 38374, 37804, 39087, 38302, 38971, 39038, 38839, 38359, 39278, 45084, 45902, 46242, 39559, 39767, 38210, 39293, 38434, 39370, 45789, 39279, 38670, 39548, 39561, 39523, 39726, 39726, 46120, 39473, 39351, 39765, 39947, 39561, 39964, 40026, 52855, 53610, 39363, 39557, 39627, 39348, 39817, 39731, 39878]}