{"avg": [0.26841173, 0.31010836, 0.3322834, 0.3672453, 0.39220458, 0.42521328, 0.4346106, 0.45420906, 0.45253694, 0.5143932, 0.52750593, 0.557432, 0.6003555, 0.60421467, 0.61901057, 0.60399693, 0.6318231, 0.6391153, 0.6482623, 0.65175706, 0.6550549, 0.6634531, 0.6613383, 0.6476678, 0.6667663, 0.6588825, 0.67846316, 0.6811877, 0.68324375, 0.6856162, 0.68128806, 0.6838127, 0.6909977, 0.69267964, 0.6942665, 0.6958255, 0.69716734, 0.6874821, 0.69403374, 0.7009973, 0.7019739, 0.6973903, 0.7039861, 0.7047918, 0.7057343, 0.7065535, 0.7012169, 0.70809364, 0.7088182, 0.709583, 0.7049594, 0.7110188, 0.71166396, 0.712343, 0.7129391, 0.713567, 0.7029621, 0.71465296, 0.7151196, 0.71559554, 0.7160568, 0.7165911, 0.717043, 0.7175009, 0.71792436, 0.7184115, 0.7132416, 0.71200687, 0.71951205, 0.71987605, 0.7201965, 0.7144186, 0.7208605, 0.71613115, 0.7215939], "std": [0.13587096, 0.14063863, 0.1363639, 0.0942345, 0.09915177, 0.085995115, 0.09114019, 0.10005788, 0.10390504, 0.08955201, 0.09168297, 0.09001718, 0.0634128, 0.056994367, 0.049095917, 0.06817136, 0.04647801, 0.036619414, 0.025517927, 0.026913993, 0.026034785, 0.0022931104, 0.026000246, 0.047154903, 0.026113346, 0.041844342, 0.000985105, 0.0006376423, 0.0006942296, 0.0004951458, 0.02734248, 0.025505975, 0.0007486963, 1.7881393e-07, 1.1920929e-07, 0.0, 0.0, 0.03520161, 0.026076606, 5.9604645e-08, 0.0, 0.025505988, 1.1920929e-07, 1.1920929e-07, 5.9604645e-08, 1.1920929e-07, 0.026687136, 0.0, 1.1920929e-07, 1.7881393e-07, 0.024971189, 1.1920929e-07, 5.9604645e-08, 1.7881393e-07, 2.3841858e-07, 5.9604645e-08, 0.03520161, 1.1920929e-07, 5.9604645e-08, 1.7881393e-07, 0.0, 1.7881393e-07, 0.0, 1.1920929e-07, 5.9604645e-08, 5.9604645e-08, 0.025506, 0.028811524, 1.1920929e-07, 5.9604645e-08, 1.1920929e-07, 0.02668714, 0.0, 0.02446853, 5.9604645e-08], "var": [1.0, 1.0, 1.0, 1.0, 1.0, 1.0, 1.0, 1.0, 1.0, 1.0, 0.88, 0.88, 0.84, 0.8, 0.8, 0.76, 0.6, 0.64, 0.48, 0.44, 0.44, 0.28, 0.24, 0.24, 0.16, 0.12, 0.08, 0.08, 0.08, 0.08, 0.08, 0.08, 0.04, 0.04, 0.04, 0.04, 0.04, 0.04, 0.04, 0.04, 0.04, 0.04, 0.04, 0.04, 0.04, 0.04, 0.04, 0.04, 0.04, 0.04, 0.04, 0.04, 0.04, 0.04, 0.04, 0.04, 0.04, 0.04, 0.04, 0.04, 0.04, 0.04, 0.04, 0.04, 0.04, 0.04, 0.04, 0.04, 0.04, 0.04, 0.04, 0.04, 0.04, 0.04, 0.04], "best": [0.6020408, 0.6113576, 0.61326534, 0.61368924, 0.6148315, 0.6159297, 0.61765546, 0.6218285, 0.62401885, 0.6263191, 0.628995, 0.63238275, 0.6354491, 0.6387457, 0.6426296, 0.64606965, 0.6497995, 0.6534061, 0.65704644, 0.66028535, 0.6631878, 0.6661657, 0.6690338, 0.6715666, 0.67419773, 0.6765633, 0.6789718, 0.68145555, 0.68351257, 0.6857242, 0.6877328, 0.68937844, 0.69116944, 0.6926798, 0.6942666, 0.6958255, 0.69716734, 0.6986137, 0.6998647, 0.70099723, 0.7019739, 0.70295614, 0.703986, 0.70479167, 0.7057344, 0.70655364, 0.7073394, 0.70809364, 0.7088181, 0.7095828, 0.71028316, 0.7110189, 0.7116639, 0.7123428, 0.71293885, 0.7135671, 0.7140937, 0.71465284, 0.71511966, 0.7155957, 0.7160568, 0.7165913, 0.717043, 0.71750104, 0.7179244, 0.71841156, 0.7188075, 0.71920973, 0.71951216, 0.719876, 0.72019637, 0.72054106, 0.7208605, 0.72123295, 0.721594], "duration": [20571, 9171, 9278, 12140, 7289, 8451, 5959, 12062, 9346, 8577, 8148, 9169, 6261, 8311, 9746, 9537, 8784, 8373, 9140, 6855, 9234, 10676, 7877, 6890, 11550, 8253, 7551, 7143, 7114, 6578, 8240, 8779, 7012, 9239, 11063, 9169, 9083, 8571, 7912, 7065, 7108, 7516, 6186, 6566, 6949, 6484, 6485, 7218, 7053, 6666, 6006, 7595, 9141, 6658, 10293, 8938, 6879, 8756, 7669, 8003, 6997, 9515, 7672, 7199, 8895, 11819, 6248, 6564, 8141, 8117, 6071, 7016, 8495, 10671, 7687]}