{"avg": [0.33522624, 0.37040815, 0.4012081, 0.4194863, 0.43709728, 0.47754124, 0.4929918, 0.51159656, 0.5316086, 0.55042434, 0.55605024, 0.5722369, 0.56935626, 0.5914333, 0.58545744, 0.6215755, 0.618431, 0.6482403, 0.6578243, 0.6701629, 0.68617886, 0.6984446, 0.70589894, 0.70685655, 0.7097502, 0.7180835, 0.7075087, 0.72290105, 0.71513677, 0.72939044, 0.7267209, 0.72009677, 0.73013514, 0.7284521, 0.73315746, 0.73715395, 0.7275719, 0.7372125, 0.73144263, 0.7310156, 0.7407577, 0.7436448, 0.7363453, 0.7437029, 0.7407217, 0.7438317, 0.7361167, 0.73535615, 0.7391914, 0.7481917, 0.7428456, 0.7491727, 0.745245, 0.73903424, 0.7561476, 0.7480177, 0.7469578, 0.7486624, 0.75053054, 0.7449687, 0.7444928, 0.7510285, 0.7583782, 0.75332296, 0.7635241, 0.75225526, 0.7520725, 0.752442, 0.7552503, 0.7653952, 0.75875455, 0.7532079, 0.75473976, 0.7597322, 0.7577184], "std": [0.10436435, 0.0884788, 0.080813274, 0.09630597, 0.10086736, 0.063956425, 0.055200417, 0.054845605, 0.05566088, 0.040608905, 0.058557425, 0.051572114, 0.05385314, 0.032169428, 0.044486303, 0.030522654, 0.028511703, 0.03454266, 0.03910701, 0.037398364, 0.030921794, 0.026757035, 0.020922948, 0.021856576, 0.022542085, 0.015031468, 0.026458232, 0.014377656, 0.022445293, 0.01067487, 0.017139286, 0.022767154, 0.017139303, 0.019968117, 0.017139304, 0.014080657, 0.022767182, 0.017139304, 0.022126745, 0.022813274, 0.017139303, 0.015031473, 0.021813659, 0.017139304, 0.020362757, 0.018564962, 0.023361798, 0.02378551, 0.022813246, 0.01748923, 0.021813659, 0.017860023, 0.021208808, 0.02387748, 0.010674868, 0.020525906, 0.021507394, 0.020861296, 0.019968115, 0.023089223, 0.023406614, 0.02052591, 0.01380106, 0.019591853, 0.0, 0.02086127, 0.021208806, 0.021208806, 0.019591833, 1.1920929e-07, 0.01713928, 0.021568056, 0.020861294, 0.017139306, 0.019233163], "var": [1.0, 1.0, 1.0, 1.0, 1.0, 1.0, 1.0, 1.0, 0.96, 0.92, 0.8, 0.92, 0.88, 0.88, 0.72, 0.72, 0.6, 0.56, 0.48, 0.36, 0.36, 0.32, 0.2, 0.12, 0.08, 0.08, 0.04, 0.04, 0.04, 0.04, 0.04, 0.04, 0.04, 0.04, 0.04, 0.04, 0.04, 0.04, 0.04, 0.04, 0.04, 0.04, 0.04, 0.04, 0.04, 0.04, 0.04, 0.04, 0.04, 0.04, 0.04, 0.04, 0.04, 0.04, 0.04, 0.04, 0.04, 0.04, 0.04, 0.04, 0.04, 0.04, 0.04, 0.04, 0.04, 0.04, 0.04, 0.04, 0.04, 0.04, 0.04, 0.04, 0.04, 0.04, 0.04], "best": [0.57551014, 0.58482695, 0.5861414, 0.5889168, 0.59160215, 0.5913686, 0.59364206, 0.59545267, 0.60214883, 0.6054139, 0.61028105, 0.6145822, 0.617972, 0.6207221, 0.6233697, 0.6963548, 0.69706565, 0.7015535, 0.70408165, 0.70661974, 0.70950747, 0.7122402, 0.7150779, 0.71785825, 0.7206049, 0.72323936, 0.7255899, 0.72756577, 0.7298306, 0.73183954, 0.7337181, 0.73556393, 0.7371324, 0.73876345, 0.7401546, 0.74160653, 0.7430392, 0.74420965, 0.74543697, 0.7466, 0.74775463, 0.7488007, 0.7497033, 0.75069994, 0.7516061, 0.75235003, 0.75325954, 0.75401515, 0.7547757, 0.7555385, 0.7562037, 0.7569062, 0.7574897, 0.7580819, 0.7585967, 0.7591494, 0.7597351, 0.76032406, 0.76084197, 0.76129514, 0.7617797, 0.7621602, 0.76263744, 0.76311904, 0.7635241, 0.7639171, 0.76431733, 0.76468706, 0.7650463, 0.76539534, 0.7657515, 0.76609737, 0.76640177, 0.7667293, 0.76704776], "duration": [109047, 99405, 122617, 116024, 88399, 110340, 90508, 83820, 112985, 115862, 115120, 92889, 91781, 100927, 99365, 92043, 92124, 92347, 108708, 101212, 101066, 100824, 93730, 129437, 86035, 114424, 86229, 100799, 93146, 93218, 86246, 93436, 129449, 100689, 94041, 116591, 94299, 93446, 100438, 115289, 93451, 100592, 86873, 101722, 87096, 108999, 95416, 102118, 101580, 108546, 93708, 94109, 94234, 108157, 116366, 122946, 108904, 94304, 101209, 115438, 86701, 100803, 100702, 107817, 93349, 122386, 108760, 94434, 101702, 152333, 109053, 117218, 101576, 101969, 107758]}