{"avg": [0.25350428, 0.28258693, 0.2897391, 0.28306046, 0.28255683, 0.2870011, 0.29938385, 0.31074855, 0.30180186, 0.30322713, 0.30434406, 0.30587298, 0.32357353, 0.31388575, 0.31095156, 0.30751714, 0.3296692, 0.34111392, 0.33736053, 0.33395153, 0.3252032, 0.33452708, 0.35088205, 0.3655805, 0.3474373, 0.36264762, 0.33393428, 0.34684327, 0.32599032, 0.37121996, 0.34620672, 0.3765685, 0.36249456, 0.3597356, 0.34465525, 0.3594504, 0.38237864, 0.3571932, 0.3865182, 0.37043613, 0.38408467, 0.3853335, 0.39041036, 0.3761639, 0.38743424, 0.39560726, 0.38273194, 0.35482684, 0.42368078, 0.42990085], "std": [0.082646705, 0.07175855, 0.048193417, 0.042673033, 0.069858864, 0.07115054, 0.04949246, 0.046824057, 0.07876812, 0.07711288, 0.07422817, 0.07349105, 0.05249742, 0.06950634, 0.08585986, 0.06838135, 0.063143745, 0.050902795, 0.07100358, 0.06362952, 0.045686238, 0.05186746, 0.06565533, 0.077601254, 0.080726355, 0.07677229, 0.06569347, 0.074535735, 0.06443805, 0.058533307, 0.07221432, 0.08276506, 0.06947895, 0.07968827, 0.056941364, 0.082350634, 0.07210827, 0.073014446, 0.062205624, 0.07773976, 0.08472664, 0.08129106, 0.085178785, 0.08491428, 0.08829701, 0.07501686, 0.08905574, 0.09570591, 0.061767276, 0.06387907], "var": [0.98, 0.98, 0.98, 0.96, 0.94, 0.94, 0.92, 0.92, 0.92, 0.9, 0.9, 0.88, 0.88, 0.84, 0.82, 0.78, 0.76, 0.76, 0.74, 0.72, 0.7, 0.68, 0.68, 0.66, 0.64, 0.62, 0.62, 0.6, 0.6, 0.6, 0.62, 0.62, 0.62, 0.64, 0.66, 0.64, 0.6, 0.58, 0.56, 0.54, 0.54, 0.52, 0.5, 0.48, 0.5, 0.5, 0.46, 0.48, 0.46, 0.46], "best": [0.42051283, 0.44940174, 0.3544444, 0.35086343, 0.44220594, 0.4432771, 0.3916602, 0.39439377, 0.4417474, 0.4438462, 0.4440901, 0.4453716, 0.4459424, 0.44631413, 0.4468832, 0.4499894, 0.45178697, 0.45324448, 0.454191, 0.45665088, 0.40440583, 0.40562427, 0.45632234, 0.45841238, 0.46195903, 0.46427873, 0.41321647, 0.4309204, 0.4673926, 0.46738553, 0.46926904, 0.4698241, 0.47214946, 0.47309682, 0.42935225, 0.47385833, 0.47569343, 0.47809902, 0.47969198, 0.48055625, 0.48204723, 0.48433712, 0.48657712, 0.4890368, 0.49028805, 0.49180782, 0.49300253, 0.4941876, 0.49470922, 0.49686942], "duration": [43161, 39915, 52736, 42915, 49880, 48007, 45840, 38766, 38286, 39586, 38989, 39198, 39500, 38973, 52864, 45571, 45495, 39219, 45677, 38024, 39289, 37915, 39246, 40348, 39469, 39984, 40139, 39973, 39633, 40196, 39955, 39822, 39867, 39746, 39915, 39864, 40030, 53086, 40397, 46685, 40045, 52823, 53969, 39899, 39794, 40016, 46782, 48449, 47240, 40194]}