{"avg": [0.26031747, 0.30396822, 0.28433496, 0.31415838, 0.29999444, 0.2839746, 0.31082597, 0.27985007, 0.2950102, 0.32863978, 0.33300224, 0.3387386, 0.32700217, 0.33021894, 0.30385682, 0.3126804, 0.314797, 0.30688116, 0.3028664, 0.32208228, 0.30467167, 0.33020785, 0.34476584, 0.34368023, 0.34317765, 0.36165047, 0.34417227, 0.33254695, 0.34386677, 0.31492424, 0.35332865, 0.33219045, 0.33390006, 0.3525938, 0.35987306, 0.32862982, 0.3594469, 0.35556665, 0.37357655, 0.33560947, 0.34563282, 0.36036354, 0.361798, 0.33196813, 0.38041893, 0.3728531, 0.3747693, 0.38602343, 0.3871501, 0.38141912], "std": [0.08539034, 0.050141897, 0.052361768, 0.055667993, 0.05294247, 0.04030365, 0.05444188, 0.0751359, 0.069517784, 0.05379387, 0.05541358, 0.031685993, 0.054321367, 0.05272814, 0.07065025, 0.08053607, 0.05082527, 0.058146067, 0.07880586, 0.049064793, 0.059411336, 0.0455286, 0.03451219, 0.047942005, 0.077074215, 0.04497114, 0.05346727, 0.073746406, 0.06618377, 0.07279952, 0.06856252, 0.0682917, 0.08797242, 0.06379469, 0.05736923, 0.08787429, 0.061338875, 0.047825694, 0.04876101, 0.059347127, 0.081869036, 0.05592546, 0.06266482, 0.052215394, 0.051699046, 0.050250117, 0.047843985, 0.04202975, 0.035004325, 0.047498424], "var": [1.0, 1.0, 0.98, 0.98, 0.96, 0.94, 0.92, 0.88, 0.88, 0.86, 0.86, 0.82, 0.82, 0.84, 0.82, 0.8, 0.78, 0.8, 0.78, 0.76, 0.76, 0.72, 0.72, 0.68, 0.7, 0.68, 0.68, 0.68, 0.66, 0.68, 0.66, 0.66, 0.68, 0.68, 0.68, 0.66, 0.62, 0.58, 0.56, 0.56, 0.54, 0.56, 0.52, 0.5, 0.5, 0.48, 0.46, 0.46, 0.48, 0.48], "best": [0.4333333, 0.3847619, 0.36600986, 0.4484848, 0.36252925, 0.35885713, 0.44925925, 0.36384478, 0.39374495, 0.44987655, 0.4509934, 0.37459365, 0.39445746, 0.4510204, 0.39746186, 0.4518195, 0.3812451, 0.39961395, 0.38069168, 0.39986822, 0.40099597, 0.39786384, 0.38440013, 0.45066667, 0.4513736, 0.40209273, 0.45188916, 0.3993396, 0.4032787, 0.39996767, 0.4001563, 0.40298748, 0.40410244, 0.40422654, 0.4057143, 0.4520099, 0.45236385, 0.40199316, 0.4529579, 0.41010514, 0.45398906, 0.42527005, 0.41325054, 0.40578642, 0.46478733, 0.4156867, 0.41725603, 0.45510864, 0.41844675, 0.42073163], "duration": [43135, 39820, 42964, 46727, 39421, 45738, 39799, 38590, 38990, 39073, 46263, 39368, 39684, 39767, 45395, 39482, 39024, 39774, 39441, 39587, 39494, 39610, 39543, 39744, 39762, 39557, 39908, 46747, 39534, 37873, 46028, 39905, 46430, 46137, 40306, 39954, 44894, 44382, 40295, 39934, 46789, 39900, 39839, 40115, 40606, 39947, 39429, 39966, 39927, 40089]}