{"avg": [0.26916668, 0.2954074, 0.30134505, 0.3017189, 0.3021756, 0.3042145, 0.317535, 0.33016783, 0.32175744, 0.3376253, 0.31533632, 0.30379054, 0.33200467, 0.34410375, 0.31150863, 0.3069544, 0.31280768, 0.3268182, 0.30958602, 0.33488163, 0.34573427, 0.30930597, 0.3412187, 0.34945917, 0.31872746, 0.38077945, 0.3141499, 0.29280403, 0.33553478, 0.3429415, 0.34089532, 0.35507548, 0.36093324, 0.33625028, 0.36624375, 0.34903064, 0.34044954, 0.3379614, 0.35594627, 0.34824777, 0.33186448, 0.37190434, 0.3667923, 0.3989315, 0.35030377, 0.37087935, 0.3798621, 0.33865315, 0.39504865, 0.38404477], "std": [0.086385764, 0.07543344, 0.049725138, 0.045108307, 0.0718252, 0.07604092, 0.05330324, 0.05003965, 0.078328185, 0.06594893, 0.06422631, 0.05023905, 0.06474895, 0.055254944, 0.07037428, 0.07081215, 0.071385674, 0.058836274, 0.058288917, 0.06393972, 0.047869742, 0.0700046, 0.07075748, 0.057476465, 0.07805006, 0.06529555, 0.06754435, 0.0674309, 0.04813095, 0.059936147, 0.040595815, 0.059102777, 0.060360547, 0.07306328, 0.04100256, 0.061127413, 0.059985917, 0.06527708, 0.067530274, 0.0750525, 0.085825466, 0.077596165, 0.071886405, 0.06028587, 0.06550894, 0.07147913, 0.06487144, 0.07196021, 0.069654204, 0.078424565], "var": [0.98, 0.98, 0.98, 0.96, 0.94, 0.94, 0.92, 0.92, 0.88, 0.88, 0.88, 0.86, 0.84, 0.82, 0.82, 0.8, 0.8, 0.8, 0.82, 0.8, 0.8, 0.78, 0.78, 0.76, 0.74, 0.72, 0.72, 0.74, 0.74, 0.74, 0.72, 0.72, 0.72, 0.7, 0.72, 0.72, 0.72, 0.7, 0.72, 0.74, 0.72, 0.72, 0.74, 0.7, 0.66, 0.66, 0.64, 0.62, 0.62, 0.62], "best": [0.4416667, 0.47055557, 0.37111107, 0.36913264, 0.4633598, 0.46443093, 0.41153196, 0.4142655, 0.46290123, 0.4644737, 0.37238955, 0.37111112, 0.46343538, 0.46415094, 0.40219298, 0.41680327, 0.46346155, 0.4648182, 0.37442133, 0.4164754, 0.46490538, 0.41877508, 0.4651341, 0.5218607, 0.4662511, 0.5229534, 0.40129447, 0.42460874, 0.42484847, 0.52384204, 0.4259845, 0.46778914, 0.5250165, 0.46962574, 0.42773628, 0.42911372, 0.4623089, 0.43060318, 0.4316778, 0.43375203, 0.46874344, 0.5265, 0.46936905, 0.5276403, 0.47003853, 0.47025824, 0.47048178, 0.46938798, 0.5286804, 0.5297287], "duration": [43159, 40103, 53014, 43124, 50083, 48001, 45810, 38779, 45093, 39927, 37539, 38301, 46065, 39852, 44871, 38906, 38812, 39941, 39172, 39236, 46260, 39088, 39309, 39691, 38852, 39661, 38804, 37417, 45869, 45092, 38996, 39711, 38177, 39066, 39959, 38391, 39670, 38517, 44716, 39383, 39306, 39436, 39501, 39812, 39022, 40090, 40226, 45610, 39763, 39906]}