{"avg": [0.2725, 0.30374077, 0.31691518, 0.30618316, 0.31160536, 0.31181252, 0.33025426, 0.34242272, 0.3278251, 0.34609124, 0.3360538, 0.3151296, 0.34498957, 0.34886876, 0.32026455, 0.3500244, 0.3464808, 0.3409954, 0.35753587, 0.37890372, 0.3197233, 0.32494158, 0.3453114, 0.36406392, 0.34426805, 0.3517554, 0.372975, 0.35700136, 0.35866997, 0.38902077, 0.36006212, 0.34319443, 0.36653617, 0.3647098, 0.33682424, 0.34915033, 0.3447131, 0.38416523, 0.38111866, 0.37743357, 0.37389007, 0.3849053, 0.38766897, 0.37858316, 0.4126632, 0.38229832, 0.36425388, 0.4179841, 0.4142457, 0.36894912], "std": [0.09671454, 0.08449607, 0.05245769, 0.05462719, 0.078397766, 0.08111099, 0.056359638, 0.052133206, 0.08853705, 0.071189016, 0.083076105, 0.0736203, 0.04403328, 0.06362569, 0.08673137, 0.031095805, 0.061083063, 0.063353814, 0.05363993, 0.06141991, 0.077631876, 0.05630139, 0.05881247, 0.083064, 0.057997733, 0.07760746, 0.066576034, 0.06897978, 0.07355156, 0.063670814, 0.097668625, 0.08406696, 0.08180073, 0.06428943, 0.08414793, 0.09326026, 0.05161311, 0.08053864, 0.088803485, 0.0844901, 0.09104722, 0.09051351, 0.058963243, 0.08300879, 0.093220375, 0.086772434, 0.10761497, 0.08774584, 0.08909161, 0.100560196], "var": [0.98, 0.98, 0.98, 0.96, 0.94, 0.94, 0.92, 0.92, 0.92, 0.9, 0.9, 0.88, 0.88, 0.88, 0.86, 0.84, 0.84, 0.82, 0.84, 0.82, 0.8, 0.76, 0.76, 0.72, 0.72, 0.72, 0.72, 0.72, 0.7, 0.74, 0.74, 0.7, 0.68, 0.66, 0.64, 0.62, 0.62, 0.62, 0.58, 0.58, 0.58, 0.58, 0.6, 0.62, 0.62, 0.58, 0.58, 0.58, 0.56, 0.56], "best": [0.46666667, 0.49555555, 0.3919444, 0.3857993, 0.48835978, 0.4894309, 0.42819867, 0.4309322, 0.4879012, 0.4893333, 0.4898374, 0.39569208, 0.4085051, 0.45160258, 0.49022222, 0.39579844, 0.49015749, 0.49070632, 0.4911972, 0.49180508, 0.49329075, 0.43880367, 0.43882355, 0.49271706, 0.49432433, 0.49447322, 0.49560532, 0.5564992, 0.4967742, 0.4975501, 0.5586201, 0.4997222, 0.50020117, 0.50149447, 0.5017078, 0.561826, 0.4448867, 0.50162035, 0.5030969, 0.50466776, 0.50592947, 0.56674457, 0.5082199, 0.5087771, 0.5467137, 0.54872113, 0.5492105, 0.51256233, 0.5517667, 0.57560766], "duration": [43117, 40025, 52883, 38184, 49915, 47900, 45748, 38743, 38856, 39412, 38904, 38913, 39349, 38947, 45722, 38899, 38973, 45853, 39649, 39642, 38688, 38557, 45646, 39581, 39476, 38968, 39505, 46219, 39940, 39028, 38825, 45531, 38871, 39377, 45895, 39018, 39451, 39919, 40030, 39533, 46041, 59567, 40065, 39526, 40282, 45884, 38991, 40125, 46997, 39780]}