{"avg": [0.26942858, 0.29013908, 0.29182956, 0.2882883, 0.29327714, 0.2931547, 0.29106668, 0.2900438, 0.2898652, 0.28740144, 0.29200974, 0.2944736, 0.2927675, 0.2935931, 0.30512002, 0.3131821, 0.31216222, 0.3164557, 0.32129407, 0.3265219, 0.32629147, 0.32652637, 0.33603835, 0.33293325, 0.34125268, 0.34247252, 0.34617537, 0.34868327, 0.35052764, 0.35764384, 0.36703858, 0.37070966, 0.37387058, 0.37514892, 0.38245592, 0.38845184, 0.39100814, 0.39538783, 0.3942251, 0.39722702, 0.40523928, 0.40622002, 0.40639198, 0.40804452, 0.40889463, 0.40818298, 0.40972194, 0.41046593, 0.4092392, 0.4140577], "std": [0.06434804, 0.064037636, 0.06484857, 0.07063916, 0.07178896, 0.071215115, 0.07162522, 0.07371655, 0.07301183, 0.07890854, 0.07745164, 0.079239786, 0.07992617, 0.081848994, 0.07959155, 0.079394996, 0.08294689, 0.083463535, 0.08566923, 0.08085834, 0.081946686, 0.08568367, 0.07616005, 0.08294911, 0.07696132, 0.08238683, 0.08134963, 0.08122751, 0.08295724, 0.07568552, 0.06710888, 0.060185574, 0.060821313, 0.062373422, 0.04762215, 0.040417966, 0.03966341, 0.033803113, 0.051983647, 0.037561264, 0.03199606, 0.032350507, 0.032010626, 0.03301856, 0.0333335, 0.032217868, 0.033231836, 0.035773065, 0.042859342, 0.03393988], "var": [0.98, 0.98, 0.98, 0.96, 0.96, 0.98, 0.94, 0.92, 0.9, 0.88, 0.86, 0.84, 0.82, 0.8, 0.76, 0.74, 0.72, 0.68, 0.68, 0.68, 0.68, 0.64, 0.62, 0.64, 0.6, 0.6, 0.56, 0.54, 0.56, 0.52, 0.5, 0.5, 0.5, 0.5, 0.48, 0.44, 0.44, 0.42, 0.4, 0.38, 0.38, 0.38, 0.38, 0.38, 0.38, 0.38, 0.38, 0.38, 0.36, 0.36], "best": [0.4333333, 0.44999996, 0.45033333, 0.45088887, 0.45099998, 0.4513333, 0.45166662, 0.45180953, 0.452, 0.4521481, 0.45233333, 0.45248485, 0.4527222, 0.45292306, 0.45309523, 0.4533333, 0.4535, 0.45368624, 0.45392594, 0.45414034, 0.45429996, 0.45450792, 0.45475757, 0.45501447, 0.45530555, 0.4556, 0.45592308, 0.4562222, 0.45654762, 0.4568046, 0.45706666, 0.4572688, 0.45745835, 0.45765653, 0.45786273, 0.45801902, 0.45822218, 0.4583964, 0.45852628, 0.45044935, 0.4588, 0.45897558, 0.45914283, 0.4593023, 0.45945454, 0.45959997, 0.4598447, 0.4609909, 0.4620893, 0.46312925], "duration": [100018, 98142, 100205, 100907, 99892, 98266, 98661, 98766, 100522, 97392, 100793, 100292, 99693, 101101, 101507, 101581, 98978, 99118, 99854, 99527, 100164, 97913, 102099, 102249, 103664, 101655, 101154, 98764, 98994, 101189, 101264, 103861, 104797, 102441, 107218, 107356, 107500, 107739, 107222, 107600, 107112, 106912, 106986, 106873, 107015, 107133, 106941, 107025, 106720, 106887]}