{"avg": [0.26866665, 0.28262097, 0.28434384, 0.28294227, 0.2827838, 0.28137946, 0.27102378, 0.27067426, 0.26749858, 0.26395053, 0.2616983, 0.2583756, 0.25859383, 0.25504136, 0.25430572, 0.24980271, 0.24764131, 0.24525075, 0.24204783, 0.24343048, 0.23532335, 0.23493202, 0.23743938, 0.24141406, 0.23754749, 0.23582546, 0.23752415, 0.23390062, 0.23775905, 0.23916781, 0.24076095, 0.2393138, 0.23345709, 0.23056465, 0.23079725, 0.22947925, 0.22913975, 0.226532, 0.22544786, 0.22710451, 0.22771741, 0.2268942, 0.22381519, 0.22235176, 0.22338021, 0.21960108, 0.21945158, 0.22167416, 0.22577351, 0.22090444], "std": [0.06521612, 0.06428347, 0.06592387, 0.06762541, 0.06730629, 0.067429245, 0.071045294, 0.0682372, 0.0721772, 0.07466323, 0.074291036, 0.07347598, 0.0726939, 0.070195876, 0.069740735, 0.06467985, 0.06733283, 0.06967681, 0.06786778, 0.06838148, 0.067089595, 0.06786334, 0.06967264, 0.07066017, 0.07060668, 0.07286286, 0.073292874, 0.069887586, 0.07170459, 0.070646405, 0.074100554, 0.07230623, 0.07361629, 0.07426915, 0.07457214, 0.07396932, 0.07222368, 0.06817904, 0.06799786, 0.06888714, 0.06816579, 0.070528366, 0.06962829, 0.06896981, 0.06814856, 0.06689489, 0.067788, 0.067419305, 0.07006561, 0.06811169], "var": [1.0, 1.0, 0.98, 0.98, 0.96, 0.96, 0.96, 0.94, 0.92, 0.92, 0.92, 0.94, 0.92, 0.92, 0.92, 0.92, 0.9, 0.92, 0.9, 0.86, 0.84, 0.82, 0.82, 0.8, 0.8, 0.78, 0.74, 0.76, 0.76, 0.74, 0.74, 0.72, 0.7, 0.7, 0.7, 0.7, 0.7, 0.74, 0.72, 0.72, 0.76, 0.76, 0.76, 0.74, 0.72, 0.7, 0.72, 0.72, 0.7, 0.7], "best": [0.4333333, 0.44999996, 0.45066667, 0.45066667, 0.45066667, 0.45079997, 0.45077777, 0.45076188, 0.45083332, 0.45096293, 0.45099998, 0.45103028, 0.45111108, 0.45117947, 0.45123807, 0.36144128, 0.3613274, 0.36122692, 0.3611376, 0.36109272, 0.35739043, 0.3571746, 0.35697833, 0.357089, 0.35721824, 0.3573638, 0.35754943, 0.357746, 0.35788095, 0.35782266, 0.35779047, 0.35780334, 0.35781547, 0.3578066, 0.39161906, 0.3917524, 0.39187834, 0.3576319, 0.35754132, 0.35743833, 0.35734046, 0.35724735, 0.3571587, 0.35705867, 0.35694802, 0.3568423, 0.35672668, 0.35664436, 0.35798213, 0.35810885], "duration": [99599, 100191, 99053, 98911, 99779, 96827, 95623, 95556, 95368, 94761, 93674, 92080, 92653, 92893, 91683, 91430, 90081, 93243, 95618, 94039, 96879, 95406, 95682, 98032, 96633, 94955, 94274, 94592, 91825, 94384, 98535, 93618, 95334, 96297, 98521, 98590, 97021, 95573, 94375, 94797, 93924, 92298, 93351, 90267, 91754, 93976, 93746, 93430, 93140, 96958]}