{"avg": [0.2442577, 0.2908088, 0.2901475, 0.2912543, 0.27159694, 0.26070282, 0.3082973, 0.2841797, 0.2830392, 0.29286063, 0.31190145, 0.28864542, 0.30345643, 0.28309393, 0.28585717, 0.30211076, 0.3225909, 0.2823792, 0.30291685, 0.31762272, 0.3263539, 0.30301467, 0.31382108, 0.2983697, 0.29493868, 0.2957053, 0.29259476, 0.29312897, 0.31500527, 0.3034524, 0.30083814, 0.3093277, 0.3013518, 0.3291939, 0.30730882, 0.29480678, 0.30439168, 0.32275614, 0.2997625, 0.31747967, 0.32292542, 0.29292455, 0.30583206, 0.31296948, 0.31403768, 0.31953537, 0.32023606, 0.3142623, 0.32861865, 0.3341511], "std": [0.06741803, 0.06419359, 0.0712193, 0.04479748, 0.050910782, 0.045827806, 0.03790558, 0.050999682, 0.048850913, 0.059301805, 0.05509353, 0.06881342, 0.060185105, 0.0665074, 0.057532422, 0.03742418, 0.03691388, 0.059957113, 0.057306863, 0.0568402, 0.02723352, 0.03370181, 0.043621086, 0.07878621, 0.060691893, 0.04770821, 0.039743114, 0.068283655, 0.037806284, 0.05180271, 0.04501077, 0.048088238, 0.06895358, 0.031785365, 0.049349874, 0.054738548, 0.05122443, 0.055254407, 0.054218374, 0.058371678, 0.052504994, 0.06335943, 0.054652024, 0.053359356, 0.05570015, 0.058287006, 0.046899024, 0.04885961, 0.049781285, 0.045883946], "var": [1.0, 1.0, 0.99, 0.99, 0.98, 0.98, 0.97, 0.96, 0.96, 0.96, 0.96, 0.95, 0.94, 0.93, 0.92, 0.92, 0.91, 0.89, 0.89, 0.88, 0.89, 0.89, 0.88, 0.88, 0.86, 0.85, 0.85, 0.84, 0.83, 0.83, 0.82, 0.82, 0.82, 0.82, 0.81, 0.81, 0.82, 0.82, 0.81, 0.81, 0.81, 0.8, 0.79, 0.77, 0.77, 0.76, 0.76, 0.75, 0.76, 0.77], "best": [0.36666667, 0.37927172, 0.39163056, 0.38496733, 0.35880232, 0.33633158, 0.388937, 0.3618641, 0.36403695, 0.44210526, 0.44372547, 0.44670233, 0.44854367, 0.39813757, 0.3880261, 0.36139858, 0.3638552, 0.36301258, 0.3832787, 0.4469979, 0.36521983, 0.3642857, 0.36840758, 0.3889093, 0.3876026, 0.36936846, 0.36500704, 0.3875458, 0.3690677, 0.38428572, 0.36512327, 0.37265098, 0.44623455, 0.37107804, 0.397939, 0.38480225, 0.38930535, 0.40187266, 0.39774945, 0.3848069, 0.39751986, 0.3897643, 0.38548467, 0.3897827, 0.37395146, 0.3904762, 0.39081547, 0.39100662, 0.39113116, 0.44649652], "duration": [38485, 44129, 39926, 43465, 59492, 42507, 44263, 43038, 42633, 43724, 38890, 49931, 51115, 34567, 39070, 38287, 39467, 38192, 43958, 43515, 39966, 43283, 46130, 39154, 39035, 39178, 39660, 47109, 43516, 39306, 38129, 44349, 39027, 38635, 40025, 39963, 38710, 44240, 39712, 46695, 39497, 38265, 39074, 39158, 39720, 39717, 46359, 51159, 45794, 48106]}