{"avg": [0.275, 0.3062407, 0.31691518, 0.31213555, 0.31160536, 0.3162243, 0.33025426, 0.34242272, 0.3278251, 0.34609124, 0.3360538, 0.31292376, 0.34766814, 0.35107467, 0.3397977, 0.3275607, 0.34227052, 0.34297118, 0.3941168, 0.34328175, 0.3735598, 0.35602045, 0.35563728, 0.34807208, 0.35726136, 0.36279047, 0.39067337, 0.38480464, 0.35286227, 0.38478526, 0.37202352, 0.38264462, 0.39255714, 0.37071767, 0.38014495, 0.36788806, 0.38466316, 0.36552373, 0.396753, 0.38300505, 0.40628338, 0.3894965, 0.3832534, 0.40293017, 0.40886673, 0.41698936, 0.423125, 0.41190642, 0.39105332, 0.40132388], "std": [0.09473403, 0.082243174, 0.05245769, 0.04797464, 0.078397766, 0.083615355, 0.056359638, 0.052133206, 0.08853705, 0.071189016, 0.083076105, 0.07182037, 0.04143776, 0.06767067, 0.06814944, 0.06782095, 0.06835356, 0.06888066, 0.05681433, 0.08952435, 0.055891648, 0.07434933, 0.07792458, 0.070310354, 0.06418009, 0.079681896, 0.06394297, 0.075530104, 0.07737511, 0.04687356, 0.07494854, 0.076371185, 0.07167982, 0.07182712, 0.06821233, 0.0667763, 0.08193246, 0.0833281, 0.053183973, 0.077699095, 0.07259871, 0.080005884, 0.07872322, 0.056972723, 0.06156924, 0.08604935, 0.06883874, 0.06596895, 0.08949527, 0.088108934], "var": [0.98, 0.98, 0.98, 0.96, 0.94, 0.94, 0.92, 0.92, 0.92, 0.9, 0.9, 0.88, 0.88, 0.88, 0.86, 0.86, 0.84, 0.86, 0.82, 0.82, 0.82, 0.8, 0.8, 0.78, 0.74, 0.72, 0.74, 0.72, 0.74, 0.74, 0.72, 0.72, 0.72, 0.72, 0.72, 0.7, 0.68, 0.68, 0.68, 0.68, 0.68, 0.66, 0.66, 0.64, 0.6, 0.62, 0.62, 0.64, 0.6, 0.6], "best": [0.46666667, 0.49555555, 0.3919444, 0.3857993, 0.48835978, 0.4894309, 0.42819867, 0.4309322, 0.4879012, 0.4893333, 0.4898374, 0.39569208, 0.4085051, 0.48910257, 0.49022222, 0.49103642, 0.4916996, 0.4923739, 0.49342725, 0.49611112, 0.49713373, 0.49746707, 0.4977778, 0.49880293, 0.4988536, 0.49923858, 0.5000815, 0.50141174, 0.502202, 0.44976088, 0.5021413, 0.50235134, 0.50306666, 0.51154345, 0.5037177, 0.50447303, 0.51353604, 0.5054977, 0.50568694, 0.51526636, 0.51645297, 0.5048438, 0.5060051, 0.50660706, 0.5206696, 0.5223641, 0.52375, 0.524841, 0.5068627, 0.5269281], "duration": [43182, 40003, 52903, 42956, 50018, 47836, 45718, 38712, 38884, 39383, 38996, 38813, 39499, 38926, 39172, 39136, 52182, 39184, 40601, 38228, 39375, 39281, 38615, 39726, 39580, 39286, 46634, 39485, 39151, 38968, 39112, 39818, 39891, 37899, 39610, 38928, 39961, 39120, 39493, 39339, 39897, 39254, 39437, 45804, 39227, 40082, 39892, 39531, 39614, 39662]}