{"avg": [0.2637607, 0.29592025, 0.30174989, 0.2966136, 0.29996577, 0.302989, 0.31746757, 0.3279431, 0.31964582, 0.3352215, 0.3148098, 0.30148685, 0.32972103, 0.34173998, 0.30696136, 0.3038074, 0.31033334, 0.3266997, 0.31175584, 0.3318446, 0.34307912, 0.30460832, 0.33254147, 0.34982044, 0.31941208, 0.379386, 0.3114318, 0.29416028, 0.33070374, 0.3400307, 0.33816883, 0.36667913, 0.34830528, 0.3248803, 0.3565304, 0.34485534, 0.35191005, 0.35150003, 0.35897586, 0.39666384, 0.36319593, 0.3680438, 0.36690134, 0.36463416, 0.37728706, 0.3800675, 0.37876877, 0.39312786, 0.39408717, 0.3646804], "std": [0.08954003, 0.07603299, 0.048928626, 0.044406675, 0.07478608, 0.076609924, 0.053938236, 0.05018132, 0.07895295, 0.06658981, 0.064347446, 0.050685648, 0.065161884, 0.0563688, 0.070513874, 0.07150621, 0.0736608, 0.055521853, 0.05816947, 0.064235985, 0.048756316, 0.073509626, 0.07511043, 0.057192944, 0.07872071, 0.065834686, 0.067703456, 0.069243655, 0.043290365, 0.070271924, 0.071272, 0.076338395, 0.05572235, 0.059767816, 0.06531538, 0.09554645, 0.08557741, 0.094196685, 0.0731357, 0.09189957, 0.07000168, 0.107703514, 0.10343663, 0.088966556, 0.06311008, 0.068116136, 0.10159991, 0.08666923, 0.09123809, 0.09268222], "var": [0.98, 0.98, 0.98, 0.96, 0.94, 0.94, 0.92, 0.92, 0.88, 0.88, 0.88, 0.86, 0.84, 0.82, 0.82, 0.8, 0.8, 0.8, 0.82, 0.8, 0.8, 0.78, 0.78, 0.76, 0.74, 0.72, 0.74, 0.76, 0.76, 0.76, 0.74, 0.74, 0.7, 0.66, 0.66, 0.66, 0.64, 0.64, 0.62, 0.58, 0.6, 0.6, 0.62, 0.6, 0.6, 0.6, 0.58, 0.58, 0.56, 0.58], "best": [0.44358978, 0.47247866, 0.36017093, 0.366248, 0.4652829, 0.466354, 0.40960893, 0.41234246, 0.46482432, 0.46639678, 0.37196478, 0.37239316, 0.46535847, 0.46607402, 0.39834687, 0.41488025, 0.46525645, 0.4666201, 0.3727297, 0.41455233, 0.466513, 0.41685203, 0.46676984, 0.5231893, 0.46791172, 0.5243041, 0.3963966, 0.42260745, 0.3785548, 0.525007, 0.5256845, 0.5262021, 0.4245951, 0.42602566, 0.47069255, 0.5277389, 0.5287704, 0.5294542, 0.5304353, 0.5315268, 0.5335075, 0.5339022, 0.5350427, 0.5369096, 0.4804219, 0.5388585, 0.53943133, 0.54029304, 0.5417788, 0.54307234], "duration": [42909, 39770, 52720, 42864, 49760, 43417, 45607, 38640, 44878, 39718, 37240, 38270, 45728, 39707, 44693, 38588, 38723, 39764, 39107, 39095, 46604, 38897, 39268, 39726, 38915, 39380, 38683, 37817, 45701, 38895, 39600, 39942, 39204, 39505, 39085, 45259, 39448, 39418, 45988, 39606, 38670, 46789, 53263, 52253, 39874, 46072, 39495, 40109, 40256, 45655]}