{"avg": [0.11714287, 0.15295239, 0.15119049, 0.15662132, 0.16284719, 0.14444236, 0.16074863, 0.15384513, 0.15891732, 0.15027161, 0.15806668, 0.18545148, 0.16162385, 0.16884352, 0.16389158, 0.18468851, 0.1674827, 0.18124846, 0.18238398, 0.18725781, 0.17165807, 0.18611082, 0.18583615, 0.19282208, 0.18957902, 0.18691164, 0.18513621, 0.20355426, 0.20936044, 0.2096384, 0.2139364, 0.21605182, 0.20599969, 0.20393997, 0.22329803, 0.2200881, 0.20287877, 0.23588543, 0.21456085, 0.21858554, 0.21294153, 0.2331281, 0.22222108, 0.22477333, 0.18885411, 0.22038989, 0.21837303, 0.23700914, 0.23214406, 0.23027633], "std": [0.044858057, 0.041141022, 0.03185438, 0.039969053, 0.033493213, 0.044316355, 0.032451306, 0.034511264, 0.041181706, 0.035796195, 0.031774122, 0.028717747, 0.040149905, 0.034891006, 0.030824762, 0.02627471, 0.031697147, 0.031608123, 0.029034525, 0.033117034, 0.03444088, 0.037579488, 0.035259023, 0.03898589, 0.04114832, 0.046718005, 0.038504876, 0.040106762, 0.036676254, 0.026537046, 0.032883525, 0.041553117, 0.04895858, 0.04171586, 0.038112417, 0.054591287, 0.048864845, 0.037934333, 0.051970746, 0.05358438, 0.052336957, 0.044405818, 0.048795994, 0.057378642, 0.061352268, 0.0562704, 0.06069505, 0.05106727, 0.05110723, 0.051901486], "var": [0.98, 0.98, 0.98, 0.94, 0.94, 0.94, 0.94, 0.94, 0.92, 0.9, 0.9, 0.92, 0.92, 0.88, 0.88, 0.84, 0.82, 0.82, 0.8, 0.78, 0.78, 0.76, 0.74, 0.74, 0.74, 0.74, 0.76, 0.78, 0.74, 0.74, 0.74, 0.78, 0.76, 0.76, 0.72, 0.72, 0.68, 0.66, 0.68, 0.66, 0.66, 0.62, 0.64, 0.64, 0.64, 0.64, 0.66, 0.62, 0.64, 0.64], "best": [0.2, 0.24333334, 0.17833334, 0.2020635, 0.2322034, 0.23355263, 0.22582418, 0.22730307, 0.23079625, 0.1904762, 0.19342858, 0.23242424, 0.22972865, 0.23494898, 0.19746107, 0.22926983, 0.20927683, 0.23613282, 0.2276851, 0.24009852, 0.22555035, 0.23508929, 0.23635015, 0.23826388, 0.24223602, 0.2427091, 0.2300071, 0.26524726, 0.26788202, 0.25203857, 0.25471058, 0.2718329, 0.25626084, 0.24607843, 0.27635798, 0.27722472, 0.26331285, 0.278001, 0.267694, 0.2687735, 0.28127292, 0.28199732, 0.27302316, 0.28406185, 0.27715117, 0.2842431, 0.2793254, 0.2857435, 0.287588, 0.28853604], "duration": [42732, 39413, 38194, 37454, 50500, 39484, 38726, 37418, 39256, 38644, 38445, 39170, 45730, 38544, 38831, 38499, 39283, 52592, 43340, 39118, 45487, 39107, 42760, 38978, 39075, 38809, 38684, 38850, 58707, 38956, 39292, 39065, 45239, 39225, 39218, 38908, 44667, 45471, 38493, 39047, 38302, 39136, 38994, 45103, 38207, 39095, 39067, 38967, 38774, 38717]}