{"avg": [0.3352263, 0.3713632, 0.36903283, 0.40018392, 0.42161614, 0.42190355, 0.46055672, 0.49612567, 0.50238466, 0.531559, 0.5598265, 0.59769326, 0.61500895, 0.63415533, 0.63823295, 0.6549097, 0.66026986, 0.6806126, 0.6861348, 0.69791144, 0.70373255, 0.70349294, 0.7125759, 0.71105665, 0.7156683, 0.71680474, 0.71755743, 0.71623945, 0.7236302, 0.72722393, 0.731615, 0.7333105, 0.7349914, 0.73642135, 0.7335451, 0.73710346, 0.74088675, 0.739394, 0.7432954, 0.74449635, 0.740739, 0.7443386, 0.7455766, 0.7487841, 0.74963385, 0.74815875, 0.7489036, 0.75213903, 0.75296754, 0.7536895, 0.7465819, 0.7520722, 0.7531724, 0.7561626, 0.74941874, 0.75734794, 0.7554146, 0.75850576, 0.7590285, 0.7595837, 0.75789315, 0.75830394, 0.7590725, 0.7616395, 0.762126, 0.7625157, 0.76291376, 0.76331973, 0.76109856, 0.7640237, 0.76217055, 0.76232743, 0.7584329, 0.76547056, 0.75692934], "std": [0.103821576, 0.09921221, 0.10317677, 0.1006832, 0.07294199, 0.108012594, 0.112992555, 0.068217784, 0.07852491, 0.08383438, 0.08451058, 0.059934523, 0.045358438, 0.044927176, 0.042723093, 0.04340124, 0.052344874, 0.030287806, 0.029261028, 0.018373305, 0.014611123, 0.019494046, 0.0016186977, 0.0139567405, 0.01219121, 0.016551826, 0.0149835255, 0.022910492, 0.017306596, 0.010418525, 5.9604645e-08, 1.1920929e-07, 1.7881393e-07, 1.7881393e-07, 0.01408064, 0.010674865, 5.9604645e-08, 0.0115246205, 1.7881393e-07, 0.0, 0.014693891, 0.010430646, 0.0099884635, 5.9604645e-08, 5.9604645e-08, 0.01043065, 0.010674865, 1.1920929e-07, 1.7881393e-07, 5.9604645e-08, 0.017860046, 0.0115246205, 0.010430647, 5.9604645e-08, 0.017489228, 5.9604645e-08, 0.010937002, 0.0, 5.9604645e-08, 1.1920929e-07, 0.010202402, 0.010430649, 0.009787421, 5.9604645e-08, 5.9604645e-08, 1.7881393e-07, 0.0, 1.1920929e-07, 0.010936988, 0.0, 0.010202406, 0.010674865, 0.016808553, 0.0, 0.018891186], "var": [1.0, 1.0, 1.0, 1.0, 1.0, 1.0, 1.0, 1.0, 1.0, 1.0, 1.0, 1.0, 0.92, 0.92, 0.92, 0.92, 0.84, 0.72, 0.64, 0.56, 0.44, 0.28, 0.24, 0.16, 0.16, 0.16, 0.16, 0.12, 0.08, 0.04, 0.04, 0.04, 0.04, 0.04, 0.04, 0.04, 0.04, 0.04, 0.04, 0.04, 0.04, 0.04, 0.04, 0.04, 0.04, 0.04, 0.04, 0.04, 0.04, 0.04, 0.04, 0.04, 0.04, 0.04, 0.04, 0.04, 0.04, 0.04, 0.04, 0.04, 0.04, 0.04, 0.04, 0.04, 0.04, 0.04, 0.04, 0.04, 0.04, 0.04, 0.04, 0.04, 0.04, 0.04, 0.04], "best": [0.57551014, 0.58482695, 0.5860544, 0.59240186, 0.5858092, 0.59725344, 0.59895545, 0.6017312, 0.66584384, 0.66734695, 0.6713206, 0.6771182, 0.68114483, 0.6855573, 0.68945926, 0.69300026, 0.69646263, 0.69955397, 0.70268255, 0.7054122, 0.70836735, 0.7112718, 0.7135752, 0.7162143, 0.7190357, 0.72091067, 0.7234063, 0.72547257, 0.7275441, 0.7296419, 0.73161495, 0.7333104, 0.73499155, 0.73642117, 0.73799765, 0.7395523, 0.7408868, 0.7422752, 0.7432952, 0.74449635, 0.745637, 0.74667114, 0.7477061, 0.7487842, 0.7496339, 0.75049114, 0.7513528, 0.7521389, 0.75296736, 0.75368947, 0.7543157, 0.7549534, 0.7555049, 0.7561625, 0.75676584, 0.7573479, 0.7579923, 0.75850576, 0.75902855, 0.75958383, 0.76011944, 0.7606363, 0.7611132, 0.76163954, 0.7621261, 0.76251554, 0.76291376, 0.7633196, 0.76367635, 0.7640237, 0.76439697, 0.7647765, 0.7651119, 0.76547056, 0.7658346], "duration": [95372, 85379, 101860, 93952, 94928, 81002, 116444, 109118, 101020, 90406, 111771, 97612, 110572, 90874, 125527, 132932, 118963, 126812, 112632, 132897, 132689, 90987, 85041, 119717, 92082, 119829, 84220, 125739, 105049, 92446, 84303, 105365, 92336, 98796, 120397, 105085, 91153, 84096, 91198, 84122, 119321, 112526, 112514, 91240, 91252, 105342, 98340, 125992, 98142, 91337, 98356, 112470, 112182, 112122, 126375, 111854, 98109, 97937, 126192, 112044, 90917, 133167, 84088, 112073, 91111, 91108, 104971, 98159, 105340, 105033, 112421, 84246, 84216, 126458, 104606]}