{"avg": [0.025396826, 0.0, 0.0, 0.0, 0.0, 0.0, 0.0, 0.02641785, 0.0, 0.0, 0.0, 0.021759648, 0.0, 0.0, 0.024554245, 0.0, 0.0, 0.0, 0.0, 0.0, 0.0, 0.0, 0.0, 0.0, 0.0, 0.0, 0.0, 0.0, 0.0, 0.0, 0.0, 0.0, 0.0, 0.0, 0.0, 0.0, 0.0, 0.0, 0.0, 0.0, 0.0, 0.0, 0.0, 0.0, 0.0, 0.0, 0.0, 0.0, 0.0, 0.0], "std": [0.09502622, 0.0, 0.0, 0.0, 0.0, 0.0, 0.0, 0.09884652, 0.0, 0.0, 0.0, 0.08971733, 0.0, 0.0, 0.09509819, 0.0, 0.0, 0.0, 0.0, 0.0, 0.0, 0.0, 0.0, 0.0, 0.0, 0.0, 0.0, 0.0, 0.0, 0.0, 0.0, 0.0, 0.0, 0.0, 0.0, 0.0, 0.0, 0.0, 0.0, 0.0, 0.0, 0.0, 0.0, 0.0, 0.0, 0.0, 0.0, 0.0, 0.0, 0.0], "var": [1.0, 1.0, 1.0, 1.0, 1.0, 1.0, 1.0, 1.0, 1.0, 1.0, 1.0, 1.0, 1.0, 1.0, 1.0, 1.0, 1.0, 1.0, 1.0, 1.0, 1.0, 1.0, 1.0, 1.0, 1.0, 1.0, 1.0, 1.0, 1.0, 1.0, 1.0, 1.0, 1.0, 1.0, 1.0, 1.0, 1.0, 1.0, 1.0, 1.0, 1.0, 1.0, 1.0, 1.0, 1.0, 1.0, 1.0, 1.0, 1.0, 1.0], "best": [0.3809524, 0.0, 0.0, 0.0, 0.0, 0.0, 0.0, 0.39626774, 0.0, 0.0, 0.0, 0.39167365, 0.0, 0.0, 0.39286792, 0.0, 0.0, 0.0, 0.0, 0.0, 0.0, 0.0, 0.0, 0.0, 0.0, 0.0, 0.0, 0.0, 0.0, 0.0, 0.0, 0.0, 0.0, 0.0, 0.0, 0.0, 0.0, 0.0, 0.0, 0.0, 0.0, 0.0, 0.0, 0.0, 0.0, 0.0, 0.0, 0.0, 0.0, 0.0], "duration": [3683, 3659, 3641, 3749, 3987, 5326, 4593, 3683, 3684, 3644, 3683, 4279, 3694, 4316, 4135, 4511, 3648, 4294, 3620, 3903, 3701, 3924, 3698, 3641, 3654, 3680, 3662, 3702, 3709, 3687, 3682, 3667, 3710, 3693, 3736, 4351, 3663, 3724, 3691, 3724, 3759, 3667, 4415, 3589, 3581, 3541, 3646, 4746, 3888, 4129]}