{"avg": [0.33948535, 0.3747515, 0.40383357, 0.44695598, 0.47078565, 0.48223987, 0.51286685, 0.5197385, 0.5386998, 0.5465835, 0.5821969, 0.5936603, 0.599388, 0.6032008, 0.6319081, 0.62949693, 0.6523602, 0.6723303, 0.6741181, 0.6979524, 0.69000137, 0.6943374, 0.6967223, 0.6973648, 0.6989129, 0.7128656, 0.7107051, 0.7151109, 0.722116, 0.71990675, 0.7222703, 0.72207516, 0.725697, 0.7298622, 0.72526485, 0.7356621, 0.73547363, 0.7321413, 0.7315578, 0.7301167, 0.7380725, 0.7393872, 0.7402371, 0.7358082, 0.74001884, 0.7409676, 0.74420726, 0.7448429, 0.74563706, 0.7464, 0.7494543, 0.74602485, 0.744123, 0.75413966, 0.75216115, 0.7490991, 0.7534886, 0.74867, 0.75051254, 0.7504245, 0.7531251, 0.75429744, 0.75437844, 0.75157636, 0.75327986, 0.75606704, 0.7557308, 0.7522109, 0.7597309, 0.75748336, 0.76275545, 0.7564226, 0.76104265, 0.7568391, 0.75973606], "std": [0.100736305, 0.096728444, 0.086422674, 0.07793793, 0.07533558, 0.0671105, 0.05875231, 0.058227956, 0.0621564, 0.05518619, 0.035210196, 0.046996128, 0.04963629, 0.05796821, 0.043629903, 0.056656606, 0.03475969, 0.027034398, 0.040214952, 0.006997566, 0.023957588, 0.022901021, 0.023096185, 0.025888668, 0.022644874, 0.010534548, 0.017276416, 0.013762787, 0.0026775636, 0.015266741, 0.014325331, 0.017079476, 0.015825577, 0.010295876, 0.020043334, 0.002557368, 0.0099884765, 0.01713928, 0.018891187, 0.020861296, 0.014693891, 0.0143776545, 0.01469387, 0.019968139, 0.017139304, 0.01713928, 0.014377656, 0.014693892, 0.014693892, 0.014693873, 0.010937002, 0.016808556, 0.019233165, 1.7881393e-07, 0.010937002, 0.017796723, 0.010674865, 0.01795621, 0.016808555, 0.017489228, 0.01503145, 0.0140806595, 0.01469389, 0.018253611, 0.017139303, 0.0143776415, 0.015392796, 0.019233165, 0.010202393, 0.014693869, 0.0, 0.016808536, 0.010674865, 0.017139303, 0.014080653], "var": [1.0, 1.0, 1.0, 1.0, 1.0, 1.0, 0.92, 0.8, 0.76, 0.68, 0.64, 0.68, 0.6, 0.64, 0.68, 0.56, 0.44, 0.44, 0.36, 0.52, 0.6, 0.52, 0.48, 0.52, 0.48, 0.32, 0.36, 0.32, 0.28, 0.16, 0.12, 0.12, 0.12, 0.08, 0.08, 0.04, 0.04, 0.04, 0.04, 0.04, 0.04, 0.04, 0.04, 0.04, 0.04, 0.04, 0.04, 0.04, 0.04, 0.04, 0.04, 0.04, 0.04, 0.04, 0.04, 0.04, 0.04, 0.04, 0.04, 0.04, 0.04, 0.04, 0.04, 0.04, 0.04, 0.04, 0.04, 0.04, 0.04, 0.04, 0.04, 0.04, 0.04, 0.04, 0.04], "best": [0.57551014, 0.58482695, 0.5858092, 0.6089482, 0.6122449, 0.6151282, 0.6162009, 0.5936748, 0.61802524, 0.61279386, 0.6190915, 0.67599046, 0.6880861, 0.692398, 0.69567263, 0.69942427, 0.6972512, 0.7042795, 0.7018064, 0.7078392, 0.708934, 0.71054584, 0.7120903, 0.71387166, 0.71601474, 0.7176819, 0.7197091, 0.72168547, 0.7236331, 0.7256982, 0.727695, 0.7295637, 0.73135823, 0.73298246, 0.73466545, 0.7362487, 0.7376032, 0.73913825, 0.7404631, 0.7417787, 0.7429705, 0.74405193, 0.74513495, 0.7461198, 0.74701595, 0.74796456, 0.7488721, 0.7497411, 0.750535, 0.75129807, 0.7520321, 0.75270396, 0.7534526, 0.7541395, 0.7547391, 0.77164525, 0.7559376, 0.7565066, 0.7571916, 0.7577715, 0.75828093, 0.75875026, 0.75927645, 0.7597396, 0.7602771, 0.7607319, 0.7611729, 0.7615404, 0.76195735, 0.7623812, 0.76275545, 0.7631017, 0.76349163, 0.7638364, 0.76418877], "duration": [113719, 92601, 122055, 116715, 83130, 103788, 111090, 104937, 111824, 138731, 90596, 110791, 91035, 104261, 83767, 97682, 98455, 98185, 106541, 104374, 95702, 104383, 124831, 103694, 110970, 104308, 112525, 105562, 95701, 95720, 110013, 95857, 129024, 121500, 97728, 126387, 95401, 87371, 95004, 88340, 125017, 89025, 95201, 109012, 101799, 115832, 102489, 94835, 92739, 112979, 91855, 148320, 113757, 100816, 102223, 94927, 94131, 115809, 101889, 102032, 123077, 86814, 116500, 108350, 101463, 129531, 86454, 108435, 145554, 94704, 115598, 124089, 101408, 101420, 93054]}