{"avg": [0.25952384, 0.2596561, 0.31792328, 0.2542328, 0.2518188, 0.26116404, 0.28468254, 0.2677313, 0.3117781, 0.23557425, 0.25099206, 0.2625064, 0.2699463, 0.27754185, 0.29603174, 0.27280363, 0.24748965, 0.25612244, 0.28523353, 0.26767677, 0.2562329, 0.2880042, 0.2960491, 0.25409356, 0.23586847, 0.28124797, 0.2515673, 0.2860348, 0.27378014, 0.2512897, 0.26965424, 0.32532278, 0.2713685, 0.22358516, 0.2617007, 0.27975205, 0.23864734, 0.30025932, 0.22762488, 0.26192954, 0.27491376, 0.27191618, 0.27829596, 0.21852279, 0.29848456, 0.26386815, 0.23873913, 0.24359865, 0.2727542, 0.2720027], "std": [0.03560831, 0.10886468, 0.027085476, 0.050151404, 0.025610726, 0.059610635, 0.08243993, 0.046573907, 0.036607966, 0.041303545, 0.051198173, 0.08365892, 0.040126227, 0.041668817, 0.04001158, 0.063103914, 0.052464437, 0.05950534, 0.027351532, 0.043811966, 0.034214236, 0.04931421, 0.07871993, 0.06404843, 0.046691313, 0.055401668, 0.055140767, 0.02516486, 0.043314405, 0.021523206, 0.058033362, 0.031270456, 0.03144656, 0.08532734, 0.055244878, 0.059071057, 0.047367178, 0.04682915, 0.038405865, 0.06410625, 0.03110434, 0.08725925, 0.086369775, 0.08637867, 0.04657017, 0.04535982, 0.04984708, 0.05841132, 0.03192889, 0.05498325], "var": [1.0, 1.0, 1.0, 1.0, 1.0, 1.0, 1.0, 1.0, 1.0, 1.0, 1.0, 1.0, 1.0, 1.0, 1.0, 1.0, 1.0, 1.0, 1.0, 1.0, 1.0, 1.0, 1.0, 1.0, 1.0, 1.0, 1.0, 1.0, 1.0, 1.0, 1.0, 1.0, 1.0, 1.0, 1.0, 1.0, 1.0, 1.0, 1.0, 1.0, 1.0, 1.0, 1.0, 1.0, 1.0, 1.0, 1.0, 1.0, 1.0, 1.0], "best": [0.30476192, 0.45555556, 0.356746, 0.33201057, 0.28869048, 0.34079364, 0.38439155, 0.35342622, 0.35278618, 0.30849674, 0.3154762, 0.39170507, 0.31603643, 0.31827542, 0.35017857, 0.3981174, 0.3174431, 0.3819728, 0.31790295, 0.34666666, 0.30139574, 0.35909447, 0.4423735, 0.3453634, 0.2991093, 0.35320196, 0.30372122, 0.31736878, 0.32892415, 0.2875, 0.34444442, 0.37814817, 0.3099099, 0.35826477, 0.35170066, 0.39388773, 0.2982747, 0.34202993, 0.30056795, 0.37886906, 0.32991716, 0.39743745, 0.36788666, 0.3532066, 0.39013875, 0.32029304, 0.29539984, 0.34514144, 0.31514838, 0.34003714], "duration": [12572, 12709, 13243, 12972, 12849, 9426, 13468, 12953, 13339, 12641, 12586, 12736, 17034, 12577, 12856, 12081, 12148, 12685, 13162, 12728, 12657, 12167, 17525, 12590, 7797, 12084, 12491, 13125, 12524, 12044, 13098, 13291, 12912, 12730, 13208, 12700, 12096, 12555, 7633, 12562, 12682, 12783, 12786, 12640, 12664, 12078, 12460, 9285, 12591, 13470]}