{"avg": [0.25659862, 0.28068936, 0.28826356, 0.28408995, 0.2863707, 0.2873159, 0.30428892, 0.31583413, 0.3062843, 0.32149956, 0.29955217, 0.29416102, 0.31423107, 0.32842824, 0.2973326, 0.28631544, 0.29294923, 0.30500358, 0.30006084, 0.29250306, 0.32346144, 0.3120038, 0.31287396, 0.31367993, 0.3236194, 0.330345, 0.32490638, 0.31100532, 0.33761922, 0.34276274, 0.3336212, 0.3250684, 0.35177654, 0.31722748, 0.33414763, 0.33333358, 0.35035485, 0.34147534, 0.3518944, 0.34246376, 0.3481473, 0.35665503, 0.359639, 0.37258178, 0.37941563, 0.36278895, 0.35046968, 0.36774483, 0.37105, 0.37978056], "std": [0.08566395, 0.0748227, 0.04662502, 0.041146796, 0.07296304, 0.07268434, 0.051674087, 0.04780308, 0.076848656, 0.06501892, 0.061230116, 0.045367148, 0.06370656, 0.05475885, 0.06984078, 0.07347613, 0.07622936, 0.06454059, 0.055787373, 0.06889426, 0.047305267, 0.073277414, 0.058367293, 0.04083501, 0.058337744, 0.04814001, 0.055365227, 0.064337, 0.049406115, 0.043027762, 0.05072355, 0.04758899, 0.044886522, 0.06560311, 0.039200358, 0.063461974, 0.056803774, 0.04100575, 0.05437684, 0.060092743, 0.0610252, 0.053055096, 0.068835355, 0.05656716, 0.056940008, 0.079690605, 0.057996113, 0.047715135, 0.064576626, 0.073585995], "var": [0.98, 0.98, 0.98, 0.96, 0.94, 0.94, 0.92, 0.92, 0.88, 0.88, 0.88, 0.86, 0.84, 0.82, 0.82, 0.8, 0.8, 0.8, 0.8, 0.78, 0.78, 0.74, 0.74, 0.74, 0.74, 0.72, 0.7, 0.72, 0.74, 0.74, 0.76, 0.74, 0.7, 0.66, 0.64, 0.64, 0.62, 0.66, 0.64, 0.62, 0.6, 0.56, 0.56, 0.58, 0.58, 0.58, 0.58, 0.56, 0.58, 0.62], "best": [0.42857143, 0.45333335, 0.35891157, 0.3536443, 0.44716552, 0.44808364, 0.39253762, 0.39488068, 0.4467725, 0.4481203, 0.3589869, 0.35891157, 0.4472303, 0.44784364, 0.37943074, 0.3970559, 0.44703296, 0.4481039, 0.36092684, 0.39677483, 0.4481298, 0.3985739, 0.4017143, 0.40306956, 0.40318647, 0.44842857, 0.40579867, 0.419785, 0.44862947, 0.42094854, 0.422631, 0.41085932, 0.4114221, 0.42491677, 0.41287693, 0.41372648, 0.42583114, 0.4281829, 0.4482232, 0.41860002, 0.4301918, 0.42063457, 0.4326039, 0.43414688, 0.44813976, 0.45914647, 0.44865397, 0.43950716, 0.44914132, 0.44200176], "duration": [42772, 39487, 52167, 42569, 49376, 47608, 45366, 38396, 44615, 39444, 37129, 37991, 45587, 39313, 44435, 38323, 38368, 39508, 38703, 38273, 45775, 45452, 38851, 37900, 39304, 38961, 38735, 38210, 39178, 38943, 45001, 39152, 39043, 39487, 37886, 38646, 38733, 38726, 39172, 39510, 45562, 45385, 39217, 39068, 39259, 39280, 39231, 39251, 38800, 39234]}