{"avg": [0.33274177, 0.37724447, 0.42552644, 0.45816603, 0.46540466, 0.49237376, 0.4977418, 0.532022, 0.5392356, 0.56686324, 0.57128155, 0.57344806, 0.58359635, 0.587451, 0.59213346, 0.5959702, 0.5996907, 0.6031006, 0.6063794, 0.61013484, 0.6127944, 0.6158732, 0.61892605, 0.62169385, 0.6244527, 0.62656856, 0.6292842, 0.6312792, 0.6336102, 0.63609827, 0.63816774, 0.6399877, 0.64190644, 0.64347667, 0.645159, 0.64660555, 0.6479083, 0.64931196, 0.6503096, 0.6513672, 0.6523254, 0.6533822, 0.65420747, 0.6551721, 0.6560906, 0.65688866, 0.65765375, 0.658495, 0.6592986, 0.6599023, 0.66051704, 0.66104865, 0.66171175, 0.66229177, 0.66285133, 0.6634179, 0.6639386, 0.6645158, 0.66502374, 0.6655371, 0.66605496, 0.6665115, 0.66689104, 0.66730046, 0.66769785, 0.6681213, 0.66849446, 0.668875, 0.6692617, 0.6696365, 0.6699508, 0.6702893, 0.67060274, 0.6709232, 0.67126375], "std": [0.24411547, 0.23228204, 0.20817156, 0.18427587, 0.17820506, 0.170674, 0.1637418, 0.12705489, 0.11934965, 0.022150643, 0.02169961, 0.023662394, 0.0053978516, 0.0030659311, 0.0028155358, 0.0036425975, 0.0028847097, 0.0021189253, 0.0021398738, 0.0019448398, 0.0021852325, 0.001799313, 0.0015600135, 0.001619948, 0.001462043, 0.0016622007, 0.001248325, 0.0014413683, 0.0010904232, 0.00018261063, 0.00019345917, 2.3841858e-07, 5.9604645e-08, 1.1920929e-07, 1.1920929e-07, 0.0, 5.9604645e-08, 0.0, 5.9604645e-08, 0.0, 1.1920929e-07, 5.9604645e-08, 1.7881393e-07, 1.7881393e-07, 5.9604645e-08, 1.1920929e-07, 1.1920929e-07, 1.1920929e-07, 1.1920929e-07, 5.9604645e-08, 0.0, 1.1920929e-07, 0.0, 5.9604645e-08, 0.0, 5.9604645e-08, 0.0, 5.9604645e-08, 0.0, 1.7881393e-07, 5.9604645e-08, 0.0, 0.0, 5.9604645e-08, 5.9604645e-08, 0.0, 1.1920929e-07, 5.9604645e-08, 1.1920929e-07, 1.7881393e-07, 1.7881393e-07, 5.9604645e-08, 0.0, 1.1920929e-07, 1.1920929e-07], "var": [1.0, 1.0, 1.0, 1.0, 1.0, 1.0, 1.0, 1.0, 1.0, 0.92, 0.92, 0.8, 0.72, 0.72, 0.76, 0.68, 0.68, 0.68, 0.68, 0.56, 0.56, 0.44, 0.36, 0.28, 0.28, 0.28, 0.2, 0.16, 0.08, 0.08, 0.04, 0.04, 0.04, 0.04, 0.04, 0.04, 0.04, 0.04, 0.04, 0.04, 0.04, 0.04, 0.04, 0.04, 0.04, 0.04, 0.04, 0.04, 0.04, 0.04, 0.04, 0.04, 0.04, 0.04, 0.04, 0.04, 0.04, 0.04, 0.04, 0.04, 0.04, 0.04, 0.04, 0.04, 0.04, 0.04, 0.04, 0.04, 0.04, 0.04, 0.04, 0.04, 0.04, 0.04, 0.04], "best": [0.55102044, 0.56220055, 0.56276643, 0.5646568, 0.5664425, 0.56811225, 0.57043153, 0.5733889, 0.5769185, 0.5803321, 0.58316326, 0.58655155, 0.58971554, 0.59147924, 0.5954378, 0.60126984, 0.60467684, 0.6073562, 0.6105189, 0.61341697, 0.6160616, 0.6187223, 0.6211048, 0.62340736, 0.6253868, 0.62758857, 0.62990934, 0.63180244, 0.6339856, 0.63616896, 0.63821095, 0.63998747, 0.6419064, 0.6434768, 0.6451591, 0.64660555, 0.64790833, 0.64931196, 0.6503097, 0.6513672, 0.6523253, 0.6533821, 0.65420765, 0.65517193, 0.65609056, 0.65688854, 0.6576536, 0.6584951, 0.6592985, 0.6599022, 0.66051704, 0.66104853, 0.66171175, 0.6622918, 0.66285133, 0.66341794, 0.6639386, 0.66451585, 0.66502374, 0.6655373, 0.666055, 0.6665115, 0.66689104, 0.6673005, 0.6676978, 0.6681213, 0.6684946, 0.66887504, 0.6692616, 0.6696363, 0.66995096, 0.67028934, 0.67060274, 0.67092305, 0.6712639], "duration": [24720, 19724, 14594, 34598, 19776, 19465, 19553, 13410, 24438, 8844, 4601, 15918, 19726, 4343, 5074, 4372, 4316, 4143, 5594, 4604, 4376, 4016, 4917, 3746, 5723, 5853, 4691, 5520, 5222, 4631, 5041, 4836, 5280, 5244, 3992, 4828, 5832, 3965, 4643, 4733, 4353, 4072, 5955, 6703, 4312, 4283, 5296, 4827, 3681, 4420, 6276, 5264, 5201, 4899, 3956, 3733, 4374, 4630, 5298, 5012, 5193, 4272, 4305, 4685, 4267, 4027, 4595, 5583, 4028, 4060, 4346, 4286, 4269, 4782, 5216]}