{"avg": [0.33730158, 0.40687826, 0.4123677, 0.35423282, 0.34070766, 0.38679895, 0.35650796, 0.312108, 0.39736575, 0.31323066, 0.36359128, 0.3782642, 0.39717552, 0.41524026, 0.362371, 0.35999444, 0.30097482, 0.31819728, 0.4160867, 0.35715723, 0.3587165, 0.39936247, 0.40436754, 0.3337719, 0.39988008, 0.41510677, 0.36368337, 0.4332316, 0.3288115, 0.3895172, 0.35791826, 0.340127, 0.25858644, 0.29212168, 0.280034, 0.32876492, 0.39251974, 0.37524033, 0.31554902, 0.3782986, 0.3209006, 0.3942124, 0.31244588, 0.3601382, 0.40701786, 0.4085421, 0.31294996, 0.39978033, 0.37380376, 0.40656027], "std": [0.075813375, 0.09106219, 0.056782767, 0.09514128, 0.0523177, 0.07177525, 0.058159027, 0.051270522, 0.053173546, 0.06117288, 0.09870335, 0.057816003, 0.04327263, 0.08906131, 0.093928725, 0.04326907, 0.10130677, 0.07394594, 0.06584358, 0.07517508, 0.091533825, 0.09058449, 0.024014445, 0.08718468, 0.09156566, 0.071612656, 0.014093028, 0.054734748, 0.06042029, 0.032256845, 0.04588783, 0.05327606, 0.049045004, 0.08187881, 0.05957087, 0.08679583, 0.09505046, 0.04430241, 0.07614133, 0.065939546, 0.07539853, 0.053322952, 0.091920234, 0.09155988, 0.059528433, 0.03750089, 0.05198382, 0.045121476, 0.06642333, 0.049126107], "var": [1.0, 1.0, 1.0, 1.0, 1.0, 1.0, 1.0, 1.0, 1.0, 1.0, 1.0, 1.0, 1.0, 1.0, 1.0, 1.0, 1.0, 1.0, 1.0, 1.0, 1.0, 1.0, 1.0, 1.0, 1.0, 1.0, 1.0, 1.0, 1.0, 1.0, 1.0, 1.0, 1.0, 1.0, 1.0, 1.0, 1.0, 1.0, 1.0, 1.0, 1.0, 1.0, 1.0, 1.0, 1.0, 1.0, 1.0, 1.0, 1.0, 1.0], "best": [0.44047618, 0.49841273, 0.49007937, 0.49285713, 0.38928568, 0.48619047, 0.45436504, 0.35499418, 0.48611954, 0.39075628, 0.48750004, 0.48855606, 0.487465, 0.49015447, 0.4886905, 0.39374304, 0.45388198, 0.39421764, 0.49061358, 0.48406926, 0.48883417, 0.48711944, 0.45219493, 0.48546365, 0.49033916, 0.4869951, 0.39176914, 0.4887973, 0.3918577, 0.4515873, 0.3918719, 0.39224866, 0.35658944, 0.39281973, 0.39336732, 0.45274815, 0.49036118, 0.45111778, 0.45194408, 0.45267856, 0.45293996, 0.48621872, 0.3922471, 0.48815286, 0.48682043, 0.45239925, 0.39441147, 0.48578456, 0.48500693, 0.48789263], "duration": [10925, 10928, 10928, 10922, 10929, 10886, 10859, 10925, 10910, 10916, 10931, 10919, 10924, 10926, 10925, 10900, 10862, 10933, 10915, 10872, 10846, 10925, 10920, 6457, 10895, 10915, 10884, 10922, 10887, 10899, 10931, 10935, 5976, 10896, 5936, 10891, 11055, 6411, 10888, 10926, 10897, 10886, 10844, 10892, 10923, 10893, 10901, 10918, 10934, 10918]}