{"avg": [0.20133333, 0.23163177, 0.23965916, 0.23446064, 0.23730996, 0.23720023, 0.24961343, 0.2569577, 0.25182322, 0.26356873, 0.24957712, 0.2425278, 0.2429892, 0.25425696, 0.24933651, 0.23549128, 0.2573348, 0.2656737, 0.27293602, 0.2659317, 0.27642858, 0.25271377, 0.28006372, 0.28591615, 0.27120724, 0.26561907, 0.27295694, 0.2781218, 0.27917546, 0.3115482, 0.2930512, 0.2795595, 0.28726536, 0.2799295, 0.2863393, 0.29005486, 0.30333477, 0.26794955, 0.32011655, 0.2991521, 0.3040622, 0.3049468, 0.3027232, 0.2883033, 0.30746546, 0.31218505, 0.2960247, 0.32675663, 0.31822407, 0.34322792], "std": [0.07018628, 0.059293028, 0.039556753, 0.033802554, 0.05747268, 0.061696872, 0.042453323, 0.037648972, 0.062875465, 0.053854246, 0.050810307, 0.03965156, 0.058510512, 0.031765994, 0.035693455, 0.04165248, 0.04683808, 0.035323434, 0.039992195, 0.045814715, 0.04356683, 0.04613818, 0.04009375, 0.056103233, 0.03361405, 0.046319153, 0.05250141, 0.044216394, 0.038619787, 0.050630957, 0.045273904, 0.049480323, 0.044519294, 0.032419782, 0.048810292, 0.04473997, 0.05458049, 0.042680167, 0.042739168, 0.05143568, 0.06567986, 0.05952797, 0.060039878, 0.05480953, 0.052387934, 0.055840977, 0.06378183, 0.061516188, 0.065639935, 0.059054732], "var": [0.98, 0.98, 0.98, 0.96, 0.94, 0.94, 0.92, 0.92, 0.88, 0.88, 0.88, 0.86, 0.84, 0.82, 0.84, 0.82, 0.8, 0.8, 0.76, 0.74, 0.74, 0.74, 0.76, 0.74, 0.74, 0.74, 0.74, 0.72, 0.72, 0.7, 0.68, 0.68, 0.66, 0.62, 0.62, 0.64, 0.64, 0.64, 0.64, 0.62, 0.58, 0.56, 0.54, 0.54, 0.56, 0.6, 0.6, 0.6, 0.58, 0.6], "best": [0.34, 0.37466666, 0.29676193, 0.28938776, 0.36603177, 0.36731708, 0.32098123, 0.3242615, 0.3654815, 0.36736843, 0.29624787, 0.32869843, 0.32897958, 0.29509056, 0.29398364, 0.2999763, 0.32889384, 0.33111346, 0.36299652, 0.36379087, 0.36425, 0.33642644, 0.36438745, 0.41155282, 0.34224704, 0.34354287, 0.36564595, 0.4132498, 0.34591243, 0.41373888, 0.36829877, 0.36953723, 0.3703876, 0.35, 0.41760167, 0.41838908, 0.4187952, 0.35114622, 0.41952926, 0.4208157, 0.42135948, 0.4226748, 0.42410344, 0.42552766, 0.4255844, 0.4260238, 0.4269708, 0.4277443, 0.42914286, 0.43028718], "duration": [43301, 40201, 53078, 43066, 50144, 47901, 45826, 41168, 45062, 39964, 38000, 39039, 51675, 38394, 38403, 39098, 38574, 46324, 46691, 39559, 46557, 39545, 39605, 39801, 39541, 46882, 46246, 40135, 52506, 47063, 46585, 46137, 40067, 40184, 40061, 46492, 39543, 39944, 39663, 39970, 40018, 46493, 40210, 39874, 40065, 53416, 53784, 40223, 39830, 46874]}