{"avg": [0.18055554, 0.19867726, 0.23776458, 0.24312168, 0.22562832, 0.15751323, 0.2136508, 0.17425473, 0.16522291, 0.29894492, 0.1671627, 0.18183564, 0.109442115, 0.20492278, 0.22149801, 0.14769287, 0.1746463, 0.20907031, 0.217674, 0.2242208, 0.1961823, 0.1710773, 0.20674852, 0.21869256, 0.26495948, 0.24645595, 0.1732072, 0.1676333, 0.2415099, 0.16385582, 0.19951196, 0.16631748, 0.18719006, 0.19212165, 0.2014626, 0.19582838, 0.1504275, 0.1989269, 0.19062181, 0.26917163, 0.22963077, 0.16578557, 0.15778567, 0.18355095, 0.24035122, 0.18951648, 0.16427974, 0.17827271, 0.25475615, 0.2815603], "std": [0.07415965, 0.14715227, 0.011447152, 0.105923116, 0.06277533, 0.08444389, 0.086329415, 0.118226096, 0.04095371, 0.09164707, 0.050601564, 0.065626144, 0.08485983, 0.0811233, 0.050451204, 0.042943053, 0.11174589, 0.048325535, 0.07641479, 0.06507615, 0.10978413, 0.082251675, 0.053270515, 0.08381525, 0.050715577, 0.039620504, 0.040054455, 0.10430574, 0.06772364, 0.08846414, 0.104852125, 0.06005806, 0.092255965, 0.066382155, 0.052533202, 0.080758594, 0.09765582, 0.1341761, 0.1087863, 0.08282375, 0.10828285, 0.10119196, 0.08530356, 0.055307638, 0.055438735, 0.09476261, 0.08603216, 0.116750985, 0.06494264, 0.058158144], "var": [1.0, 1.0, 1.0, 1.0, 1.0, 1.0, 1.0, 1.0, 1.0, 1.0, 1.0, 1.0, 1.0, 1.0, 1.0, 1.0, 1.0, 1.0, 1.0, 1.0, 1.0, 1.0, 1.0, 1.0, 1.0, 1.0, 1.0, 1.0, 1.0, 1.0, 1.0, 1.0, 1.0, 1.0, 1.0, 1.0, 1.0, 1.0, 1.0, 1.0, 1.0, 1.0, 1.0, 1.0, 1.0, 1.0, 1.0, 1.0, 1.0, 1.0], "best": [0.32142857, 0.4746032, 0.25198415, 0.3738095, 0.33392859, 0.23841272, 0.3472222, 0.3652729, 0.23611957, 0.378198, 0.23750001, 0.25046083, 0.23746501, 0.3436937, 0.27232143, 0.23859358, 0.3586439, 0.24829932, 0.34423077, 0.32930735, 0.3326355, 0.23520689, 0.26945683, 0.36892232, 0.33557725, 0.32970443, 0.23700726, 0.34273505, 0.3713404, 0.24920635, 0.33215654, 0.23859788, 0.2582883, 0.25100973, 0.27431974, 0.33370054, 0.33559927, 0.34397495, 0.33289647, 0.34553573, 0.38064185, 0.33103308, 0.24856357, 0.23815286, 0.3320585, 0.23811357, 0.25155437, 0.34292743, 0.33374742, 0.37921312], "duration": [1101, 988, 1041, 5395, 1085, 982, 1036, 1038, 864, 5383, 969, 951, 5810, 977, 1019, 1020, 5835, 1037, 974, 923, 1007, 1081, 1005, 1003, 1055, 1027, 952, 931, 1037, 920, 1001, 928, 5922, 1084, 920, 1073, 910, 1073, 1023, 1000, 5387, 920, 1008, 932, 981, 935, 1052, 1002, 1013, 954]}