{"avg": [0.26866665, 0.28470287, 0.28823525, 0.29120317, 0.2926833, 0.2947726, 0.2970035, 0.29953524, 0.30062717, 0.3033545, 0.30306572, 0.30251235, 0.30250353, 0.30409873, 0.30902565, 0.3059878, 0.30430344, 0.3085167, 0.31010285, 0.3141767, 0.31044686, 0.31292954, 0.31691366, 0.32040647, 0.3187439, 0.31781015, 0.3207572, 0.3213149, 0.3191881, 0.32036486, 0.32065758, 0.3230065, 0.3224622, 0.3235284, 0.32335225, 0.32416844, 0.32787946, 0.33137482, 0.33144206, 0.32952726, 0.33318877, 0.33158618, 0.33132127, 0.3352161, 0.33784664, 0.33670816, 0.337669, 0.3417861, 0.34410283, 0.34231094], "std": [0.06504901, 0.062130198, 0.060382754, 0.058010466, 0.05617928, 0.0583379, 0.058453392, 0.059299182, 0.058464807, 0.056638557, 0.052765418, 0.05425864, 0.056400344, 0.056937955, 0.051637925, 0.052802898, 0.05773075, 0.052786984, 0.0498188, 0.04893521, 0.048687626, 0.04910277, 0.048390973, 0.047401905, 0.04892829, 0.053226512, 0.053871114, 0.05396727, 0.05427293, 0.05858291, 0.058389217, 0.055988304, 0.053804226, 0.0570427, 0.05665304, 0.055543564, 0.04453115, 0.04634425, 0.048535403, 0.048567504, 0.04752953, 0.057251994, 0.060766507, 0.059323102, 0.06236995, 0.06000387, 0.060864136, 0.060450334, 0.060069967, 0.06596798], "var": [1.0, 1.0, 1.0, 1.0, 1.0, 1.0, 0.98, 0.96, 0.96, 0.96, 0.96, 0.96, 0.94, 0.94, 0.94, 0.94, 0.9, 0.9, 0.88, 0.88, 0.88, 0.9, 0.88, 0.9, 0.88, 0.88, 0.86, 0.86, 0.86, 0.86, 0.84, 0.84, 0.82, 0.82, 0.8, 0.8, 0.78, 0.78, 0.76, 0.74, 0.72, 0.72, 0.7, 0.7, 0.7, 0.68, 0.68, 0.64, 0.62, 0.66], "best": [0.4333333, 0.44999996, 0.44999996, 0.44999996, 0.45016667, 0.4504, 0.45111108, 0.45161903, 0.45208332, 0.41560844, 0.4526, 0.45278788, 0.45294443, 0.45317948, 0.4533333, 0.45346665, 0.45354164, 0.45360783, 0.45366666, 0.4537193, 0.45366666, 0.45371425, 0.45375755, 0.4537971, 0.4538611, 0.45391998, 0.45397434, 0.454, 0.4540714, 0.4541149, 0.45417777, 0.45421505, 0.45422915, 0.45424238, 0.4542549, 0.45430472, 0.4543148, 0.45430627, 0.4544035, 0.4545128, 0.45459998, 0.45466664, 0.45488885, 0.45510077, 0.4553939, 0.45568886, 0.45598552, 0.45625532, 0.45651388, 0.45676187], "duration": [100104, 98278, 99874, 102313, 101943, 102034, 101778, 101709, 102589, 103098, 102689, 102705, 106345, 106429, 106514, 103599, 106717, 106059, 107653, 107423, 108589, 108506, 108839, 108670, 107893, 107660, 107154, 106656, 106624, 104901, 103534, 103104, 103350, 103839, 103994, 103907, 107810, 107246, 106861, 107366, 107029, 103816, 103674, 103811, 105807, 104905, 103722, 104446, 104032, 105103]}