{"avg": [0.2663248, 0.29592025, 0.30174989, 0.29936084, 0.30199006, 0.30072653, 0.31746757, 0.32568064, 0.31616077, 0.32026005, 0.31874254, 0.32276592, 0.3418885, 0.32655546, 0.3212169, 0.32867363, 0.34255296, 0.33108905, 0.35877195, 0.35923642, 0.37269896, 0.36416668, 0.32532278, 0.3692308, 0.3598431, 0.34930426, 0.3522833, 0.35409907, 0.34874922, 0.34455252, 0.34854436, 0.34634042, 0.35934535, 0.344094, 0.3642039, 0.38304117, 0.37782362, 0.37955564, 0.39290333, 0.3723053, 0.39395317, 0.42375064, 0.40942514, 0.39857915, 0.36676723, 0.3949666, 0.42440093, 0.43487734, 0.40339178, 0.42454836], "std": [0.08762015, 0.07603299, 0.0498777, 0.04467767, 0.07227679, 0.075225554, 0.053938236, 0.049053647, 0.082883954, 0.0776413, 0.07855932, 0.07963495, 0.052500974, 0.07714995, 0.08567838, 0.057278197, 0.06615888, 0.05660974, 0.067767486, 0.082468905, 0.07640715, 0.06884782, 0.060515832, 0.08144027, 0.057527248, 0.07803164, 0.058367174, 0.05960576, 0.06428735, 0.0613312, 0.07354752, 0.057551134, 0.067541696, 0.06455755, 0.06632994, 0.070704214, 0.07844791, 0.07637232, 0.07465586, 0.085250326, 0.07395188, 0.05341309, 0.06713893, 0.062364116, 0.07236664, 0.06646749, 0.06973771, 0.06461769, 0.075329766, 0.06696664], "var": [0.98, 0.98, 0.98, 0.96, 0.94, 0.94, 0.92, 0.92, 0.92, 0.9, 0.9, 0.88, 0.88, 0.84, 0.82, 0.8, 0.8, 0.78, 0.76, 0.76, 0.76, 0.72, 0.72, 0.72, 0.7, 0.7, 0.72, 0.74, 0.72, 0.74, 0.72, 0.7, 0.68, 0.66, 0.64, 0.62, 0.6, 0.58, 0.58, 0.56, 0.56, 0.56, 0.56, 0.56, 0.58, 0.58, 0.56, 0.54, 0.54, 0.54], "best": [0.44358978, 0.47247866, 0.37239313, 0.366248, 0.4652829, 0.466354, 0.40960893, 0.41234246, 0.46482432, 0.46692312, 0.46716702, 0.46844852, 0.46901932, 0.46939108, 0.46996012, 0.47190216, 0.47259238, 0.4214779, 0.47284386, 0.47550234, 0.4782647, 0.4814329, 0.43131664, 0.48212025, 0.43418804, 0.4828637, 0.43831503, 0.48334512, 0.48379672, 0.4838765, 0.48421478, 0.4846829, 0.48488137, 0.48478115, 0.48461068, 0.4851521, 0.48638883, 0.48722303, 0.48955354, 0.4917141, 0.4927812, 0.49386883, 0.49549666, 0.49678743, 0.49699888, 0.49723923, 0.49780774, 0.49932453, 0.5013968, 0.5022667], "duration": [43114, 40128, 52693, 42872, 49885, 48014, 45729, 38711, 38453, 39429, 38843, 39081, 39680, 38944, 46234, 39451, 45154, 45376, 46155, 46370, 52755, 39746, 37835, 39964, 45641, 39463, 38315, 39239, 39214, 39188, 39533, 39490, 39540, 45849, 44925, 39915, 39860, 45989, 40117, 46061, 46950, 46226, 39728, 39995, 39541, 39630, 47009, 40221, 39993, 46769]}