{"avg": [0.26740742, 0.29762962, 0.3069006, 0.30122286, 0.2977165, 0.302989, 0.32058302, 0.32685277, 0.3166749, 0.32026985, 0.32132065, 0.3229811, 0.34275487, 0.32540217, 0.31332806, 0.33799782, 0.33299503, 0.3236211, 0.34092784, 0.35986683, 0.35423738, 0.33415058, 0.33026102, 0.35423204, 0.32349497, 0.3612058, 0.34969616, 0.3638872, 0.37377924, 0.36695164, 0.36826348, 0.35045028, 0.38491592, 0.37000284, 0.37951148, 0.3951157, 0.39029843, 0.3558637, 0.3739064, 0.33830512, 0.35859197, 0.37794504, 0.38417083, 0.42721838, 0.3705182, 0.38968515, 0.43928674, 0.42821094, 0.4441799, 0.43737286], "std": [0.09049171, 0.078303896, 0.050817322, 0.046015482, 0.07614371, 0.078019634, 0.050929066, 0.04586382, 0.08186782, 0.082908, 0.08065214, 0.07964367, 0.05425366, 0.073641255, 0.092520356, 0.04947287, 0.05595298, 0.058296047, 0.052319773, 0.06634227, 0.057038352, 0.0635079, 0.045547277, 0.07639034, 0.079484925, 0.06695491, 0.08733701, 0.06437352, 0.08307137, 0.04868028, 0.067391254, 0.10618046, 0.04929617, 0.074970044, 0.080217294, 0.067271404, 0.084836744, 0.08838015, 0.09483734, 0.102865204, 0.08376709, 0.080070786, 0.0998018, 0.07333676, 0.086814255, 0.092178576, 0.087861955, 0.071831994, 0.07679299, 0.085277915], "var": [0.98, 0.98, 0.98, 0.96, 0.94, 0.94, 0.92, 0.92, 0.92, 0.9, 0.9, 0.88, 0.88, 0.84, 0.82, 0.8, 0.8, 0.78, 0.8, 0.8, 0.8, 0.8, 0.78, 0.76, 0.74, 0.74, 0.72, 0.7, 0.7, 0.7, 0.68, 0.64, 0.64, 0.62, 0.62, 0.58, 0.56, 0.58, 0.6, 0.56, 0.54, 0.56, 0.54, 0.52, 0.5, 0.46, 0.46, 0.46, 0.44, 0.4], "best": [0.44999996, 0.47888887, 0.37666664, 0.37052152, 0.47169307, 0.47276422, 0.39680135, 0.37956682, 0.4707407, 0.47266662, 0.47296748, 0.47429374, 0.47474226, 0.475, 0.4753333, 0.4771966, 0.4774278, 0.47750926, 0.47769952, 0.47812843, 0.47949943, 0.47926828, 0.39072993, 0.47862414, 0.4805189, 0.48122892, 0.48268604, 0.48364556, 0.48400593, 0.4863043, 0.4862105, 0.4871951, 0.4888343, 0.48937654, 0.4905689, 0.49217808, 0.49401632, 0.49628046, 0.4966003, 0.49811217, 0.49871388, 0.4988991, 0.49969968, 0.5178659, 0.5035731, 0.50465167, 0.5612332, 0.5085804, 0.5106702, 0.51338935], "duration": [43018, 39816, 52628, 42891, 49840, 47842, 45719, 38661, 38259, 39372, 38886, 39081, 39512, 38887, 46224, 39025, 38601, 45339, 39201, 38680, 46408, 38998, 39036, 46473, 38822, 39836, 46347, 53311, 39880, 39039, 39136, 39597, 39365, 39191, 39701, 46126, 40118, 39888, 39782, 40171, 39357, 39667, 39750, 40346, 40000, 39832, 40212, 39445, 40341, 40340]}