{"avg": [0.26031747, 0.2896931, 0.29507932, 0.28483966, 0.29337233, 0.29626632, 0.31264776, 0.320574, 0.31055292, 0.32797393, 0.30253878, 0.29526126, 0.29856944, 0.31426176, 0.30931106, 0.32159102, 0.32947233, 0.33387557, 0.33320564, 0.32074854, 0.34710833, 0.31326756, 0.31432042, 0.32921788, 0.3214401, 0.3368967, 0.35813668, 0.35901672, 0.33380723, 0.338775, 0.35320497, 0.3423048, 0.3464719, 0.35421482, 0.39766437, 0.3607831, 0.38006568, 0.35850772, 0.35114902, 0.3658183, 0.37775096, 0.38640568, 0.3774153, 0.37968984, 0.3598509, 0.36534333, 0.38527837, 0.39378327, 0.39000204, 0.418825], "std": [0.08539034, 0.07409099, 0.050393805, 0.04532764, 0.070916995, 0.07559127, 0.052022856, 0.0491792, 0.076754406, 0.06492253, 0.061340883, 0.049857028, 0.07214826, 0.036368787, 0.042698286, 0.02982714, 0.064952925, 0.05956269, 0.04473564, 0.04902257, 0.05274854, 0.05291876, 0.04963984, 0.048227396, 0.05264828, 0.047458064, 0.051194202, 0.051269975, 0.07150237, 0.05576561, 0.08260681, 0.06775271, 0.04811238, 0.05353341, 0.04098306, 0.056529842, 0.059367172, 0.064116575, 0.056181863, 0.05950617, 0.050735954, 0.061534636, 0.064685844, 0.08336774, 0.07998515, 0.072789654, 0.058487244, 0.06834238, 0.08028998, 0.06170028], "var": [0.98, 0.98, 0.98, 0.96, 0.94, 0.94, 0.92, 0.92, 0.88, 0.88, 0.88, 0.86, 0.84, 0.82, 0.82, 0.82, 0.82, 0.82, 0.82, 0.8, 0.82, 0.8, 0.8, 0.78, 0.76, 0.74, 0.72, 0.7, 0.72, 0.7, 0.7, 0.68, 0.66, 0.64, 0.62, 0.6, 0.6, 0.6, 0.58, 0.6, 0.58, 0.56, 0.56, 0.56, 0.56, 0.52, 0.5, 0.48, 0.48, 0.48], "best": [0.4333333, 0.46222222, 0.36396822, 0.3578231, 0.45502642, 0.45609757, 0.40081772, 0.40355125, 0.45456788, 0.4561403, 0.36353984, 0.4072487, 0.407483, 0.36257544, 0.361653, 0.40764675, 0.45353925, 0.45450118, 0.45974624, 0.4134114, 0.45538303, 0.41438463, 0.41513082, 0.41562983, 0.46159792, 0.45539093, 0.462787, 0.41910222, 0.45577776, 0.42190066, 0.43078902, 0.43406, 0.42839575, 0.43548965, 0.45565692, 0.45599052, 0.47335637, 0.43695688, 0.4386027, 0.45734823, 0.44521216, 0.4782323, 0.4795667, 0.4804913, 0.48203674, 0.48307976, 0.4494734, 0.4844444, 0.48570803, 0.48734012], "duration": [43535, 40430, 53624, 43256, 50399, 48510, 46183, 39354, 45647, 39815, 37598, 39115, 52161, 38229, 38726, 46866, 39689, 46378, 40158, 45854, 39619, 46128, 39512, 39443, 38913, 39534, 46499, 39599, 39853, 45500, 39698, 39775, 39296, 52960, 39825, 39851, 40052, 39168, 39579, 39996, 39879, 53755, 40214, 39967, 39848, 39835, 39825, 39823, 40756, 40325]}