{"avg": [0.26285714, 0.2896931, 0.2894392, 0.27673373, 0.2946202, 0.28233588, 0.30794373, 0.30849743, 0.32233796, 0.30165416, 0.29697093, 0.30462962, 0.31607684, 0.2918031, 0.32024643, 0.3114574, 0.29146755, 0.29974782, 0.32379514, 0.3409206, 0.32875815, 0.33410576, 0.3261588, 0.3358016, 0.33673945, 0.3137994, 0.34376273, 0.3412507, 0.3366426, 0.34398827, 0.35198992, 0.3524853, 0.3438375, 0.37752363, 0.33860007, 0.34669352, 0.35199308, 0.34202224, 0.35013595, 0.35859892, 0.34635437, 0.3866431, 0.36190623, 0.35572904, 0.36373556, 0.36857322, 0.38471967, 0.3836176, 0.36469677, 0.37605542], "std": [0.0841156, 0.07409099, 0.06523176, 0.064348124, 0.030446745, 0.079594485, 0.06398515, 0.042952254, 0.0609865, 0.0474775, 0.03887258, 0.039861035, 0.054365866, 0.076718606, 0.060247224, 0.05799248, 0.0654154, 0.030992651, 0.045365736, 0.055517018, 0.046336036, 0.05844071, 0.068681665, 0.033850968, 0.04763879, 0.052175216, 0.055849403, 0.058355447, 0.045179382, 0.042595293, 0.054081406, 0.043611668, 0.044802442, 0.045258917, 0.06659327, 0.03532335, 0.06643469, 0.06269936, 0.06944808, 0.07129182, 0.06613844, 0.06398727, 0.0768596, 0.07122968, 0.06874786, 0.059635356, 0.07924791, 0.077158965, 0.07683953, 0.06761622], "var": [0.98, 0.96, 0.96, 0.94, 0.92, 0.92, 0.9, 0.9, 0.9, 0.88, 0.86, 0.86, 0.82, 0.8, 0.8, 0.78, 0.76, 0.76, 0.74, 0.7, 0.66, 0.68, 0.7, 0.7, 0.68, 0.68, 0.66, 0.64, 0.66, 0.66, 0.64, 0.6, 0.62, 0.6, 0.56, 0.52, 0.52, 0.5, 0.48, 0.46, 0.44, 0.44, 0.48, 0.46, 0.44, 0.42, 0.4, 0.4, 0.4, 0.4], "best": [0.4333333, 0.46222222, 0.36396822, 0.35767195, 0.3570635, 0.45225224, 0.45492423, 0.35871473, 0.4550847, 0.39398494, 0.3527027, 0.3582892, 0.45416665, 0.45497382, 0.45566186, 0.4563063, 0.36282578, 0.36106226, 0.3904762, 0.45540228, 0.45686272, 0.45714283, 0.45830846, 0.39038095, 0.45902392, 0.4592396, 0.45945716, 0.4603758, 0.46034753, 0.46155605, 0.46148792, 0.4611111, 0.46199188, 0.46212122, 0.46333972, 0.4260931, 0.46413958, 0.46526313, 0.46569964, 0.46666667, 0.46612728, 0.46787593, 0.46933743, 0.4703313, 0.47109142, 0.47054598, 0.4723394, 0.4742069, 0.4753721, 0.47667548], "duration": [44143, 41273, 40411, 44878, 39850, 40100, 41107, 41050, 41211, 40238, 40515, 39288, 39556, 47413, 47303, 53947, 46532, 39473, 40874, 48227, 40507, 40636, 41010, 40751, 40823, 47118, 41120, 41260, 41307, 54808, 47945, 41551, 40692, 41391, 47823, 40440, 41162, 40794, 41147, 41467, 41031, 41211, 41328, 40301, 41479, 41515, 41520, 41196, 41158, 40986]}