{"avg": [0.1626984, 0.13928573, 0.19808201, 0.14237213, 0.16018519, 0.22013228, 0.2266402, 0.17001547, 0.22244175, 0.19646126, 0.16746032, 0.20762928, 0.20797151, 0.2049228, 0.16281748, 0.13622186, 0.18984646, 0.11626983, 0.26529303, 0.10089467, 0.12439108, 0.24460058, 0.20674852, 0.20678781, 0.16173062, 0.18296386, 0.20177862, 0.20919313, 0.23357339, 0.17721562, 0.1440248, 0.19726984, 0.20104676, 0.111351274, 0.17278913, 0.19394891, 0.121091165, 0.21095462, 0.14888234, 0.15818451, 0.15626983, 0.16975385, 0.15395513, 0.1280306, 0.24233533, 0.15378022, 0.13437857, 0.12608856, 0.16955085, 0.16251266], "std": [0.0668742, 0.13040753, 0.05653261, 0.08738377, 0.1138135, 0.08968892, 0.1460533, 0.09832988, 0.16053358, 0.12032993, 0.09003172, 0.07998129, 0.11807383, 0.052356295, 0.13238557, 0.07605259, 0.17088902, 0.05220596, 0.0746211, 0.11247124, 0.10223271, 0.08750655, 0.06696167, 0.13200004, 0.08436822, 0.08546183, 0.05033532, 0.11197035, 0.09631461, 0.05139124, 0.11008022, 0.06562943, 0.059658024, 0.055861276, 0.09560057, 0.114342146, 0.13673082, 0.053714782, 0.041246906, 0.1338136, 0.08701133, 0.08890126, 0.09337562, 0.07007825, 0.11578444, 0.043740034, 0.012217415, 0.07724102, 0.10792883, 0.06471383], "var": [1.0, 1.0, 1.0, 1.0, 1.0, 1.0, 1.0, 1.0, 1.0, 1.0, 1.0, 1.0, 1.0, 1.0, 1.0, 1.0, 1.0, 1.0, 1.0, 1.0, 1.0, 1.0, 1.0, 1.0, 1.0, 1.0, 1.0, 1.0, 1.0, 1.0, 1.0, 1.0, 1.0, 1.0, 1.0, 1.0, 1.0, 1.0, 1.0, 1.0, 1.0, 1.0, 1.0, 1.0, 1.0, 1.0, 1.0, 1.0, 1.0, 1.0], "best": [0.26190475, 0.36746034, 0.26746032, 0.2611111, 0.26250002, 0.3574603, 0.39021167, 0.2597561, 0.39371836, 0.35700282, 0.26011905, 0.35706604, 0.35651258, 0.26216218, 0.35607144, 0.2627907, 0.48959628, 0.14421768, 0.35741758, 0.26151517, 0.2586207, 0.35616705, 0.26223958, 0.48796996, 0.23554301, 0.35489324, 0.2603753, 0.3546398, 0.3569665, 0.2611111, 0.26091954, 0.26185185, 0.26207206, 0.14386687, 0.2622449, 0.35751006, 0.35940877, 0.26251957, 0.23765838, 0.35744047, 0.27291927, 0.2611582, 0.27319953, 0.23815286, 0.4856393, 0.23708792, 0.14441149, 0.23972063, 0.35405454, 0.27254304], "duration": [1621, 1530, 2018, 1992, 1493, 1545, 2157, 1557, 1547, 2054, 1540, 1531, 2141, 2131, 2080, 1507, 2102, 1573, 1557, 1444, 1404, 1499, 1515, 1539, 1546, 2100, 2061, 1599, 1546, 1487, 2000, 2116, 1995, 1508, 1990, 2079, 1523, 2167, 1501, 2033, 969, 1536, 1407, 945, 2026, 995, 1509, 959, 1509, 1510]}