{"avg": [0.11666668, 0.15247618, 0.15166667, 0.15662132, 0.16368753, 0.14539476, 0.16074863, 0.15384513, 0.15891732, 0.1507478, 0.15806668, 0.18596168, 0.16204403, 0.16884352, 0.16440177, 0.18468851, 0.16700652, 0.18085164, 0.18193758, 0.187734, 0.17165807, 0.18611082, 0.18672901, 0.19329828, 0.1891822, 0.18691164, 0.18513621, 0.20307808, 0.2090203, 0.20904315, 0.2139364, 0.21563165, 0.20689254, 0.20438638, 0.22329803, 0.22050826, 0.20287877, 0.23588543, 0.21456085, 0.21858554, 0.21294153, 0.2331281, 0.22222108, 0.22514927, 0.19028266, 0.22038989, 0.21837303, 0.23700914, 0.23214406, 0.23027632], "std": [0.04537573, 0.04167876, 0.03207076, 0.039969053, 0.032886013, 0.043992136, 0.032451306, 0.034511264, 0.041181706, 0.034450375, 0.031774122, 0.02851141, 0.040212054, 0.034891006, 0.030879961, 0.02627471, 0.032044474, 0.031781334, 0.028954525, 0.0331286, 0.03444088, 0.037579488, 0.035663642, 0.038666856, 0.041835148, 0.046718005, 0.038504876, 0.040529415, 0.037053645, 0.02743087, 0.032883525, 0.041844543, 0.048238467, 0.041343044, 0.038112417, 0.05372638, 0.048864845, 0.037090413, 0.051970746, 0.05358438, 0.052336957, 0.044405818, 0.048795994, 0.05745784, 0.060266804, 0.0562704, 0.06069505, 0.05106727, 0.05110723, 0.051058467], "var": [0.98, 0.98, 0.98, 0.94, 0.94, 0.94, 0.94, 0.94, 0.92, 0.9, 0.9, 0.92, 0.92, 0.88, 0.88, 0.84, 0.82, 0.82, 0.8, 0.78, 0.78, 0.76, 0.74, 0.74, 0.74, 0.74, 0.76, 0.78, 0.74, 0.74, 0.74, 0.78, 0.76, 0.76, 0.72, 0.72, 0.68, 0.66, 0.68, 0.66, 0.66, 0.62, 0.64, 0.64, 0.64, 0.64, 0.66, 0.62, 0.64, 0.64], "best": [0.2, 0.24333334, 0.17833334, 0.2020635, 0.2322034, 0.23355263, 0.22582418, 0.22730307, 0.23079625, 0.1904762, 0.19342858, 0.23242424, 0.22972865, 0.23494898, 0.19746107, 0.22926983, 0.20927683, 0.23613282, 0.2276851, 0.24009852, 0.22555035, 0.23508929, 0.23635015, 0.23826388, 0.24223602, 0.2427091, 0.2300071, 0.26524726, 0.26788202, 0.25203857, 0.25471058, 0.2718329, 0.25626084, 0.24607843, 0.27635798, 0.27722472, 0.26331285, 0.278001, 0.267694, 0.2687735, 0.28127292, 0.28199732, 0.27302316, 0.28406185, 0.27715117, 0.2842431, 0.2793254, 0.2857435, 0.287588, 0.28853604], "duration": [43128, 39834, 38545, 37624, 50898, 39742, 39066, 37651, 39733, 43404, 38657, 39474, 46246, 38852, 39005, 38654, 39538, 52999, 43774, 39539, 45786, 39407, 43043, 39327, 39391, 39167, 39004, 39137, 59145, 39552, 39489, 39346, 45652, 39305, 39548, 39322, 44892, 45700, 38878, 39472, 38356, 39416, 39336, 45410, 38485, 39472, 39277, 39231, 38981, 39028]}