{"avg": [0.26715505, 0.29766175, 0.3156953, 0.34077784, 0.33992672, 0.35430184, 0.3614497, 0.37764475, 0.3905934, 0.39053488, 0.40414184, 0.40713963, 0.4236554, 0.43129563, 0.43382576, 0.45113868, 0.44673753, 0.46881694, 0.4985404, 0.4902485, 0.50112474, 0.50505203, 0.51687866, 0.5166463, 0.53534085, 0.52188206, 0.52993125, 0.5273784, 0.5721679, 0.53364646, 0.5470469, 0.5540307, 0.567926, 0.55300575, 0.57203203, 0.5594495, 0.5707547, 0.5570584, 0.5920807, 0.58738494, 0.5914143, 0.5995201, 0.5876137, 0.6019347, 0.5754723, 0.567109, 0.6060628, 0.61139613, 0.5927493, 0.5991812], "std": [0.06708221, 0.06272471, 0.053089872, 0.060015056, 0.06008733, 0.061541826, 0.06417853, 0.070518754, 0.068095304, 0.072444834, 0.07102596, 0.06737905, 0.07255886, 0.0744922, 0.08261161, 0.08270765, 0.09822856, 0.096729524, 0.0826786, 0.10264873, 0.09605402, 0.103768006, 0.09623444, 0.10684894, 0.0994571, 0.11472304, 0.110729575, 0.11482127, 0.069930606, 0.11961548, 0.111701295, 0.11234769, 0.10256002, 0.1201411, 0.105722, 0.119396776, 0.11221869, 0.12519693, 0.09265355, 0.10385236, 0.102610976, 0.09587402, 0.11320823, 0.09733598, 0.12979215, 0.13720319, 0.10343417, 0.096098125, 0.12143514, 0.115296416], "var": [0.92, 0.88, 0.82, 0.82, 0.78, 0.72, 0.7, 0.64, 0.56, 0.5, 0.48, 0.5, 0.52, 0.42, 0.36, 0.38, 0.3, 0.26, 0.28, 0.22, 0.14, 0.12, 0.08, 0.06, 0.04, 0.04, 0.06, 0.06, 0.06, 0.06, 0.04, 0.04, 0.04, 0.04, 0.04, 0.04, 0.04, 0.04, 0.04, 0.04, 0.04, 0.04, 0.06, 0.04, 0.04, 0.04, 0.04, 0.04, 0.04, 0.04], "best": [0.4333333, 0.45213675, 0.456962, 0.459887, 0.468125, 0.47152427, 0.47572017, 0.4777385, 0.48389742, 0.4910569, 0.49568048, 0.50154865, 0.5054645, 0.5115749, 0.5178445, 0.523145, 0.5301612, 0.5358296, 0.5430939, 0.5502847, 0.5565416, 0.5627381, 0.56822145, 0.57338417, 0.57871526, 0.58383435, 0.58816165, 0.5919839, 0.5955873, 0.59999996, 0.60302013, 0.60651, 0.6095837, 0.62227184, 0.6156457, 0.61835605, 0.62084204, 0.62341243, 0.62540096, 0.62808484, 0.630599, 0.6329874, 0.6354576, 0.6374225, 0.63948864, 0.640973, 0.6420738, 0.6438176, 0.6456204, 0.64701074], "duration": [165421, 186542, 173267, 197473, 180833, 210863, 169766, 179146, 212270, 172855, 200991, 146784, 153390, 207313, 186930, 179714, 208159, 188277, 188988, 161349, 175039, 181996, 168831, 181893, 154994, 175436, 168195, 202346, 182338, 174904, 195642, 161969, 182651, 168668, 162072, 215026, 201775, 228960, 189429, 188225, 195636, 189034, 229186, 161736, 195570, 195226, 168660, 209266, 175611, 182211]}