{"avg": [0.26031747, 0.28715342, 0.29708436, 0.2930029, 0.29337233, 0.28898343, 0.31064278, 0.320574, 0.31279385, 0.32525286, 0.30525985, 0.29244378, 0.3201743, 0.33420795, 0.29778093, 0.2928145, 0.30129793, 0.30821845, 0.30469286, 0.3213167, 0.33548447, 0.29788977, 0.32741958, 0.3397187, 0.30997294, 0.37347323, 0.29939649, 0.29415157, 0.32851198, 0.3150497, 0.32978442, 0.32291093, 0.30351588, 0.30976927, 0.3373449, 0.3422179, 0.31997958, 0.3493698, 0.35405043, 0.31725398, 0.3251851, 0.35091162, 0.34029722, 0.35577774, 0.32030296, 0.35281867, 0.3591638, 0.3563115, 0.33914492, 0.3554743], "std": [0.086095564, 0.07461725, 0.04982655, 0.043359715, 0.06809336, 0.07510597, 0.052799568, 0.0491792, 0.07701867, 0.06967578, 0.061064214, 0.046805512, 0.06523052, 0.055016633, 0.067765385, 0.07308655, 0.077556126, 0.067795634, 0.056653198, 0.06420641, 0.04764596, 0.06567433, 0.07260581, 0.056462735, 0.07527762, 0.06146708, 0.0633611, 0.060228102, 0.07545944, 0.04964913, 0.06583341, 0.063894294, 0.046795145, 0.0856991, 0.052617323, 0.079202004, 0.07735509, 0.046517298, 0.06368003, 0.093444385, 0.06979522, 0.084376946, 0.059475902, 0.06656427, 0.06323176, 0.06239459, 0.053703673, 0.047266748, 0.06400171, 0.073261425], "var": [0.98, 0.98, 0.98, 0.96, 0.94, 0.94, 0.92, 0.92, 0.88, 0.88, 0.88, 0.86, 0.84, 0.82, 0.82, 0.8, 0.8, 0.8, 0.82, 0.8, 0.8, 0.78, 0.78, 0.76, 0.74, 0.72, 0.74, 0.74, 0.78, 0.78, 0.76, 0.76, 0.76, 0.72, 0.7, 0.68, 0.66, 0.66, 0.68, 0.68, 0.66, 0.68, 0.66, 0.66, 0.62, 0.64, 0.66, 0.66, 0.64, 0.64], "best": [0.4333333, 0.46222222, 0.36396822, 0.3578231, 0.45502642, 0.45609757, 0.40081772, 0.40355125, 0.45456788, 0.4561403, 0.36167526, 0.35859787, 0.455102, 0.45581758, 0.39028823, 0.40608904, 0.45487177, 0.4561212, 0.36393848, 0.40576112, 0.45594108, 0.40806082, 0.45622602, 0.5111937, 0.4573928, 0.5123306, 0.38809523, 0.3617371, 0.45895693, 0.37084246, 0.51378816, 0.4152499, 0.3628818, 0.4162883, 0.41748723, 0.41807082, 0.42050242, 0.4206185, 0.5145098, 0.4598907, 0.42316398, 0.45894244, 0.45942247, 0.4605745, 0.46108684, 0.42544413, 0.46041664, 0.46153495, 0.42694172, 0.4623529], "duration": [43342, 40006, 53161, 43201, 50366, 43944, 46246, 38986, 45606, 40061, 37432, 38451, 46321, 39921, 44898, 38766, 38888, 39888, 39381, 39349, 46183, 39294, 39475, 40352, 39384, 40044, 38953, 44021, 39851, 39193, 40148, 39355, 38472, 39400, 40372, 46043, 39865, 39437, 38673, 38961, 39718, 39400, 39334, 39487, 39215, 39570, 39086, 39460, 39340, 39966]}