{"avg": [0.25305554, 0.27957404, 0.28226608, 0.2826713, 0.282658, 0.28313604, 0.29955253, 0.3063933, 0.2985967, 0.3020595, 0.30054718, 0.29568517, 0.3002332, 0.29703942, 0.30037558, 0.34881943, 0.30929542, 0.32825896, 0.33067653, 0.32680538, 0.34711707, 0.32531378, 0.32164186, 0.3485515, 0.34405816, 0.35285932, 0.36099893, 0.35889953, 0.38571274, 0.36067638, 0.38365296, 0.343961, 0.36327666, 0.38529676, 0.3987256, 0.40137592, 0.37972268, 0.40186802, 0.39865342, 0.38521764, 0.39800262, 0.37606636, 0.3910449, 0.41651848, 0.36940834, 0.36512536, 0.41489533, 0.38866058, 0.41376278, 0.40522924], "std": [0.08049998, 0.07094504, 0.04736993, 0.04201569, 0.068068095, 0.07015609, 0.049018793, 0.0465105, 0.07760174, 0.07295949, 0.07360466, 0.0811318, 0.06602584, 0.05990888, 0.09739303, 0.063477516, 0.044630997, 0.046273146, 0.06519488, 0.060974468, 0.06418604, 0.07338125, 0.052586455, 0.08423258, 0.061498247, 0.073123254, 0.058955736, 0.06863923, 0.06715138, 0.06742988, 0.06925254, 0.08410372, 0.07106599, 0.07297791, 0.0675683, 0.08029276, 0.0818033, 0.073031895, 0.07314684, 0.08084565, 0.066367626, 0.08951148, 0.08858881, 0.07175619, 0.090488374, 0.077819765, 0.06705396, 0.09465299, 0.08590713, 0.08378904], "var": [0.98, 0.98, 0.98, 0.96, 0.94, 0.94, 0.92, 0.92, 0.92, 0.9, 0.88, 0.86, 0.84, 0.82, 0.8, 0.78, 0.76, 0.76, 0.74, 0.74, 0.76, 0.74, 0.72, 0.7, 0.68, 0.64, 0.62, 0.62, 0.62, 0.6, 0.56, 0.56, 0.52, 0.48, 0.46, 0.46, 0.46, 0.44, 0.44, 0.44, 0.44, 0.44, 0.4, 0.38, 0.38, 0.4, 0.4, 0.38, 0.38, 0.38], "best": [0.41666666, 0.44555557, 0.35027775, 0.34413263, 0.43835977, 0.43943092, 0.38653198, 0.38926554, 0.43790123, 0.44000003, 0.44024393, 0.44152543, 0.3934708, 0.44134617, 0.44118944, 0.44222224, 0.3997396, 0.4010949, 0.44535422, 0.4457096, 0.4473712, 0.44849396, 0.4104406, 0.44881275, 0.45036983, 0.45108333, 0.45360577, 0.4537123, 0.45389512, 0.45708606, 0.45767084, 0.46034482, 0.46137252, 0.46227074, 0.4640061, 0.46556744, 0.46917966, 0.47088966, 0.47359058, 0.47517335, 0.4763954, 0.47748092, 0.47821662, 0.4797376, 0.48157394, 0.48272812, 0.48310503, 0.48445642, 0.4860634, 0.48841515], "duration": [43028, 40123, 52922, 42934, 49826, 47769, 45521, 38690, 38277, 39574, 38842, 39730, 38870, 45616, 39120, 39792, 45574, 43717, 39820, 39050, 39359, 39193, 38706, 46689, 39789, 39731, 46165, 39515, 46573, 46229, 47007, 39401, 39454, 46070, 40246, 40502, 39636, 40008, 46127, 40126, 39364, 39766, 39923, 40217, 39249, 39930, 40430, 40576, 40170, 39956]}