{"avg": [0.26031747, 0.2896931, 0.29106933, 0.2902818, 0.29136732, 0.28954366, 0.31222042, 0.30939683, 0.31359893, 0.30235487, 0.30288473, 0.30066806, 0.30018738, 0.31484613, 0.30360666, 0.2829563, 0.29725495, 0.3135041, 0.33401105, 0.3401293, 0.2946104, 0.32486415, 0.3056456, 0.2986928, 0.30914232], "std": [0.08539034, 0.07409099, 0.049248688, 0.041381273, 0.06961222, 0.07456948, 0.055793356, 0.06730144, 0.045467854, 0.052919526, 0.042007837, 0.058992546, 0.067282856, 0.07066504, 0.06408011, 0.07099786, 0.07800393, 0.08205498, 0.058227528, 0.034295622, 0.06702038, 0.07877392, 0.048047375, 0.07863908, 0.08080783], "var": [0.98, 0.98, 0.98, 0.96, 0.94, 0.94, 0.92, 0.92, 0.9, 0.9, 0.86, 0.84, 0.84, 0.84, 0.82, 0.8, 0.8, 0.78, 0.78, 0.78, 0.78, 0.76, 0.76, 0.74, 0.72], "best": [0.4333333, 0.46222222, 0.36396822, 0.3578231, 0.45502642, 0.45609757, 0.40081772, 0.45652172, 0.40556777, 0.4046967, 0.39130434, 0.40519485, 0.3643739, 0.45674798, 0.40568843, 0.404884, 0.4049896, 0.4055736, 0.4079536, 0.4078668, 0.3658272, 0.45914635, 0.40463662, 0.3665733, 0.4071493], "duration": [42693, 39521, 52298, 42712, 49498, 47545, 38924, 38464, 44755, 39080, 38481, 38983, 38000, 38670, 39332, 38288, 38725, 45968, 39224, 45970, 38371, 45607, 38374, 38561, 38703]}