{"avg": [0.26031747, 0.2689881, 0.3048342, 0.26763785, 0.29010108, 0.2799615, 0.2770981, 0.30169308, 0.30870798, 0.2991809, 0.2872612, 0.290946, 0.32060546, 0.31145513, 0.31420478, 0.32464185, 0.30656904, 0.30856335, 0.28318366, 0.32585976, 0.3346743, 0.34124026, 0.34935802, 0.3125891, 0.3421328, 0.31183186, 0.34490168, 0.34060788, 0.32770646, 0.33342993, 0.31055126, 0.3303623, 0.3477575, 0.33940881, 0.33623824, 0.33871827, 0.3353002, 0.34861442, 0.34470603, 0.34530002, 0.36316872, 0.35548285, 0.33156642, 0.37715212, 0.3495975, 0.36345083, 0.35474834, 0.39605337, 0.3727633, 0.34847486], "std": [0.08539034, 0.052823137, 0.05956536, 0.060715776, 0.04946471, 0.062414598, 0.059111074, 0.05759588, 0.050254546, 0.05379194, 0.044878926, 0.047836762, 0.04840341, 0.04857081, 0.064625256, 0.056790177, 0.051286556, 0.06012714, 0.05444209, 0.052221373, 0.064430766, 0.04458396, 0.06658914, 0.046181593, 0.054433595, 0.06118876, 0.06548285, 0.053501826, 0.045333937, 0.04041216, 0.07709268, 0.047841467, 0.061080076, 0.050539594, 0.06403784, 0.07691407, 0.051172394, 0.06778766, 0.049031723, 0.080475196, 0.05946865, 0.07650438, 0.068190575, 0.07265021, 0.0656444, 0.045408256, 0.06855784, 0.054822344, 0.07517341, 0.09088776], "var": [0.98, 0.98, 0.98, 0.98, 0.98, 0.98, 0.98, 0.96, 0.96, 0.96, 0.94, 0.94, 0.92, 0.92, 0.92, 0.92, 0.92, 0.9, 0.88, 0.86, 0.84, 0.8, 0.82, 0.8, 0.82, 0.8, 0.78, 0.76, 0.76, 0.74, 0.72, 0.7, 0.68, 0.68, 0.66, 0.64, 0.66, 0.66, 0.66, 0.62, 0.6, 0.6, 0.6, 0.6, 0.58, 0.58, 0.58, 0.6, 0.62, 0.6], "best": [0.4333333, 0.34952378, 0.44946232, 0.35744047, 0.38635394, 0.3894678, 0.36925974, 0.44871795, 0.3898629, 0.45057473, 0.35, 0.3899679, 0.4517182, 0.39120528, 0.45206487, 0.452517, 0.38440564, 0.45434782, 0.36290297, 0.45465365, 0.45531693, 0.45562074, 0.4562441, 0.3863337, 0.45794472, 0.39476192, 0.45833334, 0.4591398, 0.4595238, 0.42196223, 0.46022174, 0.46127942, 0.4614786, 0.4241689, 0.4412407, 0.4629762, 0.4633623, 0.46344087, 0.44284144, 0.4638172, 0.4649371, 0.46584865, 0.46646646, 0.46642265, 0.46819484, 0.4681139, 0.46830824, 0.46911764, 0.47050607, 0.47172236], "duration": [43348, 43081, 46953, 45747, 45792, 50626, 38827, 44644, 39621, 39899, 42965, 39725, 44126, 46408, 46025, 46452, 39825, 50926, 39060, 40409, 40502, 40248, 44692, 40062, 40555, 43670, 40355, 39647, 44579, 40207, 43055, 54895, 39851, 44859, 50853, 40009, 44304, 44580, 40280, 47065, 40306, 49047, 48814, 40152, 39974, 44521, 51560, 44757, 40404, 44225]}