{"avg": [0.33274177, 0.3517746, 0.42552644, 0.45816603, 0.44187734, 0.48930585, 0.521403, 0.50481, 0.5353842, 0.5409936, 0.5449187, 0.5468857, 0.5816272, 0.5855164, 0.58910954, 0.5930549, 0.59749043, 0.60058016, 0.60399187, 0.60783464, 0.6121436, 0.6157695, 0.6195646, 0.6230413, 0.62544286, 0.62791276, 0.6300518, 0.6329739, 0.6351528, 0.637274, 0.63933396, 0.64124954, 0.64280885, 0.64427847, 0.6456658, 0.6470414, 0.6484006, 0.649513, 0.65078825, 0.65194136, 0.6530345, 0.6538875, 0.6547944, 0.65566087, 0.6564901, 0.65736115, 0.6580817, 0.65884566, 0.6596117, 0.6602469, 0.6609536, 0.6616612, 0.6622524, 0.6628503, 0.6634524, 0.66405797, 0.66458994, 0.6650553, 0.66555244, 0.6659653, 0.6664541, 0.66694665, 0.6673405, 0.6677827, 0.6681718, 0.66854954, 0.6689527, 0.66934276, 0.6697042, 0.67002195, 0.6703635, 0.6706801, 0.67100334, 0.67134744, 0.6716807], "std": [0.24411547, 0.24135296, 0.20817156, 0.18427587, 0.19954474, 0.16983433, 0.12000534, 0.16929395, 0.11885172, 0.12497791, 0.12273974, 0.13265899, 0.0022451892, 0.002448548, 0.0026775703, 0.0032413725, 0.0023951007, 0.0030979181, 0.0031156493, 0.0024365287, 0.00251079, 0.0023355128, 0.0019303499, 0.0008776792, 0.0025191833, 0.0029556286, 0.00292504, 5.9604645e-08, 0.0, 1.7881393e-07, 1.7881393e-07, 5.9604645e-08, 5.9604645e-08, 5.9604645e-08, 5.9604645e-08, 0.0, 1.1920929e-07, 2.3841858e-07, 0.0, 1.1920929e-07, 1.1920929e-07, 5.9604645e-08, 1.1920929e-07, 5.9604645e-08, 1.7881393e-07, 5.9604645e-08, 5.9604645e-08, 5.9604645e-08, 0.0, 0.0, 0.0, 5.9604645e-08, 0.0, 1.1920929e-07, 2.3841858e-07, 5.9604645e-08, 5.9604645e-08, 0.0, 1.7881393e-07, 1.7881393e-07, 1.1920929e-07, 1.1920929e-07, 1.7881393e-07, 5.9604645e-08, 0.0, 0.0, 2.3841858e-07, 5.9604645e-08, 1.7881393e-07, 5.9604645e-08, 1.1920929e-07, 0.0, 0.0, 2.3841858e-07, 2.3841858e-07], "var": [1.0, 1.0, 1.0, 1.0, 1.0, 1.0, 1.0, 1.0, 1.0, 1.0, 1.0, 0.88, 0.8, 0.8, 0.64, 0.56, 0.6, 0.6, 0.48, 0.32, 0.24, 0.12, 0.12, 0.08, 0.08, 0.08, 0.04, 0.04, 0.04, 0.04, 0.04, 0.04, 0.04, 0.04, 0.04, 0.04, 0.04, 0.04, 0.04, 0.04, 0.04, 0.04, 0.04, 0.04, 0.04, 0.04, 0.04, 0.04, 0.04, 0.04, 0.04, 0.04, 0.04, 0.04, 0.04, 0.04, 0.04, 0.04, 0.04, 0.04, 0.04, 0.04, 0.04, 0.04, 0.04, 0.04, 0.04, 0.04, 0.04, 0.04, 0.04, 0.04, 0.04, 0.04, 0.04], "best": [0.55102044, 0.56220055, 0.56276643, 0.5646568, 0.5664425, 0.56811225, 0.57043153, 0.5731069, 0.5743593, 0.5773827, 0.5799256, 0.5833608, 0.5860853, 0.58941, 0.59276754, 0.59646684, 0.59978455, 0.60358554, 0.606626, 0.60998017, 0.6136344, 0.61697924, 0.61998594, 0.6232427, 0.62600625, 0.62862957, 0.63070583, 0.63297397, 0.6351528, 0.6372742, 0.63933414, 0.6412495, 0.6428088, 0.6442784, 0.64566576, 0.6470414, 0.6484007, 0.64951277, 0.65078825, 0.6519415, 0.6530346, 0.65388745, 0.6547943, 0.6556609, 0.6564899, 0.6573612, 0.65808165, 0.6588456, 0.6596117, 0.6602469, 0.6609536, 0.66166127, 0.6622524, 0.6628502, 0.6634526, 0.664058, 0.66459, 0.6650553, 0.6655526, 0.6659655, 0.66645396, 0.66694677, 0.6673407, 0.66778266, 0.6681718, 0.66854954, 0.66895247, 0.6693427, 0.669704, 0.6700219, 0.6703636, 0.6706801, 0.67100334, 0.6713472, 0.6716809], "duration": [24525, 14390, 14387, 33322, 14378, 5042, 14205, 9200, 15001, 19728, 4378, 4596, 5319, 5168, 6062, 4353, 7639, 4055, 5065, 5023, 3997, 4758, 5847, 4567, 4515, 5903, 4685, 5414, 6365, 5047, 5282, 4724, 5003, 5360, 4610, 4586, 5579, 5985, 4698, 5488, 4717, 4430, 4362, 4772, 5086, 4339, 4633, 4320, 5019, 7284, 5915, 7055, 5616, 5691, 7672, 4740, 4619, 4262, 4042, 5492, 4505, 5247, 7508, 4190, 4931, 4300, 5919, 6544, 5090, 4603, 5509, 6958, 5047, 4649, 5589]}