{"avg": [0.26031747, 0.2896931, 0.29507932, 0.2902818, 0.2893623, 0.29346523, 0.30745852, 0.31447616, 0.3135989, 0.30235487, 0.3048309, 0.2974026, 0.29619712, 0.30996224, 0.302758, 0.27997556, 0.28685406, 0.30914983, 0.33001414, 0.34147263, 0.29739487, 0.3278725, 0.3477453, 0.3063103, 0.30026454, 0.32542208, 0.33553246, 0.2991528, 0.33751094, 0.34366164, 0.3214067, 0.32279104, 0.35278714, 0.31459644, 0.3430946, 0.34303784, 0.3385606, 0.32617444, 0.3355486, 0.3224584, 0.3386013, 0.3451399, 0.34625906, 0.37618873, 0.35163322, 0.3695752, 0.32997894, 0.36139506, 0.34055206, 0.3568862, 0.37355784, 0.3838585, 0.3610233, 0.3827555, 0.35188305, 0.39159992, 0.37911046, 0.37677744, 0.40184176, 0.3651157, 0.38455522, 0.4164854, 0.3824106, 0.38281566, 0.40484068, 0.37475473, 0.3890576, 0.37278208, 0.40327471, 0.410522, 0.386336, 0.40001416, 0.40380704, 0.41348842, 0.41417566], "std": [0.086095564, 0.07409099, 0.048330657, 0.041381273, 0.07199143, 0.07818127, 0.053993143, 0.067567274, 0.048353277, 0.050354477, 0.043167427, 0.05437303, 0.06952713, 0.07270244, 0.055333722, 0.067375414, 0.07000706, 0.069110096, 0.05445674, 0.031372238, 0.07328338, 0.08216868, 0.047636393, 0.08033453, 0.08346893, 0.067547284, 0.054232795, 0.07141816, 0.046255957, 0.053952567, 0.07491614, 0.06199161, 0.05412613, 0.09453538, 0.045871057, 0.05858, 0.05472255, 0.0880418, 0.052081894, 0.055297233, 0.08549193, 0.047974214, 0.044813354, 0.04624561, 0.08470388, 0.054880466, 0.07823143, 0.05411473, 0.054072574, 0.086076364, 0.03789505, 0.054432705, 0.07067732, 0.039375503, 0.10126276, 0.061651222, 0.061150957, 0.07498534, 0.05664562, 0.06919687, 0.07483167, 0.049975894, 0.07243396, 0.06001282, 0.067163885, 0.07150941, 0.0667654, 0.07688543, 0.041972853, 0.063321814, 0.07196395, 0.045509942, 0.07249491, 0.06770403, 0.061095804], "var": [0.98, 0.98, 0.98, 0.96, 0.94, 0.94, 0.92, 0.92, 0.9, 0.9, 0.86, 0.84, 0.84, 0.84, 0.82, 0.8, 0.8, 0.78, 0.78, 0.78, 0.8, 0.82, 0.82, 0.78, 0.76, 0.74, 0.74, 0.76, 0.76, 0.76, 0.76, 0.72, 0.72, 0.7, 0.68, 0.68, 0.66, 0.66, 0.64, 0.64, 0.62, 0.6, 0.62, 0.58, 0.58, 0.58, 0.58, 0.54, 0.54, 0.52, 0.5, 0.5, 0.48, 0.46, 0.46, 0.48, 0.46, 0.46, 0.46, 0.44, 0.42, 0.44, 0.42, 0.42, 0.4, 0.42, 0.42, 0.42, 0.44, 0.48, 0.48, 0.48, 0.48, 0.46, 0.42], "best": [0.4333333, 0.46222222, 0.36396822, 0.3578231, 0.45502642, 0.45609757, 0.40081772, 0.45652172, 0.40556777, 0.3899217, 0.39130434, 0.3657738, 0.36649027, 0.4547967, 0.3919414, 0.36835572, 0.361051, 0.40153322, 0.40675887, 0.40865508, 0.4091575, 0.45294714, 0.4534113, 0.41204485, 0.41275004, 0.39385283, 0.45311716, 0.4153249, 0.41551745, 0.45290175, 0.41802135, 0.4190874, 0.4534402, 0.45391583, 0.39702606, 0.45410538, 0.4133726, 0.42263356, 0.42280236, 0.42345652, 0.42459556, 0.42527533, 0.42711017, 0.4281663, 0.45335278, 0.43099976, 0.3918576, 0.43245515, 0.4177965, 0.4348187, 0.436023, 0.47348568, 0.47369194, 0.44048485, 0.47475794, 0.47516692, 0.47564316, 0.47635153, 0.4770827, 0.44751012, 0.47797367, 0.4784738, 0.4788666, 0.45257494, 0.479645, 0.45450315, 0.48126304, 0.48247585, 0.4827915, 0.483657, 0.50892097, 0.4589813, 0.509986, 0.51117665, 0.46520877], "duration": [43260, 40075, 53121, 43014, 50363, 44215, 39603, 38837, 45417, 39234, 38987, 38190, 38226, 39103, 39767, 38539, 38976, 46289, 39341, 46347, 39339, 46163, 39675, 39511, 38799, 39658, 39002, 45288, 39881, 40074, 39455, 52435, 39936, 39411, 39473, 39984, 39753, 39601, 52935, 39370, 39611, 39149, 39690, 46900, 39774, 40478, 39919, 39389, 39715, 39572, 40233, 46145, 40329, 40089, 39902, 39636, 40012, 39625, 39779, 39177, 53469, 39737, 40063, 39523, 40161, 47037, 40420, 38968, 47181, 39926, 40663, 46984, 40184, 40280, 46317]}