{"avg": [0.2679048, 0.29029906, 0.29218474, 0.2888584, 0.28867385, 0.28924957, 0.29248828, 0.29102668, 0.2976181, 0.29834887, 0.30149415, 0.3033337, 0.30875236, 0.30789977, 0.31263146, 0.3138154, 0.32280022, 0.3237482, 0.329049, 0.3303164, 0.3302026, 0.33360696, 0.34287086, 0.3448046, 0.34806365, 0.35002032, 0.35543987, 0.3561509, 0.36022857, 0.357532, 0.35956925, 0.35904002, 0.35674176, 0.36043894, 0.3632187, 0.37000802, 0.37422517, 0.37844425, 0.3804716, 0.38558847, 0.39306086, 0.39198095, 0.38930115, 0.39492905, 0.3992996, 0.39793727, 0.40140793, 0.4003401, 0.40230086, 0.4034819], "std": [0.063772626, 0.065573536, 0.06081091, 0.065548226, 0.06688415, 0.065745756, 0.061078608, 0.06285049, 0.06192919, 0.06251676, 0.06598241, 0.06779639, 0.0657396, 0.06752573, 0.06747951, 0.070613995, 0.06495118, 0.06507493, 0.06674187, 0.06953049, 0.07689901, 0.076084144, 0.06856559, 0.06903916, 0.06637568, 0.06777436, 0.06395818, 0.0648061, 0.063010395, 0.065779045, 0.06544356, 0.06671454, 0.073121905, 0.07771291, 0.06803955, 0.062385272, 0.05543736, 0.052683778, 0.05170924, 0.04341745, 0.039983567, 0.043022778, 0.05005238, 0.040597044, 0.03713962, 0.04006711, 0.036087908, 0.03563156, 0.036297537, 0.036395583], "var": [1.0, 1.0, 1.0, 0.98, 0.96, 0.98, 0.98, 0.96, 0.94, 0.9, 0.9, 0.9, 0.88, 0.86, 0.84, 0.82, 0.8, 0.78, 0.78, 0.76, 0.76, 0.76, 0.76, 0.76, 0.76, 0.72, 0.7, 0.68, 0.66, 0.64, 0.66, 0.66, 0.68, 0.68, 0.64, 0.62, 0.58, 0.58, 0.58, 0.54, 0.54, 0.56, 0.54, 0.52, 0.52, 0.52, 0.52, 0.52, 0.52, 0.52], "best": [0.4333333, 0.44999996, 0.44999996, 0.45022222, 0.45049998, 0.4505333, 0.45033333, 0.45019045, 0.44991663, 0.45014814, 0.45033333, 0.4510909, 0.4521111, 0.45297435, 0.45366666, 0.45439997, 0.45512497, 0.45596075, 0.4567037, 0.4576491, 0.45853332, 0.45942855, 0.4603939, 0.46156523, 0.46280554, 0.4639733, 0.46505126, 0.46604934, 0.46716666, 0.4681839, 0.46906665, 0.46989247, 0.47066665, 0.4713737, 0.47215685, 0.4728762, 0.47366667, 0.47441438, 0.47512278, 0.47579488, 0.47654998, 0.47743085, 0.47826982, 0.47903875, 0.47977272, 0.48057774, 0.48133335, 0.4821702, 0.48297223, 0.4837415], "duration": [99337, 100484, 100852, 98316, 98522, 96717, 98667, 98119, 96640, 100190, 100614, 101084, 101955, 102081, 107073, 107055, 107456, 108371, 107589, 108808, 103850, 105027, 108696, 109299, 108926, 107483, 108446, 108243, 108372, 108681, 108727, 107594, 104023, 105598, 107273, 108369, 110122, 110052, 109527, 110449, 110743, 110624, 110503, 110714, 111059, 110934, 111336, 111244, 111264, 110861]}