{"avg": [0.25777778, 0.3055873, 0.29011342, 0.2895166, 0.27417812, 0.28942248, 0.29786044, 0.29932615, 0.29667294, 0.32268694, 0.28972983, 0.30444252, 0.29627845, 0.29864246, 0.29616293, 0.28731367, 0.29929727, 0.30099633, 0.29223624, 0.29725724, 0.32398877, 0.30963552, 0.32362196, 0.31455243, 0.30989257, 0.29923204, 0.28271565, 0.3179212, 0.30309364, 0.29445127, 0.32841024, 0.32695085, 0.3098532, 0.32872167, 0.3181222, 0.31772965, 0.3433817, 0.31748158, 0.332419, 0.3241589, 0.33888632, 0.35189867, 0.33048782, 0.33527192, 0.3543841, 0.35877734, 0.3573334, 0.34066916, 0.3188904, 0.33596423], "std": [0.08572956, 0.056527168, 0.046436932, 0.061513864, 0.06133542, 0.06750575, 0.04471644, 0.047718715, 0.045298703, 0.060633548, 0.040427152, 0.049626194, 0.05310952, 0.04342955, 0.048353024, 0.054077897, 0.054916184, 0.06315538, 0.05442166, 0.06168913, 0.06052056, 0.07011604, 0.054309275, 0.05957941, 0.048642218, 0.066745155, 0.08465746, 0.052516915, 0.074942715, 0.041810725, 0.043547638, 0.04254803, 0.05910089, 0.043666594, 0.04836123, 0.06134438, 0.03581192, 0.0387083, 0.07498021, 0.044435047, 0.052977394, 0.038528617, 0.057078622, 0.077828035, 0.033140574, 0.04178731, 0.060100757, 0.053655364, 0.08059648, 0.07355748], "var": [0.98, 0.98, 0.98, 0.98, 0.98, 0.96, 0.94, 0.92, 0.9, 0.92, 0.92, 0.92, 0.9, 0.88, 0.88, 0.86, 0.84, 0.84, 0.82, 0.8, 0.8, 0.78, 0.78, 0.76, 0.74, 0.76, 0.74, 0.74, 0.74, 0.72, 0.72, 0.68, 0.66, 0.64, 0.6, 0.58, 0.6, 0.56, 0.56, 0.56, 0.56, 0.54, 0.54, 0.54, 0.52, 0.5, 0.48, 0.48, 0.46, 0.44], "best": [0.4333333, 0.46222222, 0.34857145, 0.3587662, 0.34439063, 0.45090088, 0.35989416, 0.38683736, 0.35776225, 0.44844124, 0.3597431, 0.38937727, 0.36278465, 0.39119408, 0.39214507, 0.36124226, 0.39236522, 0.39434525, 0.39508054, 0.3957027, 0.39731744, 0.44679284, 0.44764766, 0.4, 0.40311804, 0.36099946, 0.3622876, 0.40178284, 0.40266398, 0.35862693, 0.40301898, 0.40398836, 0.4040816, 0.404107, 0.40419158, 0.40470064, 0.4047024, 0.36617887, 0.44717515, 0.3671397, 0.4044931, 0.40560046, 0.44732007, 0.44770458, 0.40705237, 0.40767083, 0.44796634, 0.4091575, 0.40956876, 0.41043472], "duration": [43036, 39717, 39029, 43524, 39076, 39150, 39715, 39814, 38986, 39135, 42878, 39761, 38989, 39576, 39432, 37912, 39501, 39006, 39887, 39347, 39920, 38940, 46905, 46632, 45957, 38600, 38687, 39359, 38976, 39389, 39041, 39760, 46061, 46226, 39024, 38681, 45659, 39060, 39551, 38981, 39510, 39668, 38621, 39735, 39628, 39751, 39732, 39392, 39143, 39516]}