{"avg": [0.26813188, 0.3001923, 0.3190711, 0.32191038, 0.3333064, 0.35489517, 0.36767185, 0.3998428, 0.39739394, 0.40936017, 0.40471798, 0.4057831, 0.43932772, 0.47598124, 0.46440023, 0.48039111, 0.49885473, 0.55307275, 0.5499654, 0.54712844, 0.57180643, 0.57767403, 0.5716982, 0.57884884, 0.5935363, 0.5786503, 0.590164, 0.59074175, 0.60305333, 0.6263753, 0.6040299, 0.60809237, 0.5814101, 0.58534884, 0.58186954, 0.5941828, 0.5568142, 0.55329734, 0.59831774, 0.5799542, 0.5918006, 0.58378357, 0.5807468, 0.5990225, 0.6009668, 0.59771585, 0.6278316, 0.6047613, 0.5873525, 0.6052793], "std": [0.06789514, 0.06252332, 0.059921768, 0.061780546, 0.06125104, 0.08098833, 0.078806415, 0.06652669, 0.07962216, 0.088929154, 0.09241329, 0.12162661, 0.1117533, 0.08662622, 0.12666015, 0.12587501, 0.11927193, 0.065631874, 0.09446257, 0.10974442, 0.10454546, 0.11206062, 0.12632713, 0.12880063, 0.121297054, 0.13811786, 0.13822703, 0.14147426, 0.13294744, 0.11001144, 0.142537, 0.14087528, 0.16382994, 0.16045512, 0.16285768, 0.1540926, 0.17643158, 0.17166817, 0.14814198, 0.15999524, 0.16052133, 0.16499634, 0.16580035, 0.15787965, 0.15702678, 0.16125806, 0.14144295, 0.15802194, 0.17017609, 0.1577455], "var": [0.92, 0.9, 0.86, 0.8, 0.78, 0.74, 0.66, 0.66, 0.56, 0.5, 0.48, 0.4, 0.36, 0.38, 0.32, 0.24, 0.2, 0.16, 0.14, 0.16, 0.1, 0.08, 0.08, 0.08, 0.06, 0.06, 0.04, 0.04, 0.04, 0.04, 0.04, 0.04, 0.04, 0.04, 0.04, 0.04, 0.08, 0.08, 0.06, 0.04, 0.06, 0.06, 0.08, 0.06, 0.04, 0.04, 0.04, 0.04, 0.06, 0.12], "best": [0.4333333, 0.45213675, 0.5097649, 0.46166667, 0.46523514, 0.46733, 0.52541, 0.53304523, 0.5418929, 0.5493339, 0.50614476, 0.5623962, 0.56764114, 0.5741229, 0.5839631, 0.5904762, 0.5977631, 0.6041827, 0.61359394, 0.6206476, 0.6265581, 0.63331044, 0.6391929, 0.6441663, 0.64885193, 0.65338796, 0.6570644, 0.6605429, 0.6645266, 0.66811293, 0.6721258, 0.67505836, 0.6776146, 0.6792643, 0.6807596, 0.68238574, 0.6839087, 0.6844513, 0.68489915, 0.6863157, 0.68720084, 0.68830985, 0.68912953, 0.6899808, 0.69092625, 0.6919666, 0.692925, 0.6943781, 0.69531053, 0.69590616], "duration": [166040, 177454, 197540, 193320, 188820, 178296, 172334, 181713, 174230, 147792, 167109, 161072, 167139, 203278, 167966, 176368, 189694, 203751, 238071, 204047, 197519, 183528, 177038, 217748, 163370, 183773, 176288, 230258, 230809, 177141, 203941, 162586, 149348, 170157, 183721, 156517, 195436, 155154, 192440, 168405, 155110, 196323, 216485, 162067, 195588, 168647, 169243, 196005, 180587, 195158]}