{"avg": [0.23814815, 0.27244446, 0.268366, 0.25450858, 0.27701166, 0.26088318, 0.27001566, 0.26109412, 0.26470223, 0.2699622, 0.27116472, 0.29149795, 0.29476044, 0.2936401, 0.2847112, 0.30791706, 0.29823714, 0.29952338, 0.304947, 0.27691653, 0.27864993, 0.29806736, 0.31444934, 0.29100665, 0.30658036, 0.31202522, 0.3089665, 0.28443745, 0.30802488, 0.29840836, 0.32504332, 0.32213408, 0.318695, 0.3080844, 0.3269956, 0.34714782, 0.32288176, 0.32924083, 0.3526734, 0.33731878, 0.34078068, 0.3353744, 0.3221808, 0.3453182, 0.33550265, 0.35470134, 0.35566902, 0.35781956, 0.32858086, 0.34057468], "std": [0.07316667, 0.06548986, 0.05019225, 0.05758598, 0.060346514, 0.061204545, 0.06159919, 0.04292676, 0.07272533, 0.07287693, 0.040833604, 0.043813147, 0.050190456, 0.057745636, 0.07475671, 0.0541962, 0.048416145, 0.04874387, 0.039218713, 0.07845298, 0.057342432, 0.07256074, 0.03758749, 0.061430678, 0.057658333, 0.056112885, 0.054618314, 0.072960846, 0.06342497, 0.058354866, 0.040426727, 0.051118594, 0.05313318, 0.05638132, 0.0652341, 0.057190925, 0.06166361, 0.04414766, 0.07031988, 0.044732653, 0.057462614, 0.069488846, 0.07149024, 0.052678715, 0.07412701, 0.06638695, 0.059710946, 0.05536321, 0.051765863, 0.06215152], "var": [0.98, 0.98, 0.98, 0.98, 0.98, 0.98, 0.98, 0.98, 0.96, 0.94, 0.94, 0.94, 0.94, 0.92, 0.92, 0.9, 0.88, 0.88, 0.88, 0.88, 0.86, 0.86, 0.84, 0.84, 0.8, 0.82, 0.8, 0.8, 0.8, 0.8, 0.8, 0.8, 0.8, 0.78, 0.74, 0.7, 0.7, 0.7, 0.68, 0.68, 0.68, 0.66, 0.64, 0.6, 0.58, 0.58, 0.58, 0.58, 0.56, 0.56], "best": [0.38888887, 0.41777778, 0.33777776, 0.32115838, 0.4107468, 0.41239312, 0.4048387, 0.3229358, 0.41254482, 0.40644768, 0.32127193, 0.36400533, 0.4124616, 0.37138045, 0.37160492, 0.41381642, 0.40883937, 0.40969583, 0.41648746, 0.41725048, 0.36498204, 0.41729912, 0.36890838, 0.41098693, 0.4115111, 0.41865078, 0.37614378, 0.37620544, 0.41926095, 0.37336993, 0.3740938, 0.41938677, 0.37578487, 0.41122976, 0.4661673, 0.46709013, 0.4217519, 0.41255, 0.46956518, 0.37739837, 0.42475787, 0.4721878, 0.41505292, 0.47362962, 0.47450697, 0.4751883, 0.47659278, 0.47782293, 0.42060122, 0.4795238], "duration": [43107, 39840, 44956, 43815, 46846, 39233, 39840, 39032, 38268, 39678, 38717, 40030, 44824, 52828, 39531, 40453, 39981, 39703, 40023, 39211, 45873, 40275, 39736, 46178, 47109, 40175, 40258, 39564, 46665, 39792, 40551, 40364, 46831, 53664, 46492, 40478, 39174, 40269, 40460, 40610, 40601, 40642, 40597, 39656, 40499, 40527, 47198, 40335, 39578, 40072]}