{"avg": [0.27333334, 0.30059257, 0.3054386, 0.30400065, 0.30561122, 0.31083214, 0.32542974, 0.33654037, 0.32763982, 0.34367687, 0.32277682, 0.3092593, 0.33078942, 0.3505274, 0.31975514, 0.31398565, 0.3156781, 0.32916862, 0.32034993, 0.30783394, 0.34878838, 0.31735483, 0.35954475, 0.36629376, 0.34310475, 0.3550168, 0.34353772, 0.3604926, 0.3803242, 0.35875776, 0.34239566, 0.3512952, 0.3539683, 0.3400775, 0.34812185, 0.34630504, 0.34722736, 0.3837187, 0.34833243, 0.34526306, 0.36625925, 0.35889706, 0.38865533, 0.39116985, 0.37925944, 0.36550632, 0.3593151, 0.40117306, 0.3874059, 0.37959528], "std": [0.090226054, 0.07882455, 0.04947797, 0.04355961, 0.07558873, 0.07890176, 0.055273276, 0.05135639, 0.08121469, 0.06854243, 0.06624097, 0.044993103, 0.06793859, 0.057952523, 0.07385017, 0.07405062, 0.07431916, 0.061839923, 0.060884845, 0.095694214, 0.05771001, 0.07679849, 0.06349417, 0.048008278, 0.081381865, 0.05547365, 0.071977966, 0.070585795, 0.06254505, 0.058548734, 0.07319502, 0.08311293, 0.06206074, 0.06688634, 0.07903842, 0.05460436, 0.07924757, 0.050265327, 0.065052584, 0.070124455, 0.076828286, 0.07396245, 0.072026655, 0.06583734, 0.06108682, 0.07092493, 0.06996366, 0.060090743, 0.06762677, 0.07330274], "var": [0.98, 0.98, 0.98, 0.96, 0.94, 0.94, 0.92, 0.92, 0.88, 0.88, 0.88, 0.86, 0.84, 0.82, 0.82, 0.8, 0.8, 0.82, 0.82, 0.8, 0.8, 0.78, 0.76, 0.76, 0.74, 0.76, 0.74, 0.7, 0.7, 0.7, 0.66, 0.66, 0.7, 0.7, 0.68, 0.64, 0.64, 0.66, 0.64, 0.64, 0.66, 0.62, 0.6, 0.62, 0.64, 0.66, 0.62, 0.62, 0.62, 0.6], "best": [0.45555553, 0.4844444, 0.38222227, 0.3760771, 0.47724864, 0.47831976, 0.41986534, 0.42259887, 0.47679007, 0.47836253, 0.38179386, 0.3768519, 0.47732422, 0.47803977, 0.40774858, 0.42513666, 0.47735038, 0.47870705, 0.38275465, 0.42480874, 0.47900453, 0.42781126, 0.4793103, 0.48003042, 0.48066488, 0.48116425, 0.4365462, 0.48175707, 0.48305926, 0.48352656, 0.4409283, 0.4839809, 0.44372126, 0.44523355, 0.44601992, 0.44706595, 0.4474087, 0.48368588, 0.4338249, 0.45602608, 0.48387036, 0.45100155, 0.48433432, 0.48487517, 0.4548851, 0.46132958, 0.46170798, 0.48485115, 0.48502922, 0.4857531], "duration": [43101, 39946, 52936, 42922, 49963, 47929, 45934, 38735, 44938, 39923, 37407, 38252, 45967, 39945, 45006, 38752, 38638, 39855, 39382, 38536, 46167, 39485, 38709, 39995, 39002, 45768, 45819, 46445, 39533, 39234, 38757, 38905, 39042, 39179, 39561, 39506, 39562, 39973, 39715, 39072, 46033, 53557, 39620, 39200, 39540, 39741, 58525, 39920, 39652, 46125]}