{"avg": [0.30122453, 0.32803628, 0.3381024, 0.33146605, 0.33094642, 0.33353442, 0.35176468, 0.36385334, 0.3563443, 0.3739777, 0.34969792, 0.33484975, 0.36078715, 0.38021395, 0.34618467, 0.34183463, 0.34808686, 0.35948625, 0.33993933, 0.3674836, 0.38096952, 0.34426945, 0.3421727, 0.34858137, 0.35576028, 0.3669056, 0.35801157, 0.35489172, 0.38790545, 0.36057183, 0.39739242, 0.38670948, 0.37957972, 0.36496904, 0.40494755, 0.38173425, 0.37867016, 0.4271881, 0.40189505, 0.39843622, 0.43538162, 0.3771341, 0.42395532, 0.37711042, 0.40284243, 0.38282573, 0.39969635, 0.39138544, 0.42462346, 0.4193096], "std": [0.097427115, 0.08365046, 0.05736414, 0.047377333, 0.083450034, 0.08328855, 0.059129477, 0.05709504, 0.087309144, 0.07307845, 0.07145747, 0.05489215, 0.07382625, 0.062043622, 0.07980024, 0.079842, 0.0824242, 0.06624123, 0.06492646, 0.072446086, 0.054380953, 0.07986878, 0.062676154, 0.07245702, 0.086151116, 0.06751964, 0.08914399, 0.043161876, 0.072769776, 0.059202425, 0.048261266, 0.061019827, 0.03968377, 0.075121775, 0.057342827, 0.08980917, 0.06843294, 0.059926137, 0.06829109, 0.06211207, 0.05595073, 0.055078328, 0.06839583, 0.08755889, 0.051646885, 0.07162381, 0.08513073, 0.07543884, 0.067382134, 0.07492662], "var": [0.98, 0.98, 0.98, 0.96, 0.94, 0.94, 0.92, 0.92, 0.88, 0.88, 0.88, 0.86, 0.84, 0.82, 0.82, 0.8, 0.8, 0.8, 0.82, 0.8, 0.8, 0.78, 0.78, 0.78, 0.76, 0.74, 0.72, 0.7, 0.7, 0.7, 0.72, 0.72, 0.72, 0.7, 0.7, 0.66, 0.68, 0.68, 0.7, 0.68, 0.66, 0.64, 0.62, 0.64, 0.64, 0.64, 0.64, 0.66, 0.68, 0.68], "best": [0.49999997, 0.52476186, 0.4119728, 0.40670553, 0.5185941, 0.5195122, 0.45784375, 0.46018678, 0.518201, 0.51954883, 0.4116056, 0.4119728, 0.5186588, 0.5192722, 0.4488185, 0.46236202, 0.5186813, 0.5198441, 0.41174886, 0.46208096, 0.51991886, 0.46405214, 0.41399246, 0.44870004, 0.5193957, 0.4654592, 0.46657184, 0.41598874, 0.51934856, 0.414509, 0.46829584, 0.5194003, 0.44841272, 0.51974624, 0.519936, 0.5814694, 0.48001733, 0.5819132, 0.582595, 0.52103555, 0.5211923, 0.479921, 0.58351433, 0.5841889, 0.4798842, 0.5217573, 0.5218464, 0.52202773, 0.5224888, 0.58495253], "duration": [43302, 40068, 52922, 43120, 49866, 47870, 45686, 38666, 45057, 39914, 37661, 38367, 45936, 39910, 44896, 38812, 40473, 39967, 39135, 39048, 46300, 39172, 39795, 45720, 38810, 39339, 39045, 37586, 38907, 39086, 39338, 39691, 39276, 52302, 39205, 39399, 39174, 39930, 60657, 46570, 39668, 39475, 60313, 40068, 39568, 46152, 46642, 39950, 40098, 39661]}