{"avg": [0.25777778, 0.28715342, 0.29507932, 0.2902818, 0.2893623, 0.2867425, 0.31064278, 0.320574, 0.31279385, 0.32797393, 0.30798092, 0.29958662, 0.3154124, 0.33420795, 0.3049238, 0.29746783, 0.3035617, 0.3168365, 0.29827654, 0.30614364, 0.3253087, 0.3168659, 0.32005045, 0.31685725, 0.3283535, 0.33311835, 0.3313231, 0.30552226, 0.33540028, 0.3382322, 0.36363697, 0.34353107, 0.34977797, 0.34054056, 0.33706662, 0.31734914, 0.32899383, 0.34739223, 0.3830478, 0.36250165, 0.368533, 0.34821755, 0.36594373, 0.35588714, 0.3332001, 0.37844726, 0.3469529, 0.3553215, 0.36118507, 0.376445], "std": [0.08726752, 0.07315504, 0.050393805, 0.04843015, 0.07199143, 0.07890822, 0.052799568, 0.0491792, 0.07701867, 0.06492253, 0.06272913, 0.04438643, 0.06500822, 0.055016633, 0.070135094, 0.06715283, 0.070989415, 0.058153037, 0.057719905, 0.071402505, 0.05180956, 0.06392195, 0.058157522, 0.039623607, 0.059421632, 0.046764366, 0.057953462, 0.07503467, 0.04115215, 0.06472782, 0.04381484, 0.0655389, 0.06676166, 0.08728183, 0.047723852, 0.056085795, 0.049521346, 0.04897752, 0.05185113, 0.060030013, 0.062483903, 0.05840896, 0.049605325, 0.07003895, 0.062145602, 0.07258716, 0.04614945, 0.09577784, 0.0778894, 0.07174091], "var": [0.98, 0.98, 0.98, 0.96, 0.94, 0.94, 0.92, 0.92, 0.88, 0.88, 0.88, 0.86, 0.84, 0.82, 0.82, 0.8, 0.8, 0.8, 0.8, 0.78, 0.78, 0.74, 0.74, 0.74, 0.74, 0.72, 0.7, 0.68, 0.68, 0.68, 0.68, 0.7, 0.7, 0.7, 0.68, 0.7, 0.7, 0.7, 0.7, 0.7, 0.68, 0.64, 0.66, 0.66, 0.62, 0.62, 0.64, 0.64, 0.6, 0.6], "best": [0.4333333, 0.46222222, 0.36396822, 0.3578231, 0.45502642, 0.45609757, 0.40081772, 0.40355125, 0.45456788, 0.4561403, 0.36353984, 0.36396825, 0.455102, 0.45581758, 0.39028823, 0.36799374, 0.4551282, 0.45648482, 0.36370704, 0.40576112, 0.45678234, 0.40775964, 0.41142857, 0.3749189, 0.41315433, 0.45691666, 0.41620883, 0.42530802, 0.417747, 0.4270397, 0.42850065, 0.45610425, 0.456746, 0.45733592, 0.43301168, 0.40272856, 0.43230143, 0.44415435, 0.44495046, 0.4585379, 0.4462087, 0.4286232, 0.4463853, 0.44667372, 0.43665075, 0.46030173, 0.4319681, 0.43971273, 0.44700953, 0.46158192], "duration": [43446, 40196, 53911, 43845, 50518, 44005, 46147, 39249, 45396, 40396, 37909, 38699, 46843, 40302, 45227, 39407, 39296, 40273, 39462, 39214, 46415, 46646, 39972, 38846, 40287, 40051, 39681, 39469, 39451, 40428, 40083, 40535, 40353, 39837, 38841, 39583, 39804, 40425, 40858, 40724, 40338, 47045, 40565, 40440, 40352, 40534, 39623, 40480, 39836, 41007]}