{"avg": [0.26552382, 0.2990603, 0.30206516, 0.29895046, 0.29836255, 0.30308264, 0.3217939, 0.3272098, 0.3168663, 0.33393192, 0.32436344, 0.3247828, 0.33992425, 0.31631386, 0.31269115, 0.32317433, 0.34809, 0.34808448, 0.35441107, 0.33269796, 0.3743699, 0.35011736, 0.3689014, 0.33983943, 0.33855748, 0.32595432, 0.38609207, 0.36550626, 0.34694728, 0.34432638, 0.35157233, 0.38953122, 0.37499854, 0.37732393, 0.39179525, 0.4178642, 0.37594593, 0.39090562, 0.40639296, 0.37837988, 0.40162793, 0.4296009, 0.42141864, 0.40520683, 0.41233408, 0.4539849, 0.43120545, 0.4613724, 0.41197658, 0.41063517], "std": [0.08520781, 0.07391636, 0.05167527, 0.044809017, 0.07020074, 0.07447528, 0.053547263, 0.05136344, 0.08089411, 0.064789824, 0.07591223, 0.07486156, 0.054518808, 0.06661095, 0.08336385, 0.056177117, 0.04102666, 0.06145628, 0.07291783, 0.07345802, 0.079708315, 0.07505181, 0.07280163, 0.07609915, 0.077666216, 0.0783697, 0.07425398, 0.081104994, 0.073524475, 0.071426116, 0.065466724, 0.0879686, 0.08974235, 0.080927216, 0.08116039, 0.07427972, 0.0797093, 0.087862745, 0.089556076, 0.08487883, 0.091138735, 0.09785496, 0.09114455, 0.083144024, 0.101969376, 0.07493267, 0.09889926, 0.07972423, 0.08901892, 0.10009493], "var": [0.98, 0.98, 0.98, 0.96, 0.94, 0.94, 0.92, 0.92, 0.92, 0.9, 0.88, 0.86, 0.84, 0.82, 0.8, 0.78, 0.78, 0.76, 0.76, 0.76, 0.76, 0.76, 0.72, 0.7, 0.68, 0.66, 0.66, 0.66, 0.62, 0.62, 0.64, 0.62, 0.62, 0.6, 0.6, 0.58, 0.54, 0.54, 0.54, 0.54, 0.5, 0.48, 0.46, 0.42, 0.4, 0.4, 0.36, 0.32, 0.3, 0.32], "best": [0.44, 0.47466668, 0.37104762, 0.36367348, 0.46603173, 0.4673171, 0.41240984, 0.4156901, 0.46548146, 0.46719998, 0.4678049, 0.46937856, 0.4701031, 0.47057694, 0.4705778, 0.47297072, 0.42053995, 0.47256508, 0.47333336, 0.47543627, 0.4771885, 0.48073396, 0.48163742, 0.48469275, 0.48673797, 0.48726344, 0.48792082, 0.49092636, 0.49260768, 0.4931291, 0.49366874, 0.49384928, 0.49716535, 0.499084, 0.50115025, 0.5032374, 0.5067133, 0.507483, 0.5098013, 0.51237476, 0.5133962, 0.51552147, 0.51808095, 0.52082115, 0.5225215, 0.53063047, 0.52768177, 0.5303226, 0.5334211, 0.53467184], "duration": [43224, 40126, 52905, 43103, 49865, 48001, 45901, 38679, 39030, 39418, 38896, 39549, 39277, 39392, 46283, 39487, 38859, 39341, 39256, 39837, 40038, 46505, 40388, 45165, 39502, 38871, 39324, 59464, 40102, 53057, 39621, 40018, 40154, 39932, 46959, 40246, 39399, 39576, 40006, 40094, 40078, 40284, 40495, 46812, 40288, 40714, 40328, 47257, 40372, 39757]}