{"avg": [0.18055554, 0.19867726, 0.23776458, 0.25899473, 0.2097553, 0.15751323, 0.2136508, 0.19012775, 0.16522291, 0.31799254, 0.1671627, 0.21358167, 0.109442115, 0.2207958, 0.22149801, 0.14769287, 0.1746463, 0.20907031, 0.217674, 0.2242208, 0.1961823, 0.1710773, 0.20674852, 0.2504386, 0.28083247, 0.24645595, 0.1732072, 0.18350631, 0.2415099, 0.1479828, 0.19951196, 0.14726986, 0.1832218, 0.19212165, 0.2014626, 0.19582838, 0.18418641, 0.1989269, 0.19062181, 0.26917163, 0.26137683, 0.18165861, 0.15778567, 0.19942397, 0.27209726, 0.18951648, 0.18596588, 0.17827271, 0.25475615, 0.2815603], "std": [0.07415965, 0.14715227, 0.011447152, 0.093992315, 0.041980963, 0.08444389, 0.086329415, 0.13123053, 0.04095371, 0.08933381, 0.050601564, 0.0782774, 0.08485983, 0.07657863, 0.050451204, 0.042943053, 0.11174589, 0.048325535, 0.07641479, 0.06507615, 0.10978413, 0.082251675, 0.053270515, 0.106763124, 0.054674786, 0.039620504, 0.05351625, 0.106654555, 0.06772364, 0.08275589, 0.104852125, 0.048445906, 0.10568434, 0.066382155, 0.052533202, 0.080758594, 0.078720346, 0.1341761, 0.1087863, 0.08282375, 0.12557954, 0.10349936, 0.08530356, 0.07732757, 0.042424083, 0.09476261, 0.051261976, 0.116750985, 0.06494264, 0.058158144], "var": [1.0, 1.0, 1.0, 1.0, 1.0, 1.0, 1.0, 1.0, 1.0, 1.0, 1.0, 1.0, 1.0, 1.0, 1.0, 1.0, 1.0, 1.0, 1.0, 1.0, 1.0, 1.0, 1.0, 1.0, 1.0, 1.0, 1.0, 1.0, 1.0, 1.0, 1.0, 1.0, 1.0, 1.0, 1.0, 1.0, 1.0, 1.0, 1.0, 1.0, 1.0, 1.0, 1.0, 1.0, 1.0, 1.0, 1.0, 1.0, 1.0, 1.0], "best": [0.32142857, 0.4746032, 0.25198415, 0.3738095, 0.27718255, 0.23841272, 0.3472222, 0.3652729, 0.23611957, 0.378198, 0.23750001, 0.34569892, 0.23746501, 0.3436937, 0.27232143, 0.23859358, 0.3586439, 0.24829932, 0.34423077, 0.32930735, 0.3326355, 0.23520689, 0.26945683, 0.46416044, 0.33557725, 0.32970443, 0.23722802, 0.34273505, 0.3713404, 0.24920635, 0.33215654, 0.23859788, 0.33350065, 0.25100973, 0.27431974, 0.33370054, 0.33559927, 0.34397495, 0.33289647, 0.34553573, 0.47587994, 0.33103308, 0.24856357, 0.33110598, 0.3320585, 0.23811357, 0.25155437, 0.34292743, 0.33374742, 0.37921312], "duration": [1077, 942, 1004, 5353, 1005, 916, 991, 991, 869, 5366, 896, 897, 5763, 905, 978, 976, 5761, 975, 996, 910, 979, 975, 981, 976, 995, 1006, 917, 899, 968, 938, 906, 891, 919, 982, 895, 1014, 903, 984, 978, 987, 5370, 951, 1019, 913, 905, 898, 5754, 1012, 989, 911]}