{"avg": [0.46583855, 0.53354037, 0.5989796, 0.69289374, 0.7303388, 0.7342097, 0.7385687, 0.7400185, 0.743853, 0.7516265, 0.75813764, 0.7655004, 0.7716214, 0.77764004, 0.78214794, 0.78643215, 0.79008496, 0.7949589, 0.7984242, 0.80169904, 0.80455524, 0.8068426, 0.8093015, 0.8113374, 0.81302714, 0.81492996, 0.8162917, 0.8178571, 0.81943965, 0.8208383, 0.8222504, 0.82345194, 0.8244247, 0.8255298, 0.8264753, 0.82744807, 0.82832265, 0.8290007, 0.829857, 0.83056444, 0.8312673, 0.831815, 0.8324539, 0.83300775, 0.8335886, 0.834093, 0.8345764, 0.8350169, 0.8355276, 0.8359739, 0.8363827, 0.8367558, 0.83709747, 0.8374823, 0.83781725, 0.83814156, 0.8385193, 0.8388365, 0.8392026, 0.8394965, 0.839781, 0.84004325, 0.84035, 0.8406078, 0.8408948, 0.8411484, 0.84139425, 0.84163254, 0.8418636, 0.8420563, 0.8422852, 0.8424676, 0.84267455, 0.8428667, 0.8430443], "std": [0.3402004, 0.31885687, 0.27483752, 0.15495315, 0.0031461269, 0.0052489964, 0.0056472938, 0.007415754, 0.009028761, 0.008199074, 0.009221424, 0.00627805, 0.0069127195, 0.005467284, 0.0057286993, 0.0060962527, 0.0067204037, 0.0016817582, 0.001132377, 0.001085994, 0.00096506224, 1.7881393e-07, 5.9604645e-08, 0.0, 1.7881393e-07, 0.0, 0.0, 5.9604645e-08, 1.1920929e-07, 5.9604645e-08, 5.9604645e-08, 1.1920929e-07, 0.0, 1.1920929e-07, 1.1920929e-07, 2.3841858e-07, 1.7881393e-07, 2.3841858e-07, 5.9604645e-08, 5.9604645e-08, 1.1920929e-07, 1.1920929e-07, 2.3841858e-07, 5.9604645e-08, 0.0, 0.0, 2.3841858e-07, 5.9604645e-08, 2.3841858e-07, 2.3841858e-07, 2.3841858e-07, 1.1920929e-07, 1.7881393e-07, 2.3841858e-07, 1.1920929e-07, 1.1920929e-07, 2.3841858e-07, 2.3841858e-07, 1.7881393e-07, 0.0, 1.1920929e-07, 1.1920929e-07, 1.1920929e-07, 0.0, 5.9604645e-08, 0.0, 1.7881393e-07, 1.7881393e-07, 0.0, 0.0, 5.9604645e-08, 5.9604645e-08, 1.7881393e-07, 1.1920929e-07, 0.0], "var": [1.0, 1.0, 1.0, 1.0, 1.0, 0.96, 0.96, 0.88, 0.68, 0.56, 0.44, 0.28, 0.24, 0.2, 0.2, 0.2, 0.12, 0.08, 0.08, 0.08, 0.04, 0.04, 0.04, 0.04, 0.04, 0.04, 0.04, 0.04, 0.04, 0.04, 0.04, 0.04, 0.04, 0.04, 0.04, 0.04, 0.04, 0.04, 0.04, 0.04, 0.04, 0.04, 0.04, 0.04, 0.04, 0.04, 0.04, 0.04, 0.04, 0.04, 0.04, 0.04, 0.04, 0.04, 0.04, 0.04, 0.04, 0.04, 0.04, 0.04, 0.04, 0.04, 0.04, 0.04, 0.04, 0.04, 0.04, 0.04, 0.04, 0.04, 0.04, 0.04, 0.04, 0.04, 0.04], "best": [0.71428573, 0.7279503, 0.7285714, 0.73142856, 0.7363787, 0.7415701, 0.7462121, 0.7507722, 0.75495803, 0.75909775, 0.7643882, 0.76960355, 0.77518797, 0.78033054, 0.78456944, 0.7885994, 0.79246515, 0.7957307, 0.79887426, 0.80205125, 0.80479664, 0.80684245, 0.80930156, 0.8113374, 0.81302696, 0.81492996, 0.8162917, 0.81785715, 0.81943953, 0.82083833, 0.8222505, 0.8234518, 0.8244247, 0.8255297, 0.82647544, 0.8274483, 0.8283228, 0.82900095, 0.82985693, 0.8305644, 0.8312672, 0.8318151, 0.83245414, 0.8330077, 0.8335886, 0.834093, 0.8345762, 0.83501685, 0.83552784, 0.83597416, 0.83638245, 0.83675593, 0.83709764, 0.83748204, 0.8378174, 0.83814144, 0.8385195, 0.83883625, 0.8392024, 0.8394965, 0.8397811, 0.8400431, 0.84034985, 0.8406078, 0.8408949, 0.8411484, 0.84139407, 0.84163237, 0.8418636, 0.8420563, 0.8422853, 0.84246767, 0.84267473, 0.8428666, 0.8430443], "duration": [2275, 2592, 2891, 2606, 3427, 2558, 2667, 2423, 2853, 2232, 2680, 2414, 3555, 2620, 3329, 2246, 2971, 2795, 2461, 3228, 2467, 2913, 2785, 2173, 3155, 2954, 2832, 4191, 3050, 4313, 2482, 2391, 2330, 2830, 2837, 2887, 2444, 3345, 3022, 3212, 2648, 2861, 3000, 3970, 2668, 2586, 2455, 2607, 2642, 3005, 2632, 3203, 3208, 2774, 2451, 2842, 2433, 2841, 2498, 2638, 2901, 2401, 3215, 2585, 2562, 3019, 2807, 3108, 2368, 3545, 2435, 3066, 2425, 2584, 2460]}