{"avg": [0.26031747, 0.2896931, 0.29507932, 0.29300287, 0.28735727, 0.29626632, 0.30663276, 0.320574, 0.3058013, 0.32776645, 0.31316, 0.2990932, 0.32743004, 0.32884076, 0.3175649, 0.32020047, 0.3353282, 0.3523915, 0.3315893, 0.32844377, 0.3411716, 0.34976137, 0.3512415, 0.36480483, 0.33593068, 0.32910508, 0.36879504, 0.36151615, 0.3784915, 0.38817474, 0.37439546, 0.37838602, 0.36395338, 0.35576603, 0.36591622, 0.39374483, 0.3707637, 0.38677597, 0.38945326, 0.35155964, 0.37997797, 0.43259594, 0.40874875, 0.38668224, 0.37762022, 0.39312544, 0.4437304, 0.4317963, 0.44999227, 0.40688878], "std": [0.08539034, 0.07409099, 0.048330657, 0.04365753, 0.06555924, 0.07559127, 0.051265176, 0.0491792, 0.078063875, 0.06517122, 0.07414443, 0.063063435, 0.039407905, 0.06397372, 0.080038115, 0.068950936, 0.06964978, 0.05663521, 0.06078917, 0.07053798, 0.07339851, 0.060414333, 0.06432236, 0.08011219, 0.07322937, 0.07613542, 0.08064926, 0.08341455, 0.08748333, 0.088586114, 0.072069995, 0.082377754, 0.07900435, 0.07821966, 0.07657225, 0.06806795, 0.061393946, 0.09758792, 0.09080765, 0.084786505, 0.08787416, 0.083277956, 0.09674271, 0.079211004, 0.08643746, 0.07319905, 0.08684234, 0.08847501, 0.08792899, 0.10368012], "var": [0.98, 0.98, 0.98, 0.96, 0.94, 0.94, 0.92, 0.92, 0.92, 0.9, 0.9, 0.88, 0.88, 0.86, 0.82, 0.78, 0.76, 0.78, 0.76, 0.74, 0.74, 0.74, 0.72, 0.7, 0.68, 0.66, 0.62, 0.6, 0.56, 0.56, 0.54, 0.52, 0.48, 0.46, 0.46, 0.46, 0.48, 0.46, 0.44, 0.44, 0.44, 0.44, 0.46, 0.44, 0.44, 0.46, 0.44, 0.42, 0.4, 0.38], "best": [0.4333333, 0.46222222, 0.36396822, 0.3578231, 0.41693118, 0.45609757, 0.40081772, 0.40355125, 0.45456788, 0.45599997, 0.45650408, 0.36771587, 0.38826704, 0.4557692, 0.45688888, 0.45881543, 0.46087515, 0.46341756, 0.46540228, 0.46580365, 0.46718264, 0.46814594, 0.47033897, 0.47178793, 0.47514996, 0.47594416, 0.5288423, 0.5308484, 0.53212965, 0.53402966, 0.4836111, 0.48494622, 0.539946, 0.48741302, 0.48821363, 0.4886894, 0.49044287, 0.5440902, 0.49297953, 0.5478502, 0.4952756, 0.49656937, 0.5521307, 0.5019579, 0.50278175, 0.5038803, 0.5051282, 0.5594789, 0.5099647, 0.5641964], "duration": [43318, 40282, 53520, 43498, 49987, 48457, 46225, 39149, 39304, 39566, 39188, 39172, 39884, 39079, 52847, 45450, 46053, 39303, 46508, 38795, 46784, 40230, 40465, 47402, 40013, 39719, 39961, 46719, 40332, 40523, 40348, 39729, 40145, 46368, 40097, 40493, 40378, 40459, 40555, 39376, 39794, 41123, 40004, 40423, 39801, 40438, 40792, 40723, 41133, 40841]}