{"avg": [0.26355556, 0.2931852, 0.30134502, 0.29939747, 0.29736564, 0.30246615, 0.31637207, 0.321314, 0.32290065, 0.31146732, 0.31180948, 0.3097776, 0.30293208, 0.3214736, 0.3157311, 0.2909385, 0.30064085, 0.31996113, 0.3361121, 0.32798254, 0.31812936, 0.32463917, 0.33785695, 0.34383938, 0.30657774, 0.33056808, 0.34465638, 0.30758867, 0.33594736, 0.3412003, 0.32604748, 0.33750767, 0.34746233, 0.33421022, 0.34782764, 0.34690157, 0.32428655, 0.35820153, 0.3595311, 0.3684488, 0.32907492, 0.3450395, 0.3579332, 0.37794507, 0.3697944, 0.37642694, 0.37620977, 0.36980104, 0.3703936, 0.37151825], "std": [0.08972495, 0.07663485, 0.051803812, 0.044333167, 0.07523645, 0.07658868, 0.062424168, 0.069326594, 0.047785178, 0.055508483, 0.044096768, 0.061789904, 0.07418782, 0.07248522, 0.06235222, 0.07428264, 0.07814617, 0.075832345, 0.06345471, 0.057651825, 0.08720036, 0.07647888, 0.061925974, 0.050438475, 0.08292412, 0.07611107, 0.062421594, 0.07406658, 0.05173226, 0.051805146, 0.072007224, 0.03576771, 0.049385663, 0.04739401, 0.046984218, 0.089195356, 0.07996288, 0.0466698, 0.051498488, 0.053942263, 0.051404513, 0.06646743, 0.044667605, 0.052662298, 0.041264173, 0.050801992, 0.05584416, 0.0507095, 0.05211326, 0.052307665], "var": [0.98, 0.98, 0.98, 0.96, 0.94, 0.94, 0.92, 0.92, 0.9, 0.9, 0.86, 0.84, 0.84, 0.84, 0.82, 0.8, 0.8, 0.8, 0.8, 0.78, 0.76, 0.76, 0.78, 0.76, 0.74, 0.72, 0.76, 0.74, 0.76, 0.76, 0.76, 0.8, 0.78, 0.78, 0.78, 0.78, 0.78, 0.78, 0.78, 0.76, 0.76, 0.72, 0.72, 0.72, 0.72, 0.74, 0.72, 0.72, 0.72, 0.74], "best": [0.44444442, 0.47333333, 0.3722222, 0.36385486, 0.46613753, 0.46720865, 0.40875423, 0.46734297, 0.41350427, 0.4124049, 0.39987576, 0.41294193, 0.37262785, 0.46785906, 0.4134741, 0.412963, 0.4130589, 0.41363642, 0.41512236, 0.41607893, 0.47113252, 0.41751876, 0.47248363, 0.41692975, 0.41768894, 0.4175214, 0.47261807, 0.4174153, 0.41728678, 0.47293195, 0.41702282, 0.3789234, 0.4722781, 0.42169046, 0.4170747, 0.47303322, 0.4737517, 0.41750145, 0.425073, 0.47440085, 0.47480062, 0.47477102, 0.41989902, 0.47490504, 0.4259399, 0.4762219, 0.47736394, 0.47840753, 0.42411068, 0.48065948], "duration": [42991, 39910, 52760, 42788, 49874, 47769, 39137, 38684, 45042, 39239, 38818, 38129, 38133, 39007, 39600, 38525, 39300, 39660, 39002, 38907, 39443, 39896, 46185, 39266, 39308, 45593, 39730, 38708, 39216, 40059, 39122, 39040, 39227, 46290, 45842, 40019, 39610, 39246, 46305, 39362, 38663, 39588, 39473, 46591, 39896, 39904, 46799, 52055, 39759, 39877]}