{"avg": [0.171875, 0.17861111, 0.22022165, 0.22285362, 0.22179455, 0.2301244, 0.21449196, 0.21956846, 0.23498464, 0.2329522, 0.22046468, 0.2397777, 0.22003967, 0.2706805, 0.2549399, 0.2692626, 0.22784863, 0.24499351, 0.22687167, 0.25334796, 0.28567266, 0.24532579, 0.28618008, 0.27683476, 0.28456476, 0.24997161, 0.28521198, 0.310968, 0.29818854, 0.25760683, 0.257914, 0.2874119, 0.25428727, 0.32414958, 0.25923762, 0.2472399, 0.26708004, 0.2648756, 0.2848959, 0.2789632, 0.24704473, 0.26980188, 0.31860483, 0.2707779, 0.35362196, 0.33602104, 0.30953088, 0.3340264, 0.29716614, 0.3152354], "std": [0.109106414, 0.13518414, 0.11209168, 0.100322425, 0.12437519, 0.094627135, 0.09657542, 0.09518712, 0.1244203, 0.09983117, 0.11797464, 0.0909018, 0.07078896, 0.1029331, 0.109420106, 0.09898145, 0.12587963, 0.10832769, 0.10650459, 0.09430946, 0.091242775, 0.10197743, 0.09060401, 0.103987694, 0.08208575, 0.083490446, 0.06473799, 0.08023805, 0.116551496, 0.1342962, 0.081878096, 0.08692692, 0.14348508, 0.10798664, 0.12558267, 0.121283546, 0.13114835, 0.1196585, 0.11649037, 0.1201573, 0.12976173, 0.1324397, 0.11549204, 0.17451206, 0.06804409, 0.07404811, 0.12334392, 0.110691965, 0.13883002, 0.14393556], "var": [1.0, 1.0, 1.0, 1.0, 1.0, 0.98, 0.96, 0.96, 0.96, 0.98, 0.96, 0.94, 0.92, 0.9, 0.92, 0.88, 0.86, 0.86, 0.84, 0.84, 0.84, 0.84, 0.82, 0.8, 0.8, 0.8, 0.78, 0.76, 0.76, 0.76, 0.72, 0.72, 0.68, 0.66, 0.66, 0.66, 0.66, 0.64, 0.66, 0.64, 0.64, 0.66, 0.68, 0.68, 0.66, 0.66, 0.64, 0.66, 0.64, 0.62], "best": [0.3452381, 0.38720238, 0.3970814, 0.37857142, 0.37079367, 0.3657509, 0.395846, 0.3702381, 0.3656682, 0.39631882, 0.36781874, 0.368435, 0.3642857, 0.36961618, 0.3710948, 0.37170008, 0.39564624, 0.3965335, 0.37411895, 0.3683325, 0.3972944, 0.3671488, 0.3726543, 0.37143528, 0.3736298, 0.3673171, 0.37230077, 0.39725935, 0.39796546, 0.39855123, 0.38035968, 0.39974153, 0.40024003, 0.40074408, 0.38520023, 0.40163994, 0.40184525, 0.38872138, 0.40270618, 0.5029118, 0.4047543, 0.40548363, 0.41133857, 0.5077381, 0.40722236, 0.40842286, 0.3950996, 0.5110637, 0.41043448, 0.5137662], "duration": [5881, 6920, 6332, 5147, 7491, 7493, 5869, 5790, 6364, 5890, 4661, 6449, 6425, 6528, 6556, 6453, 5181, 5748, 5781, 6383, 6434, 5798, 6373, 6402, 5853, 5309, 6407, 7486, 6492, 7963, 5860, 6390, 7474, 6485, 5872, 6455, 7533, 7447, 6401, 6339, 6391, 6504, 5898, 6427, 6466, 6452, 6399, 6541, 6506, 7425]}