{"avg": [0.27333334, 0.30318516, 0.30953217, 0.30677843, 0.30561122, 0.30854455, 0.32338294, 0.33654037, 0.32763982, 0.34367687, 0.31999904, 0.3141204, 0.33565053, 0.3505274, 0.31975514, 0.31155512, 0.32345587, 0.33216006, 0.32012525, 0.32009867, 0.33869496, 0.33168232, 0.33455276, 0.3348632, 0.35312292, 0.34972745, 0.34726948, 0.32057944, 0.35457203, 0.3545379, 0.38121256, 0.36002898, 0.36655802, 0.35945514, 0.35610172, 0.33798188, 0.3472864, 0.36358958, 0.40090233, 0.3799509, 0.38606575, 0.36491114, 0.3825386, 0.36688665, 0.36773527, 0.3817204, 0.37612486, 0.35215053, 0.37151462, 0.3837945], "std": [0.090226054, 0.078303896, 0.05072741, 0.045876443, 0.07047282, 0.07749057, 0.05496366, 0.05135639, 0.08121469, 0.06854243, 0.0656688, 0.04719747, 0.068244144, 0.057952523, 0.07385017, 0.073393695, 0.07451629, 0.060997274, 0.06212587, 0.07490524, 0.05325964, 0.0794242, 0.059609268, 0.045810264, 0.06028446, 0.051541176, 0.060194142, 0.07866029, 0.04356371, 0.067605995, 0.045637254, 0.0687406, 0.069446295, 0.08658552, 0.048830763, 0.05112444, 0.049142167, 0.050941437, 0.054048095, 0.062378142, 0.07102294, 0.060136404, 0.049712345, 0.06253897, 0.065511756, 0.07422759, 0.09449111, 0.06520089, 0.08051352, 0.066921614], "var": [0.98, 0.98, 0.98, 0.96, 0.94, 0.94, 0.92, 0.92, 0.88, 0.88, 0.88, 0.86, 0.84, 0.82, 0.82, 0.8, 0.8, 0.8, 0.8, 0.78, 0.78, 0.74, 0.74, 0.74, 0.74, 0.72, 0.7, 0.68, 0.68, 0.68, 0.68, 0.7, 0.7, 0.7, 0.68, 0.7, 0.7, 0.7, 0.7, 0.7, 0.68, 0.64, 0.64, 0.64, 0.62, 0.62, 0.62, 0.6, 0.58, 0.58], "best": [0.45555553, 0.4844444, 0.38222227, 0.3760771, 0.43835977, 0.47831976, 0.41986534, 0.42259887, 0.47679007, 0.47836253, 0.38179386, 0.38222227, 0.47732422, 0.47803977, 0.40774858, 0.42513666, 0.47735038, 0.47870705, 0.38275465, 0.42480874, 0.47900453, 0.42680725, 0.4304762, 0.4320618, 0.43220195, 0.47913885, 0.4352564, 0.4467366, 0.4367946, 0.4484683, 0.44992924, 0.47832644, 0.47896823, 0.4795581, 0.45437774, 0.42171535, 0.45373002, 0.4646168, 0.4654176, 0.48054186, 0.46668434, 0.44767082, 0.46686867, 0.46712482, 0.48141763, 0.4673845, 0.48273644, 0.46084228, 0.4675146, 0.46096775], "duration": [43002, 39868, 52654, 42930, 49690, 47679, 45661, 38571, 44739, 39747, 37335, 38153, 46002, 39820, 44798, 38638, 38558, 39632, 39146, 38508, 46016, 46030, 39160, 38142, 39603, 39129, 39109, 38534, 38886, 39652, 39385, 39606, 39727, 39433, 38432, 38960, 38975, 39957, 40440, 40337, 39682, 46237, 53650, 46232, 39131, 39778, 52734, 38936, 39861, 39525]}