{"avg": [0.26866665, 0.28487623, 0.28454003, 0.28383997, 0.27999857, 0.28257033, 0.285174, 0.28704762, 0.2857405, 0.28670582, 0.286096, 0.28838634, 0.29220164, 0.29168555, 0.28923142, 0.28885353, 0.28741473, 0.2878435, 0.2867921, 0.2893217, 0.28615388, 0.28747237, 0.29018036, 0.29046035, 0.28921327, 0.29158136, 0.28880942, 0.28846818, 0.28766719, 0.29374352, 0.29422408, 0.29012725, 0.2924468, 0.29369485, 0.29326266, 0.29583776, 0.29450998, 0.29562464, 0.29407635, 0.2969962, 0.29843444, 0.29971877, 0.30258504, 0.3054743, 0.30936274, 0.30932567, 0.30815148, 0.3081393, 0.31300133, 0.3118879], "std": [0.063866995, 0.06409386, 0.063107006, 0.06206884, 0.06592039, 0.06445201, 0.06479375, 0.064327665, 0.061537586, 0.06410693, 0.062354155, 0.06610707, 0.06109773, 0.061418157, 0.062031053, 0.056819536, 0.057762634, 0.058837757, 0.05730542, 0.0570486, 0.058330145, 0.05745948, 0.05543682, 0.057471067, 0.055699784, 0.06079, 0.058565907, 0.05947685, 0.060308628, 0.060214553, 0.06081084, 0.0598105, 0.06021288, 0.06251779, 0.062913015, 0.06068405, 0.060934663, 0.06128566, 0.061730076, 0.062347475, 0.062118355, 0.061166476, 0.0627945, 0.063516885, 0.06118743, 0.06216106, 0.06292836, 0.06450981, 0.062079582, 0.062223006], "var": [1.0, 0.98, 1.0, 1.0, 1.0, 1.0, 1.0, 0.98, 0.98, 0.98, 0.96, 0.96, 0.94, 0.94, 0.96, 0.94, 0.94, 0.96, 0.92, 0.9, 0.88, 0.9, 0.9, 0.9, 0.9, 0.9, 0.86, 0.84, 0.86, 0.84, 0.84, 0.82, 0.82, 0.8, 0.8, 0.82, 0.84, 0.86, 0.84, 0.82, 0.8, 0.8, 0.8, 0.82, 0.8, 0.78, 0.78, 0.74, 0.76, 0.76], "best": [0.4333333, 0.44999996, 0.4493333, 0.4491111, 0.449, 0.44893333, 0.449, 0.44895235, 0.44891664, 0.44881478, 0.44866666, 0.44854546, 0.449, 0.4493846, 0.44971427, 0.45004442, 0.44991663, 0.44984314, 0.44977775, 0.44975436, 0.44976664, 0.44971427, 0.44966665, 0.44968116, 0.44969442, 0.44967997, 0.4498974, 0.45007408, 0.45016667, 0.45025286, 0.45033333, 0.45043007, 0.45054165, 0.45060602, 0.45066667, 0.4507238, 0.45079628, 0.45088288, 0.45098245, 0.451094, 0.45121667, 0.4513496, 0.4514762, 0.45156586, 0.45163634, 0.45171848, 0.45184055, 0.45195743, 0.45205554, 0.45214963], "duration": [99488, 100282, 100180, 99199, 97334, 97095, 95432, 96523, 96292, 99703, 100009, 98382, 98521, 100407, 100130, 99937, 100021, 98661, 99156, 99086, 100042, 101178, 98289, 100105, 100049, 99741, 99162, 96472, 95860, 99529, 99089, 98828, 99379, 97346, 99923, 100594, 99484, 99191, 100008, 99447, 100967, 101476, 101961, 101044, 103265, 104177, 105487, 105743, 103569, 102540]}