{"avg": [0.50000006, 0.49333337, 0.50000006, 0.49866673, 0.49933335, 0.49666673, 0.49533334, 0.4946667, 0.48866674, 0.4880001, 0.49000004, 0.48800004, 0.48600006, 0.49066672, 0.49066666, 0.4846667, 0.48666668, 0.48599997, 0.48800004, 0.4893333, 0.4913333, 0.49066666, 0.48866668, 0.48799998, 0.48666662], "std": [0.13515422, 0.1334999, 0.13063942, 0.13164933, 0.13190736, 0.13682917, 0.13776146, 0.13504894, 0.1354187, 0.13511483, 0.13354151, 0.13609801, 0.13712761, 0.13483159, 0.13283911, 0.12947927, 0.13299961, 0.13167125, 0.13262479, 0.13473259, 0.13313487, 0.1358169, 0.1349255, 0.13462046, 0.13148725], "var": [1.0, 0.99333334, 0.9866667, 0.98, 0.96666664, 0.97333336, 0.96, 0.94666666, 0.93333334, 0.94, 0.93333334, 0.9266667, 0.9266667, 0.92, 0.92, 0.92, 0.9066667, 0.8933333, 0.88666666, 0.87333333, 0.8666667, 0.8666667, 0.86, 0.85333335, 0.85333335], "best": [0.9, 0.9, 0.9, 0.8, 0.9, 0.9, 0.9, 0.9, 0.9, 0.9, 0.9, 0.9, 0.9, 0.9, 0.8, 0.8, 0.8, 0.8, 0.8, 0.8, 0.8, 0.8, 0.8, 0.8, 0.8], "duration": [282495, 281312, 283641, 280504, 282168, 281395, 281391, 278945, 278377, 278299, 280138, 278258, 276989, 280381, 279604, 279910, 282328, 282505, 283719, 281252, 282321, 284510, 282282, 284475, 284236]}