{"avg": [0.275, 0.3062407, 0.31296784, 0.309457, 0.3096317, 0.31401843, 0.33025426, 0.33801097, 0.33205155, 0.34893483, 0.32605067, 0.31368637, 0.33851507, 0.35582253, 0.32218567, 0.30506745, 0.29423934, 0.3137727, 0.32679737, 0.35713342, 0.35448742, 0.31853664, 0.34685314, 0.34615442, 0.31120542, 0.39331445, 0.33845642, 0.31827214, 0.34979165, 0.3529514, 0.3432556, 0.37478217, 0.36010453, 0.37170082, 0.37735513, 0.3666464, 0.3770883, 0.3446628, 0.38198704, 0.35131463, 0.37681326, 0.3731044, 0.38873392, 0.37351432, 0.38360268, 0.39878228, 0.40145877, 0.3866714, 0.42662695, 0.36986148], "std": [0.09473403, 0.082243174, 0.053784713, 0.04789607, 0.08091493, 0.082604654, 0.056359638, 0.05105511, 0.08450827, 0.07147383, 0.069229744, 0.0551625, 0.06981649, 0.06108991, 0.0799295, 0.08127736, 0.063809104, 0.05723655, 0.074951015, 0.07855051, 0.055152502, 0.080135256, 0.06229083, 0.038422514, 0.08100748, 0.059081543, 0.095916994, 0.07039542, 0.062081028, 0.063724704, 0.09541552, 0.05669639, 0.08066673, 0.065065786, 0.07353298, 0.06517221, 0.074107535, 0.09682017, 0.07690456, 0.092612706, 0.08700016, 0.06436782, 0.07869495, 0.08555364, 0.06351686, 0.054983433, 0.09484632, 0.07774169, 0.063676864, 0.098482765], "var": [0.98, 0.98, 0.98, 0.96, 0.94, 0.94, 0.92, 0.92, 0.88, 0.88, 0.88, 0.86, 0.84, 0.82, 0.82, 0.8, 0.8, 0.8, 0.82, 0.8, 0.8, 0.76, 0.76, 0.74, 0.72, 0.7, 0.72, 0.74, 0.72, 0.74, 0.72, 0.72, 0.72, 0.68, 0.68, 0.66, 0.64, 0.66, 0.64, 0.62, 0.62, 0.64, 0.64, 0.66, 0.66, 0.66, 0.64, 0.68, 0.68, 0.68], "best": [0.46666667, 0.49555555, 0.3919444, 0.3857993, 0.48835978, 0.4894309, 0.42819867, 0.4309322, 0.4879012, 0.48947367, 0.39151606, 0.39194444, 0.48843536, 0.4891509, 0.4105263, 0.43346998, 0.39634612, 0.37962124, 0.4880787, 0.48874316, 0.4895899, 0.43584338, 0.43697318, 0.4380137, 0.4389545, 0.48916876, 0.4906149, 0.44205794, 0.44234848, 0.44371346, 0.49166667, 0.49293554, 0.49370444, 0.49467948, 0.49526477, 0.49666667, 0.49699116, 0.4977663, 0.49793756, 0.46217534, 0.49963138, 0.4793718, 0.50140566, 0.5023914, 0.5025714, 0.50270015, 0.50291437, 0.5045069, 0.50537354, 0.506898], "duration": [43104, 40004, 53096, 42909, 49927, 48030, 45983, 38637, 45104, 40096, 37675, 39164, 46405, 39853, 44929, 38663, 38420, 39257, 39336, 39241, 45522, 38583, 39306, 39607, 38996, 40008, 39611, 38194, 38954, 38821, 40105, 39803, 46402, 39495, 40207, 39315, 40179, 39918, 46780, 39545, 39385, 39774, 53550, 46443, 39362, 46337, 45952, 40071, 40113, 39863]}