{"avg": [0.3866667, 0.40380955, 0.41954884, 0.41683674, 0.40939847, 0.41260508, 0.43270677, 0.45294118, 0.42333335, 0.43724492, 0.4406593, 0.4289916, 0.4424107, 0.41275507, 0.44571435, 0.4518797, 0.47901785, 0.46339285, 0.4727679, 0.45672268, 0.47448978, 0.47976193, 0.47689074, 0.46116072, 0.47310925, 0.47232142, 0.4576923, 0.4892857, 0.46683672, 0.45867345, 0.46095237, 0.4857143, 0.4841837, 0.47857144, 0.50252104, 0.48928568, 0.4794643, 0.5022322, 0.50714284, 0.54117644, 0.51785713, 0.4910714, 0.51428574, 0.50555557, 0.51, 0.51, 0.5137755, 0.47941175, 0.52633923, 0.57857144], "std": [0.13090129, 0.11727826, 0.0747298, 0.060945358, 0.10528598, 0.11233977, 0.08038962, 0.073379196, 0.11331332, 0.05023114, 0.061405856, 0.07232507, 0.08994288, 0.08769724, 0.08716237, 0.0609556, 0.060264543, 0.061800938, 0.038067028, 0.107477635, 0.06318295, 0.070760764, 0.04218871, 0.083680056, 0.06410007, 0.07949437, 0.09006632, 0.086254664, 0.07997845, 0.09306016, 0.114697665, 0.09355659, 0.07862607, 0.10439327, 0.07793636, 0.08565639, 0.104913555, 0.09417738, 0.0935687, 0.07241044, 0.08795435, 0.09940831, 0.10985457, 0.114100926, 0.100400545, 0.07867093, 0.08882387, 0.08931116, 0.08068261, 0.08974058], "var": [0.98, 0.98, 0.98, 0.96, 0.94, 0.94, 0.92, 0.9, 0.9, 0.88, 0.86, 0.84, 0.84, 0.84, 0.86, 0.84, 0.82, 0.82, 0.82, 0.82, 0.8, 0.82, 0.82, 0.84, 0.82, 0.8, 0.78, 0.76, 0.76, 0.76, 0.74, 0.74, 0.74, 0.74, 0.76, 0.76, 0.76, 0.74, 0.76, 0.76, 0.72, 0.72, 0.72, 0.7, 0.7, 0.72, 0.68, 0.64, 0.66, 0.66], "best": [0.65, 0.65, 0.5142857, 0.5142857, 0.65, 0.65, 0.5714286, 0.5714286, 0.65, 0.55714285, 0.5214286, 0.55714285, 0.65, 0.5142857, 0.65, 0.5714286, 0.5714286, 0.5714286, 0.55, 0.65, 0.5857143, 0.65, 0.5857143, 0.5714286, 0.5714286, 0.65, 0.5857143, 0.65, 0.5928571, 0.5928571, 0.65, 0.65, 0.5928571, 0.65, 0.65, 0.65, 0.65, 0.65, 0.65, 0.65, 0.65, 0.6285714, 0.65, 0.65, 0.65, 0.65, 0.65, 0.65, 0.6285714, 0.65], "duration": [43235, 40059, 52932, 42903, 50036, 47844, 45536, 38693, 39643, 39143, 38707, 39610, 51743, 37773, 38532, 45998, 39653, 39585, 39782, 46367, 40171, 39597, 38543, 38949, 39669, 39611, 39458, 39772, 39531, 38729, 39403, 38808, 39034, 39169, 46419, 46137, 39851, 39631, 59878, 46749, 39818, 39328, 40059, 46438, 46995, 39591, 46088, 39629, 39497, 40220]}