{"avg": [0.2525926, 0.29629633, 0.2853595, 0.2581155, 0.30384442, 0.28067234, 0.2906183, 0.2829439, 0.30976033, 0.28039682, 0.28262994, 0.28478843, 0.30029258, 0.30278593, 0.29203463, 0.31804255, 0.30268317, 0.32918537, 0.34377015, 0.31408525, 0.3212081, 0.35161054, 0.32481855, 0.3343227, 0.34894654, 0.36271358, 0.34817168, 0.3684681, 0.3490422, 0.33500263, 0.36828467, 0.3809851, 0.34728676, 0.3509288, 0.37015057, 0.35891026, 0.34667632, 0.3803897, 0.36649147, 0.39935854, 0.38172686, 0.40283215, 0.39595112, 0.36242616, 0.40318167, 0.3933383, 0.407994, 0.39451513, 0.36714756, 0.39563286], "std": [0.08337596, 0.074967936, 0.055851813, 0.06772029, 0.0665776, 0.06685188, 0.0651892, 0.05082559, 0.05952655, 0.06268179, 0.062303253, 0.046868723, 0.070633516, 0.053394873, 0.07730706, 0.07129992, 0.036614653, 0.06056204, 0.06828723, 0.066647, 0.07133525, 0.063064985, 0.065248996, 0.045644812, 0.07356684, 0.07181935, 0.061255768, 0.053355113, 0.07730118, 0.060107276, 0.05791504, 0.065450065, 0.057616483, 0.06224963, 0.068217516, 0.08455714, 0.054939594, 0.057003777, 0.06419256, 0.06863834, 0.07763066, 0.087345384, 0.07440428, 0.0618854, 0.08222875, 0.07131371, 0.07507225, 0.0848589, 0.07278571, 0.09092396], "var": [0.98, 0.98, 0.98, 0.98, 0.98, 0.98, 0.98, 0.98, 0.96, 0.94, 0.92, 0.9, 0.86, 0.84, 0.82, 0.8, 0.8, 0.78, 0.78, 0.78, 0.76, 0.74, 0.72, 0.72, 0.7, 0.66, 0.66, 0.64, 0.64, 0.64, 0.66, 0.66, 0.64, 0.62, 0.62, 0.64, 0.64, 0.62, 0.62, 0.6, 0.58, 0.56, 0.56, 0.54, 0.5, 0.5, 0.5, 0.5, 0.5, 0.48], "best": [0.42444444, 0.45333335, 0.3677778, 0.35115838, 0.44575593, 0.44752136, 0.43225804, 0.35359836, 0.44783154, 0.35269842, 0.35146952, 0.357193, 0.44625294, 0.3983334, 0.44838384, 0.45037034, 0.3574679, 0.45315853, 0.4551865, 0.45677444, 0.45746133, 0.4578788, 0.46036398, 0.44709286, 0.46127734, 0.46372417, 0.4663929, 0.4538902, 0.46843538, 0.4571917, 0.47000238, 0.471483, 0.47378042, 0.47431526, 0.47506866, 0.47610807, 0.46510994, 0.47783425, 0.47911552, 0.47931457, 0.48177564, 0.48312554, 0.48548016, 0.48788056, 0.48805913, 0.48989728, 0.4909282, 0.4926813, 0.49409747, 0.494552], "duration": [43106, 39879, 44985, 43760, 46662, 39510, 40208, 38776, 45540, 39117, 45648, 38804, 51486, 45380, 39542, 39248, 39686, 39266, 39580, 46347, 40360, 39977, 39051, 39642, 40083, 40444, 39327, 39668, 40240, 39578, 39289, 39987, 39546, 53198, 46713, 53352, 45985, 39355, 39523, 46904, 40015, 40180, 46061, 39516, 40356, 39849, 39647, 40112, 40030, 46648]}