{"avg": [0.25952384, 0.2596561, 0.31792328, 0.25582013, 0.2518188, 0.25346562, 0.30222222, 0.24901278, 0.29379433, 0.29180208, 0.25248018, 0.2731055, 0.2670168, 0.2957958, 0.2722917, 0.2560262, 0.25335577, 0.2558957, 0.31291208, 0.24763347, 0.2464149, 0.27396563, 0.30960566, 0.26353383, 0.29114994, 0.2912972, 0.27035004, 0.29791412, 0.30658925, 0.27800924, 0.25514048, 0.25631747, 0.25739598, 0.2368836, 0.23765306, 0.27320936, 0.23458326, 0.25190702, 0.23499346, 0.26440975, 0.26217046, 0.27238703, 0.24260461, 0.24188429, 0.30939883, 0.26139927, 0.24469602, 0.25073272, 0.29245457, 0.31906027], "std": [0.03560831, 0.10886468, 0.027085476, 0.05002565, 0.025610726, 0.06230851, 0.061396033, 0.0810906, 0.06494499, 0.027027253, 0.043722548, 0.054887787, 0.052665167, 0.035735264, 0.044442017, 0.05220026, 0.09546594, 0.04123635, 0.044089645, 0.047033396, 0.07724284, 0.048568238, 0.0398533, 0.062142886, 0.038595375, 0.03830699, 0.027313054, 0.052277252, 0.02320941, 0.04451958, 0.040570673, 0.040542893, 0.04366241, 0.043684762, 0.024588006, 0.06965201, 0.08114284, 0.06028977, 0.06393645, 0.09111362, 0.049320973, 0.058220487, 0.038225275, 0.044856288, 0.054751556, 0.03959013, 0.054608215, 0.025523568, 0.04667046, 0.03962725], "var": [1.0, 1.0, 1.0, 1.0, 1.0, 1.0, 1.0, 1.0, 1.0, 1.0, 1.0, 1.0, 1.0, 1.0, 1.0, 1.0, 1.0, 1.0, 1.0, 1.0, 1.0, 1.0, 1.0, 1.0, 1.0, 1.0, 1.0, 1.0, 1.0, 1.0, 1.0, 1.0, 1.0, 1.0, 1.0, 1.0, 1.0, 1.0, 1.0, 1.0, 1.0, 1.0, 1.0, 1.0, 1.0, 1.0, 1.0, 1.0, 1.0, 1.0], "best": [0.30476192, 0.45555556, 0.356746, 0.33201057, 0.28869048, 0.34079364, 0.38531744, 0.38908246, 0.3556231, 0.31456587, 0.30059525, 0.3504608, 0.3541316, 0.34845558, 0.3394048, 0.31755263, 0.44197723, 0.30986395, 0.382326, 0.30199137, 0.34195402, 0.34426227, 0.36469492, 0.39749375, 0.34272012, 0.3382266, 0.30605486, 0.35225883, 0.35273364, 0.34444442, 0.31568146, 0.30232805, 0.3130502, 0.30234358, 0.26955783, 0.37893865, 0.3951231, 0.32968923, 0.3305155, 0.37886906, 0.34103522, 0.3286521, 0.29348683, 0.30720046, 0.4046869, 0.30613554, 0.35155436, 0.29530838, 0.38976884, 0.35778454], "duration": [12593, 12749, 13218, 13498, 12829, 12534, 13327, 12733, 12531, 13023, 12586, 12739, 17370, 13206, 13327, 12486, 13981, 12030, 12729, 12738, 12026, 12747, 12561, 9289, 12771, 13319, 12887, 12535, 12488, 12674, 12906, 13011, 13056, 12697, 8047, 13358, 12650, 9382, 12744, 13383, 12129, 12453, 12043, 11953, 13158, 12019, 12047, 12092, 12712, 12687]}