{"avg": [0.2551111, 0.2817778, 0.29128653, 0.28749272, 0.28765804, 0.28821778, 0.30273968, 0.31196523, 0.30685544, 0.32169276, 0.29936415, 0.28905094, 0.31398386, 0.32531905, 0.2966301, 0.29183292, 0.3001966, 0.3107071, 0.29672658, 0.2974135, 0.31639868, 0.31421316, 0.3154678, 0.3153493, 0.3242994, 0.3288941, 0.3249618, 0.2994683, 0.32885772, 0.33168072, 0.35661995, 0.33484378, 0.34306598, 0.3340226, 0.33049297, 0.3161752, 0.3248456, 0.3408788, 0.3759031, 0.36380517, 0.34340945, 0.33810514, 0.33763152, 0.37331572, 0.36892736, 0.39014804, 0.34977862, 0.37255153, 0.39311898, 0.36037087], "std": [0.08346094, 0.072940364, 0.04884136, 0.042779334, 0.06939596, 0.07161646, 0.056499526, 0.049324006, 0.07534582, 0.06348273, 0.059696704, 0.044981185, 0.06403082, 0.058836944, 0.0677597, 0.068028, 0.07066894, 0.057023387, 0.05740873, 0.07130234, 0.05183703, 0.06358682, 0.05554587, 0.040964298, 0.058283232, 0.046769317, 0.05704076, 0.07367099, 0.040390242, 0.06368065, 0.04309793, 0.06490005, 0.06570376, 0.085728, 0.047060266, 0.054723483, 0.047066756, 0.04821478, 0.05095761, 0.056394234, 0.08187902, 0.0649242, 0.07486214, 0.06444792, 0.053167995, 0.059620924, 0.076392904, 0.05858308, 0.063198045, 0.06589492], "var": [0.98, 0.98, 0.98, 0.96, 0.94, 0.94, 0.92, 0.92, 0.88, 0.88, 0.88, 0.86, 0.84, 0.82, 0.82, 0.8, 0.8, 0.8, 0.8, 0.78, 0.78, 0.74, 0.74, 0.74, 0.74, 0.72, 0.7, 0.68, 0.68, 0.68, 0.68, 0.7, 0.7, 0.7, 0.68, 0.7, 0.7, 0.7, 0.68, 0.7, 0.68, 0.64, 0.64, 0.6, 0.62, 0.62, 0.64, 0.64, 0.6, 0.56], "best": [0.42444444, 0.45333335, 0.35666665, 0.35052153, 0.44613755, 0.44720867, 0.3931987, 0.39593223, 0.44567898, 0.44725144, 0.3540562, 0.3512963, 0.44621313, 0.4469287, 0.38330412, 0.39847, 0.44623932, 0.44759595, 0.35627314, 0.3981421, 0.44789347, 0.4001406, 0.40380955, 0.40539515, 0.4055353, 0.44802776, 0.40858975, 0.41673663, 0.41012797, 0.41846833, 0.41992927, 0.44721535, 0.44785714, 0.44844702, 0.4244403, 0.39510953, 0.42373005, 0.43590036, 0.4366965, 0.449649, 0.43790162, 0.42797104, 0.43776092, 0.44246912, 0.4439542, 0.45193148, 0.49764547, 0.45348108, 0.4541382, 0.45517018], "duration": [42996, 39930, 53023, 43027, 49984, 47914, 45811, 38603, 44989, 40089, 37394, 38292, 45844, 39794, 44668, 38676, 38791, 40071, 39082, 38712, 45966, 46016, 39421, 38197, 39655, 39159, 39161, 38441, 38957, 39960, 39525, 39948, 39843, 39208, 38612, 38915, 39338, 40037, 40284, 40110, 39784, 39621, 40246, 40305, 40276, 40578, 39571, 40116, 40270, 40143]}