{"avg": [0.3904762, 0.41142857, 0.41954887, 0.40867347, 0.41240603, 0.4159664, 0.43270677, 0.45294118, 0.42333335, 0.44132656, 0.4362637, 0.43235293, 0.44508928, 0.41275507, 0.44000006, 0.4406015, 0.47142857, 0.4482143, 0.4607143, 0.4512605, 0.47653058, 0.47222218, 0.47521007, 0.46383926, 0.4802521, 0.4772321, 0.47637364, 0.47704083, 0.46785715, 0.47142857, 0.46095237, 0.5035714, 0.46836734, 0.49809524, 0.5061905, 0.49476188, 0.455042, 0.521875, 0.48904762, 0.51260513, 0.5039683, 0.53238094, 0.5495238, 0.54375005, 0.5154762, 0.5428572, 0.53285724, 0.5227679, 0.4861905, 0.50857145], "std": [0.1280855, 0.112992674, 0.070894316, 0.060739998, 0.10185819, 0.10930669, 0.08038962, 0.073379196, 0.11331332, 0.052223068, 0.071068406, 0.07387075, 0.090763435, 0.08769724, 0.08478864, 0.06497345, 0.05742119, 0.05865738, 0.040327094, 0.10954547, 0.06206061, 0.07415009, 0.027622644, 0.08923101, 0.0553028, 0.06763208, 0.083364524, 0.088359624, 0.078467, 0.06126699, 0.1101905, 0.06255382, 0.061605953, 0.08711032, 0.061215937, 0.06538565, 0.12658986, 0.0875717, 0.0828845, 0.10955353, 0.09485703, 0.08519152, 0.055724453, 0.0734914, 0.098435886, 0.088063054, 0.07558388, 0.123542994, 0.082374066, 0.10662413], "var": [0.98, 0.98, 0.98, 0.96, 0.94, 0.94, 0.92, 0.9, 0.9, 0.88, 0.86, 0.84, 0.84, 0.84, 0.86, 0.84, 0.82, 0.82, 0.82, 0.82, 0.8, 0.8, 0.82, 0.82, 0.82, 0.8, 0.78, 0.76, 0.78, 0.78, 0.76, 0.76, 0.76, 0.74, 0.72, 0.7, 0.68, 0.7, 0.68, 0.68, 0.68, 0.66, 0.64, 0.64, 0.66, 0.62, 0.62, 0.64, 0.66, 0.66], "best": [0.65, 0.65, 0.5142857, 0.5142857, 0.65, 0.65, 0.5714286, 0.5714286, 0.65, 0.55714285, 0.5214286, 0.55714285, 0.65, 0.5142857, 0.65, 0.5714286, 0.55714285, 0.5214286, 0.5142857, 0.65, 0.5857143, 0.65, 0.5142857, 0.5857143, 0.5714286, 0.65, 0.5857143, 0.65, 0.5928571, 0.5857143, 0.65, 0.65, 0.5714286, 0.65, 0.65, 0.65, 0.65, 0.65, 0.65, 0.65, 0.65, 0.65, 0.65, 0.65, 0.65, 0.65, 0.65, 0.65, 0.65, 0.65], "duration": [42656, 39609, 52110, 42687, 49564, 43223, 45140, 38363, 37957, 38743, 38308, 38524, 51417, 37455, 37921, 44634, 38936, 38735, 38878, 45870, 39468, 39277, 39062, 38902, 39299, 38473, 38947, 39234, 39181, 39152, 38333, 38885, 39029, 38771, 39272, 38952, 39036, 39655, 39062, 39758, 45270, 44979, 39341, 39745, 39502, 52422, 45825, 39315, 38413, 39429]}