{"avg": [0.16666667, 0.1548535, 0.17435345, 0.13911112, 0.20012364, 0.17818278, 0.1872535, 0.14074183, 0.16317263, 0.19993652, 0.22508349, 0.24477953, 0.16700739, 0.24601957, 0.23568732, 0.32601687, 0.24082838, 0.25426114, 0.23467721, 0.2528741, 0.17297228, 0.20143983, 0.27849516, 0.19033842, 0.12014195, 0.27998275, 0.20413968, 0.21741219, 0.25745532, 0.20461978, 0.26503104, 0.2983755, 0.21635349, 0.30273804, 0.28174207, 0.20355615, 0.2067693, 0.22834417, 0.23319519, 0.26789606, 0.33412775, 0.36072016, 0.33238563, 0.33857626, 0.30078775, 0.3563728, 0.26956713, 0.27207994, 0.31811962, 0.30937234], "std": [0.18898223, 0.19596383, 0.19774196, 0.1896119, 0.20017093, 0.19927496, 0.1986264, 0.19057633, 0.19503997, 0.19995002, 0.19851698, 0.19528529, 0.19763638, 0.19451228, 0.19721732, 0.15667148, 0.1966502, 0.19421229, 0.2001436, 0.19591236, 0.19974622, 0.20148353, 0.18778487, 0.20349447, 0.18614146, 0.18881641, 0.20417415, 0.20339467, 0.19667335, 0.20464753, 0.19455846, 0.18002534, 0.20246142, 0.18264526, 0.18999991, 0.20361555, 0.20681329, 0.20431192, 0.2057213, 0.19796577, 0.16063648, 0.1416431, 0.1663754, 0.16285157, 0.1903307, 0.15214206, 0.19924566, 0.20110074, 0.1838494, 0.18516347], "var": [1.0, 0.98, 0.98, 0.96, 0.92, 0.92, 0.9, 0.9, 0.94, 0.94, 0.92, 0.9, 0.88, 0.86, 0.88, 0.88, 0.88, 0.88, 0.88, 0.86, 0.86, 0.86, 0.86, 0.82, 0.8, 0.8, 0.78, 0.8, 0.8, 0.78, 0.8, 0.78, 0.76, 0.74, 0.76, 0.74, 0.74, 0.7, 0.68, 0.64, 0.64, 0.6, 0.6, 0.56, 0.58, 0.54, 0.54, 0.54, 0.52, 0.5], "best": [0.3809524, 0.4122024, 0.41198686, 0.40465608, 0.40967035, 0.4118166, 0.40216455, 0.40250412, 0.40275693, 0.40561906, 0.40595242, 0.40632275, 0.4078884, 0.40507936, 0.40681186, 0.4083135, 0.40803573, 0.4085047, 0.40865353, 0.41007861, 0.4102857, 0.4106476, 0.41109324, 0.41177002, 0.41264498, 0.41312775, 0.4146835, 0.41259992, 0.41421166, 0.41670224, 0.41677022, 0.41673768, 0.41724584, 0.41785046, 0.41945603, 0.4199004, 0.4199179, 0.42038193, 0.42047465, 0.4214286, 0.42196217, 0.42217913, 0.42411855, 0.42563733, 0.4270737, 0.4278865, 0.4290955, 0.4303548, 0.43069267, 0.43213984], "duration": [1308, 1070, 1067, 1384, 1071, 1235, 1066, 1148, 1097, 1051, 1063, 1056, 1059, 1120, 1239, 1087, 1075, 1223, 1257, 1229, 1089, 1065, 1104, 1076, 1246, 1054, 1047, 1061, 1407, 1075, 1417, 1075, 1126, 1041, 1099, 1058, 1071, 1449, 1060, 1066, 1230, 1080, 1073, 1099, 1081, 1069, 1234, 1086, 1069, 1243]}