{"avg": [0.26031747, 0.2896931, 0.29507938, 0.2902818, 0.2913673, 0.29122433, 0.30863777, 0.31833312, 0.30693004, 0.31060544, 0.31181094, 0.31584927, 0.33152744, 0.31922942, 0.30356312, 0.3223577, 0.32438192, 0.34727862, 0.321551, 0.3507606, 0.3281889, 0.3332314, 0.33205125, 0.33175772, 0.2954296, 0.3226059, 0.32775223, 0.3274157, 0.30933148, 0.3393882, 0.37952206, 0.35424176, 0.34205118, 0.348475, 0.35121435, 0.34905916, 0.3710865, 0.3395189, 0.3684536, 0.35655022, 0.3428175, 0.37453136, 0.37143487, 0.36713645, 0.3760649, 0.38453847, 0.39786816, 0.39058572, 0.37708604, 0.39324534], "std": [0.08539034, 0.07409099, 0.04873721, 0.042002857, 0.07330871, 0.07705153, 0.049865756, 0.04808029, 0.08126013, 0.07946732, 0.076668784, 0.07770989, 0.05396703, 0.075628735, 0.0894359, 0.046239715, 0.0633661, 0.06300986, 0.07803462, 0.060449038, 0.05236045, 0.0627705, 0.06569561, 0.06602802, 0.050148156, 0.06389329, 0.072420806, 0.057173736, 0.0672127, 0.06255013, 0.061859384, 0.07279269, 0.06877568, 0.06538511, 0.051306315, 0.066604644, 0.059664853, 0.05883423, 0.061949693, 0.05720583, 0.06514388, 0.06464057, 0.07550222, 0.064211674, 0.06658961, 0.06947448, 0.0687153, 0.07001612, 0.05148382, 0.06127734], "var": [0.98, 0.98, 0.98, 0.96, 0.94, 0.94, 0.92, 0.92, 0.92, 0.9, 0.9, 0.88, 0.88, 0.84, 0.82, 0.78, 0.76, 0.76, 0.78, 0.76, 0.74, 0.74, 0.7, 0.72, 0.74, 0.74, 0.74, 0.74, 0.76, 0.78, 0.82, 0.78, 0.8, 0.78, 0.74, 0.74, 0.74, 0.74, 0.7, 0.68, 0.66, 0.64, 0.64, 0.62, 0.6, 0.58, 0.58, 0.6, 0.56, 0.54], "best": [0.4333333, 0.46222222, 0.36396822, 0.3578231, 0.45502642, 0.45609757, 0.40081772, 0.40355125, 0.45456788, 0.45666668, 0.45691058, 0.45819208, 0.45876288, 0.4591346, 0.45970368, 0.40856746, 0.4604987, 0.4609665, 0.46146572, 0.46196866, 0.42035604, 0.4623853, 0.4627566, 0.46311855, 0.42554578, 0.46384612, 0.46468648, 0.42563495, 0.4651376, 0.46585903, 0.46638235, 0.4672852, 0.46811593, 0.46871793, 0.46971962, 0.4300433, 0.43074593, 0.43158242, 0.47017837, 0.4324478, 0.43275133, 0.43358397, 0.47009578, 0.4361469, 0.47134587, 0.47202632, 0.47288212, 0.47456017, 0.4410675, 0.4815823], "duration": [43014, 39830, 52684, 42803, 49781, 43351, 45633, 38679, 38296, 39378, 38734, 39053, 39328, 38884, 45997, 38878, 38296, 38886, 38923, 38836, 38812, 39196, 38633, 38876, 45462, 38863, 39184, 38749, 52927, 39629, 45928, 52526, 39296, 39673, 39798, 39620, 40184, 39893, 39074, 39458, 39709, 39964, 39403, 38705, 39666, 39662, 39978, 39827, 46105, 39703]}