{"avg": [0.25460318, 0.30812696, 0.29011342, 0.28761184, 0.3086915, 0.2758053, 0.28935117, 0.31176004, 0.32384762, 0.31910795, 0.29055673, 0.32028463, 0.29044992, 0.32505906, 0.32657698, 0.3269188, 0.32439676, 0.33758378, 0.35074452, 0.32689032, 0.32107288, 0.3469783, 0.32387882, 0.36191463, 0.3474632, 0.34206024, 0.35364565, 0.33419952, 0.34028006, 0.3512157, 0.34474003, 0.35132623, 0.33339092, 0.33770686, 0.34815675, 0.36985463, 0.37160772, 0.37203643, 0.3522172, 0.37467808, 0.35124642, 0.35806024, 0.3971646, 0.3446064, 0.3451595, 0.36797363, 0.37412846, 0.37376446, 0.39689818, 0.3794921], "std": [0.09013078, 0.05777426, 0.042493183, 0.059325732, 0.043251716, 0.052936327, 0.06433345, 0.05180899, 0.04936764, 0.05288312, 0.045055583, 0.049329106, 0.058952596, 0.050443854, 0.043821476, 0.04292942, 0.031561017, 0.03181299, 0.04711957, 0.052402087, 0.054716114, 0.038445633, 0.059259765, 0.04497657, 0.06971382, 0.07466261, 0.060925134, 0.0903798, 0.048961837, 0.057387944, 0.08400462, 0.06566809, 0.0784869, 0.055567272, 0.08348866, 0.06476211, 0.06358727, 0.048695225, 0.07172481, 0.07115605, 0.058223657, 0.07050576, 0.066915736, 0.08219905, 0.078308076, 0.09320213, 0.076100945, 0.080577314, 0.07438923, 0.06712556], "var": [0.98, 0.98, 0.98, 0.96, 0.94, 0.9, 0.88, 0.86, 0.86, 0.88, 0.88, 0.86, 0.82, 0.8, 0.78, 0.76, 0.76, 0.74, 0.72, 0.72, 0.68, 0.66, 0.62, 0.64, 0.64, 0.62, 0.62, 0.62, 0.64, 0.64, 0.62, 0.6, 0.58, 0.56, 0.54, 0.56, 0.54, 0.5, 0.52, 0.5, 0.48, 0.48, 0.5, 0.5, 0.52, 0.48, 0.44, 0.44, 0.42, 0.44], "best": [0.4333333, 0.46222222, 0.34857145, 0.3587662, 0.35811135, 0.3624127, 0.364709, 0.44923544, 0.45146665, 0.45324072, 0.36542442, 0.40125036, 0.3881816, 0.45112178, 0.4044473, 0.40623018, 0.36746344, 0.39241624, 0.44976524, 0.40692785, 0.4499474, 0.4507984, 0.45113635, 0.45199275, 0.4533333, 0.45458332, 0.45651475, 0.45665896, 0.40002117, 0.45806453, 0.45887265, 0.45978406, 0.4605349, 0.40847766, 0.46009818, 0.46201548, 0.518874, 0.46356454, 0.46397582, 0.52097374, 0.46609196, 0.4658524, 0.4670144, 0.46909618, 0.5253629, 0.52581626, 0.5275505, 0.47309396, 0.5295511, 0.4759046], "duration": [38090, 39316, 39121, 47794, 39209, 45322, 52408, 38598, 59014, 38672, 44811, 39269, 38823, 45378, 40206, 39483, 38494, 39116, 39304, 39629, 38571, 52838, 39506, 45806, 39564, 44854, 39424, 39711, 39854, 38775, 39585, 39831, 39533, 39728, 47148, 46001, 40148, 39895, 39849, 40234, 39898, 39905, 40315, 39800, 45898, 39897, 39984, 39238, 46855, 39910]}