{"avg": [0.26841173, 0.30366367, 0.35780698, 0.3793273, 0.3930659, 0.39297792, 0.45653367, 0.45404628, 0.48700583, 0.50395334, 0.5216586, 0.5306741, 0.5717677, 0.56201434, 0.5794614, 0.6156021, 0.63072556, 0.6434579, 0.64537257, 0.64490575, 0.6629069, 0.66747826, 0.67025125, 0.6745682, 0.6714987, 0.67154014, 0.6818707, 0.6847324, 0.6866288, 0.6891137, 0.6909334, 0.6933357, 0.6892482, 0.69684184, 0.6988405, 0.68398523, 0.7025979, 0.69793254, 0.6994278, 0.7068967, 0.70824045, 0.7095184, 0.7107346, 0.7118941, 0.71300036, 0.70868427, 0.71511465, 0.71011364, 0.7168751, 0.7175999, 0.7067609, 0.71925265, 0.7199757, 0.71510774, 0.7214524, 0.7162025, 0.71689624, 0.72339636, 0.7184463, 0.71854323, 0.7252398, 0.7257137, 0.72633433, 0.7268047, 0.72738713, 0.7279494, 0.7284231, 0.72890574, 0.72329533, 0.7298496, 0.71862835, 0.73071784, 0.7311337, 0.7314999, 0.73189443], "std": [0.13587096, 0.14295393, 0.12350227, 0.11638823, 0.114499256, 0.12790145, 0.0699057, 0.12813444, 0.080524646, 0.07707694, 0.07918803, 0.10435477, 0.07724247, 0.07654458, 0.08454762, 0.057237037, 0.043640368, 0.025849689, 0.038878683, 0.043564938, 0.0066158785, 0.00503088, 0.004610986, 0.001986647, 0.027076503, 0.03763928, 0.0023525427, 0.0014467922, 0.0012376879, 0.0006887354, 0.0011413943, 0.0008212137, 0.025948133, 0.0012692792, 0.001209075, 0.041885924, 0.00036434544, 0.026668053, 0.026687132, 1.1920929e-07, 0.0, 5.9604645e-08, 1.1920929e-07, 5.9604645e-08, 1.1920929e-07, 0.024971161, 1.1920929e-07, 0.026076596, 0.0, 1.1920929e-07, 0.035944108, 0.0, 5.9604645e-08, 0.025505988, 5.9604645e-08, 0.026076615, 0.026076596, 1.1920929e-07, 0.025505986, 0.02668714, 5.9604645e-08, 1.1920929e-07, 1.1920929e-07, 0.0, 1.1920929e-07, 1.1920929e-07, 0.0, 5.9604645e-08, 0.026687136, 1.1920929e-07, 0.035944108, 1.1920929e-07, 1.1920929e-07, 1.7881393e-07, 1.1920929e-07], "var": [1.0, 1.0, 1.0, 1.0, 1.0, 1.0, 1.0, 1.0, 0.96, 0.96, 0.96, 0.96, 0.92, 0.92, 0.96, 1.0, 1.0, 0.88, 0.88, 0.84, 0.68, 0.56, 0.48, 0.44, 0.52, 0.52, 0.4, 0.4, 0.24, 0.28, 0.24, 0.24, 0.24, 0.2, 0.12, 0.08, 0.08, 0.04, 0.04, 0.04, 0.04, 0.04, 0.04, 0.04, 0.04, 0.04, 0.04, 0.04, 0.04, 0.04, 0.04, 0.04, 0.04, 0.04, 0.04, 0.04, 0.04, 0.04, 0.04, 0.04, 0.04, 0.04, 0.04, 0.04, 0.04, 0.04, 0.04, 0.04, 0.04, 0.04, 0.04, 0.04, 0.04, 0.04, 0.04], "best": [0.6020408, 0.6113576, 0.61326534, 0.6138322, 0.6158163, 0.63257605, 0.62782204, 0.635034, 0.63645095, 0.63817406, 0.64387757, 0.64585656, 0.6473527, 0.64952964, 0.65206176, 0.6543891, 0.6565576, 0.6591459, 0.66162884, 0.66429615, 0.6675026, 0.6706475, 0.6731338, 0.6764406, 0.6792994, 0.68160504, 0.68401366, 0.6862336, 0.6880859, 0.68989646, 0.6920369, 0.6939441, 0.6957788, 0.6975636, 0.69941425, 0.7010456, 0.70268136, 0.70415306, 0.7055504, 0.7068966, 0.70824045, 0.7095183, 0.7107347, 0.71189415, 0.7130005, 0.71400803, 0.7151148, 0.7159447, 0.7168751, 0.71760005, 0.71842253, 0.71925265, 0.71997577, 0.72067374, 0.72145236, 0.7220333, 0.7227273, 0.7233965, 0.724012, 0.72466576, 0.7252399, 0.72571355, 0.7263342, 0.7268047, 0.727387, 0.7279495, 0.7284231, 0.7289057, 0.7294177, 0.72984946, 0.73029, 0.73071796, 0.7311338, 0.7315001, 0.7318943], "duration": [20688, 7222, 7528, 7881, 9223, 8274, 8754, 7187, 6576, 8573, 7180, 6560, 7183, 8649, 7248, 7244, 8809, 8338, 8723, 7954, 7200, 7856, 7782, 7890, 6770, 12091, 10587, 7361, 6745, 6865, 9742, 7906, 8886, 8213, 8354, 7395, 6646, 6713, 6219, 6721, 9309, 6140, 7495, 8371, 7359, 9471, 7574, 6837, 7248, 7497, 6846, 8756, 7754, 7961, 6773, 8584, 9713, 6668, 7957, 7811, 6201, 7263, 7002, 7326, 6371, 8319, 9072, 8760, 6514, 6172, 8251, 9263, 6200, 7761, 6871]}