{"avg": [0.25952384, 0.2596561, 0.31157407, 0.2621693, 0.24546957, 0.26616403, 0.30222222, 0.255362, 0.29379433, 0.29942113, 0.2651786, 0.2667563, 0.273366, 0.2957958, 0.2722917, 0.2560262, 0.25335577, 0.2558957, 0.30021366, 0.24128427, 0.2464149, 0.27396563, 0.30960566, 0.26988304, 0.29114994, 0.284948, 0.27035004, 0.2915649, 0.30658925, 0.27800924, 0.2614897, 0.23346034, 0.2637452, 0.2368836, 0.24527211, 0.27320936, 0.24093246, 0.25190702, 0.24134266, 0.26440975, 0.26217046, 0.26603782, 0.24260461, 0.24188429, 0.3093988, 0.26139927, 0.23834682, 0.25073272, 0.29245457, 0.31906027], "std": [0.03560831, 0.10886468, 0.021028515, 0.043948527, 0.041376445, 0.049067173, 0.061396033, 0.07737397, 0.06494499, 0.034558676, 0.05354028, 0.047243435, 0.047877364, 0.035735264, 0.044442017, 0.05220026, 0.09546594, 0.04123635, 0.053004257, 0.04348054, 0.07724284, 0.048568238, 0.0398533, 0.05731635, 0.038595375, 0.04875547, 0.027313054, 0.052994035, 0.02320941, 0.04451958, 0.05114992, 0.04936428, 0.036693934, 0.043684762, 0.016534043, 0.06965201, 0.075589955, 0.06028977, 0.057667494, 0.09111362, 0.049320973, 0.056335352, 0.038225275, 0.044856288, 0.064810805, 0.03959013, 0.042739768, 0.025523568, 0.04667046, 0.03962725], "var": [1.0, 1.0, 1.0, 1.0, 1.0, 1.0, 1.0, 1.0, 1.0, 1.0, 1.0, 1.0, 1.0, 1.0, 1.0, 1.0, 1.0, 1.0, 1.0, 1.0, 1.0, 1.0, 1.0, 1.0, 1.0, 1.0, 1.0, 1.0, 1.0, 1.0, 1.0, 1.0, 1.0, 1.0, 1.0, 1.0, 1.0, 1.0, 1.0, 1.0, 1.0, 1.0, 1.0, 1.0, 1.0, 1.0, 1.0, 1.0, 1.0, 1.0], "best": [0.30476192, 0.45555556, 0.3531746, 0.33201057, 0.3267857, 0.34079364, 0.38531744, 0.38908246, 0.3556231, 0.34509805, 0.33035713, 0.31236562, 0.3541316, 0.34845558, 0.3394048, 0.31755263, 0.44197723, 0.30986395, 0.382326, 0.30199137, 0.34195402, 0.34426227, 0.36469492, 0.39749375, 0.34272012, 0.3382266, 0.30605486, 0.35225883, 0.35273364, 0.34444442, 0.35377666, 0.30232805, 0.3130502, 0.30234358, 0.26955783, 0.37893865, 0.3951231, 0.32968923, 0.3305155, 0.37886906, 0.34103522, 0.3286521, 0.29348683, 0.30720046, 0.4046869, 0.30613554, 0.31345913, 0.29530838, 0.38976884, 0.35778454], "duration": [12952, 12786, 13369, 13872, 12892, 12730, 13411, 12809, 12521, 13102, 12483, 12703, 17504, 13111, 13349, 12596, 14400, 12127, 12769, 12741, 12217, 12875, 12629, 9435, 12850, 13344, 13028, 12606, 12701, 12819, 13047, 13187, 13208, 12761, 8014, 13399, 12733, 10087, 12790, 13498, 12155, 12431, 12346, 12127, 13380, 12180, 12126, 12200, 12748, 12819]}