{"avg": [0.2662222, 0.29585186, 0.29923975, 0.29654032, 0.29736564, 0.29540733, 0.312986, 0.32724267, 0.31950617, 0.33180448, 0.31162938, 0.30167824, 0.33219713, 0.3216865, 0.28925195, 0.3136257, 0.34118634, 0.35745034, 0.3263364, 0.32895124, 0.33665115, 0.3190507, 0.34260398, 0.3152106, 0.3355806, 0.32673192, 0.33323324, 0.3549021, 0.31075084, 0.33079368, 0.34609017, 0.3226275, 0.3402017, 0.35458735, 0.3170183, 0.36146212, 0.3536749, 0.3497614, 0.36422005, 0.35036454, 0.3341069, 0.35931298, 0.36673775, 0.38903114, 0.3671746, 0.3784234, 0.3683397, 0.35244083, 0.40593538, 0.37436777], "std": [0.08777524, 0.07612797, 0.048359767, 0.041846953, 0.07523645, 0.07643725, 0.057437856, 0.050322786, 0.07875967, 0.07143175, 0.06377406, 0.051540677, 0.04474493, 0.08403092, 0.08576395, 0.056123536, 0.066799805, 0.0649126, 0.054145098, 0.061745178, 0.05680458, 0.062238727, 0.06402913, 0.052611485, 0.0651786, 0.06932633, 0.07782943, 0.07861653, 0.093422264, 0.06867166, 0.07894707, 0.08774083, 0.071615264, 0.07100589, 0.06278905, 0.08205084, 0.06693074, 0.05955812, 0.060085144, 0.056727327, 0.06548794, 0.06608365, 0.058292374, 0.048568163, 0.05190922, 0.06704347, 0.07620645, 0.05745688, 0.051302936, 0.055658277], "var": [0.98, 0.98, 0.98, 0.96, 0.94, 0.94, 0.92, 0.92, 0.88, 0.88, 0.88, 0.86, 0.86, 0.84, 0.82, 0.82, 0.82, 0.78, 0.74, 0.72, 0.7, 0.7, 0.68, 0.7, 0.7, 0.68, 0.72, 0.72, 0.74, 0.72, 0.72, 0.7, 0.7, 0.72, 0.68, 0.66, 0.66, 0.64, 0.62, 0.62, 0.62, 0.6, 0.62, 0.62, 0.64, 0.6, 0.58, 0.62, 0.62, 0.62], "best": [0.44444442, 0.47333333, 0.3722222, 0.36385486, 0.46613753, 0.46720865, 0.40875423, 0.4114878, 0.46543208, 0.46703216, 0.37179384, 0.4151852, 0.41541955, 0.46555552, 0.41882992, 0.4191539, 0.4654561, 0.46662578, 0.42397663, 0.46707132, 0.46778825, 0.42484057, 0.46795118, 0.4277471, 0.4281462, 0.42932883, 0.46699345, 0.45896223, 0.4667929, 0.4670085, 0.46311298, 0.43124428, 0.46657827, 0.46675214, 0.46498755, 0.4668478, 0.46860325, 0.46905982, 0.46823812, 0.46913376, 0.4694312, 0.469354, 0.47014096, 0.4693707, 0.43655607, 0.4702448, 0.4783149, 0.470551, 0.4714475, 0.4794705], "duration": [42874, 39688, 52154, 42717, 49572, 47579, 45221, 38447, 44678, 39521, 37129, 38470, 38925, 38707, 38799, 45410, 38982, 39438, 38092, 43240, 38812, 44638, 38713, 43575, 45665, 39013, 42886, 39482, 38583, 39663, 39708, 62374, 39361, 39161, 39101, 48174, 45622, 43405, 39092, 39442, 43850, 43524, 46216, 39752, 39159, 38956, 47682, 58818, 39295, 45795]}