{"avg": [0.24871795, 0.27951, 0.28488082, 0.28287736, 0.28215197, 0.28172204, 0.2965499, 0.30712864, 0.29635075, 0.312094, 0.3038053, 0.30619425, 0.31881446, 0.2944287, 0.2927057, 0.3013632, 0.30730456, 0.3159214, 0.339139, 0.3349914, 0.33566484, 0.31834868, 0.30942097, 0.36022207, 0.3243497, 0.338762, 0.31509686, 0.33661118, 0.341688, 0.34195706, 0.34332258, 0.34710535, 0.32993084, 0.3475671, 0.35652292, 0.38088316, 0.37541556, 0.34891006, 0.36333165, 0.3569331, 0.34148514, 0.35717067, 0.35632044, 0.3734859, 0.3959087, 0.39418805, 0.36035803, 0.36746427, 0.37427816, 0.40400338], "std": [0.08152609, 0.06918208, 0.048436202, 0.04118851, 0.06738371, 0.07168151, 0.0499095, 0.04754709, 0.07580943, 0.060746636, 0.070650764, 0.068321384, 0.04991894, 0.06489461, 0.077527255, 0.05236761, 0.057703733, 0.05398608, 0.06286875, 0.06178159, 0.05043055, 0.060820065, 0.05811976, 0.0576924, 0.059739664, 0.050186597, 0.05536169, 0.060472526, 0.07036166, 0.06078234, 0.06389032, 0.06357039, 0.054459583, 0.06333684, 0.06901545, 0.04663266, 0.06742908, 0.07369713, 0.065100335, 0.06411729, 0.06688477, 0.08256866, 0.070032984, 0.06268918, 0.05756703, 0.06848469, 0.06266452, 0.08162291, 0.08023582, 0.06675853], "var": [0.98, 0.98, 0.98, 0.96, 0.94, 0.94, 0.92, 0.92, 0.92, 0.9, 0.88, 0.86, 0.84, 0.82, 0.8, 0.76, 0.78, 0.74, 0.74, 0.72, 0.74, 0.7, 0.72, 0.7, 0.68, 0.66, 0.64, 0.6, 0.58, 0.58, 0.56, 0.52, 0.5, 0.48, 0.46, 0.46, 0.46, 0.48, 0.46, 0.46, 0.42, 0.4, 0.38, 0.36, 0.34, 0.32, 0.34, 0.36, 0.38, 0.38], "best": [0.4128205, 0.4417094, 0.34675217, 0.34060702, 0.4345136, 0.43558475, 0.38396788, 0.38670143, 0.43405506, 0.43548715, 0.43599126, 0.4373026, 0.4379064, 0.4383013, 0.43830195, 0.44029608, 0.44051078, 0.39226985, 0.44020978, 0.4419596, 0.44309476, 0.4438376, 0.40079805, 0.44349813, 0.4459784, 0.4463222, 0.40538397, 0.44591963, 0.4464562, 0.44732597, 0.40980265, 0.44691142, 0.41370416, 0.41390875, 0.4474093, 0.44884002, 0.44954064, 0.4502484, 0.42100492, 0.4505326, 0.4505202, 0.45041135, 0.45188698, 0.42745075, 0.45149103, 0.43284962, 0.4363711, 0.4515053, 0.45251787, 0.45341155], "duration": [43100, 40027, 52937, 43044, 50124, 48008, 45723, 38768, 39029, 39874, 39275, 39808, 39277, 39474, 45958, 39477, 44848, 45824, 39383, 39413, 46201, 39340, 38571, 40176, 39151, 39787, 45795, 39031, 39548, 39205, 39563, 38979, 40015, 39564, 39921, 40073, 39877, 39512, 39591, 39537, 39508, 39721, 39583, 40148, 39868, 39196, 39741, 40074, 46299, 39704]}