{"avg": [0.24499997, 0.28883332, 0.2825817, 0.26313955, 0.298662, 0.27569804, 0.28555387, 0.27804026, 0.31258398, 0.28034922, 0.26678425, 0.27976584, 0.2999169, 0.28949347, 0.2914207, 0.30155468, 0.30728245, 0.32408702, 0.3260529, 0.31546867, 0.3033801, 0.30314073, 0.32430768, 0.29172108, 0.32972813, 0.32596195, 0.33113378, 0.31185174, 0.30228996, 0.33023188, 0.31601074, 0.32397884, 0.348697, 0.31820828, 0.32619953, 0.3488589, 0.34383556, 0.3169488, 0.33092722, 0.32115233, 0.3410824, 0.3512188, 0.34657842, 0.34601903, 0.35845923, 0.37323362, 0.3691497, 0.3581705, 0.34732762, 0.36180964], "std": [0.08454946, 0.07237947, 0.054789472, 0.06417216, 0.06537701, 0.0656007, 0.0646234, 0.043742407, 0.043395843, 0.06485261, 0.06646642, 0.043856613, 0.06803584, 0.041777045, 0.07817126, 0.05250149, 0.044288594, 0.036442436, 0.061827265, 0.057842486, 0.047486767, 0.054996762, 0.04764131, 0.051950775, 0.047261775, 0.051991522, 0.058413047, 0.07043558, 0.05315023, 0.03614736, 0.06464182, 0.058718238, 0.034259927, 0.043653697, 0.056684133, 0.049439188, 0.03605888, 0.049242157, 0.05517474, 0.06937828, 0.05872239, 0.06379035, 0.047137994, 0.05711332, 0.06537432, 0.05700866, 0.05183026, 0.06065599, 0.06990088, 0.067641884], "var": [0.98, 0.98, 0.98, 0.98, 0.98, 0.98, 0.98, 0.98, 0.96, 0.94, 0.92, 0.9, 0.88, 0.84, 0.84, 0.82, 0.8, 0.82, 0.82, 0.82, 0.84, 0.82, 0.84, 0.84, 0.84, 0.82, 0.8, 0.78, 0.8, 0.8, 0.8, 0.8, 0.8, 0.78, 0.76, 0.74, 0.74, 0.72, 0.74, 0.7, 0.68, 0.66, 0.66, 0.64, 0.6, 0.62, 0.64, 0.66, 0.62, 0.62], "best": [0.41666666, 0.44555557, 0.3613889, 0.34476948, 0.4385246, 0.4401709, 0.42567205, 0.33623853, 0.4403226, 0.35059524, 0.3450806, 0.3508041, 0.43882978, 0.37532684, 0.428672, 0.43063304, 0.39963186, 0.40025255, 0.44362214, 0.44535148, 0.37656417, 0.3989712, 0.4343811, 0.3766249, 0.43483332, 0.4472789, 0.44763073, 0.40110847, 0.40519157, 0.3945991, 0.40538156, 0.43549028, 0.40719545, 0.38269982, 0.44715908, 0.44772866, 0.40892854, 0.38587964, 0.43699324, 0.43744507, 0.43771365, 0.4384896, 0.43989184, 0.43998754, 0.44337228, 0.45128205, 0.44538584, 0.4462266, 0.4470805, 0.4479221], "duration": [38352, 39943, 45162, 43874, 46698, 39127, 39959, 38922, 45733, 39786, 46009, 39332, 44947, 39055, 38937, 38676, 39352, 39346, 39680, 46358, 38435, 45322, 39474, 38953, 39095, 39206, 39103, 39294, 39108, 39389, 44696, 39219, 39462, 39586, 38557, 46270, 39197, 39646, 39541, 39411, 39269, 39844, 39402, 39156, 44088, 39757, 39799, 40667, 39684, 44505]}