{"avg": [0.25777778, 0.2896931, 0.29226458, 0.27781305, 0.2938549, 0.27145615, 0.33364722, 0.30689165, 0.29657623, 0.28479707, 0.29924423, 0.2847959, 0.3132673, 0.29631752, 0.2965284, 0.32977375, 0.32243052, 0.3133828, 0.2949184, 0.3169942, 0.3063472, 0.3055546, 0.29755968, 0.308275, 0.34445778, 0.30740625, 0.3075109, 0.32177326, 0.32717592, 0.33363906, 0.34526172, 0.3246343, 0.3120947, 0.32970282, 0.310259, 0.31862286, 0.3467333, 0.3274558, 0.34556502, 0.31835437, 0.32513604, 0.30818754, 0.32457477, 0.3433446, 0.33140996, 0.33762535, 0.36263192, 0.34535304, 0.35263944, 0.3317007], "std": [0.08726752, 0.07409099, 0.06730356, 0.065294825, 0.046476897, 0.08182553, 0.049729533, 0.054673385, 0.0532601, 0.042645108, 0.056659944, 0.05781197, 0.048576605, 0.057159666, 0.05557719, 0.04938578, 0.045382537, 0.06167957, 0.06643664, 0.07177464, 0.063221686, 0.050955724, 0.067417145, 0.06367478, 0.051130712, 0.05708575, 0.050772198, 0.041171305, 0.056553636, 0.049651373, 0.0421495, 0.058533017, 0.05134257, 0.06683396, 0.05063144, 0.07363079, 0.051183384, 0.048346993, 0.055097193, 0.07827601, 0.05315063, 0.045500603, 0.074693084, 0.049899194, 0.045656797, 0.050737288, 0.04132839, 0.048120126, 0.05839448, 0.06998114], "var": [0.98, 0.96, 0.96, 0.94, 0.92, 0.9, 0.9, 0.88, 0.88, 0.88, 0.88, 0.88, 0.88, 0.86, 0.86, 0.84, 0.86, 0.86, 0.84, 0.84, 0.8, 0.78, 0.8, 0.78, 0.78, 0.78, 0.78, 0.8, 0.78, 0.76, 0.76, 0.74, 0.72, 0.7, 0.68, 0.68, 0.66, 0.68, 0.68, 0.66, 0.64, 0.64, 0.64, 0.62, 0.64, 0.64, 0.64, 0.64, 0.66, 0.68], "best": [0.4333333, 0.46222222, 0.36396822, 0.36507937, 0.37674603, 0.45225224, 0.45530304, 0.37975034, 0.38325262, 0.38154325, 0.38325652, 0.37893558, 0.3851967, 0.38635394, 0.3875576, 0.44956896, 0.38842726, 0.4500624, 0.37948847, 0.45117056, 0.3889445, 0.37771022, 0.3777319, 0.38910815, 0.45145884, 0.37779382, 0.37837493, 0.37321007, 0.45189393, 0.41561654, 0.39123127, 0.4173917, 0.38109437, 0.41855216, 0.38235867, 0.39108226, 0.45061728, 0.42078218, 0.4509182, 0.45121947, 0.42282248, 0.39204395, 0.3922306, 0.45142153, 0.39229771, 0.45161286, 0.45321593, 0.45171797, 0.45196334, 0.40007925], "duration": [42974, 39918, 39305, 43575, 38670, 38247, 39771, 38507, 51186, 44792, 39703, 37499, 45662, 45509, 38598, 45956, 39625, 38380, 39593, 39759, 44868, 38318, 38044, 39374, 39421, 38833, 37818, 38824, 52643, 38175, 39642, 38421, 45940, 38827, 38988, 38796, 38765, 39010, 44680, 45587, 51866, 39411, 39181, 38983, 38915, 52631, 45955, 39645, 39144, 38937]}