{"avg": [0.271875, 0.34014422, 0.32209054, 0.31555554, 0.32488847, 0.31470585, 0.33407897, 0.33564568, 0.32755455, 0.31833336, 0.3168365, 0.3115161, 0.30636823, 0.3221704, 0.3422545, 0.34494886, 0.3639676, 0.3401775, 0.3416781, 0.34957707, 0.32322472, 0.3418811, 0.3668899, 0.34867144, 0.36141825, 0.38358614, 0.34311882, 0.38793468, 0.3571286, 0.36499023, 0.34035918, 0.37252504, 0.38509336, 0.36640128, 0.38383254, 0.35860196, 0.38256788, 0.39046136, 0.39286774, 0.3898991, 0.40218198, 0.38577855, 0.36553684, 0.3884627, 0.40288323, 0.40237996, 0.40049347, 0.4087446, 0.3559812, 0.405333], "std": [0.08472151, 0.050431516, 0.06138336, 0.06387405, 0.062340196, 0.07118644, 0.052655425, 0.06800616, 0.07190879, 0.05197728, 0.086603574, 0.055166904, 0.07883186, 0.05778062, 0.060144026, 0.07357669, 0.063806124, 0.053213708, 0.06907475, 0.06222262, 0.10703188, 0.09953582, 0.09055403, 0.077868134, 0.069270775, 0.07368137, 0.0849874, 0.06619085, 0.07825353, 0.05834729, 0.05367808, 0.0910551, 0.07596553, 0.06987474, 0.07782307, 0.072023086, 0.09988682, 0.06321152, 0.07404489, 0.081925265, 0.07512626, 0.08950565, 0.10138356, 0.07961021, 0.1010474, 0.082637, 0.07339948, 0.08919551, 0.107387446, 0.09995357], "var": [1.0, 0.98, 0.98, 0.96, 0.94, 0.94, 0.92, 0.92, 0.9, 0.9, 0.86, 0.82, 0.82, 0.84, 0.82, 0.8, 0.8, 0.82, 0.82, 0.8, 0.78, 0.74, 0.72, 0.7, 0.68, 0.68, 0.68, 0.66, 0.64, 0.64, 0.64, 0.62, 0.62, 0.6, 0.6, 0.62, 0.62, 0.62, 0.64, 0.62, 0.66, 0.66, 0.62, 0.62, 0.62, 0.64, 0.66, 0.62, 0.62, 0.6], "best": [0.45, 0.490625, 0.38965517, 0.42222223, 0.48728812, 0.4878205, 0.43157896, 0.48738736, 0.3984127, 0.43169016, 0.43375796, 0.37936047, 0.39594594, 0.44477612, 0.43179724, 0.4819565, 0.48360324, 0.43076923, 0.48333332, 0.48667818, 0.48615634, 0.48664594, 0.4895833, 0.49374998, 0.49376693, 0.49479166, 0.49738154, 0.4976019, 0.49988452, 0.50100446, 0.43125, 0.50020874, 0.5032128, 0.5052427, 0.5059434, 0.5080586, 0.5081105, 0.5103806, 0.5112985, 0.51344264, 0.5154093, 0.5172926, 0.5187786, 0.5197761, 0.5208029, 0.5236842, 0.5247905, 0.52606016, 0.52748656, 0.5275658], "duration": [53646, 39654, 38749, 39635, 45362, 38983, 39502, 38568, 44347, 38360, 39473, 38309, 37914, 39273, 38826, 38990, 39026, 38838, 37942, 38253, 38749, 39843, 38945, 45769, 39005, 46102, 38749, 39449, 39571, 44708, 45361, 51851, 39673, 39502, 39399, 38774, 39125, 38801, 39048, 39117, 45083, 39402, 38960, 39152, 45513, 38978, 38510, 39548, 38568, 39219]}