{"avg": [0.23296294, 0.25614816, 0.2697661, 0.25768545, 0.28255624, 0.2636138, 0.23845486, 0.2861928, 0.26398388, 0.25407153, 0.2889398, 0.27824518, 0.27850148, 0.26104134, 0.27998587, 0.3010898, 0.2743345, 0.27690724, 0.31473437, 0.26443762, 0.28259605, 0.31020662, 0.30813348, 0.3140505, 0.32822615, 0.30483502, 0.29915243, 0.32416406, 0.30658308, 0.31167287, 0.34151584, 0.32074666, 0.33221895, 0.31154215, 0.34469357, 0.31045803, 0.32522807, 0.3190766, 0.34427708, 0.34307763, 0.33480135, 0.32635355, 0.34534693, 0.3213991, 0.33367756, 0.31440756, 0.34978104, 0.33818322, 0.32941347, 0.3329807], "std": [0.093809776, 0.08213295, 0.05300162, 0.038958915, 0.06284506, 0.0824364, 0.063447855, 0.063798696, 0.06597979, 0.067575656, 0.040614393, 0.0861399, 0.09235705, 0.08181689, 0.06693119, 0.04731762, 0.048198387, 0.071960725, 0.05905829, 0.07556394, 0.038063314, 0.081656136, 0.054392297, 0.06407505, 0.04915216, 0.07422618, 0.06362393, 0.070821166, 0.057012476, 0.058907494, 0.07770951, 0.06526958, 0.07244424, 0.072067164, 0.08800689, 0.08349193, 0.055822197, 0.07186688, 0.066117376, 0.06978274, 0.05504407, 0.08103559, 0.05565216, 0.0775059, 0.08687389, 0.09203681, 0.088107005, 0.09599773, 0.12927605, 0.09336355], "var": [0.98, 0.98, 0.98, 0.96, 0.96, 0.94, 0.92, 0.92, 0.9, 0.88, 0.86, 0.84, 0.84, 0.8, 0.8, 0.8, 0.82, 0.82, 0.82, 0.8, 0.8, 0.8, 0.78, 0.78, 0.78, 0.78, 0.76, 0.78, 0.8, 0.8, 0.8, 0.82, 0.82, 0.78, 0.78, 0.74, 0.74, 0.72, 0.74, 0.72, 0.7, 0.72, 0.72, 0.72, 0.7, 0.68, 0.68, 0.66, 0.66, 0.66], "best": [0.42222223, 0.4511111, 0.3544444, 0.30941042, 0.44391534, 0.44585094, 0.30972224, 0.4451389, 0.35529718, 0.3179604, 0.354375, 0.4429841, 0.44363844, 0.39331722, 0.44414413, 0.3959321, 0.35468748, 0.39485446, 0.44413364, 0.44517303, 0.35524404, 0.44632936, 0.44790682, 0.44885266, 0.4501876, 0.4511278, 0.39993307, 0.45238462, 0.3985615, 0.45295814, 0.45338467, 0.45446488, 0.45581904, 0.4569604, 0.45790994, 0.46048936, 0.46105263, 0.46148148, 0.46253228, 0.46398342, 0.4640471, 0.46424899, 0.46499333, 0.42255768, 0.46645853, 0.45250392, 0.46738794, 0.46854606, 0.46996757, 0.47185472], "duration": [43139, 39956, 52825, 42850, 43618, 39564, 39300, 45452, 51455, 44364, 59461, 38802, 37819, 38692, 45655, 39595, 38606, 45788, 46524, 38314, 46348, 44049, 39609, 50063, 39554, 39576, 39604, 45604, 38581, 39281, 40036, 39630, 39161, 39539, 39892, 39689, 39794, 39613, 40050, 39361, 39512, 46547, 39700, 39370, 38804, 39535, 45828, 39313, 39678, 39721]}