{"avg": [0.26031747, 0.30402118, 0.304256, 0.2932229, 0.32351103, 0.31329098, 0.31469727, 0.33958918, 0.33046845, 0.3328531, 0.32778266, 0.37158883, 0.31918392, 0.3749497, 0.35706085, 0.3634125, 0.4042892, 0.38071948, 0.36238483, 0.40103957, 0.36025116, 0.3967388, 0.39265496, 0.39799976, 0.41069442, 0.40127957, 0.43856433, 0.38233423, 0.4181797, 0.43979162, 0.45533043, 0.45655224, 0.42045343, 0.45147708, 0.45747566, 0.5003004, 0.47134113, 0.50090104, 0.4957466, 0.46666214, 0.49086508, 0.49885798, 0.4869786, 0.50845253, 0.48881954, 0.5199996, 0.5266633, 0.52545387, 0.52906764, 0.5247523], "std": [0.08539034, 0.07649328, 0.06249321, 0.047091953, 0.066577256, 0.05582622, 0.06562455, 0.061563462, 0.0713708, 0.0788034, 0.06335507, 0.07682993, 0.06163828, 0.06412262, 0.07014664, 0.06958257, 0.061064467, 0.07246594, 0.08750471, 0.08426091, 0.086243115, 0.07041469, 0.060743734, 0.06792315, 0.07516235, 0.07773978, 0.06577291, 0.084182285, 0.085817575, 0.0762795, 0.06676584, 0.081769116, 0.09067154, 0.09330587, 0.092647016, 0.04912369, 0.08095326, 0.056152824, 0.06527264, 0.07302072, 0.08420518, 0.0516735, 0.08349402, 0.068760455, 0.07188613, 0.06555096, 0.028751468, 0.047452882, 0.05435544, 0.05760848], "var": [0.98, 0.98, 0.96, 0.94, 0.94, 0.96, 0.94, 0.92, 0.92, 0.88, 0.84, 0.82, 0.82, 0.8, 0.78, 0.74, 0.72, 0.68, 0.64, 0.64, 0.66, 0.66, 0.66, 0.68, 0.66, 0.64, 0.6, 0.6, 0.6, 0.6, 0.58, 0.56, 0.54, 0.54, 0.54, 0.52, 0.5, 0.5, 0.52, 0.52, 0.54, 0.54, 0.52, 0.54, 0.52, 0.52, 0.5, 0.5, 0.5, 0.48], "best": [0.4333333, 0.46222222, 0.44682539, 0.36231884, 0.46065572, 0.46367517, 0.46350875, 0.46695903, 0.4689567, 0.47256234, 0.4703252, 0.47509158, 0.4762626, 0.4801252, 0.48118517, 0.4789765, 0.48425195, 0.48694026, 0.49128917, 0.49359822, 0.49442688, 0.4991919, 0.49865124, 0.5027855, 0.5107716, 0.5079284, 0.5092775, 0.50960314, 0.5128909, 0.514978, 0.51904756, 0.5231348, 0.52284193, 0.5275951, 0.5303885, 0.53315085, 0.53557914, 0.5402754, 0.5438685, 0.5453159, 0.5489666, 0.5517313, 0.5533535, 0.55553913, 0.5587896, 0.5612676, 0.56344384, 0.56621677, 0.5686922, 0.57148385], "duration": [43008, 39762, 39555, 42733, 40007, 38745, 45055, 38856, 38447, 55895, 46414, 44473, 39798, 48881, 49424, 39934, 54230, 46045, 39131, 40016, 39819, 44699, 58998, 39525, 44885, 39918, 40302, 49427, 49656, 45075, 45072, 49746, 40123, 45179, 49744, 40574, 44807, 51741, 40492, 40258, 40449, 45259, 45085, 53972, 40601, 40649, 45148, 40560, 47205, 40475]}