{"avg": [0.2713889, 0.30124074, 0.30682746, 0.3049927, 0.30480716, 0.30544, 0.32067606, 0.33309242, 0.32540488, 0.3405545, 0.3171651, 0.30382523, 0.33278593, 0.3474794, 0.31186038, 0.30166495, 0.3052564, 0.32035547, 0.31671432, 0.31883997, 0.3380748, 0.33275878, 0.33151543, 0.3345602, 0.33570686, 0.35566145, 0.36000374, 0.3675484, 0.35438636, 0.3672736, 0.3351429, 0.32808185, 0.3510236, 0.3539776, 0.37677947, 0.35577092, 0.3726175, 0.34493408, 0.3485631, 0.39475852, 0.38251615, 0.3496403, 0.36507913, 0.3672259, 0.37365142, 0.38370878, 0.40924516, 0.38715106, 0.40599, 0.39545986], "std": [0.08986701, 0.07792123, 0.050344512, 0.04494384, 0.074367076, 0.07702414, 0.059956368, 0.051337034, 0.08030748, 0.067883216, 0.065263316, 0.051150676, 0.06853387, 0.057641078, 0.076553956, 0.07793055, 0.07997917, 0.07078112, 0.06259824, 0.07368735, 0.053994633, 0.07025369, 0.061887644, 0.04997676, 0.060166497, 0.061891288, 0.050931577, 0.056553952, 0.066254, 0.042926148, 0.059110407, 0.07099981, 0.068953894, 0.057060547, 0.09185996, 0.08081228, 0.060291927, 0.06746082, 0.061395768, 0.06054595, 0.065373376, 0.10319147, 0.074355714, 0.085763216, 0.073672175, 0.0927399, 0.08970346, 0.06607297, 0.07711653, 0.058420338], "var": [0.98, 0.98, 0.98, 0.96, 0.94, 0.94, 0.92, 0.92, 0.88, 0.88, 0.88, 0.86, 0.82, 0.8, 0.82, 0.8, 0.8, 0.8, 0.8, 0.78, 0.78, 0.74, 0.74, 0.72, 0.72, 0.68, 0.66, 0.66, 0.62, 0.62, 0.64, 0.62, 0.62, 0.62, 0.64, 0.68, 0.64, 0.66, 0.66, 0.66, 0.64, 0.62, 0.6, 0.62, 0.6, 0.58, 0.58, 0.54, 0.56, 0.56], "best": [0.45416665, 0.48305556, 0.36722222, 0.36913264, 0.47585976, 0.4769309, 0.41569865, 0.4184322, 0.4751543, 0.4767544, 0.37901607, 0.37944448, 0.47576532, 0.4764937, 0.40635967, 0.42096996, 0.4755769, 0.4768333, 0.37858796, 0.42064205, 0.47708988, 0.42264056, 0.4263095, 0.4278951, 0.42890558, 0.47724998, 0.47772434, 0.4435023, 0.43556246, 0.447438, 0.43836698, 0.43891445, 0.43959975, 0.44114885, 0.47795847, 0.45950451, 0.45616606, 0.47818708, 0.46024048, 0.4782139, 0.46139458, 0.46173546, 0.4783046, 0.4642595, 0.46145687, 0.47817597, 0.47844648, 0.4704964, 0.47872576, 0.47412136], "duration": [43059, 39930, 52838, 42944, 49851, 47773, 45759, 38546, 44892, 40036, 37346, 38237, 45847, 39732, 44765, 38572, 38584, 39936, 39027, 38638, 45922, 45917, 39218, 38660, 39046, 39416, 39118, 39068, 39598, 39488, 44635, 45142, 39110, 38916, 46063, 38693, 38958, 38652, 53139, 39709, 39571, 38194, 38991, 46104, 39596, 39485, 39183, 39133, 39526, 39582]}