{"avg": [0.355, 0.355, 0.35166666, 0.34833333, 0.34666666, 0.34166667, 0.33833334, 0.34666666, 0.33833334, 0.34, 0.35, 0.335, 0.33666667, 0.34333333, 0.335, 0.33333334, 0.33833334, 0.32833335, 0.33666667, 0.335, 0.325, 0.33166668, 0.325, 0.31833333, 0.32666665], "std": [0.22779746, 0.2203596, 0.22378679, 0.22894068, 0.2287405, 0.22988518, 0.2293772, 0.2287405, 0.22571494, 0.22226112, 0.217945, 0.22328985, 0.21791947, 0.22088213, 0.21179792, 0.21343751, 0.21435305, 0.22199222, 0.21791948, 0.22141595, 0.21937399, 0.22821169, 0.22684418, 0.2158254, 0.21398348], "var": [0.9866667, 0.98, 0.98, 0.98, 0.96666664, 0.96666664, 0.9533333, 0.94666666, 0.94, 0.94, 0.9266667, 0.92, 0.91333336, 0.9066667, 0.9, 0.9, 0.8933333, 0.8933333, 0.88666666, 0.88, 0.87333333, 0.8666667, 0.8666667, 0.86, 0.85333335], "best": [0.75, 0.75, 0.75, 0.75, 0.75, 0.75, 0.75, 0.75, 0.75, 0.75, 0.75, 0.75, 0.75, 0.75, 0.75, 0.75, 0.75, 0.75, 0.75, 0.75, 0.75, 0.75, 0.75, 0.75, 0.75], "duration": [35066, 35098, 35379, 34780, 34639, 35167, 34957, 34830, 34370, 34745, 34803, 35013, 34335, 34912, 34497, 34035, 33873, 33874, 33748, 33606, 33937, 33568, 33005, 33466, 34132]}