{"avg": [0.26031747, 0.2896931, 0.3017143, 0.28526983, 0.29148677, 0.27467093, 0.29663643, 0.3012199, 0.31810048, 0.2860053, 0.3004205, 0.30589405, 0.3082259, 0.3064654, 0.35792914, 0.30217418, 0.33118206, 0.30937555, 0.33890417, 0.34673646, 0.3297938, 0.3235803, 0.34167835, 0.3467886, 0.34394193, 0.35183164, 0.3451273, 0.34675884, 0.33556873, 0.36409485, 0.36511263, 0.36668175, 0.33774772, 0.350971, 0.36372638, 0.38730448, 0.3866293, 0.3717796, 0.35472578, 0.37351424, 0.37170747, 0.37046555, 0.36601266, 0.4026432, 0.3967467, 0.3836859, 0.40557677, 0.40676633, 0.40493065, 0.43179637], "std": [0.08539034, 0.07409099, 0.035130493, 0.06786324, 0.065005034, 0.055993505, 0.043845806, 0.057625167, 0.050840314, 0.07492762, 0.055163756, 0.04939994, 0.05059443, 0.05027244, 0.039038546, 0.04727499, 0.04539575, 0.08802943, 0.05969138, 0.04325122, 0.040264826, 0.052545995, 0.048778467, 0.053209428, 0.06361888, 0.056567915, 0.069711626, 0.07099168, 0.058865257, 0.054819435, 0.045678977, 0.05358215, 0.053591046, 0.07175087, 0.06630831, 0.070310205, 0.06752922, 0.054761384, 0.059414178, 0.068762794, 0.072306775, 0.09235634, 0.076788254, 0.072546564, 0.06504213, 0.079307266, 0.0750677, 0.081605114, 0.06958722, 0.06493183], "var": [1.0, 1.0, 0.98, 0.94, 0.92, 0.92, 0.9, 0.9, 0.88, 0.88, 0.86, 0.82, 0.84, 0.84, 0.84, 0.82, 0.8, 0.78, 0.78, 0.78, 0.78, 0.78, 0.78, 0.78, 0.8, 0.78, 0.78, 0.8, 0.78, 0.74, 0.74, 0.76, 0.78, 0.78, 0.76, 0.76, 0.74, 0.76, 0.76, 0.8, 0.78, 0.74, 0.72, 0.7, 0.7, 0.66, 0.62, 0.6, 0.6, 0.58], "best": [0.4333333, 0.46222222, 0.36396822, 0.36582008, 0.36785713, 0.3869841, 0.35148147, 0.41190472, 0.45197737, 0.415485, 0.3640492, 0.36006883, 0.3642199, 0.387509, 0.45224807, 0.39081183, 0.45214382, 0.45278856, 0.45445666, 0.44318667, 0.39350507, 0.3885093, 0.44335318, 0.45618507, 0.46004644, 0.46115223, 0.4581472, 0.4631549, 0.46422553, 0.46417582, 0.4143661, 0.4608163, 0.4122516, 0.46517062, 0.46209875, 0.46673545, 0.46873853, 0.46666667, 0.467665, 0.47067466, 0.47012576, 0.4724511, 0.47383097, 0.4745612, 0.4763615, 0.47779563, 0.4789125, 0.4804498, 0.48199448, 0.48364794], "duration": [43166, 40064, 39403, 43236, 39219, 49487, 39397, 39491, 43473, 43188, 39862, 38679, 44028, 52795, 39863, 40036, 38369, 39658, 39712, 40068, 45512, 39566, 39505, 39903, 46381, 46920, 40314, 39109, 60059, 46590, 46894, 40077, 39514, 52875, 40436, 40444, 40363, 40058, 46006, 40366, 39983, 47239, 40424, 40624, 40549, 40170, 40343, 40510, 47286, 40493]}