{"avg": [0.26031747, 0.2896931, 0.29307437, 0.2902818, 0.2893623, 0.29402542, 0.30863777, 0.31833312, 0.31279385, 0.32525286, 0.30798092, 0.29244378, 0.3201743, 0.33420795, 0.3049238, 0.29746783, 0.28957266, 0.3040173, 0.30981463, 0.32153526, 0.3372821, 0.2954712, 0.33793023, 0.33691368, 0.31021902, 0.37121907, 0.30433714, 0.28319505, 0.33122402, 0.32937476, 0.34501588, 0.34064966, 0.31553715, 0.34182137, 0.34548023, 0.33972192, 0.35086688, 0.33501548, 0.3473956, 0.338748, 0.36635423, 0.33951983, 0.35779074, 0.3561544, 0.3639422, 0.3837496, 0.39195505, 0.37245157, 0.3742018, 0.36117157, 0.37713405, 0.3439491, 0.39551044, 0.38896766, 0.38624245, 0.38315737, 0.40943488, 0.37238824, 0.39349687, 0.3869792, 0.41155782, 0.35897893, 0.4044015, 0.3954815, 0.40837857, 0.38902694, 0.38244995, 0.41222715, 0.40935576, 0.41414773, 0.44093663, 0.40546027, 0.44109568, 0.41094846, 0.43856913, 0.45145524, 0.46268195, 0.42585078, 0.44298846, 0.46095914, 0.45900652, 0.44492358, 0.45380765, 0.46884468, 0.43870276, 0.44159725, 0.43761495, 0.43197963, 0.454281, 0.45570764, 0.48177877, 0.40641293, 0.44545284, 0.4389018, 0.44940117, 0.42853233, 0.4748429, 0.42161688, 0.40517372, 0.4333797, 0.44159642, 0.49168387, 0.5084112, 0.48461628, 0.45157632, 0.43580735, 0.4367166, 0.51029336, 0.5272333, 0.4748167, 0.4563588, 0.49624124, 0.479374, 0.5022927, 0.49642906, 0.507224, 0.5005981, 0.49863726, 0.49787667, 0.5233141, 0.50552, 0.52914816, 0.5191975, 0.49687108, 0.5121706, 0.51922405, 0.5009618, 0.55143774, 0.53193724, 0.53739506, 0.5477177, 0.5345719, 0.5472764, 0.53655446, 0.5426188, 0.49297658, 0.5452625, 0.5146776, 0.5523914, 0.4590357, 0.5590164, 0.5425248, 0.5288549, 0.5033482, 0.539246, 0.56169575, 0.54407316, 0.5570005, 0.5502302, 0.561801], "std": [0.08539034, 0.07409099, 0.04923542, 0.043432835, 0.07199143, 0.077167965, 0.05441407, 0.04917747, 0.07701867, 0.06967578, 0.06272913, 0.04610178, 0.06523052, 0.055016633, 0.070135094, 0.069135755, 0.05845722, 0.041864622, 0.06773999, 0.06477379, 0.04649302, 0.069278054, 0.05761305, 0.0595683, 0.07749459, 0.06465081, 0.06516385, 0.058470946, 0.06503075, 0.04340453, 0.061914913, 0.07854737, 0.073409334, 0.08305694, 0.07271781, 0.051993545, 0.04403372, 0.055457257, 0.059682004, 0.06419448, 0.052356604, 0.055870302, 0.04340517, 0.05108739, 0.06738552, 0.05723476, 0.05454671, 0.06958866, 0.059320465, 0.0749704, 0.0654479, 0.059907697, 0.046808373, 0.063496366, 0.07295643, 0.07405714, 0.06813454, 0.0840693, 0.075003766, 0.061407827, 0.08768812, 0.07852702, 0.07266065, 0.07839033, 0.067816556, 0.08022791, 0.08683586, 0.061804578, 0.07176558, 0.07261597, 0.05430905, 0.08259947, 0.048257474, 0.072070025, 0.06217202, 0.06622964, 0.04211789, 0.08479333, 0.07215888, 0.057057757, 0.05858963, 0.055440642, 0.07650667, 0.059209045, 0.0891931, 0.087363005, 0.08945849, 0.0943419, 0.07399983, 0.08694603, 0.061022885, 0.109341696, 0.10140528, 0.10673443, 0.098545045, 0.11795199, 0.08279037, 0.11873851, 0.12624668, 0.09781423, 0.1062218, 0.068247534, 0.020689901, 0.099027164, 0.11334843, 0.118496954, 0.12612014, 0.0610103, 0.02659024, 0.09753181, 0.11599139, 0.08607963, 0.10766137, 0.08287398, 0.083763264, 0.08158442, 0.0883453, 0.08855089, 0.09168507, 0.066872895, 0.09596611, 0.064419374, 0.08499427, 0.10503141, 0.100472346, 0.0842502, 0.10666916, 0.025469331, 0.076861076, 0.07212956, 0.029756615, 0.07714129, 0.074079424, 0.07103689, 0.07393393, 0.13017717, 0.06859071, 0.10898933, 0.07520319, 0.13862388, 0.06939194, 0.09531117, 0.10309589, 0.12715924, 0.099207245, 0.07786506, 0.094438, 0.07471459, 0.09010762, 0.087692924], "var": [0.98, 0.98, 0.98, 0.96, 0.94, 0.94, 0.92, 0.92, 0.88, 0.88, 0.88, 0.86, 0.84, 0.82, 0.82, 0.8, 0.8, 0.8, 0.82, 0.8, 0.8, 0.78, 0.78, 0.76, 0.74, 0.72, 0.72, 0.7, 0.72, 0.72, 0.7, 0.7, 0.7, 0.7, 0.72, 0.72, 0.76, 0.74, 0.72, 0.72, 0.7, 0.7, 0.68, 0.66, 0.64, 0.62, 0.62, 0.6, 0.6, 0.62, 0.6, 0.6, 0.58, 0.6, 0.58, 0.56, 0.52, 0.52, 0.52, 0.48, 0.48, 0.46, 0.44, 0.48, 0.5, 0.5, 0.5, 0.48, 0.48, 0.48, 0.5, 0.48, 0.5, 0.5, 0.48, 0.46, 0.42, 0.4, 0.38, 0.4, 0.42, 0.42, 0.4, 0.42, 0.42, 0.44, 0.44, 0.42, 0.42, 0.46, 0.46, 0.46, 0.48, 0.48, 0.44, 0.46, 0.44, 0.44, 0.42, 0.4, 0.38, 0.36, 0.36, 0.34, 0.32, 0.32, 0.34, 0.34, 0.34, 0.36, 0.36, 0.34, 0.34, 0.34, 0.36, 0.36, 0.36, 0.36, 0.34, 0.34, 0.32, 0.34, 0.32, 0.3, 0.3, 0.32, 0.32, 0.28, 0.28, 0.28, 0.26, 0.26, 0.26, 0.26, 0.26, 0.24, 0.24, 0.22, 0.22, 0.22, 0.22, 0.22, 0.2, 0.2, 0.2, 0.2, 0.18, 0.16, 0.16, 0.16], "best": [0.4333333, 0.46222222, 0.36396822, 0.3578231, 0.45502642, 0.45609757, 0.40081772, 0.40355125, 0.45456788, 0.4561403, 0.36353984, 0.35859787, 0.455102, 0.45581758, 0.39028823, 0.40608904, 0.4064652, 0.3587879, 0.4065311, 0.40750977, 0.4545741, 0.40976766, 0.45498082, 0.5103718, 0.45625544, 0.5115749, 0.3899561, 0.36253893, 0.414512, 0.39028823, 0.51202637, 0.51265585, 0.41740036, 0.45857418, 0.5141438, 0.41978088, 0.42103457, 0.42211878, 0.5145551, 0.43327925, 0.45922995, 0.43560788, 0.4347432, 0.43733558, 0.51549333, 0.5159021, 0.4600092, 0.51666343, 0.44411525, 0.5170614, 0.5175652, 0.44716835, 0.4607915, 0.5183291, 0.51893026, 0.5193171, 0.51976323, 0.5207884, 0.52112186, 0.45521665, 0.52164954, 0.5228512, 0.5229712, 0.5231094, 0.5236396, 0.52402806, 0.524331, 0.4622204, 0.52487314, 0.5253398, 0.46616587, 0.52600074, 0.5261968, 0.5267666, 0.52713877, 0.52757734, 0.52812845, 0.5288451, 0.529223, 0.53004336, 0.5306144, 0.48608887, 0.5312271, 0.5316047, 0.5324763, 0.5332341, 0.5338379, 0.53427184, 0.49646795, 0.53499275, 0.53776413, 0.53629297, 0.5365047, 0.53720886, 0.54059917, 0.54143965, 0.5436894, 0.5444816, 0.53967434, 0.54035634, 0.54315495, 0.5438113, 0.54468995, 0.54581946, 0.5477466, 0.54348, 0.54829323, 0.54864305, 0.54757994, 0.546722, 0.5498848, 0.5488543, 0.54938656, 0.55118114, 0.5515785, 0.55163044, 0.55245346, 0.57178336, 0.5542903, 0.57316774, 0.55633456, 0.5573347, 0.55831414, 0.5594969, 0.5768787, 0.5777102, 0.5786862, 0.5793532, 0.5654703, 0.5811651, 0.58196, 0.56873286, 0.5835829, 0.58461744, 0.5727723, 0.5861219, 0.57498163, 0.57633156, 0.5881653, 0.5889563, 0.57884485, 0.59004056, 0.581762, 0.5826759, 0.58377165, 0.58489555, 0.58606315, 0.59380955, 0.59447414, 0.59520763], "duration": [42799, 39562, 52311, 42575, 49537, 47556, 45269, 38330, 44555, 39383, 37134, 38001, 45567, 39435, 44583, 38442, 37976, 38877, 39317, 38898, 45684, 38739, 39515, 39356, 38547, 39291, 44720, 37931, 38565, 38999, 38669, 38948, 44144, 52005, 38700, 38034, 38604, 44763, 39053, 38484, 39142, 37897, 38534, 45858, 39363, 46235, 46256, 39341, 38974, 38435, 39248, 38951, 52822, 46021, 39317, 45957, 39421, 39207, 46241, 44895, 39287, 39094, 39342, 52037, 45812, 38849, 39190, 39036, 39291, 39155, 38876, 39286, 52332, 45872, 45737, 39782, 39527, 45698, 46058, 39479, 39562, 39771, 39400, 39867, 45941, 39400, 39269, 39573, 46119, 39465, 39771, 46016, 39575, 46045, 39319, 45837, 46398, 39367, 39095, 39828, 46025, 39588, 39616, 39498, 39668, 39704, 39571, 39701, 39800, 46557, 45773, 39743, 39847, 46279, 39757, 39534, 39744, 39735, 40020, 40059, 39909, 39705, 39918, 39919, 40011, 53428, 40024, 40017, 39954, 39799, 39965, 39953, 46734, 40013, 40114, 40080, 46896, 40108, 40115, 39683, 40172, 40166, 40015, 39860, 40063, 46711, 40116, 46883, 46741, 40206]}