{"avg": [0.11666668, 0.152, 0.15166667, 0.15662132, 0.16326736, 0.14539476, 0.16074863, 0.1575523, 0.17352533, 0.16941337, 0.16543107, 0.15570053, 0.17192535, 0.16953146, 0.1601234, 0.172225, 0.1717779, 0.18801604, 0.17693834, 0.17799109, 0.1836095, 0.1640443, 0.18160877, 0.17705205, 0.16989636, 0.17139746, 0.1792066, 0.1891065, 0.17398907, 0.17857851, 0.18471615, 0.1736287, 0.19237891, 0.20070967, 0.18281251, 0.197711, 0.19902216, 0.20763338, 0.19705571, 0.21378063, 0.17684439, 0.2035061, 0.19873835, 0.21594302, 0.20454909, 0.20503697, 0.21806997, 0.2040352, 0.21564798, 0.20761359], "std": [0.04484794, 0.041390497, 0.03207076, 0.039969053, 0.032685596, 0.043992136, 0.032451306, 0.030426975, 0.037963014, 0.02616503, 0.027137436, 0.033130933, 0.039846238, 0.04265765, 0.042326547, 0.030985547, 0.032990895, 0.018701658, 0.026607541, 0.0292298, 0.043999445, 0.045326475, 0.038693372, 0.028626814, 0.0292213, 0.0475466, 0.027867869, 0.034034792, 0.054765802, 0.04802073, 0.035947613, 0.038066983, 0.037007764, 0.040746305, 0.038892824, 0.036687143, 0.029962614, 0.045847163, 0.038734194, 0.042383336, 0.039708532, 0.038113452, 0.036667466, 0.042854127, 0.042142745, 0.036346834, 0.039018225, 0.041330587, 0.043020982, 0.051634844], "var": [0.98, 0.98, 0.98, 0.94, 0.94, 0.94, 0.94, 0.94, 0.92, 0.92, 0.88, 0.86, 0.86, 0.84, 0.8, 0.78, 0.76, 0.76, 0.76, 0.76, 0.74, 0.72, 0.7, 0.68, 0.64, 0.64, 0.66, 0.66, 0.66, 0.62, 0.64, 0.64, 0.66, 0.68, 0.68, 0.66, 0.66, 0.68, 0.68, 0.68, 0.66, 0.62, 0.64, 0.66, 0.66, 0.68, 0.66, 0.68, 0.68, 0.66], "best": [0.2, 0.24333334, 0.17833334, 0.2020635, 0.2322034, 0.23355263, 0.22582418, 0.22730307, 0.23606557, 0.24202898, 0.19766574, 0.23244047, 0.2332281, 0.2409091, 0.24232559, 0.2430131, 0.23673888, 0.24343629, 0.23644958, 0.23606151, 0.23835456, 0.24369085, 0.24365559, 0.24495678, 0.2007871, 0.24325398, 0.24443038, 0.2441606, 0.24578455, 0.24728507, 0.24825329, 0.24052665, 0.24804124, 0.2494024, 0.25106177, 0.25210005, 0.25435066, 0.25520283, 0.2583558, 0.259337, 0.2515847, 0.25813398, 0.25908387, 0.26215369, 0.2646032, 0.2622655, 0.2660387, 0.2628867, 0.2680553, 0.26997355], "duration": [43230, 41336, 38662, 40869, 51121, 39887, 39326, 38056, 46792, 44094, 39809, 38283, 45746, 40694, 45239, 39559, 39698, 39444, 39751, 39755, 39334, 40068, 39446, 39330, 39915, 45537, 39002, 39641, 39482, 46276, 39122, 38909, 39512, 39494, 39413, 40076, 47505, 39621, 39131, 40346, 40085, 40372, 45630, 38984, 45899, 53238, 40063, 40039, 40131, 39851]}