{"avg": [0.26031747, 0.29925925, 0.2925695, 0.30633196, 0.2962891, 0.31122026, 0.2958071, 0.3101708, 0.31727108, 0.30858153, 0.3342563, 0.31004035, 0.29230532, 0.31925094, 0.32796165, 0.3250358, 0.33557925, 0.3194342, 0.326868, 0.3449343, 0.3399429, 0.32495764, 0.3356829, 0.3229891, 0.3249013, 0.35575396, 0.3657809, 0.361626, 0.37048897, 0.35165364, 0.37672332, 0.38105208, 0.36666256, 0.36968932, 0.4050028, 0.39797097, 0.40646595, 0.39966273, 0.38830253, 0.39432475, 0.37490794, 0.413867, 0.3563989, 0.37784514, 0.40139526, 0.3835546, 0.4223019, 0.41973123, 0.43372703, 0.3507737], "std": [0.08539034, 0.07751803, 0.05162963, 0.058620345, 0.06427383, 0.07444595, 0.05418783, 0.051536273, 0.07257797, 0.05240375, 0.06491032, 0.05208053, 0.05172707, 0.059730507, 0.0663272, 0.07869459, 0.060475256, 0.06318689, 0.07555554, 0.052227337, 0.053064678, 0.062198002, 0.070243776, 0.05825751, 0.062672645, 0.057034504, 0.059551947, 0.07312003, 0.06472877, 0.101108804, 0.07190412, 0.054708906, 0.06817794, 0.09528907, 0.09665731, 0.07710151, 0.063942246, 0.06734487, 0.11206743, 0.11038923, 0.09257891, 0.08099669, 0.08892142, 0.086143844, 0.07639035, 0.122692, 0.088856936, 0.08407434, 0.07212935, 0.1258202], "var": [1.0, 0.98, 0.98, 0.96, 0.96, 0.94, 0.94, 0.92, 0.92, 0.9, 0.92, 0.92, 0.92, 0.9, 0.92, 0.92, 0.92, 0.9, 0.9, 0.88, 0.86, 0.84, 0.84, 0.84, 0.84, 0.82, 0.84, 0.82, 0.82, 0.8, 0.76, 0.78, 0.76, 0.76, 0.72, 0.7, 0.7, 0.68, 0.66, 0.64, 0.64, 0.62, 0.64, 0.64, 0.64, 0.64, 0.62, 0.64, 0.62, 0.58], "best": [0.4333333, 0.46222222, 0.37619045, 0.45869565, 0.459375, 0.4595833, 0.36369047, 0.36232615, 0.45948717, 0.3921493, 0.46131685, 0.40174875, 0.37566963, 0.46185896, 0.46222222, 0.46376207, 0.46601817, 0.46691266, 0.4673635, 0.46843266, 0.4687697, 0.46916166, 0.46923074, 0.42793563, 0.46903506, 0.4696128, 0.4701626, 0.47192156, 0.47383106, 0.47565785, 0.4776603, 0.47960302, 0.48054448, 0.48184752, 0.48355302, 0.48663005, 0.4894612, 0.49198386, 0.4940056, 0.49644807, 0.49877134, 0.5, 0.50229007, 0.50298506, 0.504276, 0.50542855, 0.50743836, 0.5096862, 0.51173335, 0.5138816], "duration": [42983, 44664, 39565, 50040, 43884, 44008, 44218, 38832, 46035, 43540, 39238, 38363, 38925, 51790, 38893, 39170, 38726, 38962, 39494, 46678, 39700, 45843, 38956, 38768, 39458, 39978, 39957, 40271, 39406, 39554, 40440, 39852, 39916, 40381, 40317, 40219, 40224, 47132, 40340, 41549, 39659, 40830, 39011, 40268, 40415, 40132, 40439, 40290, 40358, 39409]}