{"avg": [0.11714287, 0.152, 0.15166667, 0.1556009, 0.16326736, 0.14491858, 0.16074863, 0.15384513, 0.15891732, 0.15217638, 0.15806668, 0.18545148, 0.16162387, 0.16884352, 0.16440177, 0.18468851, 0.1674827, 0.18085164, 0.18193758, 0.187734, 0.17165807, 0.18611082, 0.18628259, 0.19282208, 0.1891822, 0.18691164, 0.18513621, 0.2026019, 0.20048179, 0.21367042, 0.19861071, 0.20655017, 0.20781586, 0.20698634, 0.21586458, 0.20154387, 0.20655268, 0.20568982, 0.21838468, 0.21788986, 0.20348963, 0.22029959, 0.22909534, 0.22229518, 0.233072, 0.21817821, 0.22436428, 0.22154625, 0.23618923, 0.24107207], "std": [0.044858057, 0.041395973, 0.03207076, 0.041133363, 0.032685596, 0.044296756, 0.032451306, 0.034511264, 0.041181706, 0.03505832, 0.031774122, 0.028481431, 0.04037935, 0.034891006, 0.030879961, 0.02627471, 0.031697147, 0.031781334, 0.028954525, 0.0331286, 0.03444088, 0.037579488, 0.035646614, 0.038525186, 0.041835148, 0.046718005, 0.038504876, 0.0407217, 0.037321962, 0.028241368, 0.043378387, 0.033478584, 0.034746245, 0.032452278, 0.040966783, 0.03361017, 0.05308036, 0.043774493, 0.04287704, 0.04237649, 0.050738357, 0.0445633, 0.042081866, 0.044663478, 0.04084816, 0.05375088, 0.050495613, 0.04835438, 0.047558893, 0.039604828], "var": [0.98, 0.98, 0.98, 0.94, 0.94, 0.94, 0.94, 0.94, 0.92, 0.9, 0.9, 0.92, 0.92, 0.88, 0.88, 0.84, 0.82, 0.82, 0.8, 0.78, 0.78, 0.76, 0.74, 0.74, 0.74, 0.74, 0.76, 0.76, 0.76, 0.76, 0.76, 0.74, 0.72, 0.7, 0.68, 0.68, 0.66, 0.64, 0.66, 0.68, 0.66, 0.66, 0.68, 0.7, 0.7, 0.7, 0.7, 0.68, 0.68, 0.68], "best": [0.2, 0.24333334, 0.17833334, 0.2020635, 0.2322034, 0.23355263, 0.22582418, 0.22730307, 0.23079625, 0.19095239, 0.19342858, 0.23242424, 0.22972865, 0.23494898, 0.19746107, 0.22926983, 0.20927683, 0.23613282, 0.2276851, 0.24009852, 0.22555035, 0.23508929, 0.23635015, 0.23826388, 0.24223602, 0.2427091, 0.2300071, 0.26524726, 0.24777925, 0.25139648, 0.25114906, 0.25395328, 0.25648043, 0.2565558, 0.2566404, 0.25884604, 0.26035458, 0.25567192, 0.26219985, 0.26386, 0.2641362, 0.26724795, 0.2684861, 0.27083334, 0.27156335, 0.2711753, 0.27538142, 0.27647516, 0.2824563, 0.27907366], "duration": [43060, 39832, 38561, 37747, 51071, 39643, 39300, 37624, 39637, 43382, 38796, 39768, 46450, 39165, 39218, 38737, 39549, 53233, 43766, 39786, 46084, 39540, 43010, 39294, 39382, 39288, 39030, 39354, 39842, 39371, 39482, 45291, 39354, 39206, 39521, 38549, 39236, 39628, 39019, 39365, 45950, 39485, 52966, 46621, 39681, 45228, 52680, 39807, 39658, 46444]}