{"avg": [0.26031747, 0.2989418, 0.30500993, 0.2905935, 0.31753227, 0.3110249, 0.31419867, 0.33977592, 0.3256043, 0.32949182, 0.32801166, 0.37259614, 0.3225926, 0.37160555, 0.35623413, 0.35588738, 0.39525554, 0.37846258, 0.35424325, 0.37790623, 0.37655842, 0.395995, 0.39060438, 0.4270664, 0.42774376, 0.4031714, 0.4392381, 0.46664828, 0.44197494, 0.44412103, 0.46485606, 0.4585814, 0.48530865, 0.50975835, 0.4982065, 0.4692656, 0.5009954, 0.4895426, 0.50963825, 0.5207146, 0.5206555, 0.5298221, 0.51402247, 0.5439368, 0.55410784, 0.5509175, 0.54440147, 0.5608978, 0.5677801, 0.57349867], "std": [0.08539034, 0.07489917, 0.06425663, 0.046589624, 0.058282737, 0.059575997, 0.070274, 0.06282832, 0.06750801, 0.074338146, 0.064220466, 0.07636719, 0.060287867, 0.0595583, 0.06921737, 0.06856527, 0.06372128, 0.07523219, 0.07482158, 0.08079846, 0.08374569, 0.07653414, 0.07520036, 0.07066581, 0.07099617, 0.059038512, 0.07224783, 0.053447027, 0.06256832, 0.08028104, 0.063019596, 0.061238635, 0.05101907, 0.037866462, 0.05164302, 0.07710462, 0.05397677, 0.07214112, 0.067905, 0.049037147, 0.055400353, 0.064850055, 0.069883615, 0.0467721, 0.026065841, 0.043376878, 0.054872084, 0.026598068, 0.02551929, 0.024223307], "var": [0.98, 0.98, 0.96, 0.96, 0.96, 0.98, 0.96, 0.94, 0.94, 0.9, 0.86, 0.84, 0.84, 0.82, 0.8, 0.76, 0.74, 0.7, 0.7, 0.7, 0.7, 0.68, 0.68, 0.68, 0.66, 0.64, 0.6, 0.6, 0.6, 0.58, 0.58, 0.58, 0.58, 0.58, 0.56, 0.54, 0.5, 0.5, 0.5, 0.48, 0.46, 0.42, 0.4, 0.36, 0.36, 0.36, 0.34, 0.34, 0.34, 0.34], "best": [0.4333333, 0.46222222, 0.4588889, 0.35952377, 0.4595628, 0.46239316, 0.46350875, 0.46754384, 0.46717557, 0.47029474, 0.47378048, 0.47399268, 0.473569, 0.47715178, 0.47911108, 0.47634852, 0.4812336, 0.4845771, 0.4874413, 0.48896322, 0.49193203, 0.4942249, 0.49788055, 0.49926332, 0.5024626, 0.504135, 0.5081301, 0.51168627, 0.5159453, 0.51828194, 0.52127653, 0.5238877, 0.5272487, 0.53294796, 0.53819317, 0.54222625, 0.5451669, 0.5487179, 0.5512263, 0.55461454, 0.5586371, 0.56207424, 0.5659638, 0.5684777, 0.5714559, 0.5747773, 0.57747126, 0.5801619, 0.58287096, 0.58617574], "duration": [43077, 39903, 39773, 43317, 40052, 38895, 45702, 39111, 38740, 56350, 46374, 44788, 39949, 48880, 49696, 44813, 54485, 40139, 39629, 47108, 45208, 40303, 49495, 54519, 49212, 45200, 40534, 54716, 49806, 45188, 45148, 49603, 40761, 40932, 40715, 47477, 45485, 45185, 52407, 47777, 40901, 47527, 50073, 40740, 40619, 45458, 40926, 50049, 40727, 40762]}