{"avg": [0.2666667, 0.2979074, 0.3052924, 0.3017189, 0.3021756, 0.30421448, 0.3214824, 0.32796195, 0.3183189, 0.31991667, 0.32106003, 0.31749892, 0.31035495, 0.3262619, 0.32725, 0.34360838, 0.34534407, 0.34058654, 0.35307017, 0.37777713, 0.33587033, 0.35026535, 0.35981533, 0.3711015, 0.36847302, 0.38158372, 0.3554456, 0.33635083, 0.36151826, 0.36757588, 0.36269006, 0.38593227, 0.36457673, 0.35170624, 0.37103206, 0.3910008, 0.3742508, 0.3883274, 0.39626446, 0.38577828, 0.37343633, 0.36693895, 0.39805976, 0.3993576, 0.37355423, 0.3765316, 0.375785, 0.4036916, 0.3987537, 0.42408302], "std": [0.08827042, 0.074874714, 0.05107514, 0.045108307, 0.07015745, 0.07508565, 0.05331718, 0.04907478, 0.08234734, 0.08079058, 0.07731105, 0.08452637, 0.07742134, 0.054806318, 0.09385053, 0.071725816, 0.062205236, 0.04499492, 0.056023497, 0.07440296, 0.03977827, 0.065715894, 0.053908076, 0.07190038, 0.07210553, 0.06206187, 0.082816854, 0.05764367, 0.05513022, 0.058703493, 0.062424973, 0.06605421, 0.050762612, 0.054934997, 0.07183536, 0.06471683, 0.072574124, 0.06691708, 0.07225793, 0.06890907, 0.06359588, 0.07352026, 0.0725283, 0.08301587, 0.07505752, 0.06847457, 0.094575666, 0.07711875, 0.07995278, 0.068470486], "var": [0.98, 0.98, 0.98, 0.96, 0.94, 0.94, 0.92, 0.92, 0.92, 0.9, 0.88, 0.86, 0.86, 0.82, 0.82, 0.8, 0.78, 0.78, 0.76, 0.74, 0.74, 0.72, 0.74, 0.76, 0.74, 0.74, 0.76, 0.74, 0.74, 0.74, 0.74, 0.72, 0.68, 0.66, 0.64, 0.64, 0.64, 0.66, 0.66, 0.62, 0.6, 0.58, 0.54, 0.56, 0.54, 0.56, 0.52, 0.5, 0.5, 0.5], "best": [0.4416667, 0.47055557, 0.37111107, 0.36913264, 0.4633598, 0.46443093, 0.41153196, 0.4142655, 0.46290123, 0.46500003, 0.46524394, 0.46652544, 0.41847077, 0.46611115, 0.46625927, 0.46997908, 0.47316995, 0.41999388, 0.47301865, 0.47336066, 0.42499998, 0.4752008, 0.47596338, 0.47620037, 0.47791007, 0.47965315, 0.48187706, 0.43049017, 0.4820615, 0.48247254, 0.482747, 0.48403493, 0.43472221, 0.43656066, 0.48617354, 0.48720405, 0.4885343, 0.4898021, 0.49102458, 0.49234417, 0.44467297, 0.48773757, 0.49376878, 0.48929274, 0.4961686, 0.49672285, 0.49690083, 0.4974177, 0.4988285, 0.50020534], "duration": [43123, 40025, 52919, 43037, 49818, 47942, 45806, 38788, 38372, 39614, 39010, 39637, 45716, 43161, 38818, 39537, 45296, 44139, 46474, 40225, 38463, 44174, 39794, 52666, 39699, 46782, 40092, 39073, 46338, 39201, 46616, 39808, 39104, 38387, 40214, 40262, 39726, 40047, 46671, 39166, 39324, 52638, 40208, 39952, 39800, 39110, 39281, 39836, 39548, 39995]}