{"avg": [0.26031747, 0.28207406, 0.29507932, 0.2902818, 0.29136732, 0.29112184, 0.3119136, 0.30191335, 0.29937828, 0.3219342, 0.31279212, 0.2897746, 0.28202638, 0.29179016, 0.3082001, 0.31691033, 0.3221426, 0.3149828, 0.3301381, 0.32950696, 0.35157093, 0.33155403, 0.32535547, 0.30416667, 0.32962793, 0.3301192, 0.32403305, 0.31773147, 0.33988097, 0.34105754, 0.3488163, 0.34955522, 0.34348476, 0.35190308, 0.35818282, 0.36326155, 0.3511653, 0.36038595, 0.37585092, 0.39056164, 0.3795585, 0.36852655, 0.38419747, 0.36428013, 0.3823063, 0.3923542, 0.37815386, 0.37120575, 0.3893229, 0.377558], "std": [0.08539034, 0.077542834, 0.05000072, 0.041381273, 0.06961222, 0.07592257, 0.05363746, 0.057752497, 0.06135748, 0.055616863, 0.031181231, 0.060861416, 0.06606133, 0.031573538, 0.032182544, 0.050247435, 0.054330684, 0.061767258, 0.044896785, 0.043069802, 0.05371142, 0.06336186, 0.056544937, 0.058916032, 0.047483746, 0.05316583, 0.055388927, 0.04798536, 0.058548506, 0.048501857, 0.050533302, 0.039956685, 0.07073656, 0.05054856, 0.04329536, 0.038829602, 0.061904043, 0.053571112, 0.050509226, 0.044061277, 0.04153017, 0.045667056, 0.035585362, 0.038006853, 0.057681777, 0.037569072, 0.057464056, 0.07662633, 0.046202224, 0.057435844], "var": [0.98, 0.98, 0.98, 0.96, 0.96, 0.92, 0.92, 0.9, 0.9, 0.9, 0.9, 0.9, 0.88, 0.88, 0.84, 0.86, 0.84, 0.82, 0.8, 0.8, 0.82, 0.82, 0.84, 0.82, 0.8, 0.78, 0.78, 0.8, 0.78, 0.8, 0.8, 0.8, 0.8, 0.78, 0.8, 0.76, 0.74, 0.72, 0.7, 0.72, 0.72, 0.72, 0.68, 0.68, 0.66, 0.64, 0.66, 0.66, 0.66, 0.66], "best": [0.4333333, 0.46222222, 0.36396822, 0.3578231, 0.45502642, 0.45609757, 0.40115443, 0.40383375, 0.45407405, 0.45607063, 0.36253583, 0.36385158, 0.38650393, 0.34938273, 0.36512852, 0.45349792, 0.45529714, 0.456326, 0.40458253, 0.40581667, 0.45882353, 0.44902948, 0.46148145, 0.40725684, 0.39521372, 0.4047853, 0.4099423, 0.3985975, 0.4520879, 0.45275506, 0.45353743, 0.42381895, 0.46108973, 0.46155763, 0.42597008, 0.41617706, 0.45965385, 0.46055782, 0.4567647, 0.46180713, 0.45914283, 0.46010026, 0.46070036, 0.43319046, 0.46505943, 0.4658275, 0.4686767, 0.46925843, 0.46568874, 0.46859527], "duration": [43124, 40061, 53150, 42955, 49779, 47727, 46253, 38347, 38806, 39754, 37984, 38888, 45649, 38632, 38307, 45951, 46292, 39235, 45672, 46667, 46838, 58529, 39627, 38056, 40178, 40192, 46186, 39493, 46185, 46496, 39546, 39704, 39949, 39871, 46489, 40348, 40207, 40195, 40240, 47004, 40426, 46786, 53921, 39995, 47027, 47223, 40103, 39997, 40251, 59813]}