{"avg": [0.46761313, 0.51545703, 0.5204835, 0.5399828, 0.56410927, 0.5605183, 0.5832551, 0.58315295, 0.5918445, 0.5932927, 0.5829501, 0.61156917, 0.60553175, 0.6160554, 0.60594124, 0.64096934, 0.6449902, 0.6480169, 0.6333107, 0.61723596, 0.63956195, 0.6537117, 0.65916204, 0.6396245, 0.6759423, 0.67095107, 0.656339, 0.67242926, 0.65880764, 0.6684813, 0.68015254, 0.6918633, 0.6770309, 0.6846939, 0.6816464, 0.66479236, 0.694248, 0.68395865, 0.68935245, 0.699224, 0.68430704, 0.67256427, 0.69701695, 0.6849731, 0.69722986, 0.68962485, 0.6878289, 0.6914702, 0.70795923, 0.6903799, 0.6984264, 0.70414746, 0.67165774, 0.69470245, 0.71897507, 0.6932872, 0.7001447, 0.7031518, 0.7217412, 0.7093204, 0.68739414, 0.7180939, 0.7001489, 0.70530945, 0.69298977, 0.71406865, 0.6867106, 0.69947076, 0.70758706, 0.7263464, 0.70062673, 0.7138688, 0.71684873, 0.72280174, 0.7226476], "std": [0.10051666, 0.09071759, 0.09366775, 0.08203397, 0.0795021, 0.059079062, 0.056703594, 0.058087423, 0.057251524, 0.055081252, 0.068484955, 0.05092595, 0.05778949, 0.048796643, 0.057033896, 0.044381075, 0.0388914, 0.040209543, 0.05697828, 0.05640294, 0.054617986, 0.041870974, 0.04578701, 0.05725183, 0.026066646, 0.038083535, 0.050637804, 0.0418417, 0.053114552, 0.0500393, 0.041245993, 0.02728813, 0.04808286, 0.042848222, 0.047227908, 0.057723, 0.03757864, 0.048979588, 0.045634046, 0.035944104, 0.051314723, 0.05772297, 0.042848215, 0.05302196, 0.044650074, 0.051314726, 0.053021986, 0.051314723, 0.036734674, 0.05302196, 0.048082862, 0.04372303, 0.06045648, 0.052153192, 0.025505988, 0.053768467, 0.049920328, 0.04808287, 0.02497116, 0.04372303, 0.05772303, 0.034502614, 0.052153192, 0.04897959, 0.05634252, 0.04202134, 0.05890355, 0.053920083, 0.048979614, 0.026687134, 0.053920083, 0.0446501, 0.04202134, 0.035201605, 0.035944104], "var": [1.0, 1.0, 1.0, 1.0, 1.0, 1.0, 0.92, 0.88, 0.92, 0.88, 0.92, 0.92, 0.92, 0.88, 0.8, 0.68, 0.72, 0.64, 0.64, 0.6, 0.52, 0.52, 0.36, 0.32, 0.24, 0.36, 0.32, 0.32, 0.24, 0.12, 0.12, 0.04, 0.04, 0.04, 0.04, 0.04, 0.04, 0.04, 0.04, 0.04, 0.04, 0.04, 0.04, 0.04, 0.04, 0.04, 0.04, 0.04, 0.04, 0.04, 0.04, 0.04, 0.04, 0.04, 0.04, 0.04, 0.04, 0.04, 0.04, 0.04, 0.04, 0.04, 0.04, 0.04, 0.04, 0.04, 0.04, 0.04, 0.04, 0.04, 0.04, 0.04, 0.04, 0.04, 0.04], "best": [0.61734694, 0.62790596, 0.63063604, 0.63293135, 0.6356009, 0.6365632, 0.63855904, 0.6404165, 0.64243203, 0.64471537, 0.64719874, 0.6495358, 0.6511546, 0.65300876, 0.6561085, 0.65764, 0.6612368, 0.6644655, 0.66746217, 0.670554, 0.67369616, 0.6764558, 0.67907494, 0.6815434, 0.6840992, 0.6863946, 0.6882993, 0.6906057, 0.69276285, 0.6946272, 0.69645727, 0.69863844, 0.7003545, 0.7021866, 0.7039099, 0.7056088, 0.70713747, 0.7084485, 0.70976055, 0.71088564, 0.71213645, 0.7133805, 0.7145095, 0.7155853, 0.71656376, 0.7174544, 0.7184413, 0.7192997, 0.72020406, 0.72099227, 0.72174996, 0.7225147, 0.7232152, 0.72385705, 0.72454107, 0.7252305, 0.72592336, 0.7264753, 0.7270651, 0.7276878, 0.72821057, 0.72874165, 0.7293035, 0.7297992, 0.73025674, 0.73076624, 0.7312376, 0.7316941, 0.73207694, 0.73246896, 0.73285013, 0.73320276, 0.7335464, 0.73393345, 0.73430955], "duration": [87419, 65650, 87604, 92777, 71103, 76980, 72385, 76560, 83121, 83852, 71126, 71168, 76647, 71228, 71677, 65957, 81941, 82092, 71105, 76699, 87687, 93056, 71162, 71288, 76659, 94133, 93329, 76574, 76576, 71154, 76773, 65747, 82067, 71190, 76590, 71367, 71588, 65784, 76595, 76743, 71087, 98387, 65795, 71201, 76689, 82102, 65680, 71186, 65634, 71136, 87626, 71577, 87565, 87523, 92975, 92994, 65689, 71103, 87535, 82063, 76612, 76609, 76656, 87563, 65547, 71108, 87532, 71161, 65715, 87615, 71179, 65644, 82070, 93031, 71101]}