{"avg": [0.19254659, 0.26074308, 0.30495965, 0.3713095, 0.4164458, 0.4162166, 0.44962668, 0.45062825, 0.48368758, 0.51490396, 0.59111154, 0.5815437, 0.61401325, 0.63963753, 0.65691215, 0.6712433, 0.6797075, 0.68717206, 0.7024803, 0.6998385, 0.70484656, 0.7141217, 0.71701103, 0.720397, 0.7286293, 0.716556, 0.7327146, 0.7345455, 0.7300687, 0.73809516, 0.73987895, 0.73508936, 0.7366909, 0.7440827, 0.7341475, 0.7220283, 0.7359187, 0.74306947, 0.7438489, 0.7506235, 0.7456881, 0.7447167, 0.7476662, 0.7363497, 0.74345094, 0.7502203, 0.74320084, 0.75084007, 0.7572871, 0.7578775, 0.73908335, 0.7429398, 0.75948614, 0.7599189, 0.76040584, 0.74925685, 0.75492465, 0.7556404, 0.7621639, 0.7625895, 0.75734216, 0.7571851, 0.746961, 0.7640324, 0.75925946, 0.7589127, 0.75217706, 0.7653504, 0.7539649, 0.75367844, 0.7495003, 0.7596882, 0.76672447, 0.7670146, 0.7406767], "std": [0.1360747, 0.14393246, 0.14642872, 0.13871549, 0.11453996, 0.13562495, 0.13007644, 0.1290924, 0.14987457, 0.099110454, 0.089040264, 0.156838, 0.10058695, 0.069996, 0.05408103, 0.04996298, 0.04395641, 0.043066423, 0.026510553, 0.037441876, 0.03533101, 0.026746793, 0.025471596, 0.025505988, 1.1920929e-07, 0.039451804, 0.0, 1.1920929e-07, 0.02734248, 5.9604645e-08, 5.9604645e-08, 0.027342474, 0.026687136, 1.7881393e-07, 0.035201643, 0.048979595, 0.035944123, 0.025505986, 0.026076594, 1.1920929e-07, 0.026076596, 0.02964019, 0.024971172, 0.042848222, 0.0352016, 0.024468534, 0.03757864, 0.026076596, 5.9604645e-08, 1.1920929e-07, 0.044650078, 0.041238505, 5.9604645e-08, 1.1920929e-07, 1.1920929e-07, 0.035944104, 0.027342474, 0.02668715, 1.1920929e-07, 0.0, 0.02550598, 0.02668714, 0.04202134, 1.1920929e-07, 0.024468528, 0.026076596, 0.03757863, 0.0, 0.035944104, 0.036734693, 0.04202134, 0.028048342, 5.9604645e-08, 5.9604645e-08, 0.05050666], "var": [1.0, 1.0, 1.0, 1.0, 1.0, 1.0, 1.0, 0.96, 0.96, 0.96, 0.88, 0.84, 0.68, 0.56, 0.44, 0.32, 0.24, 0.2, 0.16, 0.12, 0.12, 0.12, 0.04, 0.04, 0.04, 0.04, 0.04, 0.04, 0.04, 0.04, 0.04, 0.04, 0.04, 0.04, 0.04, 0.04, 0.04, 0.04, 0.04, 0.04, 0.04, 0.04, 0.04, 0.04, 0.04, 0.04, 0.04, 0.04, 0.04, 0.04, 0.04, 0.04, 0.04, 0.04, 0.04, 0.04, 0.04, 0.04, 0.04, 0.04, 0.04, 0.04, 0.04, 0.04, 0.04, 0.04, 0.04, 0.04, 0.04, 0.04, 0.04, 0.04, 0.04, 0.04, 0.04], "best": [0.4642857, 0.48952976, 0.49454203, 0.53310657, 0.660241, 0.66338414, 0.66497695, 0.6681319, 0.6719449, 0.67572963, 0.67954224, 0.68356514, 0.68710804, 0.69083554, 0.6947053, 0.69821423, 0.70238096, 0.70578927, 0.7098116, 0.71331847, 0.7165488, 0.71991956, 0.7231626, 0.725963, 0.7286294, 0.7309617, 0.7327146, 0.7345454, 0.7365135, 0.7380952, 0.739879, 0.74153394, 0.7428136, 0.74408287, 0.7452792, 0.7465181, 0.74758035, 0.7486354, 0.7496799, 0.7506234, 0.75151885, 0.7523697, 0.75299007, 0.7538424, 0.7545828, 0.75532246, 0.7560902, 0.7566711, 0.75728714, 0.75787765, 0.7584176, 0.75891155, 0.7594861, 0.7599188, 0.76040596, 0.7609188, 0.7613692, 0.7617629, 0.76216376, 0.7625895, 0.76290804, 0.7633076, 0.7636587, 0.76403254, 0.76436156, 0.76474345, 0.76506656, 0.7653504, 0.7656266, 0.7659232, 0.76619774, 0.766491, 0.7667245, 0.7670147, 0.7672962], "duration": [14728, 14764, 15199, 12831, 16686, 17816, 15463, 15773, 14157, 18569, 17775, 16690, 17457, 19970, 17859, 16625, 19915, 18088, 19476, 14554, 18180, 23021, 16754, 16501, 19605, 16527, 15388, 20123, 15798, 17717, 19261, 17419, 16872, 17556, 18074, 17015, 14119, 17833, 16471, 14049, 18146, 14624, 19549, 16654, 20606, 20710, 15494, 21264, 14539, 18129, 14635, 16634, 14146, 15411, 18318, 18230, 14711, 15787, 15770, 16681, 19234, 18119, 15446, 19009, 15365, 19495, 15929, 17475, 21793, 16962, 19026, 14568, 20268, 21666, 18600]}