{"avg": [0.19523811, 0.22643326, 0.23531437, 0.22589993, 0.21812597, 0.21990871, 0.21320154, 0.27451685, 0.22307234, 0.25258362, 0.22460622, 0.26291755, 0.2532671, 0.21811023, 0.25107569, 0.24137744, 0.28122234, 0.2422417, 0.27423576, 0.26974156, 0.26477602, 0.2874439, 0.32294273, 0.2713683, 0.32873055, 0.33679512, 0.3159097, 0.24164991, 0.30483595, 0.3157771, 0.35881066, 0.29534462, 0.3356757, 0.28905383, 0.32633436, 0.34687477, 0.32130077, 0.30294308, 0.3480526, 0.31936544, 0.33690327, 0.33606994, 0.35585022, 0.37747, 0.42182723, 0.33999062, 0.3538543, 0.35680154, 0.3644984, 0.3854144], "std": [0.10412869, 0.11275821, 0.12414243, 0.1033776, 0.08366235, 0.08175362, 0.09703058, 0.1214641, 0.09697611, 0.0728204, 0.12353638, 0.070384055, 0.1298886, 0.12320176, 0.12693335, 0.13445681, 0.1063539, 0.10934575, 0.11671768, 0.104140334, 0.121013366, 0.116557516, 0.10448016, 0.09806296, 0.1081338, 0.10933695, 0.09528613, 0.12642154, 0.11862649, 0.12100969, 0.08228372, 0.14017098, 0.101324186, 0.1114478, 0.12725368, 0.10519653, 0.09790595, 0.13474531, 0.11787888, 0.10001254, 0.14447899, 0.11089443, 0.105225496, 0.08170852, 0.09251196, 0.1122092, 0.09198773, 0.11773818, 0.110908955, 0.11326015], "var": [0.98, 0.96, 0.96, 0.94, 0.92, 0.92, 0.9, 0.9, 0.88, 0.86, 0.86, 0.84, 0.8, 0.82, 0.82, 0.82, 0.82, 0.82, 0.82, 0.8, 0.8, 0.8, 0.78, 0.76, 0.74, 0.76, 0.76, 0.76, 0.74, 0.74, 0.76, 0.76, 0.76, 0.76, 0.74, 0.72, 0.76, 0.72, 0.72, 0.7, 0.66, 0.66, 0.66, 0.62, 0.66, 0.66, 0.66, 0.66, 0.64, 0.66], "best": [0.45238099, 0.48126987, 0.48154762, 0.39404765, 0.47980034, 0.3740153, 0.39897963, 0.4760652, 0.345718, 0.385486, 0.4013393, 0.3869667, 0.49463663, 0.40123716, 0.4728593, 0.47288308, 0.49394453, 0.46898568, 0.4696345, 0.39996073, 0.47244367, 0.4732645, 0.4936076, 0.49268755, 0.49508855, 0.49678364, 0.47599542, 0.40562925, 0.49829173, 0.49921325, 0.5001454, 0.50109553, 0.50183517, 0.50072426, 0.5028984, 0.5008987, 0.5043437, 0.5024213, 0.50525224, 0.47871646, 0.5055606, 0.4846965, 0.5038566, 0.50386, 0.5059524, 0.50461954, 0.50685054, 0.50705975, 0.50678575, 0.5076448], "duration": [8039, 3516, 3087, 3024, 8406, 12829, 3036, 3019, 4126, 3072, 3135, 3035, 2976, 8488, 8495, 8088, 7980, 3527, 3502, 3139, 8011, 3112, 3008, 3591, 3634, 8030, 3059, 3006, 8016, 3130, 3198, 7948, 4202, 3568, 8003, 7924, 7953, 3001, 3607, 8007, 3077, 3175, 9053, 7998, 3108, 12707, 12836, 7933, 3587, 7980]}