{"avg": [0.25250003, 0.29300004, 0.2865033, 0.25490123, 0.30021694, 0.2743946, 0.290807, 0.2832365, 0.31061828, 0.30175614, 0.295914, 0.2756886, 0.29543498, 0.3027393, 0.32397032, 0.309733, 0.29753807, 0.32159787, 0.29125333, 0.3120244, 0.31780496, 0.33371723, 0.33768728, 0.32738504, 0.31854725, 0.33230838, 0.34607604, 0.30052713, 0.3132039, 0.3332942, 0.3690417, 0.34462467, 0.333763, 0.34006217, 0.39542973, 0.34907588, 0.37832558, 0.36714768, 0.3592523, 0.36948377, 0.3547705, 0.36697116, 0.34858772, 0.3577629, 0.3896848, 0.36634472, 0.37654954, 0.38517496, 0.3722006, 0.37864515], "std": [0.08150494, 0.07436703, 0.054949973, 0.0681774, 0.06690691, 0.067462005, 0.062425524, 0.047532473, 0.054542348, 0.058388654, 0.06499921, 0.06691883, 0.049122997, 0.042203195, 0.06020125, 0.06784166, 0.04957898, 0.045784242, 0.08272699, 0.07239482, 0.060371432, 0.07292348, 0.077927366, 0.079490624, 0.08059058, 0.07494577, 0.068282574, 0.100002944, 0.07166448, 0.049431212, 0.050565485, 0.06823596, 0.06045031, 0.055575572, 0.05669894, 0.05691065, 0.04379111, 0.047808863, 0.05429571, 0.06472056, 0.053268112, 0.059009474, 0.05974131, 0.07215659, 0.05139778, 0.06864489, 0.06595258, 0.08074449, 0.06995308, 0.079902515], "var": [0.98, 0.98, 0.98, 0.98, 0.98, 0.98, 0.98, 0.98, 0.98, 0.96, 0.94, 0.92, 0.92, 0.9, 0.88, 0.86, 0.84, 0.8, 0.78, 0.76, 0.76, 0.78, 0.74, 0.74, 0.72, 0.7, 0.7, 0.68, 0.66, 0.64, 0.68, 0.66, 0.64, 0.62, 0.64, 0.64, 0.64, 0.66, 0.66, 0.62, 0.62, 0.64, 0.64, 0.62, 0.62, 0.62, 0.6, 0.58, 0.62, 0.58], "best": [0.42083335, 0.44972226, 0.36555555, 0.34893617, 0.44214484, 0.44391027, 0.42948022, 0.3507645, 0.44422045, 0.43173754, 0.3483871, 0.34900793, 0.43157652, 0.3950456, 0.44346902, 0.43499997, 0.3499498, 0.4357547, 0.4369217, 0.44799384, 0.40048632, 0.44944778, 0.4516834, 0.4434018, 0.44536057, 0.4457912, 0.4564266, 0.44887593, 0.4496816, 0.44989172, 0.4582639, 0.45250836, 0.41302082, 0.45311508, 0.46067372, 0.46342596, 0.46425363, 0.45788133, 0.46591845, 0.46668673, 0.45542908, 0.46080908, 0.46145675, 0.46873167, 0.46239254, 0.46337315, 0.4706038, 0.47135207, 0.4730629, 0.4758701], "duration": [43044, 39868, 45002, 43223, 46553, 39083, 39890, 38823, 51903, 40221, 38920, 39412, 52635, 39296, 39018, 46187, 38891, 39985, 39814, 52809, 39983, 39073, 46406, 39249, 45672, 39813, 39835, 39824, 45450, 53225, 39364, 39628, 39395, 39842, 40030, 39043, 39984, 39511, 46840, 40100, 39494, 39812, 38543, 40035, 39661, 39992, 39924, 40346, 39200, 40088]}