{"avg": [0.2442577, 0.2955707, 0.2901475, 0.28617492, 0.2715969, 0.26281923, 0.3082973, 0.27969787, 0.28732726, 0.29391015, 0.29153782, 0.2884743, 0.30811065, 0.29028225, 0.27487728, 0.29019162, 0.2846057, 0.28644833, 0.27588987, 0.26980865, 0.29241702, 0.29883862, 0.29522195, 0.28962216, 0.26987076, 0.28739628, 0.2966255, 0.29955193, 0.28896278, 0.28883505, 0.31084076, 0.3000932, 0.31173408, 0.28926396, 0.29800636, 0.3048086, 0.30915827, 0.29479134, 0.3238444, 0.30347812, 0.31320044, 0.33088022, 0.30951878, 0.3384785, 0.32594094, 0.32426888, 0.3236607, 0.32682362, 0.32511786, 0.3278272], "std": [0.06741803, 0.056189544, 0.07027828, 0.037893627, 0.054552495, 0.041811325, 0.042527676, 0.054697115, 0.05001901, 0.057185892, 0.061984148, 0.06291823, 0.0325859, 0.063552745, 0.052783966, 0.047200628, 0.040040433, 0.06656084, 0.05263484, 0.061770864, 0.04135146, 0.03958373, 0.042190097, 0.035512675, 0.046586253, 0.065494314, 0.041093502, 0.053502325, 0.052817367, 0.06643251, 0.040236153, 0.04653347, 0.038062166, 0.048261054, 0.0413179, 0.04763792, 0.043706838, 0.04340841, 0.053652458, 0.052502155, 0.05195464, 0.04908241, 0.047469515, 0.047854897, 0.032745823, 0.051099867, 0.036668304, 0.05499958, 0.05136617, 0.04786856], "var": [1.0, 1.0, 0.99, 0.99, 0.98, 0.98, 0.97, 0.96, 0.96, 0.96, 0.96, 0.96, 0.96, 0.96, 0.96, 0.96, 0.94, 0.93, 0.93, 0.92, 0.91, 0.91, 0.91, 0.9, 0.89, 0.89, 0.88, 0.87, 0.88, 0.88, 0.86, 0.86, 0.85, 0.85, 0.83, 0.83, 0.82, 0.82, 0.83, 0.83, 0.81, 0.8, 0.79, 0.78, 0.77, 0.76, 0.77, 0.77, 0.77, 0.77], "best": [0.36666667, 0.37927172, 0.39163056, 0.36069095, 0.35880232, 0.33633158, 0.388937, 0.3618641, 0.36403695, 0.44210526, 0.44392157, 0.4459649, 0.36024043, 0.3961862, 0.38746235, 0.38366535, 0.3578509, 0.36036757, 0.38820636, 0.35444546, 0.3954102, 0.35751233, 0.3613553, 0.35781777, 0.3582289, 0.38761446, 0.36086002, 0.38230088, 0.3613362, 0.44526747, 0.39190856, 0.39242676, 0.39293253, 0.3626884, 0.3934451, 0.38236964, 0.36266038, 0.39373997, 0.39991856, 0.3949928, 0.3981615, 0.44805193, 0.40169927, 0.4024959, 0.38265947, 0.3830702, 0.38243127, 0.44882154, 0.39747486, 0.4492314], "duration": [38514, 44284, 40024, 43453, 59568, 42528, 44425, 43171, 47397, 43825, 45928, 39358, 44213, 52939, 38246, 33520, 44019, 38424, 34438, 42982, 39153, 37801, 49166, 43348, 44411, 43913, 67182, 39316, 53132, 38064, 45207, 43933, 38751, 44724, 42759, 38653, 51449, 46056, 49181, 39770, 44607, 48913, 39464, 44481, 49230, 40202, 44588, 44395, 39614, 49674]}