{"avg": [0.26031747, 0.28461376, 0.29507938, 0.29572397, 0.29136732, 0.29626632, 0.30663276, 0.31838295, 0.3105239, 0.3225161, 0.3051738, 0.3020949, 0.32011053, 0.33174837, 0.3049969, 0.29982316, 0.30579367, 0.32057837, 0.33332723, 0.32188758, 0.3370082, 0.32299635, 0.3248206, 0.3427797, 0.32771164, 0.3391831, 0.36032933, 0.3530292, 0.35741553, 0.3432854, 0.33610305, 0.34170377, 0.36047867, 0.3385225, 0.3617271, 0.33999026, 0.34103376, 0.36458236, 0.3297683, 0.32294855, 0.3546649, 0.34855255, 0.36536145, 0.36412513, 0.37245023, 0.38157114, 0.36666536, 0.37496346, 0.35623574, 0.36600733], "std": [0.08539034, 0.07342493, 0.04873721, 0.043414567, 0.071075074, 0.07465063, 0.048573993, 0.04617132, 0.07327878, 0.067091204, 0.061003413, 0.043184824, 0.06515843, 0.052509528, 0.06949371, 0.0701344, 0.06527338, 0.05548409, 0.038465068, 0.062227413, 0.04620522, 0.06406445, 0.04300653, 0.03936192, 0.052391835, 0.052334625, 0.044931173, 0.049377363, 0.0409978, 0.03683177, 0.052596003, 0.06823787, 0.051586933, 0.07156294, 0.05778423, 0.06581008, 0.06846341, 0.04783239, 0.050647732, 0.065662034, 0.07933334, 0.078505486, 0.04764183, 0.057477515, 0.066286154, 0.06381276, 0.05538139, 0.05160957, 0.062462203, 0.065228984], "var": [0.98, 0.98, 0.98, 0.96, 0.94, 0.94, 0.92, 0.9, 0.86, 0.86, 0.88, 0.86, 0.84, 0.82, 0.82, 0.8, 0.78, 0.78, 0.76, 0.72, 0.72, 0.72, 0.72, 0.7, 0.7, 0.68, 0.66, 0.62, 0.64, 0.64, 0.64, 0.64, 0.64, 0.62, 0.62, 0.64, 0.62, 0.66, 0.66, 0.62, 0.62, 0.6, 0.58, 0.6, 0.6, 0.6, 0.58, 0.58, 0.6, 0.56], "best": [0.4333333, 0.46222222, 0.36396822, 0.3578231, 0.45502642, 0.45609757, 0.3848966, 0.36630344, 0.41622576, 0.45592105, 0.36167526, 0.36396825, 0.4547619, 0.45550314, 0.39028823, 0.40499613, 0.45461535, 0.4557576, 0.40244666, 0.40630302, 0.45593393, 0.4084672, 0.37244514, 0.41062176, 0.40228915, 0.4551724, 0.45576617, 0.45662832, 0.45731255, 0.41896534, 0.4199461, 0.45750841, 0.45810637, 0.4584751, 0.45876226, 0.45923945, 0.42693737, 0.4285072, 0.40640393, 0.41601038, 0.43051037, 0.4329057, 0.4345734, 0.45891473, 0.51681906, 0.5171983, 0.4370832, 0.43822876, 0.42363477, 0.5180647], "duration": [43553, 40897, 53788, 43149, 51598, 44241, 46306, 39085, 45163, 40545, 38133, 38741, 46563, 40205, 45041, 39224, 39010, 47020, 45575, 39050, 45136, 45868, 39432, 39110, 39483, 39517, 39137, 39092, 39441, 39548, 45478, 46388, 39314, 39000, 45387, 39027, 39499, 39555, 39227, 39021, 39064, 39104, 46235, 39187, 39394, 39905, 39226, 39232, 39494, 46053]}