{"avg": [0.23296294, 0.25874075, 0.2718129, 0.263241, 0.26754388, 0.28669697, 0.26767677, 0.2735298, 0.2968771, 0.2771717, 0.2968542, 0.28450087, 0.28647897, 0.28285334, 0.2808384, 0.2752788, 0.28568783, 0.27443197, 0.28986564, 0.2954832, 0.29095465, 0.3212064, 0.3065563, 0.2951913, 0.330005, 0.29705387, 0.29745486, 0.3139028, 0.32470888, 0.31606132, 0.31922585, 0.28192124, 0.3006634, 0.32044995, 0.33054218, 0.3353419, 0.33079562, 0.30670378, 0.34266755, 0.28548637, 0.31132674, 0.3395769, 0.34001222, 0.31497166, 0.34979048, 0.30020672, 0.3446194, 0.35377586, 0.2993297, 0.31439453], "std": [0.093809776, 0.08074638, 0.051291585, 0.040234912, 0.0758225, 0.064883344, 0.05418447, 0.049602203, 0.05332867, 0.05987222, 0.0428981, 0.050570186, 0.076633945, 0.088779405, 0.10220596, 0.06149924, 0.075620316, 0.051357534, 0.06318451, 0.067151874, 0.05181721, 0.048378874, 0.049066927, 0.0848602, 0.034293905, 0.07248978, 0.062045023, 0.060228523, 0.06626974, 0.0706982, 0.051882666, 0.096176125, 0.08669864, 0.059916165, 0.096306436, 0.08797331, 0.06187453, 0.060242187, 0.068185575, 0.09522129, 0.072772294, 0.052446406, 0.067331284, 0.10259257, 0.06454787, 0.08527254, 0.096786946, 0.066294126, 0.070167154, 0.07540961], "var": [0.98, 0.98, 0.98, 0.96, 0.94, 0.94, 0.92, 0.92, 0.9, 0.88, 0.88, 0.88, 0.88, 0.86, 0.84, 0.84, 0.84, 0.86, 0.86, 0.86, 0.84, 0.84, 0.82, 0.82, 0.8, 0.8, 0.8, 0.78, 0.78, 0.8, 0.8, 0.8, 0.78, 0.8, 0.8, 0.78, 0.76, 0.76, 0.74, 0.74, 0.74, 0.74, 0.74, 0.76, 0.74, 0.74, 0.74, 0.76, 0.76, 0.76], "best": [0.42222223, 0.4511111, 0.3544444, 0.33990932, 0.44391534, 0.44498646, 0.35084176, 0.35188404, 0.44350424, 0.38830614, 0.3903657, 0.3926461, 0.4412953, 0.4013072, 0.44252527, 0.3998818, 0.40013227, 0.32166043, 0.4002364, 0.44259873, 0.34541973, 0.44280455, 0.39170647, 0.39868745, 0.40854588, 0.44292927, 0.4032093, 0.4036864, 0.44336593, 0.44366643, 0.4441149, 0.44430724, 0.40542302, 0.41083226, 0.4448814, 0.44612733, 0.4473404, 0.4480268, 0.44811705, 0.417756, 0.41838014, 0.41948745, 0.44848788, 0.4484477, 0.44893685, 0.44962654, 0.44969475, 0.45065227, 0.4063922, 0.45145366], "duration": [42903, 39750, 52569, 42824, 49673, 39030, 39235, 38984, 39695, 43389, 42608, 38629, 45878, 46486, 38940, 38185, 39175, 44619, 45175, 54487, 44180, 39861, 39259, 43879, 46576, 42858, 43364, 43081, 44202, 47792, 39215, 43421, 44301, 46236, 40205, 39462, 39603, 43686, 40014, 38640, 39139, 64470, 43948, 39801, 53310, 38367, 40280, 39333, 39547, 39322]}