{"avg": [0.0, 0.0, 0.0, 0.0, 0.0, 0.0, 0.0, 0.0, 0.0, 0.0, 0.0, 0.0, 0.0, 0.0, 0.0, 0.0, 0.0, 0.0, 0.0, 0.0, 0.0, 0.0, 0.0, 0.0, 0.0], "std": [0.0, 0.0, 0.0, 0.0, 0.0, 0.0, 0.0, 0.0, 0.0, 0.0, 0.0, 0.0, 0.0, 0.0, 0.0, 0.0, 0.0, 0.0, 0.0, 0.0, 0.0, 0.0, 0.0, 0.0, 0.0], "var": [0.9866667, 0.98, 0.98, 0.97333336, 0.96666664, 0.96, 0.94666666, 0.93333334, 0.9266667, 0.91333336, 0.9066667, 0.9066667, 0.9066667, 0.91333336, 0.9066667, 0.9, 0.88666666, 0.88666666, 0.87333333, 0.86, 0.85333335, 0.84, 0.8333333, 0.82666665, 0.82666665], "best": [0.0, 0.0, 0.0, 0.0, 0.0, 0.0, 0.0, 0.0, 0.0, 0.0, 0.0, 0.0, 0.0, 0.0, 0.0, 0.0, 0.0, 0.0, 0.0, 0.0, 0.0, 0.0, 0.0, 0.0, 0.0], "duration": [30799, 30282, 30904, 31014, 31914, 31787, 31347, 30818, 31161, 31618, 30819, 32821, 31853, 31206, 32349, 31362, 30372, 31204, 31507, 30938, 30788, 31941, 31768, 31234, 31883]}