{"avg": [0.25777778, 0.2896931, 0.29507932, 0.28756073, 0.29136732, 0.29346523, 0.30663276, 0.31833312, 0.30439034, 0.3078843, 0.31181094, 0.31136748, 0.33152744, 0.32147035, 0.31407407, 0.3212499, 0.3284612, 0.31873253, 0.35092536, 0.3452077, 0.35234368, 0.34679273, 0.34144557, 0.36621308, 0.3145731, 0.3667223, 0.3829038, 0.33403727, 0.3370666, 0.34035426, 0.36129576, 0.3680678, 0.38142395, 0.3600817, 0.399977, 0.372522, 0.3879868, 0.38511887, 0.39394528, 0.3931245, 0.3643329, 0.3926423, 0.4203283, 0.4208455, 0.37827477, 0.37541866, 0.39493808, 0.40768182, 0.39799985, 0.39058322], "std": [0.08726752, 0.07409099, 0.050393805, 0.039114527, 0.06961222, 0.07818127, 0.051265176, 0.04808029, 0.078030296, 0.07721258, 0.076668784, 0.076700725, 0.05396703, 0.07145222, 0.083967134, 0.056216814, 0.06784485, 0.05673769, 0.06645616, 0.08072164, 0.07611287, 0.0722542, 0.0634046, 0.07871682, 0.0921167, 0.075655326, 0.05527617, 0.064696275, 0.050636575, 0.09463865, 0.07855429, 0.07230515, 0.07490926, 0.06862607, 0.07831527, 0.074332446, 0.07623215, 0.07261679, 0.07962619, 0.10335027, 0.071591586, 0.07066732, 0.08006562, 0.06287221, 0.08341451, 0.106091715, 0.11152559, 0.08424612, 0.08972966, 0.10658549], "var": [0.98, 0.98, 0.98, 0.96, 0.94, 0.94, 0.92, 0.92, 0.92, 0.9, 0.9, 0.88, 0.88, 0.84, 0.82, 0.8, 0.8, 0.78, 0.76, 0.76, 0.74, 0.72, 0.72, 0.7, 0.68, 0.66, 0.64, 0.66, 0.66, 0.64, 0.62, 0.66, 0.62, 0.58, 0.58, 0.54, 0.52, 0.52, 0.48, 0.5, 0.5, 0.5, 0.5, 0.52, 0.52, 0.5, 0.52, 0.48, 0.46, 0.48], "best": [0.4333333, 0.46222222, 0.36396822, 0.3578231, 0.45502642, 0.45609757, 0.40081772, 0.40355125, 0.41647264, 0.45666668, 0.45691058, 0.45819208, 0.45876288, 0.4591346, 0.45970368, 0.46164572, 0.46233594, 0.4126867, 0.4625874, 0.46524587, 0.46697626, 0.46921566, 0.470412, 0.4709562, 0.47333333, 0.4733664, 0.4724603, 0.43259236, 0.43353352, 0.4735336, 0.47388887, 0.4745098, 0.47575164, 0.47750315, 0.47785977, 0.47933093, 0.48101044, 0.48149404, 0.4822882, 0.4848533, 0.44735944, 0.4871951, 0.4882265, 0.48629737, 0.4879392, 0.49186423, 0.49280867, 0.49041274, 0.4913307, 0.49566877], "duration": [43399, 40359, 53723, 43270, 50584, 44005, 46143, 39190, 38803, 39958, 39233, 39512, 39800, 39354, 46591, 39868, 45809, 45947, 46686, 47175, 53757, 40082, 45385, 39898, 39433, 40256, 47374, 39803, 40166, 40765, 40023, 38884, 40527, 40821, 40843, 39451, 40401, 40127, 54032, 47851, 39888, 40668, 40824, 40492, 46540, 53685, 40614, 40536, 40629, 40225]}