{"avg": [0.20133333, 0.2282032, 0.23965916, 0.23446064, 0.23730996, 0.23568761, 0.24961343, 0.2584703, 0.25182322, 0.26356873, 0.24957712, 0.2425278, 0.24450181, 0.25425696, 0.25117323, 0.2563802, 0.27157786, 0.26518455, 0.26095524, 0.26394215, 0.28478676, 0.2573892, 0.25594836, 0.26583332, 0.26101276, 0.27384084, 0.28779638, 0.30205768, 0.26924688, 0.26302272, 0.25251722, 0.26017332, 0.26274735, 0.29863253, 0.26699686, 0.2823206, 0.29514337, 0.2686977, 0.28954068, 0.2867025, 0.2791856, 0.30044177, 0.29618257, 0.28426376, 0.29610816, 0.28701428, 0.3045794, 0.2992852, 0.33317637, 0.3315022], "std": [0.07018628, 0.06033643, 0.039556753, 0.035086688, 0.05747268, 0.06066741, 0.041456252, 0.037474837, 0.062875465, 0.053854246, 0.050810307, 0.03965156, 0.05809566, 0.031765994, 0.035460662, 0.037213422, 0.053777672, 0.05838809, 0.051264156, 0.03655273, 0.040647082, 0.045535296, 0.040176786, 0.03861403, 0.054026585, 0.05067557, 0.038063027, 0.034018323, 0.07040546, 0.047740318, 0.069870204, 0.07179338, 0.049780548, 0.045062434, 0.050157495, 0.05970465, 0.059203308, 0.063239, 0.05689626, 0.0702698, 0.06847957, 0.068121165, 0.06789989, 0.075447656, 0.070087165, 0.08157653, 0.05635783, 0.052865416, 0.055805344, 0.057660434], "var": [0.98, 0.98, 0.98, 0.96, 0.94, 0.94, 0.92, 0.92, 0.88, 0.88, 0.88, 0.86, 0.84, 0.82, 0.82, 0.82, 0.82, 0.82, 0.82, 0.8, 0.82, 0.8, 0.8, 0.78, 0.78, 0.76, 0.74, 0.7, 0.72, 0.72, 0.72, 0.72, 0.74, 0.72, 0.7, 0.7, 0.7, 0.68, 0.66, 0.66, 0.66, 0.64, 0.6, 0.56, 0.56, 0.54, 0.54, 0.52, 0.52, 0.48], "best": [0.34, 0.37466666, 0.29676193, 0.28938776, 0.36603177, 0.36731708, 0.32098123, 0.3242615, 0.3654815, 0.36736843, 0.29624787, 0.32869843, 0.32897958, 0.29509056, 0.29398364, 0.32917607, 0.36409268, 0.36525548, 0.37169552, 0.3360937, 0.36608696, 0.33726156, 0.33815694, 0.3387558, 0.37391752, 0.3660741, 0.3758195, 0.3519004, 0.36663717, 0.34727162, 0.35661906, 0.36698797, 0.350992, 0.36781955, 0.36107403, 0.3615326, 0.3847751, 0.35822028, 0.36780328, 0.368352, 0.36973742, 0.39027357, 0.3694205, 0.37463456, 0.3759951, 0.37884125, 0.37937415, 0.3800836, 0.39686686, 0.39905494], "duration": [42806, 39576, 52469, 42697, 49523, 47529, 45299, 38470, 44598, 39451, 37138, 38595, 51440, 37681, 37895, 45716, 38689, 45660, 39510, 45265, 39341, 45713, 38654, 38887, 38262, 38580, 46174, 44955, 38845, 37443, 45433, 45849, 37766, 45455, 38081, 39004, 38723, 38385, 38789, 38887, 37902, 38671, 39097, 38651, 38272, 38944, 51919, 39026, 39652, 39165]}