{"avg": [0.21768712, 0.21038961, 0.41029498, 0.5142428, 0.54658026, 0.57603204, 0.6471829, 0.6822675, 0.68807, 0.6968506, 0.70243907, 0.7095442, 0.71522105, 0.7202961, 0.72546995, 0.73125887, 0.7354189, 0.7387338, 0.74218756, 0.74524665, 0.74763674, 0.7497074, 0.75189394, 0.7537959, 0.75554085, 0.75685096, 0.75835615, 0.75962156, 0.76098436, 0.7623035, 0.7635269, 0.7645206, 0.76531816, 0.7662067, 0.7670448, 0.7678754, 0.76865953, 0.7693665, 0.7700051, 0.77073836, 0.7714311, 0.772031, 0.7725756, 0.7731724, 0.7737151, 0.7741633, 0.7746162, 0.7750504, 0.77546716, 0.77590734, 0.7763099, 0.7767505, 0.7771375, 0.7775252, 0.7778818, 0.77820957, 0.77852553, 0.7788871, 0.77915215, 0.779396, 0.7796325, 0.7799376, 0.7801953, 0.7804566, 0.7807206, 0.7809756, 0.781212, 0.7814303, 0.7816525, 0.78184885, 0.78203005, 0.78221595, 0.78242373, 0.7826165, 0.78281236], "std": [0.30785605, 0.30797914, 0.32186654, 0.27889794, 0.25768334, 0.23520054, 0.1380677, 0.0066342237, 0.008048124, 0.004844289, 0.005342939, 0.0044025495, 0.00563449, 0.005921574, 0.0055821314, 0.0019736069, 0.0008541534, 0.00092006894, 5.9604645e-08, 1.1920929e-07, 0.0, 1.1920929e-07, 1.1920929e-07, 1.7881393e-07, 0.0, 1.7881393e-07, 0.0, 0.0, 1.1920929e-07, 5.9604645e-08, 0.0, 5.9604645e-08, 1.7881393e-07, 5.9604645e-08, 5.9604645e-08, 5.9604645e-08, 0.0, 1.1920929e-07, 1.1920929e-07, 1.1920929e-07, 5.9604645e-08, 1.1920929e-07, 2.3841858e-07, 0.0, 0.0, 1.1920929e-07, 0.0, 1.1920929e-07, 2.3841858e-07, 1.1920929e-07, 1.1920929e-07, 1.1920929e-07, 2.3841858e-07, 1.7881393e-07, 1.1920929e-07, 0.0, 5.9604645e-08, 1.7881393e-07, 1.1920929e-07, 1.1920929e-07, 5.9604645e-08, 0.0, 0.0, 0.0, 0.0, 1.7881393e-07, 5.9604645e-08, 1.1920929e-07, 5.9604645e-08, 1.1920929e-07, 0.0, 5.9604645e-08, 5.9604645e-08, 1.1920929e-07, 1.1920929e-07], "var": [1.0, 1.0, 1.0, 1.0, 1.0, 1.0, 0.96, 0.84, 0.76, 0.56, 0.48, 0.36, 0.28, 0.2, 0.12, 0.08, 0.08, 0.04, 0.04, 0.04, 0.04, 0.04, 0.04, 0.04, 0.04, 0.04, 0.04, 0.04, 0.04, 0.04, 0.04, 0.04, 0.04, 0.04, 0.04, 0.04, 0.04, 0.04, 0.04, 0.04, 0.04, 0.04, 0.04, 0.04, 0.04, 0.04, 0.04, 0.04, 0.04, 0.04, 0.04, 0.04, 0.04, 0.04, 0.04, 0.04, 0.04, 0.04, 0.04, 0.04, 0.04, 0.04, 0.04, 0.04, 0.04, 0.04, 0.04, 0.04, 0.04, 0.04, 0.04, 0.04, 0.04, 0.04, 0.04], "best": [0.6530613, 0.6625851, 0.6664153, 0.6705452, 0.67424905, 0.6797022, 0.6848794, 0.69131005, 0.6962487, 0.7026968, 0.70841014, 0.71406186, 0.71879786, 0.7236647, 0.72757864, 0.73201334, 0.73561496, 0.7389347, 0.7421876, 0.7452465, 0.74763674, 0.7497075, 0.7518938, 0.7537961, 0.75554085, 0.7568508, 0.75835615, 0.75962156, 0.76098424, 0.76230353, 0.7635269, 0.7645205, 0.76531833, 0.7662066, 0.7670447, 0.7678753, 0.76865953, 0.7693666, 0.7700052, 0.77073824, 0.771431, 0.7720311, 0.77257586, 0.7731724, 0.7737151, 0.7741634, 0.7746162, 0.7750505, 0.7754674, 0.7759072, 0.7763098, 0.7767504, 0.7771373, 0.77752537, 0.7778819, 0.77820957, 0.7785255, 0.7788873, 0.7791523, 0.7793959, 0.77963245, 0.7799376, 0.7801953, 0.7804566, 0.7807206, 0.78097576, 0.7812119, 0.7814304, 0.78165257, 0.7818487, 0.78203005, 0.782216, 0.7824237, 0.7826166, 0.7828125], "duration": [11643, 11651, 14381, 15595, 11989, 13027, 16643, 16279, 13333, 16167, 16311, 15334, 17243, 12020, 14812, 13529, 14870, 17343, 13592, 16857, 10699, 15329, 13716, 12457, 16139, 11346, 13293, 13488, 10537, 13676, 12517, 10893, 13281, 11372, 12828, 16108, 11747, 11966, 14892, 16557, 16909, 12377, 12634, 15503, 12296, 13614, 12104, 13009, 17034, 12529, 18200, 18145, 17061, 13220, 13260, 17075, 14494, 12835, 10892, 13198, 13297, 16721, 12923, 14562, 13667, 18152, 16355, 14329, 11845, 14356, 13184, 12962, 11637, 13635, 14618]}