{
    "avg": [
        0.16592261,
        0.17226191,
        0.22022165,
        0.22285362,
        0.21736775,
        0.2301244,
        0.21449198,
        0.21361609,
        0.2293824,
        0.2329522,
        0.22061253,
        0.24523115,
        0.2119856,
        0.27801925,
        0.26109892,
        0.26720476,
        0.25835887,
        0.26206154,
        0.27981293,
        0.24850748,
        0.25573593,
        0.26961392,
        0.25189075,
        0.30949354,
        0.30917943,
        0.28995773,
        0.26226473,
        0.32116717,
        0.30220538,
        0.3191468,
        0.3454728,
        0.29903358,
        0.3114308,
        0.30099145,
        0.2999458,
        0.29424238,
        0.3223139,
        0.25622097,
        0.3247662,
        0.30923024,
        0.25811324,
        0.2586473,
        0.30798748,
        0.2705963,
        0.28412545,
        0.29196817,
        0.36808947,
        0.31299973,
        0.27515286,
        0.31614238
    ],
    "std": [
        0.11553361,
        0.13510677,
        0.11209168,
        0.100322425,
        0.11344855,
        0.094627135,
        0.09728648,
        0.08864059,
        0.12049203,
        0.09983117,
        0.12425711,
        0.102857135,
        0.07496712,
        0.10623776,
        0.10639423,
        0.10589572,
        0.10608461,
        0.09303831,
        0.106498994,
        0.12316925,
        0.11618199,
        0.0852086,
        0.11107948,
        0.0836955,
        0.065790534,
        0.080962054,
        0.10352557,
        0.093467034,
        0.100373656,
        0.09403397,
        0.077219285,
        0.10982199,
        0.10948777,
        0.11796563,
        0.09129211,
        0.11149659,
        0.09889493,
        0.14165002,
        0.070499524,
        0.1305953,
        0.11955771,
        0.11987601,
        0.086756185,
        0.16251206,
        0.12316125,
        0.1456135,
        0.089034155,
        0.1330926,
        0.12656185,
        0.108005494
    ],
    "var": [
        1.0,
        1.0,
        1.0,
        1.0,
        1.0,
        0.98,
        0.96,
        0.96,
        0.96,
        0.98,
        0.96,
        0.94,
        0.92,
        0.9,
        0.9,
        0.88,
        0.86,
        0.86,
        0.84,
        0.84,
        0.84,
        0.84,
        0.82,
        0.8,
        0.8,
        0.8,
        0.82,
        0.82,
        0.82,
        0.8,
        0.8,
        0.8,
        0.8,
        0.8,
        0.78,
        0.74,
        0.74,
        0.74,
        0.72,
        0.72,
        0.72,
        0.74,
        0.74,
        0.72,
        0.68,
        0.66,
        0.66,
        0.66,
        0.64,
        0.64
    ],
    "best": [
        0.3452381,
        0.38720238,
        0.3970814,
        0.37857142,
        0.37079367,
        0.3657509,
        0.395846,
        0.3702381,
        0.3656682,
        0.39631882,
        0.36781874,
        0.3697995,
        0.3642857,
        0.37077704,
        0.3715621,
        0.39601088,
        0.3971429,
        0.3990878,
        0.49508336,
        0.40165773,
        0.40238097,
        0.40303704,
        0.4039916,
        0.40436065,
        0.40592992,
        0.3763435,
        0.40623975,
        0.4997386,
        0.4072965,
        0.50074404,
        0.5013165,
        0.50250995,
        0.501945,
        0.5026228,
        0.50275594,
        0.4101652,
        0.4114132,
        0.5060395,
        0.4134948,
        0.504455,
        0.41364264,
        0.41365877,
        0.4137251,
        0.505189,
        0.3885275,
        0.5053869,
        0.50812715,
        0.50861055,
        0.38950333,
        0.41476753
    ],
    "duration": [
        6065,
        7230,
        6691,
        5459,
        7803,
        7785,
        5959,
        6083,
        6586,
        5983,
        4688,
        6696,
        6775,
        6562,
        6543,
        6425,
        6426,
        6527,
        5871,
        6440,
        7631,
        6429,
        6724,
        6655,
        6801,
        6578,
        6472,
        6428,
        6674,
        6068,
        6706,
        6650,
        6561,
        6131,
        6607,
        6649,
        6643,
        5283,
        6662,
        6576,
        6419,
        6943,
        6574,
        6594,
        6412,
        6467,
        6630,
        6591,
        6453,
        6506
    ]
}