{"avg": [0.26031747, 0.28715342, 0.2930743, 0.28756073, 0.2933723, 0.29402542, 0.31064278, 0.320574, 0.30834097, 0.32232428, 0.31316, 0.29461142, 0.32470894, 0.32659987, 0.3204754, 0.3103455, 0.32456946, 0.30060187, 0.31460166, 0.3135027, 0.3518685, 0.340499, 0.3244664, 0.31370503, 0.31381094, 0.3701316, 0.38187087, 0.38069558, 0.34809837, 0.36473262, 0.34205526, 0.32869756, 0.36878458, 0.3419648, 0.34914023, 0.37362435, 0.3756501, 0.34568325, 0.36354417, 0.32491806, 0.33255738, 0.39375553, 0.37981415, 0.37782523, 0.3823789, 0.3364821, 0.37615713, 0.40120742, 0.3570575, 0.3807706, 0.32927126, 0.3827125, 0.4036696, 0.37409, 0.40698767, 0.3762047, 0.38500363, 0.39940187, 0.40803632, 0.43096894, 0.4170404, 0.42465732, 0.43765405, 0.44621173, 0.44491503, 0.4071358, 0.4344818, 0.4530397, 0.44851023, 0.48573563, 0.47416508, 0.43999398, 0.47037557, 0.45644817, 0.48133162], "std": [0.08539034, 0.07461725, 0.048833013, 0.039444413, 0.07296669, 0.077167965, 0.052799568, 0.0491792, 0.08057846, 0.06927916, 0.07608933, 0.06264813, 0.04230329, 0.06183682, 0.06541927, 0.06809776, 0.05133403, 0.079101816, 0.072972424, 0.100154884, 0.063529715, 0.06879902, 0.05784876, 0.071359605, 0.06825427, 0.0651374, 0.06097804, 0.063245654, 0.061188743, 0.06611498, 0.1099737, 0.05034314, 0.06634998, 0.08374573, 0.057810966, 0.061876025, 0.08715487, 0.08973246, 0.07014305, 0.085420474, 0.08009012, 0.064283565, 0.09058189, 0.098898105, 0.08939232, 0.089186825, 0.085416585, 0.083785646, 0.07393685, 0.10144777, 0.08921274, 0.08278077, 0.07687451, 0.11060068, 0.072665684, 0.087875396, 0.09051027, 0.066075444, 0.07684207, 0.075601, 0.07773709, 0.07343372, 0.06277493, 0.077664375, 0.07247669, 0.09369987, 0.09645453, 0.06723834, 0.07314383, 0.053220965, 0.058657948, 0.081977285, 0.07416897, 0.082199015, 0.07382036], "var": [0.98, 0.98, 0.98, 0.96, 0.94, 0.94, 0.92, 0.92, 0.92, 0.9, 0.9, 0.88, 0.88, 0.86, 0.84, 0.84, 0.82, 0.84, 0.82, 0.82, 0.82, 0.8, 0.8, 0.78, 0.74, 0.74, 0.7, 0.7, 0.68, 0.7, 0.68, 0.68, 0.64, 0.62, 0.6, 0.6, 0.6, 0.58, 0.58, 0.56, 0.58, 0.6, 0.58, 0.6, 0.56, 0.54, 0.54, 0.52, 0.54, 0.52, 0.52, 0.48, 0.44, 0.4, 0.38, 0.38, 0.36, 0.32, 0.32, 0.34, 0.32, 0.3, 0.34, 0.34, 0.34, 0.3, 0.26, 0.26, 0.26, 0.28, 0.26, 0.24, 0.24, 0.24, 0.24], "best": [0.4333333, 0.46222222, 0.36396822, 0.3578231, 0.45502642, 0.45609757, 0.40081772, 0.40355125, 0.45456788, 0.45599997, 0.45650408, 0.36771587, 0.38826704, 0.4557692, 0.45688888, 0.45770308, 0.458498, 0.45947954, 0.46063828, 0.46120402, 0.46237943, 0.46380365, 0.46403506, 0.46406683, 0.4125174, 0.46370557, 0.46536586, 0.46713948, 0.46788153, 0.4695238, 0.4707092, 0.4246852, 0.47192279, 0.4738095, 0.47410882, 0.4739051, 0.47440898, 0.4759355, 0.47663864, 0.47747013, 0.47779545, 0.477416, 0.47876954, 0.48214987, 0.48152435, 0.48354545, 0.4839112, 0.48525032, 0.4873289, 0.48770562, 0.48921442, 0.48913857, 0.49026585, 0.49134612, 0.49239555, 0.49329457, 0.49370706, 0.4945195, 0.49494275, 0.49619564, 0.4976114, 0.4988095, 0.49968943, 0.5007483, 0.50281125, 0.5045081, 0.505415, 0.5072797, 0.5085696, 0.50976366, 0.51228553, 0.51434594, 0.5155813, 0.51764876, 0.5191551], "duration": [42867, 39671, 52480, 42845, 49819, 47754, 45597, 38684, 38658, 39207, 38649, 38652, 39431, 38950, 39454, 38797, 45812, 38902, 39088, 38339, 46458, 39230, 38835, 46649, 39080, 39472, 39729, 46546, 45842, 39716, 39345, 37875, 45916, 39484, 46080, 39457, 39376, 39939, 52324, 38833, 38352, 46685, 39579, 39659, 39845, 39500, 53698, 40014, 39437, 39973, 39129, 39865, 46262, 39775, 39608, 39380, 39709, 39575, 46465, 40168, 39738, 39580, 40462, 40638, 46874, 46091, 40500, 40150, 40299, 40385, 47343, 40260, 47432, 40319, 47361]}