{"avg": [0.26776555, 0.28417715, 0.30578834, 0.30998376, 0.31956246, 0.30566257, 0.3160292, 0.33144125, 0.33887696, 0.33309454, 0.3311566, 0.36581948, 0.3298726, 0.35619107, 0.34278476, 0.3505342, 0.36577523, 0.3857861, 0.38698798, 0.38060373, 0.3885322, 0.37817937, 0.3833071, 0.39190975, 0.41599122, 0.4066086, 0.39660877, 0.42406306, 0.40528038, 0.38765118, 0.42467603, 0.4319519, 0.4389699, 0.4592651, 0.4509325, 0.4587999, 0.45582294, 0.4577648, 0.4550377, 0.47564945, 0.48839954, 0.504461, 0.5112053, 0.5112502, 0.47566465, 0.4888966, 0.5031231, 0.49155736, 0.49997786, 0.50106806], "std": [0.072100714, 0.062445138, 0.060951997, 0.05724008, 0.037993852, 0.059498843, 0.053770244, 0.046894748, 0.048872106, 0.06581253, 0.050751675, 0.055781312, 0.06977142, 0.05806799, 0.06913112, 0.061411478, 0.058334354, 0.05119269, 0.06477568, 0.056273792, 0.07198401, 0.059796076, 0.077539146, 0.071166165, 0.030810341, 0.07292246, 0.07453946, 0.064990856, 0.083348766, 0.07947945, 0.06595754, 0.07214582, 0.069909215, 0.06847993, 0.07339313, 0.07765133, 0.09200808, 0.09362966, 0.09792742, 0.08436828, 0.08385341, 0.066388436, 0.06031744, 0.07836672, 0.11211529, 0.10599542, 0.09961145, 0.10973144, 0.099093474, 0.10545241], "var": [0.98, 0.96, 0.94, 0.94, 0.9, 0.88, 0.84, 0.86, 0.82, 0.82, 0.82, 0.82, 0.76, 0.72, 0.68, 0.72, 0.68, 0.7, 0.68, 0.72, 0.72, 0.7, 0.66, 0.6, 0.62, 0.62, 0.62, 0.56, 0.5, 0.48, 0.4, 0.34, 0.36, 0.34, 0.32, 0.28, 0.26, 0.26, 0.26, 0.22, 0.24, 0.2, 0.18, 0.16, 0.16, 0.16, 0.14, 0.2, 0.2, 0.22], "best": [0.4333333, 0.36776558, 0.45493826, 0.4556962, 0.39061096, 0.45530304, 0.45617282, 0.45652917, 0.45626912, 0.45907858, 0.41013432, 0.46103752, 0.464126, 0.46534088, 0.45467976, 0.46865177, 0.4693989, 0.47066954, 0.47211996, 0.47438392, 0.4764093, 0.47988304, 0.48115942, 0.48367998, 0.44079122, 0.48785186, 0.49082264, 0.49244502, 0.49581125, 0.4985987, 0.5, 0.50294, 0.50709623, 0.5101676, 0.5145494, 0.5187412, 0.5226093, 0.5257636, 0.52919495, 0.5322621, 0.53599876, 0.54010135, 0.5433654, 0.5475256, 0.5515681, 0.55476385, 0.55756855, 0.56074184, 0.56336606, 0.5662485], "duration": [81913, 97327, 78614, 92607, 92725, 97032, 98517, 79431, 89429, 87629, 86252, 80490, 84151, 84426, 87060, 80069, 86406, 101190, 86760, 80594, 80700, 80023, 93554, 87402, 87426, 80413, 92687, 100691, 100799, 100791, 80623, 114354, 87759, 87709, 94311, 80711, 107897, 81068, 80741, 101394, 94565, 87720, 87419, 80942, 114867, 101133, 94362, 93587, 94277, 87679]}