{"avg": [0.2706667, 0.2985185, 0.3056725, 0.3017784, 0.30309662, 0.30468836, 0.32110223, 0.3322266, 0.31873253, 0.33357143, 0.32673752, 0.30215573, 0.33695385, 0.34069884, 0.31472364, 0.3282801, 0.3440599, 0.34866184, 0.3661266, 0.3454081, 0.32815355, 0.37001997, 0.3694489, 0.368398, 0.36933044, 0.3596308, 0.3855791, 0.38047138, 0.36414748, 0.37248036, 0.38097584, 0.39616463, 0.41002467, 0.37684578, 0.3788419, 0.39781934, 0.41458043, 0.4220278, 0.3809133, 0.39775828, 0.44103158, 0.41916656, 0.36304486, 0.42598635, 0.43825608, 0.40701768, 0.4284455, 0.41359857, 0.40951386, 0.42216766], "std": [0.089059845, 0.07841503, 0.05181927, 0.045886848, 0.074874416, 0.07834878, 0.05464754, 0.05071118, 0.0847943, 0.07285009, 0.07942493, 0.06807884, 0.044050075, 0.065911755, 0.08171918, 0.06932387, 0.04659437, 0.06145205, 0.06402805, 0.06587422, 0.05529953, 0.061809022, 0.061612487, 0.06393578, 0.052305583, 0.08263294, 0.036227252, 0.08130426, 0.0646401, 0.061781902, 0.067254245, 0.064670034, 0.05926072, 0.07895014, 0.08311592, 0.083338, 0.068693355, 0.069032244, 0.095661044, 0.07975782, 0.08056958, 0.09851623, 0.084230095, 0.07059571, 0.06603559, 0.078855574, 0.093664706, 0.10442786, 0.08230309, 0.09666209], "var": [0.98, 0.98, 0.98, 0.96, 0.94, 0.94, 0.92, 0.92, 0.92, 0.9, 0.9, 0.88, 0.88, 0.86, 0.84, 0.84, 0.8, 0.82, 0.8, 0.8, 0.78, 0.76, 0.76, 0.76, 0.74, 0.7, 0.68, 0.66, 0.66, 0.66, 0.64, 0.64, 0.62, 0.62, 0.6, 0.58, 0.54, 0.54, 0.52, 0.52, 0.52, 0.56, 0.54, 0.54, 0.56, 0.52, 0.5, 0.54, 0.52, 0.5], "best": [0.4511111, 0.48000002, 0.37888893, 0.37274376, 0.47280422, 0.47387537, 0.4154209, 0.41815445, 0.47234568, 0.47377777, 0.47428188, 0.38263655, 0.39906073, 0.473547, 0.47466668, 0.4753408, 0.42296004, 0.42605987, 0.47526908, 0.4768537, 0.4336059, 0.47759652, 0.48032567, 0.48179603, 0.48286965, 0.4827694, 0.4410467, 0.4880354, 0.48572943, 0.48686203, 0.48721632, 0.49300024, 0.4944974, 0.4963263, 0.49158287, 0.4928534, 0.500729, 0.5030265, 0.5052013, 0.50636005, 0.5077725, 0.5046185, 0.506332, 0.5060939, 0.50740314, 0.5152895, 0.5161203, 0.5180033, 0.51384324, 0.51448345], "duration": [43051, 39906, 52973, 43040, 49925, 47830, 45770, 38637, 38914, 39362, 38997, 38885, 39425, 39008, 39237, 39133, 51713, 45493, 40220, 39345, 38320, 39399, 39518, 39812, 39681, 39727, 38799, 39273, 39557, 39053, 46031, 39831, 39690, 52829, 39870, 40039, 40129, 39589, 46193, 39843, 47089, 39682, 38944, 40227, 40175, 39594, 46753, 39645, 40087, 40304]}