{"avg": [0.25055555, 0.27457407, 0.28423977, 0.27731416, 0.27871063, 0.28313607, 0.29363146, 0.3085992, 0.29476956, 0.31067464, 0.30175894, 0.3054212, 0.3182192, 0.2936369, 0.29794842, 0.30002555, 0.3226728, 0.32464367, 0.33031175, 0.3154474, 0.3482209, 0.3341726, 0.34667706, 0.3208159, 0.31728402, 0.3075989, 0.3612624, 0.34360597, 0.3258468, 0.32711428, 0.3227713, 0.37630036, 0.3544845, 0.35475188, 0.3496356, 0.38388282, 0.3587375, 0.33443925, 0.37077352, 0.39731923, 0.36791843, 0.39445117, 0.37438136, 0.36685312, 0.38579285, 0.34195903, 0.3514665, 0.3807823, 0.36634248, 0.36635876], "std": [0.08177525, 0.064375594, 0.04656202, 0.03943418, 0.06951571, 0.07104832, 0.053828638, 0.047561564, 0.07317286, 0.06646107, 0.07308619, 0.07115309, 0.047728825, 0.066550724, 0.076981515, 0.058950115, 0.039027948, 0.059741326, 0.06984695, 0.06859834, 0.07546085, 0.06871562, 0.070298746, 0.07002789, 0.071240164, 0.07503636, 0.0692707, 0.072231434, 0.06215688, 0.062029254, 0.07594279, 0.080388054, 0.07153537, 0.06643055, 0.06454363, 0.06452795, 0.08954733, 0.06536714, 0.07786242, 0.07435497, 0.09163024, 0.07630992, 0.07660644, 0.07904564, 0.08258205, 0.06414257, 0.08427443, 0.092642896, 0.08767359, 0.0842091], "var": [0.98, 0.98, 0.98, 0.96, 0.94, 0.94, 0.92, 0.92, 0.92, 0.9, 0.88, 0.86, 0.84, 0.8, 0.8, 0.76, 0.76, 0.74, 0.76, 0.74, 0.74, 0.74, 0.7, 0.68, 0.64, 0.62, 0.64, 0.64, 0.6, 0.6, 0.62, 0.6, 0.6, 0.6, 0.6, 0.58, 0.56, 0.56, 0.56, 0.56, 0.54, 0.54, 0.52, 0.5, 0.52, 0.5, 0.52, 0.5, 0.52, 0.5], "best": [0.41666666, 0.40805557, 0.35027775, 0.34413263, 0.43835977, 0.43943092, 0.38653198, 0.38926554, 0.40040123, 0.43933332, 0.43983743, 0.44114876, 0.44175258, 0.44214746, 0.44214812, 0.44414225, 0.3933071, 0.44380423, 0.44432625, 0.446085, 0.44755057, 0.45040774, 0.45116958, 0.45372438, 0.45534757, 0.4557971, 0.4561881, 0.45863023, 0.46005288, 0.46043035, 0.4608316, 0.46154106, 0.46502626, 0.46660304, 0.4675634, 0.4677215, 0.4696943, 0.47151828, 0.47122225, 0.47224036, 0.47420382, 0.4762126, 0.47792926, 0.47914204, 0.4795761, 0.48102963, 0.4808046, 0.4815364, 0.4831129, 0.4838508], "duration": [43157, 39905, 52938, 43011, 49945, 47945, 46033, 38726, 39054, 39293, 38904, 39703, 39466, 39474, 45806, 39322, 38754, 39430, 39058, 39657, 40174, 46180, 40133, 44962, 39464, 38876, 39043, 59255, 39994, 53249, 38945, 40108, 40197, 39961, 40007, 40126, 39955, 39265, 39730, 40359, 46400, 40094, 40315, 39626, 40010, 39633, 39286, 39791, 39553, 39082]}