{"avg": [0.3904762, 0.40761906, 0.42255637, 0.40867347, 0.41541353, 0.41932777, 0.43796986, 0.45210087, 0.43714288, 0.4459184, 0.43901098, 0.45000005, 0.46989796, 0.45168066, 0.45630255, 0.44663867, 0.4777778, 0.49945053, 0.4868421, 0.46224493, 0.47380954, 0.49375, 0.45630252, 0.49444437, 0.48781514, 0.5214286, 0.5181319, 0.5075893, 0.49897957, 0.53, 0.49062502, 0.5352679, 0.5019047, 0.50535715, 0.54642856, 0.57285714, 0.5090477, 0.5254464, 0.51785713, 0.5306723, 0.49776787, 0.56208795, 0.54591835, 0.54453784, 0.51626986, 0.5571429, 0.46952385, 0.55420166, 0.5150794, 0.51176476], "std": [0.1280855, 0.1135532, 0.07358632, 0.060739998, 0.103956714, 0.111380205, 0.08229563, 0.07023219, 0.1178088, 0.109721154, 0.11337602, 0.11154809, 0.07684459, 0.106300026, 0.122838624, 0.099310875, 0.089178935, 0.06679836, 0.0945128, 0.08096667, 0.083977096, 0.09013435, 0.10500336, 0.09293511, 0.110324316, 0.071205, 0.08723987, 0.09078978, 0.07157419, 0.106272645, 0.12259727, 0.09937523, 0.09063144, 0.11329086, 0.0907432, 0.085682526, 0.12430669, 0.11514654, 0.11198704, 0.10545632, 0.09714413, 0.116307124, 0.126966, 0.11885632, 0.10740194, 0.113870405, 0.12066895, 0.10406095, 0.1273729, 0.12989376], "var": [0.98, 0.98, 0.98, 0.96, 0.94, 0.94, 0.92, 0.92, 0.92, 0.9, 0.9, 0.88, 0.88, 0.84, 0.82, 0.78, 0.76, 0.76, 0.74, 0.72, 0.72, 0.72, 0.7, 0.7, 0.68, 0.66, 0.64, 0.64, 0.66, 0.66, 0.64, 0.62, 0.62, 0.6, 0.56, 0.56, 0.54, 0.52, 0.54, 0.52, 0.54, 0.54, 0.5, 0.5, 0.5, 0.5, 0.46, 0.42, 0.44, 0.42], "best": [0.65, 0.65, 0.5142857, 0.5142857, 0.65, 0.65, 0.5714286, 0.5714286, 0.65, 0.65, 0.65, 0.65, 0.65, 0.65, 0.65, 0.65, 0.65, 0.65, 0.65, 0.65, 0.65, 0.65, 0.65, 0.65, 0.7285714, 0.65, 0.65, 0.65, 0.65, 0.7285714, 0.65, 0.65, 0.65, 0.65, 0.67142856, 0.7285714, 0.65, 0.65, 0.65, 0.65, 0.65, 0.65, 0.7285714, 0.65, 0.65, 0.65, 0.65, 0.65, 0.65, 0.65], "duration": [42998, 40092, 52705, 43000, 49737, 47762, 45500, 38582, 38343, 39456, 39099, 39145, 39620, 38900, 53049, 45520, 45362, 39254, 46687, 37786, 46311, 39511, 39206, 46757, 39045, 39019, 39613, 46225, 39219, 39473, 39409, 39775, 39779, 46205, 40296, 40120, 40128, 40226, 46445, 39971, 39689, 40425, 40312, 46719, 39761, 40347, 40243, 46841, 45960, 39994]}