{"avg": [0.25128207, 0.27951, 0.28488082, 0.27738282, 0.28215197, 0.28172204, 0.29857418, 0.30486616, 0.30094296, 0.31232768, 0.29686108, 0.2832176, 0.30744538, 0.3185028, 0.29045492, 0.2778439, 0.2718034, 0.2873674, 0.29387882, 0.31883213, 0.31865406, 0.2922517, 0.31302986, 0.31564805, 0.28786847, 0.3529385, 0.3092871, 0.25924438, 0.32684228, 0.30449644, 0.3297272, 0.32366583, 0.2994552, 0.31304222, 0.31050873, 0.2966889, 0.3116951, 0.31899646, 0.33356372, 0.31168094, 0.33785486, 0.34534317, 0.35535365, 0.3231052, 0.33356676, 0.36990556, 0.35645604, 0.33217221, 0.34964928, 0.37503394], "std": [0.07973218, 0.06918208, 0.048436202, 0.038752016, 0.066459134, 0.06812516, 0.050827198, 0.04709934, 0.07253468, 0.06565654, 0.058867693, 0.046001673, 0.0629968, 0.0556398, 0.07081691, 0.06864321, 0.06070234, 0.051451754, 0.0656682, 0.07072609, 0.048418082, 0.064951874, 0.049056496, 0.036419164, 0.06597192, 0.052574668, 0.07798452, 0.072458856, 0.06931151, 0.06255047, 0.054505184, 0.06645923, 0.073816076, 0.04995035, 0.054768886, 0.09137523, 0.07785181, 0.059206888, 0.0869295, 0.07407492, 0.054756053, 0.04666793, 0.05863741, 0.06279481, 0.061610084, 0.071476445, 0.08683135, 0.07424623, 0.05186995, 0.066191316], "var": [0.98, 0.98, 0.98, 0.96, 0.94, 0.94, 0.92, 0.92, 0.88, 0.88, 0.88, 0.86, 0.84, 0.82, 0.82, 0.8, 0.8, 0.8, 0.82, 0.8, 0.8, 0.76, 0.76, 0.74, 0.72, 0.7, 0.68, 0.66, 0.66, 0.66, 0.62, 0.64, 0.64, 0.62, 0.58, 0.62, 0.6, 0.6, 0.62, 0.6, 0.58, 0.58, 0.56, 0.6, 0.6, 0.62, 0.58, 0.58, 0.56, 0.54], "best": [0.4128205, 0.4417094, 0.34675217, 0.34060702, 0.4345136, 0.43558475, 0.38396788, 0.38670143, 0.43405506, 0.4356275, 0.34632376, 0.34675217, 0.43458918, 0.43530476, 0.37783405, 0.3892392, 0.3896154, 0.34596738, 0.43423256, 0.43489698, 0.43574372, 0.39161262, 0.3928382, 0.39396557, 0.39489874, 0.4353226, 0.43676874, 0.34878385, 0.4377074, 0.35268784, 0.43813965, 0.439281, 0.44032216, 0.39949116, 0.44054636, 0.40016815, 0.44080403, 0.4416292, 0.44202897, 0.44327185, 0.4436101, 0.43734226, 0.4945697, 0.40516606, 0.44528678, 0.49599698, 0.44789377, 0.49869034, 0.40775648, 0.4986948], "duration": [43066, 40115, 52867, 42966, 50157, 47985, 45742, 38999, 45081, 40267, 37524, 38246, 45979, 39913, 44813, 38680, 38490, 39432, 39557, 40421, 45716, 38666, 39093, 39572, 38932, 40241, 46381, 38133, 39410, 39149, 39356, 39107, 44410, 46260, 38372, 45129, 38621, 40588, 39952, 38354, 39618, 45806, 39790, 38952, 53169, 47051, 39940, 39945, 39948, 40000]}