{"avg": [0.013333334, 0.013333334, 0.013333334, 0.013333334, 0.013333334, 0.013333334, 0.013333334, 0.013333334, 0.013333334, 0.013333334, 0.013333334, 0.013333334, 0.013333334, 0.013333334, 0.013333334, 0.013333334, 0.013333334, 0.013333334, 0.013333334, 0.013333334, 0.013333334, 0.013333334, 0.013333334, 0.013333334, 0.02], "std": [0.11469768, 0.11469768, 0.11469768, 0.11469768, 0.11469768, 0.11469768, 0.11469768, 0.11469768, 0.11469768, 0.11469768, 0.11469768, 0.11469768, 0.11469768, 0.11469768, 0.11469768, 0.11469768, 0.11469768, 0.11469768, 0.11469768, 0.11469768, 0.11469768, 0.11469768, 0.11469768, 0.11469768, 0.13999996], "var": [0.99333334, 1.0, 0.9866667, 0.98, 0.97333336, 0.96666664, 0.96, 0.96666664, 0.96, 0.9533333, 0.94, 0.9266667, 0.92, 0.91333336, 0.9066667, 0.9, 0.88666666, 0.88666666, 0.88, 0.87333333, 0.8666667, 0.85333335, 0.8466667, 0.84, 0.8466667], "best": [1.0, 1.0, 1.0, 1.0, 1.0, 1.0, 1.0, 1.0, 1.0, 1.0, 1.0, 1.0, 1.0, 1.0, 1.0, 1.0, 1.0, 1.0, 1.0, 1.0, 1.0, 1.0, 1.0, 1.0, 1.0], "duration": [36704, 36701, 36009, 36729, 37122, 36819, 37089, 37662, 36100, 38223, 37434, 35498, 37106, 37561, 37751, 37478, 36643, 37502, 37513, 38631, 37100, 37481, 38870, 37352, 36838]}