{"avg": [0.43827158, 0.50923884, 0.47191784, 0.4465306, 0.48165452, 0.47799972, 0.47167036, 0.46800262, 0.4680233, 0.47987828, 0.48841637, 0.48706347, 0.47818753, 0.4873582, 0.47291252, 0.50280845, 0.46227825, 0.51313174, 0.47852814, 0.48627552, 0.5013348, 0.5147311, 0.490883, 0.4589619, 0.5167424, 0.50935674, 0.51302236, 0.5124658, 0.4936513, 0.5227378, 0.51230675, 0.51176465, 0.518083, 0.5161335, 0.52529055, 0.5149253, 0.5193313, 0.5278527, 0.52928, 0.5252429, 0.5196924, 0.5263993, 0.5095945, 0.5301484, 0.5195609, 0.5310866, 0.53162354, 0.5302447, 0.5093024, 0.53196234], "std": [0.085991256, 0.025608014, 0.077012904, 0.09084972, 0.079158254, 0.06647926, 0.06853615, 0.06338999, 0.07949924, 0.06524722, 0.06769005, 0.06433969, 0.07901157, 0.062401805, 0.07704146, 0.050407145, 0.07685516, 0.023211792, 0.07432786, 0.053520232, 0.057908192, 0.024927821, 0.05486922, 0.083460964, 0.02332365, 0.02541745, 0.05278476, 0.026216688, 0.074628316, 0.021700222, 0.04928961, 0.05381627, 0.058358584, 0.04830601, 0.024625815, 0.06264914, 0.04680859, 0.022471499, 0.023347484, 0.04622802, 0.04871593, 0.048190426, 0.067859314, 0.027201382, 0.031413145, 0.0231547, 0.047638856, 0.04548124, 0.048086602, 0.029333355], "var": [1.0, 0.98, 0.98, 0.96, 0.94, 0.92, 0.92, 0.92, 0.9, 0.88, 0.88, 0.88, 0.86, 0.84, 0.84, 0.84, 0.84, 0.8, 0.8, 0.76, 0.76, 0.76, 0.74, 0.76, 0.74, 0.72, 0.72, 0.7, 0.7, 0.72, 0.7, 0.72, 0.74, 0.72, 0.72, 0.72, 0.7, 0.68, 0.68, 0.66, 0.68, 0.7, 0.68, 0.66, 0.68, 0.68, 0.64, 0.66, 0.66, 0.64], "best": [0.5079365, 0.5394179, 0.5391193, 0.5385487, 0.5402281, 0.5321031, 0.5364087, 0.53055555, 0.5294588, 0.5315079, 0.5292268, 0.5322502, 0.53384227, 0.5328523, 0.5333628, 0.5341061, 0.5324263, 0.5349085, 0.5338759, 0.53636116, 0.53618324, 0.5368459, 0.5371155, 0.534471, 0.5379911, 0.53804964, 0.5394179, 0.54070485, 0.5408047, 0.54254323, 0.54126984, 0.5444911, 0.54607034, 0.5471637, 0.54483217, 0.54548293, 0.5493616, 0.55064297, 0.5445578, 0.58118254, 0.55302817, 0.5539933, 0.5532698, 0.55598456, 0.55436856, 0.55736506, 0.55767936, 0.5567248, 0.5582046, 0.55994874], "duration": [43073, 32287, 37654, 32198, 32297, 32297, 32235, 32217, 32224, 32267, 32321, 32253, 32306, 32263, 32241, 37663, 37627, 32324, 32271, 37662, 32274, 32279, 32239, 32256, 32280, 32278, 32287, 37680, 32294, 37689, 32351, 37672, 32337, 32323, 32296, 32301, 32306, 37697, 32386, 32309, 32361, 37922, 32349, 37733, 32320, 32387, 37690, 37699, 32284, 32337]}