{"avg": [0.26031747, 0.2896931, 0.29307437, 0.2902818, 0.2913673, 0.29402542, 0.30863777, 0.320574, 0.30834097, 0.32504535, 0.31316, 0.2946114, 0.32470894, 0.32708573, 0.2853706, 0.3314633, 0.32220238, 0.3197748, 0.34485638, 0.34425986, 0.32971552, 0.33108222, 0.3378532, 0.34591293, 0.3291075, 0.36188224, 0.35120192, 0.34756967, 0.3655303, 0.36331815, 0.34825134, 0.3511534, 0.33312383, 0.36163056, 0.35580006, 0.35766515, 0.38695621, 0.3967624, 0.36434036, 0.3675812, 0.37892604, 0.3730428, 0.37823698, 0.40478033, 0.36818048, 0.379217, 0.36623403, 0.4051076, 0.39829677, 0.3516578], "std": [0.08539034, 0.07409099, 0.047121577, 0.041381273, 0.07330871, 0.077167965, 0.05187532, 0.0491792, 0.08057846, 0.06462788, 0.07511921, 0.06490549, 0.04230329, 0.061280124, 0.059681814, 0.055951167, 0.054059967, 0.067391925, 0.0626345, 0.07810935, 0.059424352, 0.07043234, 0.07526069, 0.07165701, 0.09338181, 0.07780082, 0.047471292, 0.069792695, 0.07314205, 0.06980216, 0.0835062, 0.07530535, 0.051696543, 0.06719832, 0.0468307, 0.07279522, 0.07624546, 0.06397995, 0.07951698, 0.06599483, 0.0698091, 0.07789538, 0.08369023, 0.05644313, 0.081965536, 0.07285743, 0.09311143, 0.068926506, 0.09408788, 0.08445205], "var": [0.98, 0.98, 0.98, 0.96, 0.94, 0.94, 0.92, 0.92, 0.92, 0.9, 0.9, 0.88, 0.88, 0.86, 0.84, 0.82, 0.8, 0.8, 0.8, 0.78, 0.78, 0.76, 0.76, 0.76, 0.76, 0.74, 0.78, 0.76, 0.74, 0.76, 0.72, 0.72, 0.68, 0.7, 0.68, 0.7, 0.68, 0.66, 0.66, 0.64, 0.66, 0.66, 0.64, 0.62, 0.62, 0.64, 0.66, 0.66, 0.66, 0.66], "best": [0.4333333, 0.46222222, 0.36396822, 0.3578231, 0.45502642, 0.45609757, 0.40081772, 0.40355125, 0.45456788, 0.45599997, 0.45650408, 0.36771587, 0.38826704, 0.4557692, 0.38846233, 0.4561111, 0.4567708, 0.4576876, 0.45845068, 0.45880398, 0.46027687, 0.41479385, 0.46127164, 0.46253443, 0.4632456, 0.4648241, 0.46634534, 0.46728536, 0.4689088, 0.47021738, 0.47164908, 0.47300613, 0.4179748, 0.47351244, 0.45186663, 0.47338173, 0.4738977, 0.47621498, 0.47757372, 0.47848237, 0.47906116, 0.4799178, 0.4800402, 0.48095235, 0.48273382, 0.48316967, 0.4840401, 0.48483622, 0.4862357, 0.48782793], "duration": [43171, 40028, 52840, 42980, 50007, 47971, 45768, 38747, 39146, 39550, 39031, 38869, 39416, 45380, 39153, 38494, 38548, 38830, 39599, 39648, 45205, 45871, 39061, 46934, 39611, 40072, 46219, 39163, 39987, 39722, 40002, 40313, 38857, 46486, 40021, 39559, 40176, 40494, 39500, 39866, 40289, 39944, 47242, 40691, 39456, 53483, 39610, 40011, 39835, 39744]}