{"avg": [0.25777778, 0.28715342, 0.2885046, 0.2931001, 0.28660542, 0.2886213, 0.30416188, 0.3093624, 0.31011724, 0.32833424, 0.29863542, 0.2981531, 0.3126215, 0.3320238, 0.2861471, 0.2936519, 0.32069296, 0.35120916, 0.33574334, 0.30844313, 0.33745635, 0.30519703, 0.30448976, 0.3588485, 0.31581286, 0.30100563, 0.35541028, 0.35495493, 0.34509796, 0.3378214, 0.34451777, 0.36155444, 0.37221915, 0.32165214, 0.36653692, 0.33654213, 0.35404634, 0.36710188, 0.35529396, 0.38764048, 0.3761611, 0.36458477, 0.35695025, 0.40341568, 0.38278314, 0.37504974, 0.3775121, 0.37564334, 0.38410568, 0.40644717, 0.4026574, 0.40969923, 0.39796922, 0.40880063, 0.37758923, 0.4230631, 0.45270962, 0.42219436, 0.44031054, 0.37593013, 0.43164983, 0.45470932, 0.43109545, 0.4649971, 0.43524083, 0.441823, 0.43533927, 0.44571134, 0.40458226, 0.44759372, 0.45181954, 0.41641092, 0.41378832, 0.40103272, 0.42502752, 0.44498158, 0.46462163, 0.4819789, 0.45876318, 0.47300026, 0.43283394, 0.4064456, 0.4576821, 0.46657413, 0.4678888, 0.4412338, 0.4931129, 0.4475133, 0.48887217, 0.45829615, 0.48745072, 0.48878723, 0.5032531, 0.47832295, 0.49213532, 0.50341505, 0.50009644, 0.47489023, 0.50232285, 0.52546966], "std": [0.08487894, 0.07461725, 0.05329473, 0.043647252, 0.07006644, 0.07870011, 0.05360535, 0.05363786, 0.07813257, 0.06395109, 0.06292499, 0.066176005, 0.040294554, 0.052501854, 0.08168098, 0.08809516, 0.09167172, 0.051060706, 0.06209553, 0.072959274, 0.06362426, 0.08069224, 0.08023703, 0.06624789, 0.079055876, 0.06288981, 0.067815125, 0.053012576, 0.07077694, 0.077571675, 0.068807565, 0.06120099, 0.05653488, 0.060875587, 0.08084294, 0.07280161, 0.06357923, 0.0635985, 0.06546219, 0.075118564, 0.069566846, 0.07398824, 0.07533719, 0.055113796, 0.07187635, 0.079729155, 0.070998475, 0.08307535, 0.0763347, 0.07121674, 0.07621972, 0.07023206, 0.0949609, 0.087495364, 0.10076106, 0.08219852, 0.048409387, 0.09604766, 0.070333205, 0.10561573, 0.09150243, 0.059696786, 0.08601913, 0.053388424, 0.07929425, 0.07615752, 0.09121678, 0.101336405, 0.10665595, 0.08628094, 0.08191732, 0.10374733, 0.115020156, 0.1296662, 0.116554976, 0.088211976, 0.075753786, 0.07466734, 0.10424519, 0.08004063, 0.13891192, 0.1366125, 0.113583766, 0.09731374, 0.11230298, 0.13198054, 0.08554179, 0.12949616, 0.08210096, 0.12968215, 0.10833367, 0.10102084, 0.06963259, 0.112055704, 0.08750791, 0.08439726, 0.10128328, 0.115725696, 0.10440743, 0.07450797], "var": [0.98, 0.98, 0.98, 0.96, 0.94, 0.94, 0.92, 0.92, 0.88, 0.88, 0.9, 0.88, 0.88, 0.86, 0.84, 0.82, 0.78, 0.78, 0.82, 0.78, 0.78, 0.78, 0.78, 0.8, 0.8, 0.8, 0.78, 0.78, 0.74, 0.72, 0.68, 0.68, 0.68, 0.66, 0.66, 0.66, 0.64, 0.64, 0.62, 0.6, 0.6, 0.56, 0.56, 0.54, 0.56, 0.52, 0.5, 0.48, 0.48, 0.5, 0.5, 0.48, 0.5, 0.48, 0.48, 0.46, 0.48, 0.44, 0.46, 0.44, 0.4, 0.4, 0.42, 0.42, 0.4, 0.36, 0.34, 0.34, 0.34, 0.36, 0.34, 0.32, 0.34, 0.32, 0.32, 0.32, 0.3, 0.32, 0.34, 0.34, 0.34, 0.3, 0.32, 0.32, 0.32, 0.3, 0.32, 0.3, 0.28, 0.28, 0.28, 0.28, 0.28, 0.3, 0.28, 0.28, 0.28, 0.28, 0.28, 0.28], "best": [0.4333333, 0.46222222, 0.36396822, 0.3578231, 0.45502642, 0.45609757, 0.40081772, 0.40355125, 0.45456788, 0.4561403, 0.36107287, 0.36730158, 0.38775513, 0.4542857, 0.3883902, 0.4082885, 0.4551232, 0.45649508, 0.4607433, 0.41615593, 0.45749998, 0.4172708, 0.45807365, 0.46378377, 0.466236, 0.38788947, 0.4656398, 0.4320197, 0.46866664, 0.4285108, 0.43008974, 0.4599198, 0.43987632, 0.4375067, 0.47512165, 0.4761989, 0.44526687, 0.44061628, 0.44825342, 0.47961473, 0.45688906, 0.45884666, 0.45512846, 0.4512634, 0.46045518, 0.4608635, 0.4671344, 0.48820648, 0.48959962, 0.49080458, 0.4738748, 0.49352077, 0.49471787, 0.49591675, 0.49722221, 0.49787393, 0.49947798, 0.5021129, 0.5036123, 0.5053911, 0.5058091, 0.5072523, 0.5091792, 0.510198, 0.51193494, 0.5128846, 0.49868527, 0.514749, 0.51605165, 0.51666665, 0.5177419, 0.519035, 0.5196522, 0.5204117, 0.52901495, 0.52203673, 0.5237703, 0.52495253, 0.53365463, 0.5272415, 0.53659105, 0.5302188, 0.5382876, 0.5393278, 0.5330362, 0.5340691, 0.5423161, 0.53568345, 0.5373191, 0.5386113, 0.54686123, 0.5480284, 0.54929703, 0.5503034, 0.5442739, 0.55253786, 0.5538244, 0.55511826, 0.55581146, 0.5570192], "duration": [42959, 39952, 53436, 43565, 50379, 47767, 45650, 38779, 44944, 39944, 37323, 39157, 39059, 39411, 39180, 45803, 38746, 46165, 39893, 46008, 39876, 45459, 37804, 44972, 38403, 39149, 39196, 38765, 58713, 38734, 45764, 39746, 52006, 38154, 39644, 39054, 38126, 39390, 38955, 39330, 45533, 39198, 45168, 38952, 39263, 39284, 45481, 39272, 39068, 45691, 39416, 39112, 39794, 39366, 39019, 46400, 53373, 46169, 39905, 46162, 39629, 39829, 46196, 39644, 39270, 45822, 39318, 39818, 46676, 39932, 39305, 39290, 40509, 39897, 39550, 39613, 40083, 40428, 46913, 39863, 39857, 39510, 46359, 39918, 40223, 39545, 40024, 39670, 40236, 46801, 40000, 40127, 40096, 39968, 46877, 40125, 40182, 39946, 40309, 40492]}