{"avg": [0.27074072, 0.30318516, 0.30953217, 0.30955622, 0.30356446, 0.30854455, 0.32542974, 0.33425277, 0.31878188, 0.32557145, 0.32682928, 0.3285477, 0.35080186, 0.33510244, 0.32130688, 0.33599722, 0.3404229, 0.3639453, 0.33946517, 0.36743477, 0.3440958, 0.35221347, 0.35065165, 0.35464233, 0.30955425, 0.33832723, 0.34862486, 0.3407292, 0.32665363, 0.35573828, 0.3949938, 0.36473846, 0.3748889, 0.39098626, 0.35606453, 0.37674674, 0.37399456, 0.37840363, 0.41016626, 0.3870802, 0.39809895, 0.39233178, 0.36882195, 0.3836096, 0.38806382, 0.3652249, 0.40989247, 0.41263354, 0.39514884, 0.37152767], "std": [0.0921947, 0.078303896, 0.05121819, 0.045742135, 0.07585933, 0.07466291, 0.055273276, 0.050195772, 0.08238059, 0.08350123, 0.08076922, 0.082980394, 0.05381986, 0.078927055, 0.09445862, 0.0521023, 0.06619204, 0.066047005, 0.078582935, 0.063208245, 0.050881322, 0.06503665, 0.065796606, 0.06792339, 0.052466728, 0.06665242, 0.07312307, 0.060707707, 0.07105053, 0.06467359, 0.0661052, 0.07374057, 0.06764852, 0.046650242, 0.06884806, 0.070071265, 0.06337354, 0.06916895, 0.07147903, 0.08050157, 0.07281006, 0.05869194, 0.070450336, 0.083234824, 0.075483285, 0.07442468, 0.07437467, 0.080403656, 0.085759364, 0.08224319], "var": [0.98, 0.98, 0.98, 0.96, 0.94, 0.94, 0.92, 0.92, 0.92, 0.9, 0.9, 0.88, 0.88, 0.84, 0.82, 0.78, 0.76, 0.76, 0.78, 0.76, 0.74, 0.74, 0.7, 0.72, 0.74, 0.74, 0.74, 0.74, 0.76, 0.78, 0.82, 0.82, 0.84, 0.82, 0.8, 0.78, 0.78, 0.74, 0.72, 0.7, 0.7, 0.68, 0.68, 0.66, 0.62, 0.62, 0.6, 0.6, 0.56, 0.52], "best": [0.45555553, 0.4844444, 0.38222227, 0.3760771, 0.47724864, 0.47831976, 0.41986534, 0.42259887, 0.43790123, 0.47888887, 0.47913277, 0.48041427, 0.48098508, 0.48135683, 0.48192587, 0.42761508, 0.48298335, 0.48343655, 0.4839243, 0.48441458, 0.43929717, 0.4848114, 0.4851743, 0.48552752, 0.44450402, 0.48623928, 0.48707366, 0.44555557, 0.4875127, 0.48822805, 0.48874673, 0.44766322, 0.48988888, 0.49018085, 0.49045822, 0.49072373, 0.4910952, 0.4918929, 0.49316093, 0.49488446, 0.49632597, 0.47300467, 0.49801219, 0.4981234, 0.49935678, 0.5005955, 0.50078374, 0.502168, 0.5039882, 0.50493026], "duration": [43073, 40056, 52846, 42945, 49961, 47833, 45803, 38815, 38537, 39584, 38986, 39270, 39558, 39021, 46209, 38903, 38262, 39388, 39170, 39317, 39037, 39401, 38743, 39309, 45810, 39352, 39352, 39158, 53234, 39837, 46244, 39883, 39964, 39746, 39752, 40348, 46390, 40262, 39941, 39919, 40222, 40381, 60129, 40002, 40106, 38704, 40012, 46732, 46431, 39689]}