{"avg": [0.74, 0.73333335, 0.73333335, 0.73333335, 0.73333335, 0.7266667, 0.72, 0.72, 0.72, 0.72, 0.72, 0.7266667, 0.72, 0.7266667, 0.72, 0.70666665, 0.7, 0.70666665, 0.7, 0.6933333, 0.6933333, 0.6933333, 0.68666667, 0.68, 0.67333335], "std": [0.43863437, 0.44221663, 0.44221663, 0.44221663, 0.44221663, 0.4456703, 0.44899872, 0.44899872, 0.44899872, 0.44899872, 0.44899872, 0.4456703, 0.44899872, 0.4456703, 0.44899875, 0.4552899, 0.45825762, 0.4552899, 0.45825762, 0.4611096, 0.4611096, 0.4611096, 0.4638485, 0.46647614, 0.4689941], "var": [0.99333334, 0.9866667, 0.98, 0.97333336, 0.96666664, 0.96, 0.9533333, 0.9533333, 0.94, 0.93333334, 0.9266667, 0.91333336, 0.9, 0.8933333, 0.88666666, 0.88, 0.88666666, 0.87333333, 0.87333333, 0.8666667, 0.86, 0.8466667, 0.8466667, 0.8466667, 0.8466667], "best": [1.0, 1.0, 1.0, 1.0, 1.0, 1.0, 1.0, 1.0, 1.0, 1.0, 1.0, 1.0, 1.0, 1.0, 1.0, 1.0, 1.0, 1.0, 1.0, 1.0, 1.0, 1.0, 1.0, 1.0, 1.0], "duration": [8159, 8116, 8209, 8215, 8227, 8279, 8220, 8238, 8237, 8225, 8280, 8294, 8373, 8141, 8254, 8241, 8251, 8216, 8198, 8357, 8207, 8226, 8228, 8298, 8222]}