{"avg": [0.63666666, 0.64, 0.64, 0.6333333, 0.64666665, 0.6433333, 0.64666665, 0.6483333, 0.6483333, 0.64166665, 0.6433333, 0.6383333, 0.63666666, 0.64, 0.65166664, 0.64666665, 0.65, 0.6433333, 0.635, 0.64, 0.64, 0.635, 0.635, 0.64666665, 0.6433333], "std": [0.20327874, 0.19680786, 0.19467923, 0.19930443, 0.20038852, 0.19223836, 0.19829834, 0.2002012, 0.19810903, 0.20086612, 0.20483063, 0.20317611, 0.20327874, 0.19891375, 0.20391305, 0.2085399, 0.21213214, 0.20885941, 0.21914616, 0.21501943, 0.2130728, 0.21530995, 0.21723655, 0.21638446, 0.21476093], "var": [1.0, 0.99333334, 0.9866667, 0.98, 0.96666664, 0.9533333, 0.9533333, 0.94666666, 0.9533333, 0.9533333, 0.94, 0.9266667, 0.91333336, 0.9066667, 0.9, 0.8933333, 0.88666666, 0.87333333, 0.8666667, 0.86, 0.8666667, 0.86, 0.86, 0.8466667, 0.8466667], "best": [1.0, 1.0, 1.0, 1.0, 1.0, 1.0, 1.0, 1.0, 1.0, 1.0, 1.0, 1.0, 1.0, 1.0, 1.0, 1.0, 1.0, 1.0, 1.0, 1.0, 1.0, 1.0, 1.0, 1.0, 1.0], "duration": [227558, 228470, 228558, 227446, 230239, 231203, 230575, 230014, 232624, 231721, 232140, 231005, 229820, 231668, 231744, 231085, 229067, 232095, 227265, 227692, 229144, 229403, 229256, 231815, 231008]}