{"avg": [0.24805553, 0.27957404, 0.28621346, 0.28534988, 0.282658, 0.28313604, 0.30109692, 0.30316666, 0.3023638, 0.29171994, 0.29360077, 0.28627622, 0.2855944, 0.30780488, 0.29205534, 0.26937324, 0.28473416, 0.2933249, 0.31775954, 0.3290329, 0.28635818, 0.31617305, 0.33497402, 0.301493, 0.2871683, 0.31615868, 0.3209483, 0.28827748, 0.32871953, 0.33119416, 0.30987546, 0.31123954, 0.3195495, 0.2844876, 0.3291833, 0.34351912, 0.32306376, 0.320044, 0.33724833, 0.34592897, 0.3334409, 0.3483597, 0.35568303, 0.3521731, 0.35975796, 0.36892673, 0.34150463, 0.36353382, 0.3611056, 0.3834142], "std": [0.08358111, 0.07094504, 0.047984827, 0.04168662, 0.068068095, 0.070369855, 0.053810626, 0.06515319, 0.04646192, 0.048700795, 0.041891165, 0.05219716, 0.06257364, 0.061954357, 0.05301206, 0.06487004, 0.06343046, 0.07238448, 0.05258778, 0.03034158, 0.070321426, 0.07945316, 0.046266086, 0.070371784, 0.07959107, 0.06554109, 0.05354715, 0.068717994, 0.043579355, 0.05294089, 0.07136527, 0.061081216, 0.07514338, 0.055914067, 0.049171995, 0.048818853, 0.059287824, 0.07127066, 0.085722305, 0.051970262, 0.073710255, 0.036644924, 0.04384793, 0.05044946, 0.05767758, 0.038491946, 0.05482457, 0.046342503, 0.053910032, 0.042586807], "var": [0.98, 0.98, 0.98, 0.96, 0.94, 0.94, 0.92, 0.92, 0.9, 0.9, 0.86, 0.84, 0.84, 0.84, 0.82, 0.8, 0.8, 0.78, 0.78, 0.78, 0.8, 0.8, 0.8, 0.76, 0.74, 0.72, 0.72, 0.74, 0.74, 0.74, 0.74, 0.72, 0.74, 0.72, 0.7, 0.7, 0.72, 0.7, 0.7, 0.68, 0.66, 0.64, 0.64, 0.62, 0.58, 0.6, 0.6, 0.58, 0.58, 0.54], "best": [0.41666666, 0.44555557, 0.35027775, 0.34413263, 0.43835977, 0.43943092, 0.38653198, 0.43985507, 0.39128205, 0.3768265, 0.3782091, 0.35208333, 0.3527998, 0.43813005, 0.37884617, 0.35466525, 0.34736052, 0.38724747, 0.39247313, 0.39436936, 0.3948718, 0.43617883, 0.43664718, 0.3977591, 0.39846432, 0.38067102, 0.43636742, 0.40103915, 0.40123174, 0.4361607, 0.40373564, 0.4048017, 0.43670675, 0.3841586, 0.4049686, 0.43689823, 0.4070456, 0.40805987, 0.43694678, 0.4372131, 0.41100478, 0.41316745, 0.43763933, 0.4382615, 0.45426977, 0.41848698, 0.42046297, 0.4383742, 0.45853332, 0.45970407], "duration": [43101, 39899, 52996, 43013, 49900, 47808, 39246, 38719, 45658, 39651, 38994, 38171, 38173, 39082, 39638, 38435, 38995, 46088, 39157, 46210, 39042, 45943, 39431, 39239, 38657, 39533, 38881, 44982, 39786, 39709, 39384, 52423, 39995, 38764, 46070, 39899, 39585, 39373, 39920, 39823, 39327, 39423, 39838, 39313, 39979, 39748, 39975, 46312, 39811, 40072]}