{"avg": [0.35555556, 0.39511904, 0.39543688, 0.3675463, 0.3955805, 0.39511907, 0.37022617, 0.34822035, 0.39480847, 0.39430085, 0.37154618, 0.39428836, 0.37638655, 0.39408818, 0.36875135, 0.37263793, 0.39382473, 0.37228674, 0.39408374, 0.39399874, 0.37194645, 0.3946549, 0.3930053, 0.39259124, 0.34344018, 0.34416565, 0.370113, 0.32795134, 0.39305124, 0.39349645, 0.34457657, 0.36760834, 0.39323443, 0.36826047, 0.34663945, 0.36841047, 0.39268354, 0.39272794, 0.39341667, 0.39343587, 0.3928535, 0.39318305, 0.39341637, 0.39311495, 0.3539225, 0.33437353, 0.393332, 0.3694335, 0.39271557, 0.39267793], "std": [0.09502622, 0.009191886, 0.007218954, 0.09833091, 0.0055520376, 0.005067255, 0.095678106, 0.12718756, 0.0027673326, 0.002815039, 0.09597739, 0.003654718, 0.08419418, 0.0027931517, 0.095262416, 0.09039517, 0.0028283652, 0.090343125, 0.0028243687, 0.0024301787, 0.09024903, 0.0021445004, 0.0024480638, 0.002574729, 0.12982073, 0.13010022, 0.09253601, 0.14666963, 0.0018243724, 0.0016966441, 0.13024832, 0.098261796, 0.0016993543, 0.09510471, 0.1265856, 0.09514871, 0.0015493627, 0.0018841868, 0.0013774332, 0.0014408696, 0.0012890229, 0.0015513567, 0.0014237778, 0.001526087, 0.11798346, 0.14047396, 0.0015595717, 0.09237281, 0.0016311234, 0.0018121359], "var": [1.0, 1.0, 1.0, 1.0, 1.0, 1.0, 1.0, 1.0, 1.0, 1.0, 1.0, 1.0, 1.0, 1.0, 1.0, 1.0, 1.0, 1.0, 1.0, 1.0, 1.0, 1.0, 1.0, 1.0, 1.0, 1.0, 1.0, 1.0, 1.0, 1.0, 1.0, 1.0, 1.0, 1.0, 1.0, 1.0, 1.0, 1.0, 1.0, 1.0, 1.0, 1.0, 1.0, 1.0, 1.0, 1.0, 1.0, 1.0, 1.0, 1.0], "best": [0.3809524, 0.42539683, 0.40783414, 0.40178573, 0.4063492, 0.4047024, 0.40561906, 0.40077996, 0.40125313, 0.39863947, 0.40255734, 0.40379882, 0.4014385, 0.39926228, 0.39667293, 0.3979592, 0.3984429, 0.39899302, 0.3976752, 0.39831576, 0.39888552, 0.3992041, 0.39720356, 0.39779636, 0.3961661, 0.39761904, 0.39643422, 0.39575878, 0.3968532, 0.39532873, 0.39724413, 0.39646396, 0.3964652, 0.39684024, 0.39710486, 0.39703223, 0.39579257, 0.39736947, 0.39564717, 0.39664176, 0.3952749, 0.39577842, 0.3957946, 0.39609513, 0.39567778, 0.39642203, 0.3964094, 0.3968296, 0.39545262, 0.39698777], "duration": [3686, 3634, 3746, 4703, 5974, 4552, 4833, 3713, 3622, 3637, 3670, 3675, 4925, 3709, 3717, 4513, 3678, 3715, 4410, 3698, 3699, 3710, 3833, 3728, 4338, 4232, 5859, 3794, 3676, 3701, 4124, 3650, 3710, 4331, 3647, 3711, 3768, 3818, 3780, 3725, 3756, 3738, 3699, 3690, 4299, 4324, 4438, 5513, 3720, 4220]}