{"avg": [0.2637607, 0.29592025, 0.2997256, 0.3021081, 0.30199006, 0.302989, 0.31746757, 0.3279431, 0.31964582, 0.3352215, 0.3148098, 0.30389068, 0.3273172, 0.34173998, 0.30936518, 0.30396965, 0.31291455, 0.32390895, 0.31198052, 0.3125844, 0.33268356, 0.3254857, 0.32635766, 0.3240459, 0.34460104, 0.3456142, 0.33868963, 0.30971256, 0.35213742, 0.34442693, 0.3420397, 0.33414227, 0.35655466, 0.36221045, 0.35527888, 0.3745111, 0.37553906, 0.32876784, 0.34188014, 0.33174312, 0.35105774, 0.36485118, 0.35132027, 0.3760159, 0.36325696, 0.35700783, 0.33063605, 0.37329176, 0.35623348, 0.35506815], "std": [0.08954003, 0.07603299, 0.04821848, 0.044485692, 0.07227679, 0.076609924, 0.053938236, 0.05018132, 0.07895295, 0.06658981, 0.064347446, 0.050275423, 0.06661899, 0.0563688, 0.07095801, 0.07132564, 0.073399305, 0.059462354, 0.061537504, 0.07301727, 0.052984618, 0.07158516, 0.06638872, 0.0444912, 0.058928967, 0.046143897, 0.058978982, 0.07691696, 0.051764052, 0.05170542, 0.05820702, 0.057224263, 0.065982506, 0.04666285, 0.0674868, 0.04249116, 0.05434875, 0.073300816, 0.081862785, 0.09719673, 0.066129416, 0.0569543, 0.098103374, 0.08123147, 0.07220659, 0.093714565, 0.08479519, 0.06301897, 0.069283284, 0.10275527], "var": [0.98, 0.98, 0.98, 0.96, 0.94, 0.94, 0.92, 0.92, 0.88, 0.88, 0.88, 0.86, 0.84, 0.82, 0.82, 0.8, 0.8, 0.8, 0.8, 0.78, 0.78, 0.74, 0.74, 0.74, 0.74, 0.72, 0.7, 0.68, 0.68, 0.68, 0.7, 0.68, 0.66, 0.64, 0.62, 0.62, 0.62, 0.64, 0.66, 0.64, 0.62, 0.64, 0.64, 0.66, 0.64, 0.64, 0.62, 0.64, 0.64, 0.68], "best": [0.44358978, 0.47247866, 0.37239313, 0.366248, 0.4652829, 0.466354, 0.40960893, 0.41234246, 0.46482432, 0.46639678, 0.37196478, 0.37239316, 0.46535847, 0.46607402, 0.39834687, 0.41488025, 0.46538463, 0.4667413, 0.37249824, 0.41455233, 0.46703878, 0.41655084, 0.42021978, 0.42180538, 0.42194554, 0.4671731, 0.42500004, 0.4351982, 0.4671413, 0.43641925, 0.43824926, 0.4303026, 0.4311478, 0.44183955, 0.46657613, 0.4356749, 0.46665314, 0.43914533, 0.4470029, 0.4664761, 0.44068703, 0.4665607, 0.4667282, 0.46696702, 0.44593135, 0.46784487, 0.4474605, 0.4670981, 0.46813962, 0.4675777], "duration": [43109, 39959, 52847, 42977, 49895, 43465, 45711, 38733, 44874, 39899, 37262, 38358, 46096, 39752, 44853, 38582, 38709, 39864, 39040, 38707, 46110, 45871, 39174, 38243, 39600, 39277, 38998, 38592, 39654, 39460, 45394, 46123, 38949, 39800, 39004, 38663, 39124, 38465, 45197, 39743, 39723, 39134, 45273, 52731, 39523, 39348, 38019, 39151, 39768, 39589]}