{"avg": [0.25777778, 0.2896931, 0.29507932, 0.2902818, 0.2913673, 0.29850724, 0.31264776, 0.320574, 0.30834097, 0.32504535, 0.31609043, 0.29685232, 0.32743004, 0.32884076, 0.31754497, 0.3078058, 0.33121458, 0.30997226, 0.31906056, 0.3332601, 0.34661442, 0.34831685, 0.3193877, 0.33018172, 0.32551298, 0.3385769, 0.32960224, 0.34557593, 0.35378575, 0.33549097, 0.33009502, 0.36680782, 0.34956536, 0.3639707, 0.34862873, 0.37152937, 0.35771105, 0.3576943, 0.37840158, 0.37871975, 0.35944915, 0.38267353, 0.37815392, 0.39476025, 0.4046108, 0.4197743, 0.4087912, 0.40307328, 0.40777296, 0.435677], "std": [0.08726752, 0.07409099, 0.05000072, 0.041381273, 0.07330871, 0.0729508, 0.052022856, 0.0491792, 0.08057846, 0.06462788, 0.07530961, 0.061366335, 0.039407905, 0.06397372, 0.066981204, 0.068617076, 0.048431635, 0.060531273, 0.042991422, 0.05691913, 0.06774125, 0.058958016, 0.057441615, 0.07856903, 0.054823317, 0.057219703, 0.0723658, 0.06151095, 0.059055593, 0.0719804, 0.086518824, 0.06954371, 0.07305286, 0.07479146, 0.05979316, 0.06298559, 0.0745832, 0.078231685, 0.058977045, 0.072120346, 0.07604626, 0.059353124, 0.07186869, 0.070864774, 0.060981117, 0.07332916, 0.06301576, 0.06773396, 0.075390786, 0.06522259], "var": [0.98, 0.98, 0.98, 0.96, 0.94, 0.94, 0.92, 0.92, 0.92, 0.9, 0.9, 0.88, 0.88, 0.86, 0.84, 0.84, 0.82, 0.82, 0.82, 0.8, 0.8, 0.78, 0.78, 0.76, 0.74, 0.7, 0.72, 0.7, 0.7, 0.7, 0.68, 0.68, 0.66, 0.68, 0.66, 0.66, 0.64, 0.62, 0.6, 0.56, 0.52, 0.5, 0.48, 0.46, 0.46, 0.44, 0.44, 0.42, 0.4, 0.4], "best": [0.4333333, 0.46222222, 0.36396822, 0.3578231, 0.45502642, 0.45609757, 0.40081772, 0.40355125, 0.45456788, 0.45599997, 0.45650408, 0.36771587, 0.38826704, 0.4557692, 0.45688888, 0.45770308, 0.458498, 0.4596754, 0.3674123, 0.4083573, 0.4603226, 0.4617436, 0.4629521, 0.46312848, 0.4132162, 0.46284986, 0.4629177, 0.4634281, 0.46430743, 0.46474925, 0.4658101, 0.46687242, 0.46858847, 0.46967947, 0.47071648, 0.4708409, 0.47226146, 0.47355136, 0.47423482, 0.4747014, 0.476455, 0.47702214, 0.47797978, 0.4791111, 0.48086953, 0.5365617, 0.4859432, 0.48800537, 0.48928413, 0.5438218], "duration": [43098, 40126, 52903, 42970, 49962, 47770, 45731, 38680, 38977, 39417, 38840, 38783, 39551, 38908, 39311, 38445, 38854, 45033, 38721, 47858, 46622, 39686, 39457, 39615, 45714, 39940, 38821, 46385, 39613, 38631, 52557, 39802, 39609, 39829, 39579, 39684, 38923, 45935, 39551, 40171, 39605, 39229, 40027, 39841, 46640, 53717, 46543, 40103, 40052, 39998]}