{"avg": [0.21798943, 0.22645502, 0.24867727, 0.27270597, 0.2558592, 0.2525245, 0.25787562, 0.24288768, 0.26616138, 0.2615126, 0.26908872, 0.26245683, 0.2913724, 0.291192, 0.26124334, 0.2671651, 0.26837403, 0.30570608, 0.27242815, 0.3252189, 0.30958253, 0.25122705, 0.31540942, 0.25513855, 0.27502552, 0.3300128, 0.25280762, 0.30598044, 0.30246237, 0.30587062, 0.30059725, 0.35849324, 0.31810197, 0.29862455, 0.3490553, 0.33114642, 0.30791384, 0.37484497, 0.35168475, 0.3796226, 0.3978828, 0.37388435, 0.3646464, 0.36786157, 0.37743077, 0.3280329, 0.34545833, 0.387423, 0.39038235, 0.37426785], "std": [0.12598372, 0.11620191, 0.120080024, 0.095593415, 0.07794567, 0.11927161, 0.102033146, 0.113360055, 0.09388128, 0.11737391, 0.1001208, 0.100030415, 0.08794372, 0.08777673, 0.1403208, 0.12415475, 0.10096223, 0.08983872, 0.07294524, 0.11370546, 0.09124459, 0.1396326, 0.08263396, 0.14352758, 0.077968195, 0.075958066, 0.09729007, 0.12117755, 0.112703376, 0.11838969, 0.09437404, 0.09155694, 0.11639574, 0.09228001, 0.13265498, 0.06220545, 0.11471283, 0.08030182, 0.09692666, 0.093301676, 0.074204355, 0.10171068, 0.094652474, 0.06909741, 0.118068874, 0.064450115, 0.13058662, 0.11955673, 0.10275464, 0.10164271], "var": [0.98, 0.98, 0.98, 0.94, 0.94, 0.92, 0.9, 0.9, 0.88, 0.88, 0.88, 0.88, 0.88, 0.86, 0.86, 0.84, 0.84, 0.8, 0.82, 0.78, 0.76, 0.78, 0.8, 0.8, 0.76, 0.76, 0.74, 0.74, 0.74, 0.74, 0.72, 0.76, 0.74, 0.7, 0.68, 0.68, 0.66, 0.66, 0.68, 0.66, 0.7, 0.66, 0.66, 0.66, 0.66, 0.66, 0.66, 0.66, 0.68, 0.68], "best": [0.47619048, 0.5050794, 0.50095236, 0.3389418, 0.36672047, 0.4958252, 0.36776698, 0.49574175, 0.50400794, 0.5071252, 0.35307017, 0.5084308, 0.4931365, 0.49431014, 0.5084932, 0.509623, 0.37015876, 0.5103841, 0.35078788, 0.5111274, 0.49388865, 0.51366264, 0.51415306, 0.5146623, 0.37363872, 0.5143725, 0.3691896, 0.5156545, 0.51433724, 0.514784, 0.5151736, 0.5173605, 0.516115, 0.49367574, 0.5260663, 0.37303352, 0.516568, 0.5286824, 0.5197182, 0.53238463, 0.52226335, 0.5307046, 0.52282083, 0.5217769, 0.5332406, 0.37188825, 0.536174, 0.5370632, 0.5386782, 0.5410517], "duration": [7446, 2349, 2512, 12196, 12187, 2482, 12250, 2306, 7816, 12182, 7314, 2390, 7486, 2483, 7339, 8032, 7742, 2344, 17114, 2559, 7359, 2460, 7743, 2393, 7333, 7379, 7280, 3000, 12188, 7780, 17079, 7397, 12232, 17068, 17165, 17084, 21935, 21924, 17107, 12270, 21947, 21965, 17104, 28013, 21996, 26809, 26813, 37336, 21966, 21926]}