{"avg": [0.278125, 0.3362981, 0.29903018, 0.31539682, 0.31141838, 0.3175339, 0.3075, 0.32654658, 0.30280113, 0.30804193, 0.30968103, 0.30647078, 0.3072644, 0.3034131, 0.3284623, 0.29793435, 0.32552913, 0.3325054, 0.3201814, 0.32653874, 0.3401715, 0.34472656, 0.3262121, 0.34735692, 0.3430919, 0.3712574, 0.33313048, 0.3782868, 0.3624639, 0.36141616, 0.3899541, 0.3473845, 0.36171243, 0.36886352, 0.41472846, 0.35858858, 0.37, 0.38508308, 0.37882346, 0.38994506, 0.3806703, 0.40826225, 0.37657246, 0.3741824, 0.3585114, 0.40026364, 0.37521693, 0.38564336, 0.3881699, 0.3874358], "std": [0.084721506, 0.051663116, 0.07424303, 0.070123166, 0.06997091, 0.07129144, 0.0637759, 0.075416125, 0.07789815, 0.057690453, 0.08649499, 0.06889338, 0.05467885, 0.054322958, 0.05565726, 0.09396196, 0.050834842, 0.058020126, 0.08127119, 0.08193029, 0.07141647, 0.062134698, 0.0656612, 0.061051935, 0.07157269, 0.043183796, 0.082863376, 0.05094878, 0.058719166, 0.0933438, 0.06660603, 0.081549436, 0.0752126, 0.056316227, 0.06230794, 0.08800409, 0.07818722, 0.08090812, 0.0737128, 0.093995534, 0.08641922, 0.08100309, 0.08377082, 0.09964154, 0.0803299, 0.09826693, 0.08271166, 0.055940583, 0.08829633, 0.11278341], "var": [1.0, 0.98, 0.98, 0.96, 0.94, 0.94, 0.92, 0.92, 0.92, 0.9, 0.9, 0.9, 0.92, 0.92, 0.92, 0.92, 0.9, 0.9, 0.9, 0.86, 0.84, 0.82, 0.8, 0.78, 0.76, 0.78, 0.78, 0.8, 0.82, 0.8, 0.8, 0.8, 0.8, 0.8, 0.8, 0.8, 0.78, 0.76, 0.78, 0.78, 0.78, 0.76, 0.78, 0.78, 0.78, 0.78, 0.76, 0.74, 0.74, 0.72], "best": [0.45, 0.490625, 0.38965517, 0.42444444, 0.48813558, 0.4871795, 0.38421053, 0.48468468, 0.38492063, 0.38391608, 0.42893082, 0.42890173, 0.3842932, 0.43054187, 0.4799539, 0.48156777, 0.39126983, 0.42902622, 0.3952797, 0.48195362, 0.48322883, 0.48377976, 0.39730114, 0.48555857, 0.48717275, 0.48749998, 0.48896882, 0.48965114, 0.4911236, 0.49259257, 0.4956751, 0.49979633, 0.50215685, 0.5013333, 0.5035185, 0.50666666, 0.507807, 0.5097104, 0.5116915, 0.5132045, 0.5157523, 0.51801527, 0.52098215, 0.5186317, 0.52257836, 0.52332866, 0.52561474, 0.46134847, 0.5273856, 0.52811295], "duration": [53934, 39931, 39223, 38561, 45854, 39646, 39259, 39360, 51861, 45276, 38450, 39106, 39045, 38116, 51563, 39147, 38248, 45140, 39184, 39460, 46163, 40015, 38221, 39608, 39085, 39789, 38739, 39513, 39702, 39796, 39784, 45416, 40017, 39936, 40275, 39916, 39055, 40242, 46455, 39975, 39775, 52984, 36047, 39679, 38884, 39977, 52518, 39708, 40018, 39998]}