{"avg": [0.82, 0.82, 0.82, 0.82, 0.82666665, 0.82666665, 0.82666665, 0.82, 0.81333333, 0.81333333, 0.81333333, 0.8, 0.8, 0.8, 0.8, 0.79333335, 0.7866667, 0.7866667, 0.7866667, 0.7866667, 0.7866667, 0.7866667, 0.7866667, 0.7866667, 0.7866667], "std": [0.3841875, 0.3841875, 0.3841875, 0.3841875, 0.37853536, 0.37853536, 0.37853536, 0.3841875, 0.389644, 0.389644, 0.389644, 0.40000027, 0.40000027, 0.40000024, 0.40000024, 0.4049143, 0.40966123, 0.40966123, 0.40966123, 0.40966123, 0.40966123, 0.40966123, 0.40966123, 0.40966123, 0.40966123], "var": [1.0, 1.0, 1.0, 0.9866667, 0.98, 0.98, 0.97333336, 0.96666664, 0.9533333, 0.94, 0.93333334, 0.93333334, 0.9266667, 0.92, 0.9066667, 0.9, 0.8933333, 0.8933333, 0.88666666, 0.88, 0.88, 0.88, 0.87333333, 0.8666667, 0.8666667], "best": [1.0, 1.0, 1.0, 1.0, 1.0, 1.0, 1.0, 1.0, 1.0, 1.0, 1.0, 1.0, 1.0, 1.0, 1.0, 1.0, 1.0, 1.0, 1.0, 1.0, 1.0, 1.0, 1.0, 1.0, 1.0], "duration": [214917, 216093, 216813, 215813, 219415, 219115, 219637, 215158, 214468, 214278, 214231, 209593, 210426, 210665, 210441, 209845, 209104, 208914, 209474, 209535, 209372, 209166, 208741, 208953, 208726]}