{"avg": [0.34666666, 0.36, 0.34, 0.36, 0.34666666, 0.36666667, 0.34, 0.35333332, 0.34, 0.34, 0.32, 0.28666666, 0.34666666, 0.3, 0.30666667, 0.32666665, 0.32666665, 0.31333333, 0.32, 0.3, 0.36666667, 0.33333334, 0.33333334, 0.34, 0.33333334], "std": [0.4759086, 0.48000005, 0.47370902, 0.48000005, 0.47590864, 0.4818947, 0.47370902, 0.47800496, 0.47370902, 0.473709, 0.4664762, 0.45220464, 0.47590867, 0.4582576, 0.4611095, 0.4689941, 0.4689941, 0.46384835, 0.46647617, 0.4582576, 0.4818947, 0.4714043, 0.4714043, 0.47370905, 0.4714043], "var": [0.99333334, 0.98, 0.97333336, 0.97333336, 0.96666664, 0.96, 0.9533333, 0.94, 0.94, 0.94, 0.94, 0.93333334, 0.92, 0.9066667, 0.9, 0.9066667, 0.9, 0.9, 0.8933333, 0.88666666, 0.88, 0.87333333, 0.88, 0.87333333, 0.8666667], "best": [1.0, 1.0, 1.0, 1.0, 1.0, 1.0, 1.0, 1.0, 1.0, 1.0, 1.0, 1.0, 1.0, 1.0, 1.0, 1.0, 1.0, 1.0, 1.0, 1.0, 1.0, 1.0, 1.0, 1.0, 1.0], "duration": [8435, 8237, 8371, 8299, 8284, 8389, 8320, 8367, 8590, 8448, 8397, 8389, 8416, 8426, 8414, 8428, 8328, 8405, 8386, 8253, 8377, 8349, 8347, 8348, 8354]}