{"avg": [0.26552382, 0.2990603, 0.3043208, 0.29895046, 0.3006182, 0.30056164, 0.30747175, 0.323199, 0.31302154, 0.31337142, 0.32605344, 0.31633675, 0.30152863, 0.30715057, 0.29458907, 0.33819032, 0.31636623, 0.3215824, 0.3422532, 0.32395273, 0.32178497, 0.32909533, 0.32643327, 0.3032631, 0.34889585, 0.35072222, 0.32532382, 0.35361308, 0.33406985, 0.35013852, 0.32165924, 0.3447951, 0.3340541, 0.35316485, 0.35814878, 0.34496164, 0.3529289, 0.34763476, 0.33716574, 0.3652828, 0.35547507, 0.3751137, 0.34871364, 0.35867223, 0.35116825, 0.37690645, 0.39383844, 0.37646562, 0.3513557, 0.36446398], "std": [0.08520781, 0.07391636, 0.05114658, 0.04210636, 0.07153557, 0.073908515, 0.048314527, 0.06545032, 0.055855226, 0.05010533, 0.041198, 0.07380397, 0.07154939, 0.048599407, 0.094644286, 0.03526768, 0.055183705, 0.054093692, 0.04776574, 0.08751497, 0.051481754, 0.06827389, 0.06427616, 0.068991594, 0.043251645, 0.052147713, 0.07618944, 0.054340493, 0.06192249, 0.049506612, 0.0709956, 0.057659715, 0.023231715, 0.06591501, 0.04636865, 0.056494396, 0.054424245, 0.06824424, 0.06623488, 0.07915962, 0.057696905, 0.060890958, 0.073798925, 0.05441924, 0.07021201, 0.051767487, 0.050764408, 0.06670208, 0.097694434, 0.08210437], "var": [0.98, 0.98, 0.98, 0.96, 0.94, 0.94, 0.92, 0.92, 0.92, 0.9, 0.88, 0.84, 0.84, 0.84, 0.84, 0.84, 0.86, 0.86, 0.88, 0.86, 0.86, 0.84, 0.84, 0.84, 0.8, 0.78, 0.76, 0.74, 0.74, 0.72, 0.72, 0.7, 0.7, 0.7, 0.68, 0.68, 0.66, 0.66, 0.66, 0.66, 0.62, 0.64, 0.62, 0.6, 0.6, 0.6, 0.6, 0.62, 0.6, 0.6], "best": [0.44, 0.47466668, 0.37104762, 0.36367348, 0.46603173, 0.4673171, 0.39901876, 0.46745762, 0.41760844, 0.41737142, 0.40456447, 0.41695133, 0.3747498, 0.41951483, 0.42025286, 0.42093658, 0.46403104, 0.45545787, 0.46597224, 0.4568233, 0.41752023, 0.46726727, 0.42284077, 0.37178764, 0.42448768, 0.4670352, 0.45709443, 0.4573493, 0.46817154, 0.42839676, 0.42941707, 0.43020743, 0.38175386, 0.45696703, 0.46813434, 0.4687273, 0.45811874, 0.45839256, 0.458674, 0.46970874, 0.45948544, 0.437385, 0.47057405, 0.46018404, 0.4405485, 0.46043277, 0.4725172, 0.47347707, 0.46309084, 0.47435966], "duration": [43232, 40091, 53181, 42959, 49956, 48003, 45574, 38884, 38796, 38101, 44309, 38914, 44841, 43441, 38650, 39006, 38031, 45528, 39722, 40073, 46579, 39151, 39028, 38672, 38987, 40255, 45686, 39587, 46363, 38608, 39439, 39111, 38788, 45926, 39110, 45389, 43623, 39646, 52167, 39665, 38992, 43740, 56648, 39095, 38255, 39753, 46815, 40011, 39624, 38927]}