{"avg": [0.22161172, 0.30860806, 0.31215462, 0.30566025, 0.2906559, 0.29680815, 0.31844014, 0.32864147, 0.33541927, 0.35427698, 0.35808036, 0.3895675, 0.35440782, 0.34797215, 0.35777017, 0.35982808, 0.35445085, 0.38571426, 0.38230157, 0.3526059, 0.3627705, 0.3889494, 0.39663556, 0.37279993, 0.3842216, 0.42579615, 0.43007174, 0.42617324, 0.41948798, 0.45907146, 0.44305632, 0.42199516, 0.444911, 0.4637153, 0.42852527, 0.45096073, 0.44595045, 0.4314484, 0.43663993, 0.4721653, 0.45627096, 0.4615606, 0.4771687, 0.5081274, 0.48817524, 0.5093713, 0.50548923, 0.5111467, 0.52190137, 0.51605535], "std": [0.07103961, 0.056772463, 0.03655288, 0.062038686, 0.05774805, 0.06308221, 0.04486625, 0.05212794, 0.048067763, 0.06656607, 0.05976388, 0.044809896, 0.076360345, 0.0761963, 0.066271834, 0.06757992, 0.06557266, 0.079017274, 0.06362493, 0.08168214, 0.089676976, 0.0730767, 0.062060058, 0.083332956, 0.0669254, 0.05019587, 0.064921945, 0.07403918, 0.070768915, 0.06505668, 0.08985481, 0.09658158, 0.08762449, 0.08204255, 0.10079615, 0.1057432, 0.09402284, 0.09494131, 0.10595762, 0.10184476, 0.09836328, 0.100018404, 0.091244, 0.0840063, 0.09553117, 0.09028897, 0.09097345, 0.10792764, 0.07032286, 0.10707378], "var": [0.92, 0.92, 0.96, 0.92, 0.92, 0.88, 0.88, 0.88, 0.88, 0.84, 0.84, 0.84, 0.84, 0.8, 0.8, 0.8, 0.84, 0.88, 0.88, 0.8, 0.76, 0.76, 0.72, 0.72, 0.72, 0.68, 0.68, 0.64, 0.56, 0.56, 0.48, 0.48, 0.44, 0.48, 0.48, 0.52, 0.56, 0.56, 0.48, 0.52, 0.44, 0.4, 0.36, 0.44, 0.36, 0.36, 0.32, 0.32, 0.32, 0.28], "best": [0.30476192, 0.44358972, 0.36860672, 0.45641026, 0.38787064, 0.45990336, 0.3920635, 0.4611111, 0.4631268, 0.4640827, 0.4652381, 0.46773502, 0.47100592, 0.5277433, 0.47373736, 0.47412696, 0.47477475, 0.5307285, 0.47564626, 0.4774319, 0.53479177, 0.48018646, 0.4815315, 0.4839228, 0.48460755, 0.48592374, 0.54264313, 0.5445005, 0.49315786, 0.54840463, 0.55197245, 0.50606775, 0.508046, 0.55900294, 0.5616563, 0.5633041, 0.52035517, 0.5679894, 0.52458173, 0.5706484, 0.5730305, 0.53208107, 0.576597, 0.57838887, 0.5813953, 0.5840476, 0.5865555, 0.5883458, 0.5904762, 0.5923312], "duration": [43532, 43456, 38967, 38509, 50033, 39257, 45491, 51488, 59088, 40292, 66246, 38750, 46354, 45954, 38487, 38634, 38651, 38583, 39230, 39636, 45792, 39427, 53338, 59825, 39320, 45936, 45885, 40301, 40308, 52999, 40487, 46932, 40292, 40251, 46716, 47253, 53676, 40446, 53342, 47334, 46934, 47095, 47169, 60652, 54343, 40735, 47276, 47430, 40543, 40796]}