{"avg": [0.26552382, 0.2990603, 0.3043208, 0.30507293, 0.2938513, 0.2980406, 0.31323597, 0.32308573, 0.32506868, 0.31463537, 0.3093665, 0.30717534, 0.30216932, 0.32488674, 0.32835466, 0.29893127, 0.29675323, 0.32928073, 0.35155752, 0.3386224, 0.31610292, 0.34265557, 0.33021936, 0.31680462, 0.33997002, 0.3508112, 0.33451763, 0.33157232, 0.35983524, 0.35536662, 0.35851955, 0.34277567, 0.33726478, 0.36822152, 0.36727455, 0.35232726, 0.35888082, 0.35567543, 0.36229032, 0.34648615, 0.37152025, 0.37226236, 0.37430853, 0.38761002, 0.4050819, 0.4118703, 0.4000789, 0.39801362, 0.40655643, 0.3915918], "std": [0.08520781, 0.07391636, 0.05114658, 0.04394015, 0.071378924, 0.07557146, 0.061073203, 0.069643535, 0.04724214, 0.056919597, 0.04701194, 0.06031922, 0.06658306, 0.072592095, 0.07296416, 0.08597508, 0.07625524, 0.08674639, 0.07308643, 0.06422916, 0.08198104, 0.085625514, 0.06485687, 0.07895332, 0.090726376, 0.062364016, 0.084238246, 0.07459302, 0.040215038, 0.056664728, 0.07586174, 0.059701215, 0.06865571, 0.06358826, 0.06695954, 0.06634474, 0.058624264, 0.07317595, 0.057116326, 0.055001885, 0.047852762, 0.051544968, 0.053074393, 0.050996277, 0.0538796, 0.056172494, 0.053841427, 0.07819337, 0.054713063, 0.053330578], "var": [0.98, 0.98, 0.98, 0.96, 0.94, 0.94, 0.92, 0.92, 0.9, 0.9, 0.86, 0.84, 0.84, 0.84, 0.84, 0.82, 0.8, 0.8, 0.8, 0.76, 0.76, 0.74, 0.74, 0.74, 0.72, 0.74, 0.76, 0.76, 0.76, 0.74, 0.74, 0.74, 0.72, 0.7, 0.68, 0.7, 0.68, 0.68, 0.66, 0.64, 0.6, 0.58, 0.6, 0.6, 0.62, 0.64, 0.64, 0.64, 0.62, 0.62], "best": [0.44, 0.47466668, 0.37104762, 0.36367348, 0.46603173, 0.4673171, 0.41240984, 0.46782607, 0.4181099, 0.41706458, 0.4067081, 0.41766232, 0.3715344, 0.46848783, 0.46968326, 0.47128206, 0.41916904, 0.47287878, 0.47451264, 0.4775427, 0.43264127, 0.4793865, 0.48105884, 0.43346596, 0.48117334, 0.48297438, 0.48395061, 0.48484558, 0.434338, 0.48530975, 0.48609442, 0.44046926, 0.44102162, 0.4875, 0.48914933, 0.49054947, 0.49026737, 0.4901213, 0.49094597, 0.4450117, 0.43631545, 0.4402407, 0.44711247, 0.4935905, 0.49457186, 0.4958416, 0.4969445, 0.4982656, 0.49981362, 0.50140625], "duration": [42635, 39559, 52434, 42730, 49428, 47538, 38999, 38423, 44743, 39168, 38467, 37912, 37999, 38801, 39561, 38767, 38301, 39508, 39386, 38722, 38954, 39457, 45220, 38936, 38963, 39349, 39353, 38756, 39312, 39148, 39297, 39163, 38048, 45881, 45403, 39278, 39455, 39109, 45519, 38747, 39194, 39442, 45492, 39289, 46149, 39611, 46396, 39781, 39699, 39067]}