{"avg": [0.25777778, 0.28715342, 0.29507938, 0.29300287, 0.28886104, 0.29402545, 0.31064278, 0.320574, 0.30834097, 0.32504535, 0.31316, 0.29909322, 0.31975946, 0.34583333, 0.31506956, 0.30463502, 0.32161403, 0.34168717, 0.33770183, 0.3410317, 0.3444936, 0.32318136, 0.36098927, 0.3665469, 0.33754078, 0.37174958, 0.3786232, 0.38165894, 0.3500144, 0.35353625, 0.36650902, 0.36073902, 0.355607, 0.41280624, 0.39979443, 0.4044456, 0.37407887, 0.40592003, 0.39683485, 0.40241706, 0.37282407, 0.43600923, 0.42232406, 0.3945477, 0.40265793, 0.42500734, 0.38776323, 0.3878359, 0.40351132, 0.3842235], "std": [0.08726752, 0.07461725, 0.04873721, 0.04365753, 0.076414175, 0.073289685, 0.052799568, 0.0491792, 0.08057846, 0.06462788, 0.07414443, 0.060737655, 0.054310787, 0.046539873, 0.08244133, 0.060251992, 0.079311304, 0.06425626, 0.073268086, 0.09732742, 0.0671139, 0.06254576, 0.06797556, 0.06522447, 0.07934299, 0.06723166, 0.07023407, 0.082342446, 0.08623911, 0.09058715, 0.08685093, 0.061546236, 0.0813816, 0.07322994, 0.07066774, 0.07309302, 0.08090703, 0.06283516, 0.086319976, 0.077676855, 0.08922333, 0.054971658, 0.07073732, 0.072289295, 0.08479994, 0.08761424, 0.080290206, 0.083395496, 0.09260053, 0.07449019], "var": [0.98, 0.98, 0.98, 0.96, 0.94, 0.94, 0.92, 0.92, 0.92, 0.9, 0.9, 0.88, 0.88, 0.86, 0.86, 0.84, 0.84, 0.84, 0.82, 0.82, 0.82, 0.78, 0.76, 0.74, 0.72, 0.72, 0.76, 0.74, 0.74, 0.72, 0.72, 0.7, 0.68, 0.68, 0.66, 0.64, 0.64, 0.64, 0.62, 0.64, 0.66, 0.66, 0.62, 0.62, 0.62, 0.62, 0.62, 0.58, 0.54, 0.58], "best": [0.4333333, 0.46222222, 0.36396822, 0.3578231, 0.45502642, 0.45609757, 0.40081772, 0.40355125, 0.45456788, 0.45599997, 0.45650408, 0.36771587, 0.38826704, 0.45555556, 0.45693216, 0.45892116, 0.45910254, 0.4609903, 0.4626712, 0.46406925, 0.46780184, 0.4701183, 0.4709859, 0.47331536, 0.47504318, 0.47574255, 0.47759303, 0.47926268, 0.48173717, 0.4822174, 0.48382148, 0.47710434, 0.48509112, 0.48595825, 0.4890529, 0.49114302, 0.4932401, 0.49400112, 0.49564734, 0.49758062, 0.4994767, 0.50020355, 0.5025411, 0.5046229, 0.505611, 0.5070468, 0.5087767, 0.5092246, 0.50996065, 0.5112109], "duration": [43478, 40265, 53521, 43628, 45461, 48214, 45980, 39185, 39685, 39844, 39294, 39244, 46542, 46497, 39359, 45210, 39613, 39819, 39858, 40474, 46986, 39208, 39967, 39758, 39511, 39824, 40303, 40117, 40139, 39316, 39896, 40384, 39978, 40530, 40280, 40559, 39477, 40435, 39669, 40496, 46846, 40699, 47056, 40140, 40299, 40447, 39592, 40210, 40405, 40295]}