{"avg": [0.2637607, 0.29592025, 0.30377418, 0.295881, 0.29794145, 0.302989, 0.31746757, 0.3279431, 0.31515417, 0.33224058, 0.32017612, 0.30340263, 0.33219194, 0.3362745, 0.3167253, 0.3281829, 0.34418416, 0.33962473, 0.36374682, 0.35416824, 0.32556704, 0.34122723, 0.334484, 0.33480555, 0.35778958, 0.32746267, 0.36930066, 0.35054648, 0.33917853, 0.348049, 0.3537997, 0.3559213, 0.3421235, 0.37261266, 0.35197458, 0.35390013, 0.40158647, 0.3732529, 0.3441538, 0.39301032, 0.38302466, 0.4107615, 0.35125384, 0.3861191, 0.37559116, 0.40282562, 0.3847131, 0.38536006, 0.38411242, 0.40829948], "std": [0.08954003, 0.07603299, 0.05097117, 0.051874712, 0.071344405, 0.076609924, 0.053938236, 0.05018132, 0.08262315, 0.06629235, 0.0759844, 0.06298615, 0.043214004, 0.06522377, 0.07560171, 0.057339262, 0.042948578, 0.050826393, 0.0627683, 0.07307105, 0.061811797, 0.07367677, 0.07467954, 0.071179986, 0.07825648, 0.057626516, 0.060025554, 0.082605205, 0.07320091, 0.071595944, 0.07286138, 0.08399861, 0.081050746, 0.08091922, 0.10020863, 0.093327895, 0.06993513, 0.08235286, 0.0896069, 0.059047952, 0.08701622, 0.08189022, 0.10085844, 0.0763262, 0.07176636, 0.077822216, 0.07935751, 0.087762445, 0.08650297, 0.07606034], "var": [0.98, 0.98, 0.98, 0.96, 0.94, 0.94, 0.92, 0.92, 0.92, 0.9, 0.9, 0.88, 0.88, 0.86, 0.84, 0.82, 0.8, 0.8, 0.82, 0.8, 0.78, 0.8, 0.78, 0.78, 0.78, 0.78, 0.8, 0.8, 0.78, 0.78, 0.78, 0.78, 0.76, 0.74, 0.7, 0.68, 0.7, 0.72, 0.7, 0.72, 0.74, 0.74, 0.74, 0.7, 0.68, 0.66, 0.62, 0.62, 0.58, 0.58], "best": [0.44358978, 0.47247866, 0.37239313, 0.366248, 0.4652829, 0.466354, 0.40960893, 0.41234246, 0.46482432, 0.4662564, 0.46676052, 0.3761408, 0.39632568, 0.46602568, 0.46714532, 0.46785757, 0.41677773, 0.42012492, 0.46841493, 0.47244224, 0.47360015, 0.4742445, 0.47597882, 0.47710326, 0.47804573, 0.4375449, 0.4789215, 0.48109925, 0.48279682, 0.48313782, 0.48343888, 0.48500988, 0.48527238, 0.48627874, 0.4878333, 0.48937926, 0.49006304, 0.492427, 0.49380553, 0.4943509, 0.49594152, 0.49704322, 0.49940598, 0.5005621, 0.49987468, 0.5025151, 0.50383073, 0.5048321, 0.50606304, 0.5073214], "duration": [42956, 39908, 52886, 37914, 49839, 47683, 45638, 38534, 38848, 39339, 38696, 38754, 39175, 38880, 46052, 39402, 45649, 45653, 46585, 38965, 44529, 39829, 51879, 39304, 38978, 38781, 59640, 38992, 45191, 38897, 52693, 46533, 39532, 39444, 46030, 38978, 40013, 39795, 39865, 39896, 39744, 46457, 40225, 39395, 46640, 46835, 40017, 39352, 40068, 39117]}