{"avg": [0.26583335, 0.30124074, 0.30244154, 0.3079689, 0.30700013, 0.30789098, 0.32067606, 0.33309242, 0.32540488, 0.3405545, 0.3171651, 0.31137735, 0.3353901, 0.3474794, 0.3118604, 0.30851263, 0.31808123, 0.33202446, 0.31897467, 0.31183174, 0.3379346, 0.32791165, 0.32913166, 0.33442396, 0.3331689, 0.3555052, 0.35103548, 0.33273602, 0.36400357, 0.35124585, 0.35263857, 0.33901653, 0.35647678, 0.332574, 0.35457107, 0.33885038, 0.35271528, 0.3470941, 0.37615114, 0.3621064, 0.35364407, 0.3783026, 0.3908217, 0.37829453, 0.377864, 0.35129336, 0.3947965, 0.4010766, 0.38959223, 0.4105037], "std": [0.08671206, 0.07792123, 0.04947019, 0.040755082, 0.07394998, 0.07829558, 0.059956368, 0.051337034, 0.08030748, 0.067883216, 0.06651051, 0.045820326, 0.066981904, 0.057641078, 0.07781426, 0.071258105, 0.06920804, 0.05689673, 0.060195282, 0.073481865, 0.05421687, 0.07445317, 0.061201885, 0.05008831, 0.057068612, 0.059801664, 0.06688617, 0.085660055, 0.07043386, 0.05310339, 0.048838187, 0.059714533, 0.05340199, 0.082786605, 0.06759448, 0.09054394, 0.064471394, 0.049529552, 0.05659573, 0.07819902, 0.061246756, 0.04905343, 0.07940498, 0.07416809, 0.053670112, 0.0770239, 0.051308066, 0.0480998, 0.061065435, 0.05967541], "var": [0.98, 0.98, 0.98, 0.96, 0.94, 0.94, 0.92, 0.92, 0.88, 0.88, 0.88, 0.86, 0.82, 0.8, 0.82, 0.8, 0.8, 0.8, 0.8, 0.78, 0.78, 0.74, 0.74, 0.72, 0.72, 0.7, 0.68, 0.68, 0.7, 0.7, 0.72, 0.68, 0.72, 0.72, 0.72, 0.7, 0.7, 0.7, 0.7, 0.68, 0.64, 0.6, 0.58, 0.58, 0.58, 0.56, 0.56, 0.54, 0.54, 0.56], "best": [0.4125, 0.48305556, 0.37944445, 0.36913264, 0.47585976, 0.4769309, 0.41569865, 0.4184322, 0.4751543, 0.4767544, 0.37901607, 0.37944448, 0.47576532, 0.4764937, 0.40635967, 0.42096996, 0.43391025, 0.47695455, 0.37905094, 0.42064205, 0.47708988, 0.42264056, 0.4263095, 0.4278951, 0.42890558, 0.47724998, 0.46017632, 0.4614025, 0.47764292, 0.4334701, 0.44830146, 0.4358882, 0.46097887, 0.46155086, 0.47830674, 0.4785584, 0.45219064, 0.44083333, 0.47877514, 0.4790852, 0.4614139, 0.4439644, 0.4616466, 0.45821115, 0.4593601, 0.47925976, 0.4617031, 0.46105146, 0.4623079, 0.47959623], "duration": [43191, 40260, 52622, 42958, 49836, 47916, 45960, 38644, 44895, 39976, 37338, 38262, 46144, 39947, 45125, 38688, 38666, 39977, 39173, 38945, 46035, 46120, 39569, 38977, 39380, 39580, 39073, 39777, 39475, 39473, 39739, 38161, 39754, 39479, 39170, 38956, 39222, 39311, 45901, 45762, 45080, 40129, 45581, 39592, 40135, 46604, 39728, 39394, 39855, 46447]}