{"avg": [0.26031747, 0.2896931, 0.29507938, 0.29300287, 0.2913673, 0.29402545, 0.31064278, 0.320574, 0.31055292, 0.31723505, 0.29550654, 0.3161806, 0.32518223, 0.30770835, 0.3021603, 0.27017006, 0.31251714, 0.29399186, 0.31470153, 0.312659, 0.32857463, 0.2998477, 0.323821, 0.2997621, 0.3195924, 0.32666907, 0.30904064, 0.32627577, 0.33240098, 0.34417626, 0.30063292, 0.29710865, 0.3386147, 0.345399, 0.3136849, 0.35295722, 0.33412665, 0.33952054, 0.35434407, 0.35249323, 0.34196827, 0.35614073, 0.3646861, 0.35463718, 0.34762087, 0.37662324, 0.35050938, 0.35310602, 0.34197032, 0.3510582], "std": [0.08539034, 0.07409099, 0.04873721, 0.048018884, 0.07330871, 0.073289685, 0.052799568, 0.0491792, 0.07748927, 0.054554444, 0.06669587, 0.042527393, 0.055275153, 0.05873469, 0.07434619, 0.08143537, 0.06807625, 0.06587449, 0.05874017, 0.07149089, 0.04161864, 0.059961017, 0.05003378, 0.05164509, 0.06409643, 0.05570788, 0.05989736, 0.0364749, 0.05751368, 0.050633606, 0.054972067, 0.062226743, 0.049622312, 0.065227754, 0.059822332, 0.04643905, 0.04565388, 0.0707083, 0.04005425, 0.04197284, 0.047498323, 0.051891908, 0.036782455, 0.041863605, 0.044652894, 0.04499265, 0.059975762, 0.052419968, 0.048922554, 0.060056847], "var": [0.98, 0.98, 0.98, 0.96, 0.94, 0.94, 0.92, 0.92, 0.88, 0.86, 0.84, 0.82, 0.82, 0.8, 0.8, 0.76, 0.74, 0.72, 0.74, 0.72, 0.7, 0.68, 0.7, 0.72, 0.68, 0.66, 0.68, 0.66, 0.66, 0.68, 0.68, 0.68, 0.68, 0.68, 0.64, 0.64, 0.64, 0.64, 0.64, 0.62, 0.64, 0.64, 0.66, 0.64, 0.62, 0.64, 0.6, 0.58, 0.6, 0.62], "best": [0.4333333, 0.46222222, 0.36396822, 0.3578231, 0.45502642, 0.45609757, 0.40081772, 0.40355125, 0.45456788, 0.4070489, 0.36374065, 0.38791004, 0.45459184, 0.40523812, 0.4554572, 0.35891154, 0.45478925, 0.36145616, 0.45559397, 0.45620915, 0.40473226, 0.40543, 0.40645385, 0.3701216, 0.45643044, 0.4569514, 0.4573398, 0.4079773, 0.45778778, 0.4580786, 0.36880648, 0.4105289, 0.4582169, 0.4586229, 0.41272518, 0.4587879, 0.41440353, 0.4588336, 0.4590985, 0.41650796, 0.41713834, 0.45896637, 0.41852817, 0.420171, 0.42139426, 0.45862553, 0.4590659, 0.45927417, 0.42567536, 0.42631325], "duration": [42996, 39824, 52716, 42854, 49860, 47811, 45599, 38703, 44921, 39205, 37939, 39467, 39711, 38524, 53015, 38181, 39790, 39735, 39598, 38986, 39231, 38526, 45378, 39001, 39388, 39612, 39477, 39433, 39259, 46469, 38337, 38417, 39394, 39432, 39047, 39699, 45638, 38403, 39147, 46023, 39550, 39286, 39575, 52764, 45376, 45769, 39122, 39251, 39567, 39237]}