{"avg": [0.25500003, 0.2812408, 0.2897222, 0.28148082, 0.30558038, 0.29410833, 0.25598958, 0.29313725, 0.2972747, 0.2873161, 0.29969448, 0.29159155, 0.28832558, 0.29690564, 0.28030303, 0.2881522, 0.32052052, 0.298367, 0.31631565, 0.31260464, 0.31266126, 0.3279944, 0.3338267, 0.33153266, 0.33012858, 0.33717617, 0.32979074, 0.3385682, 0.34169716, 0.33160722, 0.35911432, 0.3409797, 0.32732177, 0.35213146, 0.34611052, 0.32635063, 0.35264003, 0.34541163, 0.33663222, 0.35735548, 0.34326005, 0.36193496, 0.3392111, 0.35685295, 0.3551846, 0.36530244, 0.34621778, 0.36972436, 0.3916727, 0.38310772], "std": [0.08158159, 0.073204145, 0.049147617, 0.03779571, 0.049232062, 0.059866294, 0.08111917, 0.07778006, 0.034989636, 0.046915594, 0.06849489, 0.039327644, 0.07013269, 0.06352138, 0.06265481, 0.07929918, 0.04155083, 0.032146115, 0.04380889, 0.04757377, 0.055559076, 0.033464387, 0.045838315, 0.047527734, 0.051021088, 0.044628426, 0.04292666, 0.039586794, 0.033650223, 0.04580329, 0.04743916, 0.0541544, 0.042851638, 0.04794556, 0.055992994, 0.07349628, 0.060080517, 0.0716725, 0.050399326, 0.05509578, 0.06437637, 0.054141976, 0.074525416, 0.07071521, 0.048283722, 0.062017508, 0.07020704, 0.057787694, 0.044939186, 0.053220928], "var": [0.98, 0.98, 0.98, 0.96, 0.96, 0.94, 0.92, 0.92, 0.9, 0.9, 0.86, 0.84, 0.84, 0.84, 0.82, 0.8, 0.82, 0.82, 0.82, 0.8, 0.78, 0.76, 0.78, 0.76, 0.72, 0.7, 0.68, 0.68, 0.72, 0.7, 0.68, 0.68, 0.66, 0.64, 0.62, 0.64, 0.64, 0.6, 0.56, 0.54, 0.56, 0.56, 0.56, 0.54, 0.5, 0.48, 0.5, 0.48, 0.46, 0.46], "best": [0.42083335, 0.44972226, 0.3544444, 0.3482993, 0.44252646, 0.4440401, 0.35277775, 0.44315478, 0.3774548, 0.3572414, 0.37854168, 0.3584762, 0.4401596, 0.3953431, 0.37901512, 0.43971744, 0.38129997, 0.38165402, 0.38315216, 0.38390413, 0.43900537, 0.38694873, 0.43901515, 0.38923904, 0.39751795, 0.3943299, 0.39582297, 0.39605263, 0.39830282, 0.39911506, 0.43906698, 0.4399205, 0.40280017, 0.44002917, 0.40571836, 0.44040522, 0.44071433, 0.40934432, 0.41092345, 0.44113985, 0.4120847, 0.4418501, 0.44210124, 0.44273952, 0.4439666, 0.4442813, 0.44491002, 0.44559264, 0.44654378, 0.4475796], "duration": [42992, 39833, 52734, 42822, 43715, 43849, 39142, 45293, 44883, 44076, 39547, 42012, 42916, 44251, 38896, 38798, 38878, 38966, 39588, 39917, 38858, 46456, 39913, 39865, 39729, 40027, 39793, 52680, 38680, 39478, 39501, 39598, 39532, 39674, 39176, 39869, 39888, 39701, 39492, 39739, 39895, 39354, 39625, 39847, 39788, 40047, 39593, 39458, 39974, 39941]}