{"avg": [0.26031747, 0.28715342, 0.29507932, 0.2902818, 0.29086608, 0.29626632, 0.30863777, 0.320574, 0.31279385, 0.32525286, 0.30525985, 0.2976422, 0.30081034, 0.31426176, 0.30659, 0.32159102, 0.33010724, 0.33133587, 0.33082467, 0.3229894, 0.34456867, 0.30896097, 0.32268596, 0.32790977, 0.33911824, 0.3356092, 0.33835453, 0.36579436, 0.34548113, 0.34876958, 0.33951676, 0.35246772, 0.34804296, 0.3431746, 0.34512818, 0.36397454, 0.36466244, 0.35997733, 0.38329858, 0.3703615, 0.35085392, 0.38190797, 0.36330634, 0.3687684, 0.3666726, 0.3763596, 0.3690973, 0.38929278, 0.39676985, 0.40438348, 0.426687, 0.4005879, 0.4047864, 0.3908478, 0.4060019, 0.42440543, 0.44546038, 0.383182, 0.4249542, 0.40504366, 0.40265307, 0.41483346, 0.4167042, 0.41038638, 0.43333194, 0.43930492, 0.43730903, 0.44792598, 0.44864368, 0.4304204, 0.42994672, 0.44965202, 0.4375286, 0.45999527, 0.4597813, 0.39895663, 0.43914172, 0.4334505, 0.44879383, 0.40703914, 0.4543389, 0.4903915, 0.45311716, 0.46276972, 0.46891314, 0.49044648, 0.46549594, 0.47239146, 0.48614362, 0.45674485, 0.47404796, 0.4814704, 0.43599963, 0.46968573, 0.48345965, 0.4741616, 0.43698746, 0.4928599, 0.45405886, 0.4904281], "std": [0.08539034, 0.07315504, 0.048330657, 0.041381273, 0.074190505, 0.07465063, 0.050283685, 0.0491792, 0.07701867, 0.06967578, 0.062098533, 0.049835704, 0.07157989, 0.036368787, 0.05016546, 0.030111792, 0.06761881, 0.06463823, 0.04822247, 0.046113864, 0.052847136, 0.04726966, 0.051123027, 0.037612878, 0.04390392, 0.0513398, 0.029170405, 0.042781636, 0.060541186, 0.0597668, 0.05783838, 0.057387613, 0.04673346, 0.062352866, 0.059964683, 0.044523, 0.05867214, 0.070130005, 0.07615351, 0.07930307, 0.07723711, 0.058805093, 0.089486994, 0.069961235, 0.07243848, 0.08976025, 0.06853891, 0.0768944, 0.07573935, 0.066893056, 0.06054319, 0.058315415, 0.08153988, 0.07980843, 0.081503585, 0.07400773, 0.056389842, 0.09269266, 0.07239447, 0.09638119, 0.0940718, 0.063198395, 0.085167825, 0.086446844, 0.0805815, 0.07808952, 0.082701184, 0.08048347, 0.0827691, 0.08582546, 0.10318735, 0.0845715, 0.09803252, 0.08856297, 0.07754765, 0.10891898, 0.10499078, 0.10792338, 0.10163895, 0.12584178, 0.09464893, 0.054637175, 0.10264476, 0.08933942, 0.076009, 0.058123246, 0.09523245, 0.110625125, 0.095940076, 0.12607247, 0.11124363, 0.10094497, 0.13459319, 0.12087957, 0.104968674, 0.10690863, 0.13740279, 0.08737453, 0.1357143, 0.1040954], "var": [0.98, 0.98, 0.98, 0.96, 0.94, 0.94, 0.92, 0.92, 0.88, 0.88, 0.88, 0.86, 0.84, 0.82, 0.82, 0.82, 0.82, 0.82, 0.82, 0.8, 0.8, 0.78, 0.78, 0.78, 0.78, 0.78, 0.76, 0.74, 0.74, 0.74, 0.74, 0.72, 0.74, 0.7, 0.7, 0.68, 0.68, 0.7, 0.68, 0.68, 0.66, 0.66, 0.64, 0.62, 0.62, 0.64, 0.6, 0.6, 0.6, 0.62, 0.6, 0.6, 0.58, 0.58, 0.6, 0.6, 0.58, 0.56, 0.56, 0.56, 0.52, 0.5, 0.5, 0.5, 0.52, 0.52, 0.52, 0.52, 0.52, 0.5, 0.48, 0.46, 0.42, 0.44, 0.46, 0.42, 0.4, 0.38, 0.38, 0.38, 0.42, 0.42, 0.38, 0.4, 0.42, 0.44, 0.42, 0.42, 0.4, 0.38, 0.38, 0.36, 0.34, 0.32, 0.34, 0.34, 0.34, 0.34, 0.32, 0.32], "best": [0.4333333, 0.46222222, 0.36396822, 0.3578231, 0.45502642, 0.45609757, 0.40081772, 0.40355125, 0.45456788, 0.4561403, 0.36353984, 0.4072487, 0.407483, 0.36257544, 0.361653, 0.40764675, 0.45353925, 0.45450118, 0.45974624, 0.4134114, 0.45538303, 0.41438463, 0.41437963, 0.4134793, 0.46168384, 0.45555553, 0.386868, 0.4184332, 0.4568452, 0.46522677, 0.42390916, 0.46720648, 0.46810457, 0.42609525, 0.4574691, 0.4289404, 0.43224275, 0.46422902, 0.47290286, 0.4749329, 0.47682288, 0.46859458, 0.48243782, 0.47917274, 0.47142854, 0.48114523, 0.46365297, 0.48627186, 0.48469296, 0.48606452, 0.48867846, 0.49039963, 0.4951861, 0.4933016, 0.4849225, 0.49558094, 0.4967754, 0.5021041, 0.48914304, 0.50075024, 0.47436705, 0.49229705, 0.49342868, 0.47348103, 0.4898579, 0.511371, 0.5086538, 0.51002836, 0.515454, 0.4853419, 0.5179208, 0.5190944, 0.520194, 0.52161455, 0.5231822, 0.52467674, 0.52528447, 0.5263489, 0.5272506, 0.5241867, 0.5289522, 0.5297628, 0.53145576, 0.5324695, 0.5337851, 0.53482145, 0.536105, 0.5375454, 0.5386935, 0.54007095, 0.5408761, 0.5420663, 0.54314536, 0.5439085, 0.54517573, 0.54612994, 0.5469877, 0.5478053, 0.5489791, 0.5496698], "duration": [43094, 39982, 52855, 42844, 45019, 47790, 45724, 38717, 44940, 40029, 37387, 38749, 51904, 38111, 38307, 46168, 39047, 46233, 39794, 45643, 39810, 45294, 39741, 39340, 39448, 39501, 39346, 39371, 46356, 39628, 39100, 39573, 39817, 39059, 38729, 46118, 39541, 39496, 45910, 46231, 38327, 39294, 39913, 39078, 39825, 38331, 39690, 45991, 39832, 39549, 39817, 39608, 46064, 46119, 40049, 40147, 40314, 39674, 40006, 40093, 39496, 39177, 39756, 38991, 46100, 39838, 39809, 39883, 47001, 39830, 39884, 40076, 46831, 40235, 39829, 39296, 39744, 46284, 40137, 39851, 40350, 39925, 47153, 39917, 39843, 46835, 39975, 40132, 40207, 40261, 39913, 46787, 46228, 40093, 40243, 39883, 46581, 40406, 40327, 40467]}