{"avg": [0.33096716, 0.35814992, 0.40272108, 0.4352405, 0.4402221, 0.4552508, 0.46916223, 0.49542886, 0.5168099, 0.5301484, 0.5545177, 0.5644609, 0.56372803, 0.58803767, 0.5876737, 0.6087917, 0.61362994, 0.6190693, 0.6264195, 0.6370156, 0.6380372, 0.63882375, 0.6600017, 0.6695182, 0.6783192, 0.68771774, 0.68928754, 0.6881816, 0.69306344, 0.70391846, 0.7033997, 0.7063576, 0.71991754, 0.7059601, 0.7118918, 0.72232115, 0.7263896, 0.7182439, 0.7228723, 0.7233052, 0.7298875, 0.72896916, 0.73517936, 0.7344294, 0.7331012, 0.7265123, 0.7352193, 0.7343274, 0.7349227, 0.7427352, 0.7386905, 0.7370626, 0.74492806, 0.7456153, 0.7416545, 0.74271876, 0.7304024, 0.73717606, 0.744006, 0.747458, 0.7438492, 0.74739534, 0.747745, 0.7480182, 0.74665624, 0.74212164, 0.7443832, 0.75010496, 0.7509062, 0.7507295, 0.7491803, 0.7540549, 0.74658567, 0.7553684, 0.7538583], "std": [0.10125455, 0.094175205, 0.08443098, 0.07949778, 0.06756854, 0.06672744, 0.059546392, 0.061773766, 0.06369471, 0.0666604, 0.048027493, 0.052156985, 0.046825293, 0.039702743, 0.04440721, 0.029694492, 0.020012463, 0.03603321, 0.03827737, 0.04654621, 0.05224699, 0.04211378, 0.030581448, 0.03299884, 0.02892287, 0.028596489, 0.027187163, 0.027837444, 0.024484266, 0.022194456, 0.023877762, 0.022160944, 0.0044115507, 0.032182187, 0.021496102, 0.014041318, 0.01058882, 0.020956142, 0.019570401, 0.020136328, 0.014983102, 0.017434256, 0.0104202265, 0.014080638, 0.0171393, 0.022445263, 0.017139303, 0.018891161, 0.019233165, 0.010674865, 0.017489227, 0.019591853, 0.011219346, 0.011219346, 0.017489227, 0.017139306, 0.024081627, 0.022126723, 0.017956233, 0.015031469, 0.01923314, 0.01649542, 0.01680855, 0.017139304, 0.018891158, 0.022126745, 0.021208782, 0.017139306, 0.016808532, 0.01748921, 0.019233165, 0.01469389, 0.021507367, 0.0140806595, 0.016495401], "var": [1.0, 1.0, 1.0, 1.0, 1.0, 0.92, 0.96, 0.88, 0.88, 0.92, 0.92, 0.92, 0.84, 0.84, 0.8, 0.8, 0.8, 0.72, 0.76, 0.8, 0.72, 0.76, 0.72, 0.8, 0.72, 0.76, 0.64, 0.6, 0.64, 0.6, 0.6, 0.44, 0.4, 0.24, 0.16, 0.12, 0.12, 0.12, 0.12, 0.12, 0.08, 0.08, 0.04, 0.04, 0.04, 0.04, 0.04, 0.04, 0.04, 0.04, 0.04, 0.04, 0.04, 0.04, 0.04, 0.04, 0.04, 0.04, 0.04, 0.04, 0.04, 0.04, 0.04, 0.04, 0.04, 0.04, 0.04, 0.04, 0.04, 0.04, 0.04, 0.04, 0.04, 0.04, 0.04], "best": [0.57551014, 0.58482695, 0.5858092, 0.5875637, 0.5896278, 0.5920239, 0.5891262, 0.66208744, 0.6151519, 0.66649926, 0.61952126, 0.6215064, 0.67260844, 0.67453384, 0.67863226, 0.68081254, 0.63107425, 0.68561476, 0.6884807, 0.6920151, 0.6937253, 0.6957007, 0.7088943, 0.71037906, 0.7119654, 0.7132384, 0.71434134, 0.7157404, 0.71711046, 0.71834385, 0.7201305, 0.721659, 0.7232994, 0.7250997, 0.7263217, 0.72779363, 0.72951216, 0.7309757, 0.73267096, 0.7340817, 0.7352923, 0.7364826, 0.73768073, 0.7388822, 0.7400984, 0.7412063, 0.7422165, 0.7432329, 0.7442522, 0.7451844, 0.7460374, 0.7468584, 0.74764913, 0.7483363, 0.74900144, 0.74971586, 0.7504396, 0.7511703, 0.75184286, 0.7526136, 0.7531788, 0.75378376, 0.7544239, 0.75501525, 0.7555615, 0.75611573, 0.7566282, 0.7571021, 0.7575852, 0.7580763, 0.75850993, 0.7589527, 0.7593628, 0.75982124, 0.76024693], "duration": [114415, 98164, 114172, 117588, 88976, 90296, 124487, 104457, 112445, 91346, 105359, 112302, 112346, 91462, 148380, 106024, 119721, 98608, 105220, 92150, 91382, 91699, 92273, 106125, 98924, 98910, 106429, 141776, 85546, 85617, 92677, 106494, 92904, 92765, 100049, 92710, 92849, 106883, 99755, 85395, 85499, 85426, 99502, 85439, 99773, 99758, 99634, 92588, 106920, 92796, 107104, 107267, 106823, 92716, 99940, 113720, 127130, 99357, 114125, 99757, 99271, 91866, 92330, 113954, 92936, 85621, 107196, 93009, 114006, 92708, 106718, 127974, 113997, 99395, 106656]}