{"avg": [0.27333334, 0.30318516, 0.31157893, 0.30122286, 0.30765802, 0.31083214, 0.32705176, 0.32770368, 0.3261485, 0.31653473, 0.31980446, 0.31223774, 0.3054729, 0.32980353, 0.3200352, 0.29416797, 0.29790413, 0.32174245, 0.34644738, 0.35560954, 0.30736512, 0.34068426, 0.36218974, 0.32079443, 0.3122685, 0.3433288, 0.34704039, 0.30882543, 0.33556584, 0.3298276, 0.34926733, 0.35341284, 0.36239633, 0.34210256, 0.34728625, 0.36930436, 0.3460919, 0.37083098, 0.35862583, 0.37024862, 0.37488183, 0.37625715, 0.38018623, 0.38405135, 0.3682753, 0.3798053, 0.37696683, 0.38118786, 0.35536754, 0.3728134], "std": [0.09102073, 0.078303896, 0.05231647, 0.041565724, 0.07473447, 0.07890176, 0.058461696, 0.07300689, 0.051544357, 0.052583132, 0.04489758, 0.056362353, 0.06930942, 0.074154854, 0.054118875, 0.07071474, 0.071738206, 0.07178005, 0.056722697, 0.034120034, 0.07212056, 0.08808739, 0.049574114, 0.08477368, 0.08632286, 0.07165376, 0.05831052, 0.07292465, 0.0808022, 0.08657123, 0.07648153, 0.07368734, 0.059190508, 0.06987746, 0.05895741, 0.05519958, 0.072488315, 0.05611382, 0.055270612, 0.06059108, 0.055261865, 0.051812626, 0.048719246, 0.04503454, 0.05732998, 0.058774974, 0.05947569, 0.055341776, 0.07068116, 0.050780687], "var": [0.98, 0.98, 0.98, 0.96, 0.94, 0.94, 0.92, 0.92, 0.9, 0.9, 0.86, 0.84, 0.84, 0.84, 0.82, 0.8, 0.8, 0.78, 0.78, 0.78, 0.8, 0.8, 0.8, 0.76, 0.74, 0.72, 0.72, 0.72, 0.72, 0.72, 0.7, 0.66, 0.68, 0.66, 0.66, 0.66, 0.62, 0.6, 0.62, 0.62, 0.62, 0.6, 0.64, 0.64, 0.66, 0.66, 0.66, 0.64, 0.62, 0.6], "best": [0.45555553, 0.4844444, 0.38222227, 0.3760771, 0.47724864, 0.47831976, 0.41986534, 0.48985502, 0.42461538, 0.40738204, 0.4087647, 0.3840278, 0.3847443, 0.47701892, 0.40940174, 0.3866097, 0.379305, 0.42058083, 0.4258065, 0.4277027, 0.38931623, 0.47516933, 0.4756335, 0.43109247, 0.43179765, 0.41131318, 0.47533938, 0.4343725, 0.43456507, 0.4750496, 0.43568376, 0.47568, 0.47647187, 0.4771545, 0.43984964, 0.44015846, 0.44095746, 0.44206896, 0.4302573, 0.4778322, 0.47866097, 0.44339526, 0.464731, 0.4446881, 0.4363853, 0.46526608, 0.4656746, 0.46638998, 0.4817742, 0.44086024], "duration": [43126, 40455, 53188, 43078, 50169, 47974, 39494, 38854, 45325, 39221, 38796, 38109, 38302, 39203, 39667, 38639, 39036, 46205, 39147, 46298, 39263, 46158, 39557, 39424, 38733, 39516, 38874, 45006, 39649, 52348, 39440, 46418, 40105, 39574, 38775, 46561, 38873, 39770, 39846, 39969, 39929, 53214, 52498, 40037, 39657, 39817, 52949, 39883, 39238, 46602]}