{"avg": [0.27074072, 0.30059257, 0.30953217, 0.30955622, 0.30561122, 0.30854455, 0.32705176, 0.32955554, 0.32371795, 0.31653473, 0.31980446, 0.31223774, 0.30790344, 0.32980353, 0.31704375, 0.29416797, 0.30388704, 0.32692763, 0.34644738, 0.3556095, 0.31222624, 0.34346205, 0.36218974, 0.32403517, 0.31469905, 0.34089828, 0.34947094, 0.311256, 0.33211958, 0.3320883, 0.34932852, 0.3515537, 0.37075406, 0.3484132, 0.3808758, 0.37029046, 0.3682384, 0.3747657, 0.34193417, 0.35826975, 0.38308704, 0.3858152, 0.3879215, 0.3926871, 0.36317807, 0.41896254, 0.39041987, 0.3985264, 0.37869257, 0.41870677], "std": [0.09061897, 0.07738616, 0.05121819, 0.045742135, 0.07337135, 0.08153322, 0.058461696, 0.07081267, 0.05217813, 0.05451387, 0.04489758, 0.053836267, 0.0738566, 0.074154854, 0.05851726, 0.07071474, 0.07535643, 0.0719783, 0.056722697, 0.033409372, 0.07723098, 0.08646692, 0.049574114, 0.08567792, 0.087640464, 0.071219735, 0.05780383, 0.07484854, 0.080512315, 0.08895149, 0.07656276, 0.072650306, 0.06190857, 0.07688048, 0.040050294, 0.06359215, 0.044666212, 0.06707957, 0.065004885, 0.06670124, 0.06388785, 0.051648114, 0.052705545, 0.051568262, 0.057535063, 0.047113992, 0.053340834, 0.05553805, 0.06646583, 0.05070725], "var": [0.98, 0.98, 0.98, 0.96, 0.94, 0.94, 0.92, 0.92, 0.9, 0.9, 0.86, 0.84, 0.84, 0.84, 0.82, 0.8, 0.8, 0.78, 0.78, 0.78, 0.8, 0.82, 0.82, 0.78, 0.76, 0.74, 0.74, 0.74, 0.74, 0.74, 0.72, 0.68, 0.7, 0.68, 0.7, 0.72, 0.7, 0.68, 0.7, 0.7, 0.7, 0.7, 0.68, 0.66, 0.62, 0.6, 0.6, 0.58, 0.56, 0.58], "best": [0.45555553, 0.4844444, 0.38222227, 0.3760771, 0.47724864, 0.47831976, 0.41986534, 0.4787439, 0.42461538, 0.40738204, 0.4087647, 0.3840278, 0.3847443, 0.47701892, 0.40940174, 0.3866097, 0.379305, 0.42058083, 0.4258065, 0.4277027, 0.42820513, 0.47516933, 0.4756335, 0.43109247, 0.43179765, 0.41131318, 0.47533938, 0.4343725, 0.43456507, 0.4750496, 0.43561256, 0.47568, 0.47647187, 0.4771545, 0.44053888, 0.47779807, 0.43013048, 0.46380237, 0.4644781, 0.46505198, 0.4801029, 0.44610593, 0.46689495, 0.4815476, 0.4683349, 0.48263884, 0.48378918, 0.48456872, 0.48522976, 0.48566023], "duration": [43097, 39987, 52948, 43029, 49797, 47846, 39281, 38690, 45187, 39174, 38861, 38023, 39188, 39012, 39632, 38456, 39016, 46134, 39022, 46131, 39074, 45974, 39568, 39337, 38508, 39588, 38866, 45004, 39379, 52291, 39457, 46065, 39931, 39351, 39815, 40014, 39640, 39542, 39275, 39416, 39502, 39558, 39581, 40217, 39245, 40091, 39949, 39536, 39748, 46717]}