{"avg": [0.16666667, 0.10672619, 0.14450297, 0.21171783, 0.15786242, 0.21409899, 0.23700526, 0.1726495, 0.2695412, 0.20124878, 0.20163786, 0.25407967, 0.17536765, 0.24937399, 0.22005622, 0.24151205, 0.18938372, 0.24500062, 0.2531825, 0.20285228, 0.25415996, 0.3530187, 0.29837373, 0.2217765, 0.30122516, 0.30771363, 0.27538192, 0.2807711, 0.3361294, 0.36523348, 0.30829304, 0.24957852, 0.29563892, 0.34147936, 0.3426641, 0.27732658, 0.30341595, 0.28880534, 0.33244914, 0.3216918, 0.25753474, 0.3730149, 0.27249607, 0.30002478, 0.27453515, 0.31989753, 0.3303831, 0.30286324, 0.33206636, 0.28739348], "std": [0.18898223, 0.1770481, 0.19391496, 0.19814691, 0.19334841, 0.20190796, 0.19842036, 0.20251474, 0.19079973, 0.20130746, 0.20169583, 0.19701517, 0.19896214, 0.19317782, 0.2038585, 0.19725618, 0.20255241, 0.20020719, 0.19624396, 0.20289895, 0.20105293, 0.14435954, 0.1801363, 0.20541129, 0.1820115, 0.17799596, 0.19505194, 0.19878775, 0.16186716, 0.13868323, 0.18642195, 0.20406365, 0.19128959, 0.16462053, 0.16523926, 0.1965823, 0.19628724, 0.20467518, 0.18495438, 0.18630148, 0.21588711, 0.1472691, 0.21159238, 0.20295429, 0.21020968, 0.19370995, 0.19126557, 0.21439236, 0.19303715, 0.21293637], "var": [1.0, 1.0, 1.0, 1.0, 0.98, 0.94, 0.92, 0.9, 0.86, 0.86, 0.84, 0.82, 0.8, 0.8, 0.78, 0.78, 0.8, 0.76, 0.76, 0.74, 0.72, 0.72, 0.72, 0.68, 0.68, 0.7, 0.66, 0.68, 0.66, 0.62, 0.64, 0.64, 0.64, 0.6, 0.6, 0.56, 0.54, 0.56, 0.54, 0.56, 0.54, 0.54, 0.52, 0.54, 0.54, 0.52, 0.5, 0.46, 0.42, 0.38], "best": [0.3809524, 0.4122024, 0.41105995, 0.41428575, 0.3992857, 0.41561905, 0.4179089, 0.41887286, 0.42235863, 0.41312024, 0.41407344, 0.42052355, 0.42480266, 0.4031199, 0.4220483, 0.41428575, 0.42211297, 0.42191932, 0.42355168, 0.41656104, 0.42242905, 0.42480657, 0.427659, 0.42746624, 0.42828205, 0.4303777, 0.43082514, 0.43168768, 0.4350895, 0.4358499, 0.43816853, 0.440385, 0.44081494, 0.44151017, 0.44240668, 0.44337437, 0.44349036, 0.44561672, 0.4477338, 0.45018315, 0.45158216, 0.45321867, 0.455101, 0.45602795, 0.45740274, 0.45814034, 0.45979133, 0.46176744, 0.46390438, 0.4655374], "duration": [1305, 1276, 1169, 1135, 1080, 1103, 1076, 1320, 1080, 1087, 1090, 1082, 1277, 1100, 1073, 1093, 1128, 1272, 1110, 1103, 1109, 1121, 1077, 1061, 1101, 1288, 1105, 1288, 1097, 1100, 1080, 1077, 1085, 1090, 1120, 1095, 1106, 1070, 1081, 1305, 1283, 1312, 1077, 1091, 1283, 1100, 1184, 1006, 1034, 1043]}