{"avg": [0.25523812, 0.32161173, 0.28893554, 0.29841933, 0.25675252, 0.30471203, 0.31524882, 0.30196077, 0.3238335, 0.3259377, 0.3285714, 0.32019353, 0.30217624, 0.3359205, 0.32970163, 0.32968336, 0.34324417, 0.32336888, 0.3126235, 0.33129278, 0.33215067, 0.3359666, 0.3622836, 0.35500908, 0.36801627, 0.35943225, 0.35875478, 0.37345487, 0.3539369, 0.3303709, 0.38800353, 0.37072656, 0.35868958, 0.35921004, 0.38336647, 0.3434021, 0.33958444, 0.34002727, 0.38249233, 0.37371534, 0.35160697, 0.39736468, 0.35604954, 0.39470938, 0.39424717, 0.4191987, 0.38279513, 0.39245757, 0.3954109, 0.39775562], "std": [0.086692825, 0.050482474, 0.07051677, 0.047374588, 0.07160487, 0.070643604, 0.049369533, 0.06456839, 0.058472574, 0.05475203, 0.058322728, 0.06744292, 0.0693416, 0.05309292, 0.07035626, 0.08143881, 0.080991946, 0.065500036, 0.078579105, 0.09712103, 0.08423281, 0.08234567, 0.057326537, 0.060654897, 0.061354175, 0.06891904, 0.0809333, 0.0670999, 0.07713515, 0.06247099, 0.06834984, 0.060321826, 0.10086381, 0.08427871, 0.077821985, 0.09471343, 0.12139019, 0.07698979, 0.10255158, 0.05038368, 0.08127534, 0.07461897, 0.10030005, 0.07828218, 0.07813772, 0.07411659, 0.08650632, 0.09905938, 0.07357183, 0.088003784], "var": [0.98, 0.96, 0.96, 0.96, 0.94, 0.92, 0.9, 0.9, 0.86, 0.84, 0.86, 0.86, 0.86, 0.86, 0.86, 0.84, 0.82, 0.82, 0.82, 0.78, 0.78, 0.76, 0.74, 0.72, 0.7, 0.72, 0.7, 0.72, 0.72, 0.72, 0.74, 0.74, 0.72, 0.7, 0.7, 0.68, 0.68, 0.68, 0.64, 0.62, 0.62, 0.64, 0.64, 0.62, 0.62, 0.58, 0.58, 0.58, 0.58, 0.56], "best": [0.4333333, 0.46222222, 0.35833332, 0.38402116, 0.3565183, 0.45111108, 0.41471374, 0.45555556, 0.45710382, 0.45456788, 0.45844445, 0.45919192, 0.40274727, 0.45762143, 0.4604938, 0.46132755, 0.46196234, 0.46404493, 0.46420184, 0.46421406, 0.4659259, 0.46445784, 0.4677173, 0.4685792, 0.4689354, 0.4709488, 0.4723301, 0.4742745, 0.47488582, 0.47216117, 0.4769285, 0.47896907, 0.48010644, 0.4821705, 0.48258147, 0.484578, 0.48462895, 0.4419162, 0.4857063, 0.48162043, 0.44383374, 0.48756447, 0.48898986, 0.49034956, 0.49304557, 0.49418655, 0.49651536, 0.49730456, 0.49080157, 0.4987941], "duration": [44217, 41423, 47488, 40266, 40896, 41161, 40469, 54722, 41581, 40857, 40968, 41395, 54787, 41333, 40755, 48516, 48806, 48416, 48218, 41299, 48303, 41746, 41793, 41634, 41491, 40986, 41717, 41785, 41403, 40866, 42018, 42072, 41400, 56186, 41930, 41714, 48337, 41365, 41970, 41951, 41853, 42133, 41126, 49025, 42031, 42227, 41271, 55874, 41938, 46255]}