{"avg": [0.26481482, 0.295037, 0.3048538, 0.30400065, 0.30181006, 0.3052766, 0.32045898, 0.33131158, 0.31828803, 0.3354762, 0.32579738, 0.3054891, 0.33258882, 0.3351433, 0.31541273, 0.3246645, 0.34724924, 0.3447806, 0.36935958, 0.3621892, 0.32116547, 0.33793148, 0.35307592, 0.3407016, 0.36439046, 0.35732615, 0.33749053, 0.3679372, 0.3748446, 0.36349478, 0.37360707, 0.3737223, 0.39481837, 0.38159722, 0.36427352, 0.38815486, 0.40485585, 0.37864465, 0.3491775, 0.38763428, 0.4034722, 0.40607348, 0.39901823, 0.40819138, 0.37937096, 0.37986812, 0.41690013, 0.41954732, 0.39995778, 0.39761955], "std": [0.092444316, 0.07882455, 0.0487054, 0.041831408, 0.075039074, 0.07910466, 0.054433685, 0.050361525, 0.084183894, 0.067671716, 0.07936439, 0.06488352, 0.050528202, 0.061437134, 0.07423669, 0.068231344, 0.04391871, 0.05025012, 0.06568737, 0.07567623, 0.06072917, 0.06539009, 0.070436984, 0.07881033, 0.06772384, 0.051459096, 0.06241741, 0.06717871, 0.06590113, 0.07313516, 0.061397117, 0.085939996, 0.06411566, 0.0733994, 0.05483752, 0.07525771, 0.05889159, 0.09360028, 0.09463563, 0.083137564, 0.06979571, 0.06882094, 0.089695215, 0.08276859, 0.096143976, 0.09929101, 0.085206226, 0.07772978, 0.07687409, 0.084059395], "var": [0.98, 0.98, 0.98, 0.96, 0.94, 0.94, 0.92, 0.92, 0.92, 0.9, 0.9, 0.88, 0.88, 0.86, 0.84, 0.82, 0.8, 0.8, 0.82, 0.8, 0.78, 0.76, 0.76, 0.74, 0.74, 0.72, 0.74, 0.76, 0.74, 0.72, 0.72, 0.72, 0.7, 0.66, 0.66, 0.66, 0.64, 0.66, 0.64, 0.62, 0.62, 0.6, 0.64, 0.66, 0.64, 0.62, 0.62, 0.62, 0.62, 0.62], "best": [0.44999996, 0.47888887, 0.3644444, 0.37052152, 0.47169307, 0.47276422, 0.41430977, 0.41704333, 0.47123453, 0.47266662, 0.47317073, 0.38041428, 0.4001718, 0.43354702, 0.47355554, 0.47426775, 0.4214786, 0.42482576, 0.4744755, 0.4780874, 0.47928345, 0.47958577, 0.48032013, 0.48125562, 0.4815972, 0.4476783, 0.48174223, 0.48225307, 0.48333332, 0.48461536, 0.4854727, 0.4862784, 0.48766986, 0.48899367, 0.48998776, 0.4903446, 0.49232984, 0.4937886, 0.4950273, 0.49553236, 0.49606153, 0.49753177, 0.49865666, 0.4997584, 0.50099146, 0.5012749, 0.5028532, 0.5042501, 0.505817, 0.5066795], "duration": [43104, 40133, 53179, 43062, 49944, 47881, 45896, 38814, 38882, 39456, 39044, 38967, 39634, 38975, 45845, 39550, 45704, 45636, 46737, 39143, 51532, 39674, 38978, 38977, 39045, 39186, 39213, 39387, 60330, 46607, 39651, 39622, 39965, 39910, 39943, 40819, 39913, 39974, 39961, 46867, 39999, 39577, 53126, 39546, 39647, 46869, 40142, 40035, 39911, 39421]}