{"avg": [0.025396826, 0.0, 0.0, 0.0, 0.0, 0.0, 0.0, 0.02641785, 0.0, 0.0, 0.0, 0.021759648, 0.0, 0.0, 0.024554245, 0.0, 0.0, 0.0, 0.0, 0.0, 0.0, 0.0, 0.0, 0.0, 0.0, 0.0, 0.0, 0.0, 0.0, 0.0, 0.0, 0.0, 0.0, 0.0, 0.0, 0.0, 0.0, 0.0, 0.0, 0.0, 0.0, 0.0, 0.0, 0.0, 0.0, 0.0, 0.0, 0.0, 0.0, 0.0], "std": [0.09502622, 0.0, 0.0, 0.0, 0.0, 0.0, 0.0, 0.09884652, 0.0, 0.0, 0.0, 0.08971733, 0.0, 0.0, 0.09509819, 0.0, 0.0, 0.0, 0.0, 0.0, 0.0, 0.0, 0.0, 0.0, 0.0, 0.0, 0.0, 0.0, 0.0, 0.0, 0.0, 0.0, 0.0, 0.0, 0.0, 0.0, 0.0, 0.0, 0.0, 0.0, 0.0, 0.0, 0.0, 0.0, 0.0, 0.0, 0.0, 0.0, 0.0, 0.0], "var": [1.0, 1.0, 1.0, 1.0, 1.0, 1.0, 1.0, 1.0, 1.0, 1.0, 1.0, 1.0, 1.0, 1.0, 1.0, 1.0, 1.0, 1.0, 1.0, 1.0, 1.0, 1.0, 1.0, 1.0, 1.0, 1.0, 1.0, 1.0, 1.0, 1.0, 1.0, 1.0, 1.0, 1.0, 1.0, 1.0, 1.0, 1.0, 1.0, 1.0, 1.0, 1.0, 1.0, 1.0, 1.0, 1.0, 1.0, 1.0, 1.0, 1.0], "best": [0.3809524, 0.0, 0.0, 0.0, 0.0, 0.0, 0.0, 0.39626774, 0.0, 0.0, 0.0, 0.39167365, 0.0, 0.0, 0.39286792, 0.0, 0.0, 0.0, 0.0, 0.0, 0.0, 0.0, 0.0, 0.0, 0.0, 0.0, 0.0, 0.0, 0.0, 0.0, 0.0, 0.0, 0.0, 0.0, 0.0, 0.0, 0.0, 0.0, 0.0, 0.0, 0.0, 0.0, 0.0, 0.0, 0.0, 0.0, 0.0, 0.0, 0.0, 0.0], "duration": [3697, 4262, 3674, 3725, 3676, 3718, 3738, 3747, 3792, 3633, 4637, 4308, 3801, 4339, 4572, 3712, 3640, 4286, 3709, 3783, 4750, 3701, 3674, 3722, 3657, 3980, 3774, 4635, 3761, 3696, 3697, 3722, 3755, 3732, 3730, 4644, 3839, 3736, 3726, 4008, 4083, 3810, 3708, 3705, 3692, 3723, 3696, 3669, 3662, 4554]}