{"avg": [0.25055555, 0.27957404, 0.28423977, 0.27999273, 0.28068432, 0.28534192, 0.29875317, 0.29816666, 0.3047076, 0.28921995, 0.29661486, 0.28949594, 0.28607112, 0.30794716, 0.2955926, 0.26909882, 0.27943867, 0.3006734, 0.31912908, 0.32653433, 0.28247863, 0.31047472, 0.30075046, 0.2891875, 0.30147994, 0.28726324, 0.3156841, 0.30860874, 0.29526564, 0.32052177, 0.31756705, 0.31242213, 0.33544588, 0.30543852, 0.3435759, 0.32304645, 0.32866395, 0.32921857, 0.31848276, 0.322907, 0.32555753, 0.3332111, 0.32210702, 0.35000843, 0.3403771, 0.36345306, 0.34635812, 0.35495076, 0.34075174, 0.3476508], "std": [0.08177525, 0.07094504, 0.048193637, 0.03977084, 0.06680872, 0.07147799, 0.052833337, 0.063152194, 0.045057826, 0.054736312, 0.04305741, 0.05677371, 0.062386226, 0.061985187, 0.05366306, 0.0644387, 0.061718423, 0.0658664, 0.053862546, 0.02953565, 0.06769293, 0.07648775, 0.050338387, 0.07467861, 0.07555519, 0.0633494, 0.058057606, 0.067910604, 0.076629765, 0.047675043, 0.07613838, 0.05793769, 0.042869505, 0.037626248, 0.04233434, 0.04292015, 0.04161591, 0.043447886, 0.05296998, 0.05703886, 0.06225414, 0.051208355, 0.05600376, 0.04497669, 0.05371039, 0.0384265, 0.06094194, 0.04454345, 0.05841353, 0.044779077], "var": [0.98, 0.98, 0.98, 0.96, 0.94, 0.94, 0.92, 0.92, 0.9, 0.9, 0.86, 0.84, 0.84, 0.84, 0.82, 0.8, 0.8, 0.78, 0.8, 0.8, 0.8, 0.78, 0.78, 0.76, 0.74, 0.76, 0.76, 0.76, 0.74, 0.74, 0.74, 0.72, 0.72, 0.7, 0.68, 0.7, 0.68, 0.68, 0.7, 0.68, 0.66, 0.66, 0.64, 0.64, 0.6, 0.6, 0.6, 0.58, 0.6, 0.56], "best": [0.41666666, 0.44555557, 0.35027775, 0.34413263, 0.43835977, 0.43943092, 0.38653198, 0.43985507, 0.39128205, 0.390411, 0.3782091, 0.3909091, 0.34944883, 0.44040653, 0.39155355, 0.35081908, 0.34722772, 0.38724747, 0.3898447, 0.3898649, 0.3905983, 0.439126, 0.39161792, 0.39327732, 0.39448962, 0.37911257, 0.3947631, 0.39560354, 0.39684376, 0.39747024, 0.39849138, 0.39923453, 0.39993322, 0.38208738, 0.40012577, 0.4, 0.40089127, 0.40127096, 0.40168634, 0.4392544, 0.40250668, 0.4026521, 0.44070122, 0.4025832, 0.44138685, 0.40422, 0.40594244, 0.443306, 0.40802142, 0.39952007], "duration": [43071, 39987, 52889, 42908, 49841, 47802, 39296, 38607, 45031, 39277, 38853, 38136, 38201, 38995, 39816, 38392, 39003, 45607, 39280, 46217, 38952, 45913, 38713, 37993, 38506, 38522, 39210, 45999, 38496, 38946, 38924, 52110, 39344, 38819, 39871, 44724, 39361, 38977, 38642, 39707, 39657, 39424, 39102, 38988, 40008, 39870, 38885, 46603, 39765, 40044]}