{"avg": [0.2548718, 0.28463814, 0.28798476, 0.28763923, 0.28997922, 0.2868502, 0.30309844, 0.3146535, 0.3072488, 0.32198766, 0.30184916, 0.28693822, 0.3095287, 0.32570451, 0.29695657, 0.28920898, 0.28389746, 0.29798746, 0.30185133, 0.31863388, 0.33108255, 0.292523, 0.3274809, 0.32959524, 0.3045478, 0.3418485, 0.30384126, 0.32364574, 0.355153, 0.32528186, 0.34416288, 0.3343811, 0.3577764, 0.35926494, 0.36878663, 0.35750332, 0.32170162, 0.3677436, 0.38143444, 0.3484261, 0.34373555, 0.3492871, 0.36396727, 0.33382463, 0.37003747, 0.36409053, 0.3809853, 0.3835661, 0.41272283, 0.385654], "std": [0.08481872, 0.07364097, 0.0484964, 0.042871702, 0.07003455, 0.07175647, 0.056917083, 0.04868602, 0.07621867, 0.06429116, 0.06215776, 0.04617426, 0.06430721, 0.05992591, 0.073358424, 0.06751574, 0.054949854, 0.041154135, 0.0675805, 0.062434763, 0.046459295, 0.071479306, 0.06003603, 0.061163586, 0.07644699, 0.07193252, 0.084919356, 0.06773429, 0.0765197, 0.060590964, 0.06833161, 0.091536514, 0.06850172, 0.056732506, 0.065899454, 0.06505464, 0.08059695, 0.07765962, 0.07010107, 0.09533316, 0.083871864, 0.088776186, 0.07624927, 0.08451095, 0.08038439, 0.085519746, 0.08456463, 0.083330765, 0.07324686, 0.07632798], "var": [0.98, 0.98, 0.98, 0.96, 0.94, 0.94, 0.92, 0.92, 0.88, 0.88, 0.88, 0.86, 0.82, 0.8, 0.82, 0.8, 0.8, 0.8, 0.82, 0.8, 0.8, 0.78, 0.78, 0.74, 0.7, 0.66, 0.68, 0.68, 0.7, 0.72, 0.7, 0.7, 0.74, 0.72, 0.68, 0.68, 0.68, 0.66, 0.64, 0.62, 0.6, 0.6, 0.58, 0.54, 0.54, 0.56, 0.56, 0.54, 0.58, 0.56], "best": [0.42820513, 0.45709404, 0.35957265, 0.35086343, 0.44989824, 0.45096937, 0.3942243, 0.39695784, 0.4491928, 0.45079288, 0.3591443, 0.3540171, 0.4498038, 0.45053217, 0.38296223, 0.3994956, 0.3998718, 0.3510956, 0.39993766, 0.40091634, 0.44923565, 0.40317425, 0.44966105, 0.5041447, 0.45112726, 0.5053478, 0.5066716, 0.4073793, 0.507366, 0.4116397, 0.5090776, 0.5098027, 0.5110975, 0.4575, 0.5127582, 0.4580839, 0.51382345, 0.51402324, 0.5148272, 0.5159744, 0.51710624, 0.5176193, 0.47167465, 0.47330606, 0.518368, 0.51902646, 0.5197266, 0.5210298, 0.521674, 0.48069754], "duration": [42944, 39743, 52665, 42874, 49755, 47825, 45620, 38653, 44830, 40087, 37305, 38169, 45973, 39725, 44666, 38479, 38319, 39089, 39736, 39162, 46218, 38990, 39925, 39744, 39202, 39627, 38315, 38676, 39731, 38319, 39077, 39070, 45770, 39357, 39547, 38866, 38643, 39368, 39556, 39540, 39734, 39266, 39348, 39212, 39602, 38893, 39419, 39591, 40239, 39789]}