{"avg": [0.25350428, 0.28258693, 0.28596044, 0.2856246, 0.28633553, 0.28488946, 0.30316252, 0.31286016, 0.30501533, 0.32020316, 0.3005241, 0.2923522, 0.3146569, 0.32603487, 0.29526258, 0.28809837, 0.29152995, 0.3036256, 0.29538456, 0.31686002, 0.32752353, 0.2909301, 0.32414445, 0.33614728, 0.30232644, 0.36458445, 0.2947131, 0.28006285, 0.3255394, 0.3158889, 0.33035445, 0.33648762, 0.32381892, 0.33792213, 0.33534187, 0.3329874, 0.32787633, 0.31906667, 0.3478293, 0.3150714, 0.36095893, 0.38115856, 0.32514596, 0.32617915, 0.3529262, 0.3585409, 0.34611127, 0.33952907, 0.33315134, 0.35511786], "std": [0.082646705, 0.07175855, 0.04570205, 0.042908877, 0.0688134, 0.070073806, 0.05145537, 0.047853213, 0.07500098, 0.06309796, 0.060759757, 0.043516938, 0.06179131, 0.057581186, 0.06835124, 0.07194027, 0.075559966, 0.062833585, 0.053609185, 0.061585754, 0.046098694, 0.07008132, 0.066654675, 0.052425813, 0.07503974, 0.059562966, 0.06288329, 0.065128766, 0.04362842, 0.059018787, 0.06340738, 0.053604122, 0.059308257, 0.05059352, 0.06724027, 0.050305042, 0.056707896, 0.057376213, 0.08576018, 0.058965147, 0.06326628, 0.039468497, 0.06758414, 0.069527194, 0.076718, 0.06454136, 0.061665457, 0.07277304, 0.07515793, 0.08330334], "var": [0.98, 0.98, 0.98, 0.96, 0.94, 0.94, 0.92, 0.92, 0.88, 0.88, 0.88, 0.86, 0.84, 0.82, 0.82, 0.8, 0.8, 0.8, 0.82, 0.8, 0.8, 0.78, 0.78, 0.76, 0.74, 0.72, 0.72, 0.74, 0.72, 0.74, 0.72, 0.72, 0.72, 0.72, 0.68, 0.66, 0.66, 0.66, 0.68, 0.68, 0.64, 0.62, 0.62, 0.6, 0.56, 0.56, 0.56, 0.52, 0.5, 0.5], "best": [0.42051283, 0.44940174, 0.3544444, 0.35086343, 0.44220594, 0.4432771, 0.3916602, 0.39439377, 0.4417474, 0.44331983, 0.35401607, 0.35444447, 0.4422815, 0.4429971, 0.38039815, 0.39693153, 0.4420513, 0.44330072, 0.354781, 0.3966036, 0.4431206, 0.39890334, 0.44340554, 0.4972743, 0.44457233, 0.49841118, 0.37820515, 0.40465876, 0.40490094, 0.40571305, 0.49961975, 0.4075822, 0.39717293, 0.40979874, 0.44638348, 0.4117223, 0.4124309, 0.4124467, 0.50056505, 0.3771194, 0.5011134, 0.44730315, 0.41655824, 0.41707516, 0.4178677, 0.44754365, 0.42158857, 0.4585223, 0.4595393, 0.50344867], "duration": [42921, 39920, 52866, 42796, 49909, 47722, 45654, 38773, 44868, 39928, 37279, 38150, 45949, 39675, 44787, 38529, 38684, 39805, 38945, 39124, 46056, 38852, 39127, 39707, 38693, 39396, 38550, 37331, 39108, 38637, 45438, 39147, 38925, 39277, 39335, 39449, 39815, 39616, 38585, 39434, 39819, 39307, 38702, 52041, 38961, 39273, 45013, 38223, 38463, 39803]}