{"avg": [0.2525926, 0.28429633, 0.28929827, 0.2847943, 0.28765804, 0.28821778, 0.30472797, 0.30974302, 0.30685544, 0.32169276, 0.30206257, 0.29377314, 0.31162274, 0.32531905, 0.2966301, 0.28511956, 0.28800288, 0.30245224, 0.29662448, 0.3181876, 0.33149108, 0.2968194, 0.32333562, 0.3332344, 0.3063386, 0.3636955, 0.29650602, 0.2838509, 0.3197371, 0.3228444, 0.32769608, 0.32403207, 0.315059, 0.30924433, 0.3518593, 0.3568555, 0.31034854, 0.3230983, 0.33846217, 0.32808658, 0.3434873, 0.32971162, 0.3274932, 0.32946754, 0.3453886, 0.3649585, 0.3535464, 0.33246893, 0.38231158, 0.3665502], "std": [0.08530041, 0.07241157, 0.047384083, 0.04051971, 0.06939596, 0.071853206, 0.05181723, 0.04709597, 0.07534582, 0.06348273, 0.061330374, 0.043806672, 0.06306583, 0.058836944, 0.0677597, 0.0730306, 0.07528345, 0.06619473, 0.05774904, 0.06186091, 0.04593865, 0.067281134, 0.07026732, 0.057857245, 0.075449646, 0.06363308, 0.06345322, 0.065964445, 0.048014212, 0.06259768, 0.03446908, 0.051631585, 0.07369554, 0.06830067, 0.071980804, 0.05226479, 0.05053323, 0.061607294, 0.0442892, 0.08232727, 0.059894282, 0.061166923, 0.067314215, 0.06384913, 0.051874094, 0.07704457, 0.088501215, 0.09755936, 0.06887219, 0.06922114], "var": [0.98, 0.98, 0.98, 0.96, 0.94, 0.94, 0.92, 0.92, 0.88, 0.88, 0.88, 0.86, 0.84, 0.82, 0.82, 0.8, 0.8, 0.8, 0.82, 0.8, 0.8, 0.78, 0.78, 0.76, 0.74, 0.72, 0.72, 0.74, 0.74, 0.74, 0.74, 0.74, 0.72, 0.72, 0.72, 0.72, 0.7, 0.7, 0.72, 0.72, 0.72, 0.74, 0.72, 0.74, 0.72, 0.7, 0.7, 0.68, 0.68, 0.7], "best": [0.42444444, 0.45333335, 0.35666665, 0.35052153, 0.44613755, 0.44720867, 0.3931987, 0.39593223, 0.44567898, 0.44725144, 0.35623828, 0.35666668, 0.44621313, 0.4469287, 0.38330412, 0.39847, 0.4461111, 0.4473535, 0.35608795, 0.3981421, 0.44736767, 0.4004418, 0.44762453, 0.501309, 0.44876638, 0.50242376, 0.382082, 0.40619722, 0.40643942, 0.50334555, 0.4075106, 0.4076191, 0.5039482, 0.4085861, 0.50428694, 0.45154667, 0.3682445, 0.41185188, 0.45145497, 0.45181966, 0.452065, 0.39843562, 0.41388476, 0.4142157, 0.41412726, 0.50580335, 0.50655055, 0.5072673, 0.5077395, 0.49858198], "duration": [43151, 40033, 52843, 42921, 50060, 47913, 45724, 38693, 44966, 39928, 37412, 38246, 45972, 39733, 44838, 38748, 38777, 39904, 39152, 39182, 46105, 39170, 39278, 39776, 38930, 39539, 38699, 37485, 45689, 45123, 38919, 39675, 38442, 39357, 39287, 45853, 39266, 39535, 60117, 39479, 39847, 40034, 39543, 45937, 39878, 39623, 39527, 39750, 40252, 59561]}