{"avg": [0.19333334, 0.22692065, 0.22983706, 0.22649418, 0.23084794, 0.23305495, 0.2439717, 0.25144923, 0.24563316, 0.24498978, 0.24821097, 0.24709918, 0.24830897, 0.2443844, 0.24795349, 0.28918898, 0.2616741, 0.27835348, 0.2824476, 0.2671484, 0.2860232, 0.2908826, 0.27298573, 0.28763735, 0.27668875, 0.3039983, 0.2790057, 0.31254983, 0.30881295, 0.29509953, 0.2900978, 0.30936226, 0.33290246, 0.3148961, 0.31612545, 0.35058612, 0.3316154, 0.36313796, 0.3543627, 0.36559287, 0.3601397, 0.37436774, 0.38395557, 0.37129185, 0.38627416, 0.39415327, 0.37803355, 0.35684893, 0.36250246, 0.3620934], "std": [0.065450646, 0.05571506, 0.037558965, 0.03706849, 0.053666696, 0.055460084, 0.045288645, 0.037192903, 0.06255633, 0.06168025, 0.05840299, 0.06223131, 0.052796464, 0.049961757, 0.07904048, 0.054939892, 0.03346412, 0.05095707, 0.04919289, 0.058307786, 0.063458115, 0.06236445, 0.04824387, 0.07802872, 0.070062265, 0.07217234, 0.06331445, 0.06179474, 0.06343898, 0.07444316, 0.091189615, 0.080375254, 0.06217772, 0.06452623, 0.07201977, 0.061348792, 0.06815481, 0.06260499, 0.06743235, 0.06389894, 0.06943494, 0.063578635, 0.06467981, 0.07577742, 0.073276766, 0.06393536, 0.06830812, 0.08696366, 0.08482867, 0.091330715], "var": [0.98, 0.98, 0.98, 0.96, 0.94, 0.94, 0.92, 0.92, 0.92, 0.9, 0.88, 0.86, 0.84, 0.82, 0.8, 0.78, 0.74, 0.74, 0.74, 0.72, 0.74, 0.7, 0.7, 0.68, 0.68, 0.66, 0.62, 0.6, 0.58, 0.54, 0.54, 0.52, 0.5, 0.48, 0.48, 0.48, 0.46, 0.46, 0.46, 0.46, 0.44, 0.42, 0.4, 0.4, 0.38, 0.38, 0.38, 0.36, 0.34, 0.32], "best": [0.325, 0.3683333, 0.2888095, 0.27959183, 0.35753968, 0.35914633, 0.31551227, 0.3196126, 0.35685185, 0.35999998, 0.36036584, 0.36228812, 0.3259205, 0.3620192, 0.36178413, 0.3633333, 0.33532366, 0.36891142, 0.3700704, 0.37184384, 0.37405062, 0.3756042, 0.354014, 0.3770604, 0.38, 0.38226816, 0.38668674, 0.3872093, 0.3886261, 0.39152172, 0.3933438, 0.3955102, 0.39803922, 0.4009962, 0.41097784, 0.40300718, 0.41576654, 0.41824323, 0.42129934, 0.42356, 0.42063183, 0.42827743, 0.43088672, 0.43105838, 0.4361664, 0.43927577, 0.443306, 0.4458556, 0.44784594, 0.44945723], "duration": [42839, 39611, 52447, 37756, 49389, 47408, 45343, 38421, 38095, 39075, 38572, 39266, 38703, 45278, 38965, 39454, 38855, 39185, 39432, 45314, 39175, 38759, 42945, 43903, 46199, 39521, 45229, 39253, 45605, 45538, 39391, 45966, 45788, 38770, 39463, 39742, 46139, 52921, 39413, 39707, 39910, 39743, 40039, 39460, 40046, 39777, 46190, 46271, 39570, 39822]}