{"avg": [0.33274177, 0.36793253, 0.41545168, 0.37868333, 0.38786814, 0.46367812, 0.5508516, 0.55430704, 0.53031534, 0.5586006, 0.5146297, 0.5155117, 0.545245, 0.5492368, 0.5292325, 0.5015721, 0.5220259, 0.5815373, 0.58745927, 0.5364158, 0.59123605, 0.56169045, 0.5968456, 0.59898204, 0.56827766, 0.60462075, 0.54891264, 0.57932603, 0.61311746, 0.5880009, 0.56185716, 0.59263563, 0.560972, 0.5923294, 0.47025847, 0.5629804, 0.6310014, 0.6328048, 0.6041493, 0.56896645, 0.60369694, 0.55143857, 0.48755127, 0.6411859, 0.57097363, 0.6153743, 0.5801124, 0.5613791, 0.58511364, 0.5795044, 0.54613143, 0.5809975, 0.65014005, 0.52078485, 0.61916494, 0.62142575, 0.5910363, 0.62127846, 0.5512807, 0.56590647, 0.5575558, 0.5371794, 0.6000483, 0.6578446, 0.6270642, 0.658972, 0.5996004, 0.56580406, 0.62915087, 0.6280426, 0.6284723, 0.5989434, 0.6293174, 0.55237985, 0.57278204], "std": [0.24411547, 0.24219722, 0.22070174, 0.240945, 0.23905219, 0.1914227, 0.027566042, 0.025981367, 0.116315104, 0.02655454, 0.16762622, 0.16808605, 0.12858324, 0.11797834, 0.1600366, 0.19936089, 0.17913269, 0.0145085445, 0.004374096, 0.16968805, 0.0050200922, 0.13624638, 0.0031816454, 0.003151832, 0.13785414, 0.0025064033, 0.1781253, 0.13296142, 0.0028622304, 0.12540404, 0.17769669, 0.12933776, 0.1869985, 0.13962594, 0.27151027, 0.19310166, 1.1920929e-07, 5.9604645e-08, 0.13509189, 0.19515389, 0.14229275, 0.21911941, 0.27254945, 5.9604645e-08, 0.20186964, 0.13119823, 0.19337077, 0.2174212, 0.18983588, 0.19876838, 0.23648185, 0.1992805, 5.9604645e-08, 0.2603925, 0.14204618, 0.138955, 0.19175749, 0.14253107, 0.23871152, 0.22486845, 0.23422036, 0.25322878, 0.18517885, 0.0, 0.14021581, 2.3841858e-07, 0.1896103, 0.23098853, 0.14068243, 0.14408281, 0.14418146, 0.19432287, 0.14437531, 0.24703175, 0.22760049], "var": [1.0, 1.0, 1.0, 1.0, 1.0, 1.0, 1.0, 1.0, 1.0, 1.0, 1.0, 1.0, 1.0, 1.0, 0.96, 0.92, 0.96, 0.96, 0.96, 1.0, 0.8, 0.84, 0.72, 0.68, 0.68, 0.64, 0.56, 0.44, 0.4, 0.28, 0.2, 0.16, 0.16, 0.16, 0.12, 0.08, 0.08, 0.08, 0.08, 0.08, 0.08, 0.08, 0.08, 0.08, 0.08, 0.08, 0.08, 0.08, 0.08, 0.08, 0.08, 0.08, 0.08, 0.08, 0.08, 0.08, 0.08, 0.08, 0.08, 0.08, 0.08, 0.08, 0.08, 0.08, 0.08, 0.08, 0.08, 0.08, 0.08, 0.08, 0.08, 0.08, 0.08, 0.08, 0.08], "best": [0.55102044, 0.56220055, 0.56464165, 0.56573904, 0.5669482, 0.57081074, 0.5717897, 0.57406807, 0.5752153, 0.5773324, 0.5785858, 0.5805687, 0.5803202, 0.58292866, 0.58671063, 0.58898216, 0.59254473, 0.59218067, 0.59581214, 0.59758127, 0.59953165, 0.5979273, 0.6021853, 0.6045626, 0.6064727, 0.60843533, 0.6102494, 0.6125354, 0.6147661, 0.61687756, 0.6192846, 0.6215631, 0.62384117, 0.6258177, 0.6275886, 0.6293754, 0.6310013, 0.63280475, 0.6343568, 0.6359037, 0.63723564, 0.6385078, 0.6399111, 0.64118594, 0.6423453, 0.6433459, 0.6445693, 0.64558595, 0.6467045, 0.6476814, 0.64853114, 0.64935017, 0.6501401, 0.6509811, 0.65175265, 0.65249693, 0.65325063, 0.65397733, 0.65464574, 0.6552602, 0.6559481, 0.6565526, 0.65719557, 0.6578446, 0.6584174, 0.65897226, 0.6595605, 0.66010475, 0.6606085, 0.6610974, 0.66154987, 0.66199, 0.6624394, 0.6628558, 0.66322124], "duration": [19573, 24125, 24896, 9857, 8770, 23982, 49272, 38567, 64335, 63597, 62932, 63669, 47552, 72397, 74463, 58690, 52712, 67551, 72482, 77730, 73190, 77651, 72483, 67327, 72726, 78093, 88282, 78593, 77936, 62507, 98406, 98485, 77664, 62461, 64320, 62662, 88151, 67943, 72584, 62207, 72659, 67296, 82867, 69047, 62142, 88080, 83424, 72532, 73254, 82803, 62076, 82791, 77714, 67244, 73001, 68822, 72921, 72489, 83562, 72444, 67412, 77673, 98431, 62371, 62207, 72508, 88187, 67281, 88659, 63095, 72554, 72776, 72525, 62125, 88468]}