{"avg": [0.49400008, 0.49866667, 0.49733344, 0.49933335, 0.49600005, 0.49533334, 0.49400008, 0.49866673, 0.49933335, 0.49266678, 0.49666676, 0.49666676, 0.49666676, 0.49466676, 0.49000004, 0.49333337, 0.49666673, 0.49266672, 0.486, 0.49266672, 0.49066666, 0.49, 0.48266673, 0.48533344, 0.48333344], "std": [0.13378091, 0.13063264, 0.1336397, 0.13241181, 0.1315953, 0.13131979, 0.13177253, 0.13415742, 0.13490574, 0.13221027, 0.13486624, 0.13535964, 0.13585128, 0.13154799, 0.1305118, 0.13695092, 0.13437095, 0.1361845, 0.1366406, 0.13812874, 0.1358169, 0.13747725, 0.13650233, 0.13970758, 0.13585116], "var": [1.0, 0.9866667, 0.98, 0.97333336, 0.97333336, 0.98, 0.97333336, 0.96666664, 0.96, 0.9533333, 0.94, 0.93333334, 0.92, 0.91333336, 0.91333336, 0.9066667, 0.9066667, 0.9066667, 0.9, 0.88666666, 0.88, 0.88, 0.88, 0.87333333, 0.8666667], "best": [0.9, 0.9, 0.9, 0.9, 0.9, 0.9, 0.9, 0.9, 0.9, 0.9, 0.9, 0.9, 0.9, 0.8, 0.8, 0.8, 0.8, 0.8, 0.8, 0.8, 0.8, 0.8, 0.8, 0.8, 0.8], "duration": [283517, 282613, 282900, 281423, 280383, 278702, 279486, 280047, 276848, 276667, 275289, 274806, 270968, 270900, 270636, 272889, 271600, 272356, 273735, 274008, 274085, 269272, 270229, 269945, 270109]}