{"avg": [0.16666667, 0.1548535, 0.17435345, 0.17902118, 0.1758654, 0.17818278, 0.1872535, 0.16436781, 0.2342474, 0.28610888, 0.25107798, 0.20003383, 0.13367605, 0.24092063, 0.20063362, 0.23354548, 0.22675367, 0.24291928, 0.16692272, 0.27944398, 0.14506385, 0.22681037, 0.21542196, 0.2694877, 0.22667688, 0.26408714, 0.20486231, 0.3246806, 0.2819223, 0.26077607, 0.23144078, 0.2417367, 0.20651989, 0.30808955, 0.23031634, 0.25863996, 0.32796666, 0.3146479, 0.30394045, 0.19337948, 0.25961515, 0.35543036, 0.3354279, 0.2764711, 0.33807495, 0.32956117, 0.30013737, 0.3418903, 0.30807456, 0.3133256], "std": [0.18898223, 0.19596383, 0.19774196, 0.1979526, 0.1994338, 0.19927496, 0.1986264, 0.19646887, 0.19600998, 0.1809676, 0.19450442, 0.20006342, 0.18905136, 0.19673301, 0.20064442, 0.19918527, 0.20000187, 0.19836211, 0.19952051, 0.1884154, 0.19463582, 0.2000848, 0.20155032, 0.1905985, 0.20276043, 0.19506946, 0.20489396, 0.16247644, 0.19010925, 0.19447127, 0.20412548, 0.20230404, 0.20657696, 0.17803581, 0.20324099, 0.2003916, 0.16416241, 0.17475156, 0.18341316, 0.2068092, 0.19841152, 0.1453255, 0.1678628, 0.19567879, 0.16255479, 0.17226395, 0.18633956, 0.16444968, 0.18596247, 0.1890299], "var": [1.0, 0.98, 0.98, 0.96, 0.92, 0.92, 0.9, 0.9, 0.94, 0.94, 0.92, 0.9, 0.88, 0.88, 0.88, 0.86, 0.88, 0.9, 0.86, 0.86, 0.82, 0.8, 0.8, 0.78, 0.8, 0.84, 0.82, 0.82, 0.84, 0.84, 0.82, 0.82, 0.8, 0.78, 0.76, 0.72, 0.7, 0.66, 0.66, 0.64, 0.64, 0.62, 0.6, 0.6, 0.62, 0.6, 0.62, 0.62, 0.66, 0.64], "best": [0.3809524, 0.4122024, 0.41198686, 0.40465608, 0.40967035, 0.4118166, 0.40216455, 0.40250412, 0.40275693, 0.40561906, 0.40635893, 0.4061376, 0.40452144, 0.40698412, 0.40539685, 0.4075084, 0.4085165, 0.4089717, 0.40993294, 0.41125545, 0.41191947, 0.41083407, 0.41259083, 0.41148534, 0.41254961, 0.4127932, 0.41317198, 0.41459084, 0.41635063, 0.41699228, 0.41677535, 0.41703007, 0.4186223, 0.41993546, 0.4212327, 0.42198262, 0.41952467, 0.42309606, 0.42486945, 0.42626655, 0.4262462, 0.4260534, 0.42709482, 0.4288479, 0.4292005, 0.42761907, 0.4303166, 0.43081942, 0.43199408, 0.432932], "duration": [1196, 1079, 1000, 1404, 1003, 1183, 1005, 1001, 1003, 997, 1008, 1017, 1002, 1171, 1011, 1192, 1193, 1010, 1017, 1028, 1040, 1008, 1004, 1008, 1010, 1315, 1347, 1017, 1177, 1011, 1208, 1036, 1038, 1039, 1040, 1033, 1020, 1040, 1014, 1085, 1204, 1011, 997, 1003, 996, 1031, 1338, 1007, 1003, 1039]}