{"avg": [0.2637607, 0.29592025, 0.29899237, 0.29945803, 0.2929675, 0.29743406, 0.31075534, 0.32106248, 0.3192101, 0.33558175, 0.3051503, 0.2973976, 0.3211809, 0.32681623, 0.30954078, 0.32672104, 0.3371432, 0.34273258, 0.33359355, 0.33876258, 0.34587818, 0.34020203, 0.3453538, 0.31699055, 0.3432056, 0.364819, 0.36302218, 0.36227053, 0.35771698, 0.3717618, 0.35121635, 0.35868907, 0.36960176, 0.3743509, 0.357367, 0.37113145, 0.37901825, 0.36672848, 0.37286675, 0.37317568, 0.3568109, 0.36084428, 0.3791654, 0.3964174, 0.3839475, 0.3933029, 0.3908977, 0.38871333, 0.4126614, 0.3935594], "std": [0.08708324, 0.07603299, 0.052834902, 0.04466614, 0.07186364, 0.07862602, 0.059302654, 0.05650347, 0.0787866, 0.06560667, 0.07004417, 0.067009725, 0.04483349, 0.06817425, 0.055270396, 0.03508157, 0.055177398, 0.050299298, 0.055487793, 0.05411492, 0.031735037, 0.05527095, 0.063617855, 0.05274551, 0.058679666, 0.051090777, 0.05478464, 0.051433615, 0.07094367, 0.058762368, 0.05778156, 0.06296717, 0.06308964, 0.048202276, 0.055359658, 0.05320135, 0.066820726, 0.056461785, 0.06792987, 0.062443674, 0.08733828, 0.08987923, 0.05419585, 0.051305685, 0.081817545, 0.05715397, 0.08468633, 0.065787986, 0.053401686, 0.07378636], "var": [0.98, 0.98, 0.98, 0.96, 0.94, 0.94, 0.92, 0.92, 0.88, 0.88, 0.9, 0.88, 0.88, 0.86, 0.84, 0.86, 0.84, 0.84, 0.86, 0.82, 0.8, 0.76, 0.76, 0.74, 0.72, 0.7, 0.7, 0.68, 0.68, 0.66, 0.64, 0.66, 0.64, 0.6, 0.62, 0.58, 0.6, 0.6, 0.6, 0.56, 0.54, 0.54, 0.52, 0.52, 0.5, 0.5, 0.5, 0.5, 0.5, 0.48], "best": [0.44358978, 0.47247866, 0.37239313, 0.366248, 0.4652829, 0.466354, 0.40960893, 0.41234246, 0.46482432, 0.46639678, 0.37316957, 0.3757265, 0.39581373, 0.4648596, 0.39630136, 0.3916318, 0.41749978, 0.4209936, 0.42388996, 0.42516717, 0.39504978, 0.4286325, 0.46432617, 0.43096924, 0.43132067, 0.46460614, 0.4348222, 0.43771496, 0.46489248, 0.44044575, 0.44401708, 0.46535, 0.44590154, 0.44723713, 0.44907942, 0.44938955, 0.44993374, 0.45230147, 0.45353866, 0.45459807, 0.4556624, 0.46577728, 0.4661343, 0.45790055, 0.45955947, 0.46065953, 0.46545902, 0.46344683, 0.4648871, 0.46619383], "duration": [43206, 40193, 52941, 42962, 49883, 47982, 45747, 38981, 45091, 39780, 37420, 39328, 39522, 39434, 39503, 45644, 39190, 46257, 39776, 43683, 39806, 39134, 39435, 43560, 39559, 46233, 46573, 46745, 40132, 39761, 39299, 39504, 58003, 46662, 39087, 39971, 43882, 39695, 39660, 39493, 43799, 44273, 46514, 46866, 40028, 52925, 54839, 39541, 40001, 39409]}