{"avg": [0.26984125, 0.24425395, 0.2283069, 0.2443235, 0.27575812, 0.22735813, 0.2391335, 0.26193914, 0.2902259, 0.34064326, 0.31862506, 0.25012672, 0.38603866, 0.35857424, 0.36901098, 0.28510883, 0.3724817, 0.23996729, 0.37959743, 0.27404782, 0.36592063, 0.3559637, 0.41584277, 0.28347617, 0.466105, 0.43500513, 0.4319467, 0.41145903, 0.4140698, 0.32564306, 0.37719566, 0.40494564, 0.39466292, 0.39097238, 0.39451224, 0.42273378, 0.4924687, 0.46434253, 0.39865357, 0.40483123, 0.42898542, 0.44130623, 0.46768168, 0.43439987, 0.44429046, 0.5036802, 0.50674385, 0.4709471, 0.44875824, 0.46594572], "std": [0.19258097, 0.19994761, 0.21405588, 0.21277012, 0.2078345, 0.21405168, 0.21235652, 0.20448393, 0.19568169, 0.18438226, 0.19503292, 0.21214068, 0.14957163, 0.17502014, 0.16116755, 0.21257623, 0.16267917, 0.2235406, 0.14718325, 0.22034355, 0.18762113, 0.19043986, 0.1468236, 0.22246717, 0.03591275, 0.117102385, 0.11562773, 0.15833981, 0.16480866, 0.20742805, 0.19119668, 0.16999386, 0.1846055, 0.18223949, 0.19899823, 0.17475514, 0.032146618, 0.1268102, 0.19487447, 0.18969311, 0.17108837, 0.1692485, 0.13824682, 0.1731603, 0.17705172, 0.03850907, 0.031054655, 0.13960093, 0.16740455, 0.1294393], "var": [0.98, 0.98, 0.98, 0.96, 0.94, 0.92, 0.88, 0.88, 0.86, 0.82, 0.8, 0.78, 0.76, 0.76, 0.76, 0.76, 0.74, 0.76, 0.74, 0.72, 0.7, 0.68, 0.64, 0.64, 0.62, 0.6, 0.58, 0.56, 0.54, 0.52, 0.5, 0.52, 0.5, 0.5, 0.5, 0.48, 0.48, 0.48, 0.44, 0.44, 0.42, 0.42, 0.44, 0.42, 0.4, 0.38, 0.42, 0.4, 0.42, 0.4], "best": [0.47619048, 0.4396825, 0.44857144, 0.48063493, 0.49087974, 0.49217224, 0.49399352, 0.49574175, 0.4959127, 0.49824563, 0.5006938, 0.4588927, 0.50090957, 0.50316644, 0.5026984, 0.5032458, 0.4985516, 0.50412196, 0.5045113, 0.50491387, 0.50563496, 0.50962967, 0.51205677, 0.5136426, 0.5162088, 0.518055, 0.5189514, 0.52036524, 0.5212061, 0.5227669, 0.5230176, 0.52442497, 0.5255732, 0.5266875, 0.52721614, 0.5289631, 0.53119963, 0.5336273, 0.5353543, 0.5370043, 0.5385211, 0.53962964, 0.541464, 0.542756, 0.54379684, 0.5460986, 0.54791623, 0.5490231, 0.5505985, 0.55175793], "duration": [6976, 1886, 1880, 11708, 11664, 6771, 11641, 6757, 11699, 11894, 11632, 1938, 11653, 11763, 11724, 11703, 16593, 6854, 6819, 11791, 21365, 26386, 21866, 11556, 21439, 21814, 16539, 16525, 11643, 11714, 21482, 21456, 16627, 11998, 26380, 26296, 21866, 21436, 26345, 26541, 26252, 26300, 21416, 31177, 26345, 26368, 26430, 31255, 31614, 26455]}