{"avg": [0.18055554, 0.19867726, 0.22189154, 0.22724867, 0.2097553, 0.15751323, 0.2136508, 0.17425473, 0.16522291, 0.31799254, 0.18303572, 0.19770865, 0.109442115, 0.2207958, 0.22149801, 0.14769287, 0.1746463, 0.20907031, 0.217674, 0.19247474, 0.1961823, 0.13933125, 0.18770088, 0.21869256, 0.26495948, 0.23058291, 0.1732072, 0.1676333, 0.2415099, 0.16385582, 0.19951196, 0.14726986, 0.18719006, 0.19212165, 0.2014626, 0.19582838, 0.1504275, 0.1989269, 0.19062181, 0.2532986, 0.22963077, 0.18165861, 0.15778567, 0.19942397, 0.25622424, 0.18951648, 0.18596588, 0.17827271, 0.25475615, 0.2815603], "std": [0.07415965, 0.14715227, 0.045532107, 0.09788776, 0.041980963, 0.08444389, 0.086329415, 0.118226096, 0.04095371, 0.08933381, 0.054699063, 0.08800643, 0.08485983, 0.07657863, 0.050451204, 0.042943053, 0.11174589, 0.048325535, 0.07641479, 0.048889205, 0.10978413, 0.076382935, 0.05569488, 0.08381525, 0.050715577, 0.055945445, 0.040054455, 0.10430574, 0.06772364, 0.08846414, 0.104852125, 0.048007064, 0.092255965, 0.066382155, 0.052533202, 0.080758594, 0.09765582, 0.1341761, 0.1087863, 0.07546709, 0.10828285, 0.10349936, 0.08530356, 0.07732757, 0.03430546, 0.09476261, 0.051261976, 0.116750985, 0.06494264, 0.058158144], "var": [1.0, 1.0, 1.0, 1.0, 1.0, 1.0, 1.0, 1.0, 1.0, 1.0, 1.0, 1.0, 1.0, 1.0, 1.0, 1.0, 1.0, 1.0, 1.0, 1.0, 1.0, 1.0, 1.0, 1.0, 1.0, 1.0, 1.0, 1.0, 1.0, 1.0, 1.0, 1.0, 1.0, 1.0, 1.0, 1.0, 1.0, 1.0, 1.0, 1.0, 1.0, 1.0, 1.0, 1.0, 1.0, 1.0, 1.0, 1.0, 1.0, 1.0], "best": [0.32142857, 0.4746032, 0.25198415, 0.3738095, 0.27718255, 0.23841272, 0.3472222, 0.3652729, 0.23611957, 0.378198, 0.23750001, 0.34569892, 0.23746501, 0.3436937, 0.27232143, 0.23859358, 0.3586439, 0.24829932, 0.34423077, 0.25142857, 0.3326355, 0.23356754, 0.26945683, 0.36892232, 0.33557725, 0.32970443, 0.23700726, 0.34273505, 0.3713404, 0.24920635, 0.33215654, 0.23748678, 0.2582883, 0.25100973, 0.27431974, 0.33370054, 0.33559927, 0.34397495, 0.33289647, 0.33363095, 0.38064185, 0.33103308, 0.24856357, 0.33110598, 0.3320585, 0.23811357, 0.25155437, 0.34292743, 0.33374742, 0.37921312], "duration": [1105, 1014, 1048, 5382, 1048, 941, 1027, 1052, 881, 5363, 920, 960, 5798, 969, 995, 985, 5801, 1024, 984, 933, 986, 978, 996, 1022, 1010, 1009, 919, 941, 1006, 911, 913, 907, 5873, 1035, 913, 1000, 927, 1019, 1006, 1015, 5374, 940, 1006, 1634, 1018, 921, 5797, 992, 997, 949]}