{"avg": [0.26031747, 0.30927438, 0.30174056, 0.2737554, 0.2887897, 0.32333177, 0.2904018, 0.28805113, 0.32291904, 0.30638945, 0.2869849, 0.3286624, 0.30588156, 0.31502804, 0.3250687, 0.31538704, 0.34725145, 0.32993802, 0.34933057, 0.3552164, 0.33919847, 0.33712152, 0.36181018, 0.34616527, 0.36899453, 0.37327582, 0.3652888, 0.3639295, 0.3666516, 0.34282434, 0.36281177, 0.39022705, 0.3785642, 0.3967172, 0.35612902, 0.38747406, 0.384577, 0.40746018, 0.40346408, 0.39946264, 0.40537658, 0.40548652, 0.41105613, 0.4045672, 0.39946076, 0.39460632, 0.4181561, 0.4408449, 0.4040623, 0.4365116], "std": [0.08539034, 0.05683859, 0.04499246, 0.070875674, 0.08158855, 0.057746813, 0.06774806, 0.045170784, 0.055095725, 0.07545484, 0.07015481, 0.062801175, 0.0554473, 0.08051492, 0.0636697, 0.06760688, 0.045255255, 0.053157773, 0.05925965, 0.04524595, 0.042273756, 0.03383438, 0.07117437, 0.054138444, 0.06284812, 0.04633638, 0.05909832, 0.072397426, 0.056315042, 0.048945725, 0.0931881, 0.066153385, 0.06354877, 0.05085959, 0.06927232, 0.071854316, 0.05961716, 0.06110669, 0.05162051, 0.07418971, 0.07711363, 0.06272121, 0.050671674, 0.076109625, 0.079547845, 0.07707035, 0.06099024, 0.055079337, 0.05097697, 0.049802445], "var": [1.0, 1.0, 1.0, 1.0, 0.98, 0.98, 0.96, 0.96, 0.94, 0.92, 0.92, 0.9, 0.9, 0.86, 0.84, 0.82, 0.82, 0.8, 0.78, 0.82, 0.8, 0.8, 0.76, 0.76, 0.76, 0.76, 0.74, 0.74, 0.76, 0.72, 0.72, 0.72, 0.7, 0.7, 0.68, 0.66, 0.64, 0.62, 0.62, 0.6, 0.6, 0.58, 0.6, 0.62, 0.62, 0.58, 0.58, 0.58, 0.6, 0.62], "best": [0.4333333, 0.46222222, 0.36141217, 0.36504328, 0.45555556, 0.4561403, 0.37008283, 0.34492946, 0.4593496, 0.46038643, 0.39044568, 0.46007752, 0.36858678, 0.45837477, 0.46080244, 0.46080112, 0.4636122, 0.4622971, 0.46489987, 0.4665544, 0.41186723, 0.38244495, 0.46704867, 0.44826007, 0.46649122, 0.47153652, 0.47320417, 0.4741608, 0.47321293, 0.41617802, 0.4744235, 0.4783435, 0.4804076, 0.48001277, 0.48361266, 0.4838768, 0.48306784, 0.48631155, 0.48819908, 0.48937905, 0.49114993, 0.4927536, 0.4922222, 0.4928994, 0.49420288, 0.49744678, 0.49866113, 0.49950382, 0.50184935, 0.5024211], "duration": [42987, 39406, 38567, 38645, 39188, 39420, 38678, 39017, 39556, 39386, 38711, 46861, 39238, 46119, 39588, 45137, 46126, 39418, 39721, 46941, 52587, 38891, 40246, 39775, 39856, 40138, 40153, 40568, 40127, 47051, 40237, 40372, 47136, 40342, 40321, 40314, 40289, 40434, 40373, 40212, 40037, 37902, 40398, 40433, 40457, 40349, 47211, 47160, 40374, 40499]}