{"avg": [0.19787045, 0.26340503, 0.28562766, 0.316208, 0.37901115, 0.39048374, 0.42803392, 0.43689066, 0.50093037, 0.49392256, 0.58563495, 0.5991391, 0.6305835, 0.61854255, 0.6626982, 0.62916803, 0.64882576, 0.67022216, 0.6734493, 0.6573843, 0.6476346, 0.6512353, 0.6753686, 0.6722325, 0.6782138, 0.6962905, 0.6946542, 0.70181453, 0.7098266, 0.70058185, 0.71442205, 0.7088923, 0.7121109, 0.6930029, 0.7108951, 0.7102929, 0.7177433, 0.7131922, 0.70510143, 0.70983386, 0.70055073, 0.7165008, 0.6928309, 0.7214969, 0.7156035, 0.7132675, 0.7163726, 0.6963755, 0.7147914, 0.706162, 0.7222749, 0.7347531, 0.73495346, 0.7414716, 0.7179619, 0.7170185, 0.7305208, 0.7182238, 0.72769684, 0.72936916, 0.7458067, 0.74052274, 0.7379885, 0.7316412, 0.7311206, 0.72154754, 0.7262931, 0.6979126, 0.71346784, 0.7245216, 0.7435273, 0.7296616, 0.7192483, 0.7360104, 0.72806406], "std": [0.14397739, 0.11488969, 0.13643228, 0.14062358, 0.15915573, 0.16201816, 0.13953161, 0.16641909, 0.14018822, 0.14946964, 0.09316783, 0.1107499, 0.106010936, 0.11020078, 0.037717167, 0.060206167, 0.059505537, 0.038227405, 0.039150886, 0.055324778, 0.058221318, 0.06106989, 0.050124303, 0.053899758, 0.05179247, 0.0370685, 0.042668246, 0.036568426, 0.026927955, 0.04291883, 0.02543786, 0.03734973, 0.03580105, 0.053799644, 0.04126524, 0.04362587, 0.036730442, 0.04367923, 0.051268652, 0.0489186, 0.055228192, 0.045634042, 0.059066504, 0.042848222, 0.048979595, 0.051314723, 0.049920306, 0.059463788, 0.05215322, 0.056917906, 0.048082866, 0.035944104, 0.03673469, 0.027342467, 0.053021986, 0.05392008, 0.044650074, 0.05392009, 0.048082855, 0.047227908, 0.027342474, 0.036734693, 0.040496197, 0.04722791, 0.048082862, 0.054534093, 0.052153185, 0.06113963, 0.058404475, 0.053920113, 0.038482018, 0.051314715, 0.056917906, 0.047227915, 0.05302196], "var": [1.0, 1.0, 1.0, 1.0, 1.0, 1.0, 1.0, 1.0, 1.0, 0.92, 0.96, 0.96, 1.0, 1.0, 1.0, 1.0, 0.92, 0.88, 0.76, 0.72, 0.64, 0.6, 0.48, 0.36, 0.32, 0.36, 0.36, 0.36, 0.36, 0.36, 0.28, 0.24, 0.2, 0.16, 0.16, 0.12, 0.08, 0.08, 0.08, 0.08, 0.04, 0.04, 0.04, 0.04, 0.04, 0.04, 0.04, 0.04, 0.04, 0.04, 0.04, 0.04, 0.04, 0.04, 0.04, 0.04, 0.04, 0.04, 0.04, 0.04, 0.04, 0.04, 0.04, 0.04, 0.04, 0.04, 0.04, 0.04, 0.04, 0.04, 0.04, 0.04, 0.04, 0.04, 0.04], "best": [0.4642857, 0.4736025, 0.4755814, 0.5292517, 0.65411764, 0.6578297, 0.6606272, 0.65955734, 0.663979, 0.66582185, 0.667129, 0.6715561, 0.6741218, 0.67622644, 0.6843157, 0.6864168, 0.6900659, 0.69231415, 0.6946429, 0.6969388, 0.69992876, 0.70217687, 0.7044582, 0.7068013, 0.7090476, 0.71138304, 0.71332604, 0.7154433, 0.717356, 0.71911293, 0.7209319, 0.72275215, 0.72423035, 0.7258687, 0.7272367, 0.72889423, 0.7302982, 0.73166543, 0.7330171, 0.73444843, 0.73567903, 0.73690903, 0.73794377, 0.7389895, 0.74009323, 0.741097, 0.7421513, 0.74302256, 0.7439459, 0.7448301, 0.7455984, 0.7464147, 0.7471985, 0.74791634, 0.7485741, 0.749242, 0.74985474, 0.7504472, 0.75102043, 0.75163263, 0.75225127, 0.75276774, 0.7532945, 0.75390476, 0.7544443, 0.75494254, 0.7554478, 0.75591475, 0.75632507, 0.7567449, 0.7571328, 0.7574908, 0.7579164, 0.7582737, 0.7586762], "duration": [12870, 14073, 14431, 19444, 13002, 12775, 15508, 17186, 19479, 16591, 13671, 14625, 18032, 19016, 17785, 13353, 14709, 15934, 13592, 15352, 15052, 15882, 15649, 14653, 16977, 14669, 17191, 16854, 16013, 17183, 16637, 14515, 22724, 16136, 18271, 13839, 14211, 15613, 17266, 14349, 18741, 14859, 14480, 16455, 15399, 15689, 15868, 16761, 15461, 17006, 15965, 14255, 17106, 20624, 15617, 14408, 14221, 14602, 16945, 22943, 16627, 14829, 18067, 15463, 19311, 15767, 15487, 14202, 14535, 15668, 15558, 20356, 20160, 17152, 16005]}