{"avg": [0.21798943, 0.22645502, 0.24867727, 0.2636357, 0.24306853, 0.2631065, 0.25787562, 0.24288768, 0.26616138, 0.2615126, 0.26908872, 0.26245683, 0.2913724, 0.291192, 0.26124334, 0.2671651, 0.26837403, 0.30570608, 0.27242815, 0.3252189, 0.30958253, 0.25122705, 0.31540942, 0.25513855, 0.27502552, 0.3300128, 0.25283232, 0.31532225, 0.2939916, 0.3058618, 0.3119146, 0.34732422, 0.3127377, 0.29123732, 0.3187644, 0.35049912, 0.34176552, 0.33513525, 0.3753784, 0.372133, 0.37578398, 0.36370867, 0.36402118, 0.37016866, 0.33599424, 0.3491753, 0.3905679, 0.40216717, 0.35657173, 0.4072837], "std": [0.12598372, 0.11620191, 0.120080024, 0.09737622, 0.1008302, 0.12046379, 0.102033146, 0.113360055, 0.09388128, 0.11737391, 0.1001208, 0.100030415, 0.08794372, 0.08777673, 0.1403208, 0.12415475, 0.10096223, 0.08983872, 0.07294524, 0.11370546, 0.09124459, 0.1396326, 0.08263396, 0.14352758, 0.077968195, 0.075958066, 0.09727525, 0.11821673, 0.11570929, 0.11838023, 0.09025176, 0.08141903, 0.0945096, 0.10018617, 0.12205465, 0.08601775, 0.1094254, 0.09091758, 0.08340744, 0.080146454, 0.057928216, 0.11846789, 0.06686854, 0.08427878, 0.11895104, 0.13922268, 0.106710814, 0.09706349, 0.12879182, 0.098993845], "var": [0.98, 0.98, 0.98, 0.94, 0.94, 0.92, 0.9, 0.9, 0.88, 0.88, 0.88, 0.88, 0.88, 0.86, 0.86, 0.84, 0.84, 0.8, 0.82, 0.78, 0.76, 0.78, 0.8, 0.82, 0.78, 0.78, 0.76, 0.74, 0.74, 0.76, 0.72, 0.72, 0.7, 0.66, 0.62, 0.62, 0.6, 0.56, 0.58, 0.56, 0.54, 0.54, 0.54, 0.54, 0.56, 0.56, 0.58, 0.58, 0.58, 0.56], "best": [0.47619048, 0.5050794, 0.50095236, 0.3389418, 0.36672047, 0.4958252, 0.36776698, 0.49574175, 0.50400794, 0.5071252, 0.35307017, 0.5084308, 0.4931365, 0.49431014, 0.5084932, 0.509623, 0.37015876, 0.5103841, 0.35078788, 0.5111274, 0.49388865, 0.51366264, 0.51415306, 0.5146623, 0.37363872, 0.5143725, 0.3691896, 0.515735, 0.51425993, 0.51470923, 0.5151016, 0.51561344, 0.37190285, 0.5256837, 0.5177632, 0.51632273, 0.5165079, 0.51735485, 0.52033776, 0.5191468, 0.520696, 0.52153665, 0.5228993, 0.5237599, 0.52432936, 0.52511317, 0.53474206, 0.53501135, 0.53690845, 0.5278369], "duration": [7554, 2403, 2571, 12281, 7451, 7352, 12307, 2440, 7837, 12273, 7348, 2631, 7520, 2542, 7432, 8052, 7786, 2377, 17177, 2562, 7350, 2574, 7826, 2453, 7358, 7445, 7363, 7849, 7334, 7850, 21968, 12246, 12260, 17192, 12305, 12250, 12334, 13083, 17537, 12279, 22088, 12297, 17632, 17245, 17275, 12305, 7321, 17281, 31927, 12354]}