{"avg": [0.26984125, 0.24425395, 0.2283069, 0.2443235, 0.27575812, 0.22735813, 0.2391335, 0.26193914, 0.2902259, 0.34064326, 0.31862506, 0.25012672, 0.38603866, 0.35857424, 0.36901098, 0.28510883, 0.3724817, 0.2779959, 0.37959743, 0.24599703, 0.3651947, 0.32303855, 0.30688423, 0.3618261, 0.370061, 0.43340135, 0.39679757, 0.37529543, 0.37229046, 0.41967335, 0.35332918, 0.45531282, 0.4740996, 0.3715074, 0.37218595, 0.42318282, 0.45962483, 0.34706488, 0.37454173, 0.36895728, 0.4271079, 0.4776363, 0.43398994, 0.40984607, 0.4603299, 0.42521417, 0.47281882, 0.5024195, 0.4717528, 0.45795035], "std": [0.19258097, 0.19994761, 0.21405588, 0.21277012, 0.2078345, 0.21405168, 0.21235652, 0.20448393, 0.19568169, 0.18438226, 0.19503292, 0.21214068, 0.14957163, 0.17502014, 0.16116755, 0.21257623, 0.16267917, 0.22152486, 0.14718325, 0.22130457, 0.1870995, 0.20716752, 0.21065705, 0.17798707, 0.18730454, 0.1140561, 0.15458183, 0.18302396, 0.18733564, 0.14637905, 0.18720223, 0.12371317, 0.032276977, 0.20793308, 0.19563045, 0.16936962, 0.12161745, 0.21872541, 0.21923603, 0.2003276, 0.16548999, 0.03266348, 0.16585685, 0.17001756, 0.12030008, 0.17030467, 0.12998515, 0.030844351, 0.12192141, 0.1699004], "var": [0.98, 0.98, 0.98, 0.96, 0.94, 0.92, 0.88, 0.88, 0.86, 0.82, 0.8, 0.78, 0.76, 0.76, 0.76, 0.76, 0.74, 0.76, 0.74, 0.72, 0.72, 0.68, 0.68, 0.66, 0.66, 0.66, 0.64, 0.62, 0.62, 0.64, 0.6, 0.6, 0.58, 0.58, 0.54, 0.56, 0.56, 0.54, 0.58, 0.54, 0.5, 0.52, 0.5, 0.48, 0.46, 0.44, 0.4, 0.38, 0.4, 0.36], "best": [0.47619048, 0.4396825, 0.44857144, 0.48063493, 0.49087974, 0.49217224, 0.49399352, 0.49574175, 0.4959127, 0.49824563, 0.5006938, 0.4588927, 0.50090957, 0.50316644, 0.5026984, 0.5032458, 0.4985516, 0.50412196, 0.5045113, 0.5042047, 0.50563496, 0.50962967, 0.5048632, 0.51076907, 0.51163006, 0.5123382, 0.5123016, 0.5143782, 0.51404095, 0.5149414, 0.5111111, 0.5165966, 0.5194356, 0.521138, 0.5213968, 0.5231911, 0.5252879, 0.52718467, 0.52879816, 0.5308016, 0.5315303, 0.5329728, 0.5330623, 0.53174603, 0.53481793, 0.53587484, 0.53714556, 0.5393725, 0.5410178, 0.54241854], "duration": [6947, 1829, 1868, 11733, 11623, 6728, 11679, 6754, 6727, 11891, 11630, 1880, 11610, 11705, 11614, 11625, 16526, 11700, 6855, 6820, 26312, 21348, 11904, 11704, 11652, 16921, 21482, 11711, 16612, 17223, 6815, 26328, 16667, 36448, 11673, 16684, 21531, 31581, 21426, 16584, 26412, 16881, 21562, 21433, 21564, 26379, 26408, 26744, 16642, 26402]}