{"avg": [0.33735582, 0.34370816, 0.393586, 0.41741025, 0.44930804, 0.48124248, 0.50701356, 0.5312572, 0.5333167, 0.5357796, 0.5582476, 0.5710503, 0.58148587, 0.6052822, 0.612521, 0.62233543, 0.6487148, 0.6551754, 0.6643015, 0.6716876, 0.6780381, 0.68455994, 0.68997276, 0.6925927, 0.69360435, 0.6999958, 0.6998863, 0.7068222, 0.7068315, 0.7115708, 0.714073, 0.71411467, 0.71025205, 0.7155789, 0.72063667, 0.71803254, 0.7240827, 0.7277753, 0.72965217, 0.72656405, 0.73262346, 0.73158634, 0.7357995, 0.7369669, 0.73578, 0.73737127, 0.7408296, 0.7393905, 0.7407721, 0.7441253, 0.7427595, 0.74335945, 0.74702173, 0.7479535, 0.74618876, 0.7495525, 0.74511725, 0.75100994, 0.74877274, 0.75241464, 0.75023776, 0.7537002, 0.7520968, 0.7465839, 0.7558144, 0.75647265, 0.7545318, 0.7491256, 0.7560446, 0.75885177, 0.75946516, 0.7599122, 0.75542647, 0.7556417, 0.7590088], "std": [0.10528547, 0.090228796, 0.098307505, 0.06287873, 0.07295712, 0.05924317, 0.04828754, 0.051676817, 0.053899787, 0.06301675, 0.062338248, 0.061531734, 0.055226054, 0.042647272, 0.043329965, 0.04262448, 0.033108935, 0.038436167, 0.039175715, 0.028127838, 0.027763557, 0.022660663, 0.017636226, 0.015140049, 0.01740356, 0.011428356, 0.014887943, 0.0038023337, 0.011018172, 0.0026435181, 0.0029590684, 0.011333957, 0.018182516, 0.0150671555, 0.010024255, 0.0174473, 0.010418258, 0.0018976226, 0.0016669217, 0.014365026, 0.0017960969, 0.010849399, 0.00051984587, 0.00090288185, 0.010882741, 0.00997695, 0.0010139239, 0.009989753, 0.0104342, 0.0012272053, 0.010936988, 0.01152461, 5.9604645e-08, 1.1920929e-07, 0.010936975, 1.1920929e-07, 0.015031473, 0.0, 0.011856056, 1.1920929e-07, 0.011524608, 0.0, 0.010430636, 0.01856496, 1.1920929e-07, 5.9604645e-08, 0.010936974, 0.018564938, 0.010202379, 1.7881393e-07, 0.0, 1.1920929e-07, 0.014693873, 0.015031451, 0.010202393], "var": [1.0, 0.96, 0.96, 0.96, 0.96, 0.92, 0.96, 0.96, 0.96, 0.96, 1.0, 0.96, 0.96, 1.0, 1.0, 1.0, 1.0, 0.92, 0.84, 0.8, 0.84, 0.88, 0.84, 0.8, 0.72, 0.68, 0.64, 0.56, 0.4, 0.4, 0.36, 0.32, 0.28, 0.2, 0.24, 0.32, 0.32, 0.28, 0.32, 0.28, 0.24, 0.2, 0.2, 0.2, 0.12, 0.08, 0.08, 0.08, 0.08, 0.04, 0.04, 0.04, 0.04, 0.04, 0.04, 0.04, 0.04, 0.04, 0.04, 0.04, 0.04, 0.04, 0.04, 0.04, 0.04, 0.04, 0.04, 0.04, 0.04, 0.04, 0.04, 0.04, 0.04, 0.04, 0.04], "best": [0.57551014, 0.47054127, 0.5821768, 0.58286947, 0.58700436, 0.5903201, 0.5941486, 0.60874635, 0.6114237, 0.6148384, 0.67449945, 0.6753855, 0.6770019, 0.6833169, 0.6861879, 0.6901949, 0.6924906, 0.6945849, 0.6962513, 0.6978815, 0.69935423, 0.7006504, 0.70209926, 0.70307624, 0.7043985, 0.70618165, 0.70781994, 0.7094194, 0.714592, 0.7164089, 0.7184004, 0.72015256, 0.72110283, 0.72337955, 0.7246729, 0.72657555, 0.72813755, 0.72966605, 0.7312008, 0.732543, 0.7337516, 0.7350292, 0.7361884, 0.73744065, 0.73866683, 0.73974913, 0.74106234, 0.7421651, 0.7433526, 0.7444146, 0.74533737, 0.74624056, 0.7470218, 0.7479536, 0.74876654, 0.74955237, 0.75027317, 0.75100994, 0.751834, 0.7524145, 0.753119, 0.7537002, 0.7544292, 0.75510204, 0.75581425, 0.7564727, 0.7571098, 0.75764376, 0.7582708, 0.7588516, 0.75946516, 0.7599121, 0.7603243, 0.7607973, 0.7612352], "duration": [110979, 113136, 97190, 98548, 87623, 97905, 118978, 106185, 113769, 134403, 86664, 96580, 90001, 90917, 98008, 110969, 104558, 132458, 90199, 83191, 83534, 113785, 83397, 91982, 114923, 107980, 85922, 92684, 106803, 113798, 92567, 85122, 92459, 106174, 99694, 100196, 114544, 99774, 114439, 100516, 143147, 85680, 92825, 114614, 92691, 107098, 121866, 99306, 99140, 100321, 92070, 113394, 114357, 92376, 106410, 92361, 92557, 92628, 107469, 107406, 106459, 93175, 114875, 93878, 86469, 115624, 93271, 120100, 97581, 96967, 110935, 83500, 83957, 90246, 90513]}