{"avg": [0.25952384, 0.2596561, 0.31792328, 0.25582013, 0.2518188, 0.25346562, 0.30222222, 0.255362, 0.29379433, 0.29942113, 0.25882939, 0.2667563, 0.26542953, 0.2957958, 0.2722917, 0.2560262, 0.25335577, 0.2558957, 0.30656287, 0.24763347, 0.2464149, 0.28031483, 0.30960566, 0.26988304, 0.29114994, 0.284948, 0.28558815, 0.29791412, 0.30658925, 0.27800924, 0.24879128, 0.25631747, 0.25104678, 0.2368836, 0.24527211, 0.27320936, 0.24728167, 0.25190702, 0.24134266, 0.27710816, 0.26217046, 0.26603782, 0.24260461, 0.24188429, 0.30939883, 0.26901832, 0.23834682, 0.25073272, 0.29245457, 0.31906027], "std": [0.03560831, 0.10886468, 0.027085476, 0.05002565, 0.025610726, 0.06230851, 0.061396033, 0.07737397, 0.06494499, 0.034558676, 0.047333494, 0.047243435, 0.05437787, 0.035735264, 0.044442017, 0.05220026, 0.09546594, 0.04123635, 0.051451262, 0.047033396, 0.07724284, 0.042909853, 0.0398533, 0.0759235, 0.038595375, 0.03302384, 0.018518137, 0.052277252, 0.02320941, 0.04451958, 0.037196007, 0.040542893, 0.042859644, 0.043684762, 0.016534043, 0.06965201, 0.078790925, 0.06028977, 0.057667494, 0.0802285, 0.049320973, 0.056335352, 0.038225275, 0.044856288, 0.054751556, 0.041025452, 0.042739768, 0.025523568, 0.04667046, 0.03962725], "var": [1.0, 1.0, 1.0, 1.0, 1.0, 1.0, 1.0, 1.0, 1.0, 1.0, 1.0, 1.0, 1.0, 1.0, 1.0, 1.0, 1.0, 1.0, 1.0, 1.0, 1.0, 1.0, 1.0, 1.0, 1.0, 1.0, 1.0, 1.0, 1.0, 1.0, 1.0, 1.0, 1.0, 1.0, 1.0, 1.0, 1.0, 1.0, 1.0, 1.0, 1.0, 1.0, 1.0, 1.0, 1.0, 1.0, 1.0, 1.0, 1.0, 1.0], "best": [0.30476192, 0.45555556, 0.356746, 0.33201057, 0.28869048, 0.34079364, 0.38531744, 0.38908246, 0.3556231, 0.34509805, 0.30059525, 0.31236562, 0.3541316, 0.34845558, 0.3394048, 0.31755263, 0.44197723, 0.30986395, 0.382326, 0.30199137, 0.34195402, 0.34426227, 0.36469492, 0.435589, 0.34272012, 0.3382266, 0.30605486, 0.35225883, 0.35273364, 0.34444442, 0.31568146, 0.30232805, 0.3130502, 0.30234358, 0.26955783, 0.37893865, 0.3951231, 0.32968923, 0.3305155, 0.37886906, 0.34103522, 0.3286521, 0.29348683, 0.30720046, 0.4046869, 0.30613554, 0.31345913, 0.29530838, 0.38976884, 0.35778454], "duration": [12517, 12680, 13095, 13458, 12775, 12542, 13421, 12722, 12526, 13045, 12474, 12664, 12900, 13172, 13387, 12474, 13921, 11986, 12685, 12646, 12034, 12661, 12514, 9167, 12762, 13270, 12933, 12534, 12439, 12541, 12929, 12924, 13007, 12752, 7996, 13325, 12631, 9283, 12665, 13315, 12097, 12378, 12021, 11905, 13277, 12027, 12036, 12126, 12725, 12653]}