{"avg": [0.26031747, 0.2896931, 0.29708436, 0.29300287, 0.2913673, 0.29402545, 0.31064278, 0.320574, 0.31279385, 0.32797393, 0.30798092, 0.29690805, 0.31779337, 0.33182698, 0.3001619, 0.29968658, 0.30354455, 0.3195991, 0.30029276, 0.3245186, 0.33548447, 0.2955653, 0.30438924, 0.31799594, 0.3158106, 0.3299219, 0.34295863, 0.31569436, 0.3513659, 0.33836153, 0.3555482, 0.3296956, 0.32974237, 0.3318611, 0.34083307, 0.34587842, 0.3471971, 0.37173587, 0.3750683, 0.36591995, 0.34366256, 0.3768983, 0.36567074, 0.38786432, 0.38100612, 0.37950182, 0.3893881, 0.39206457, 0.38241115, 0.3960189], "std": [0.08539034, 0.07409099, 0.04982655, 0.04365753, 0.07330871, 0.073289685, 0.052799568, 0.0491792, 0.07701867, 0.06492253, 0.06272913, 0.04499858, 0.06423988, 0.06008574, 0.06884161, 0.06759566, 0.070988365, 0.05423165, 0.05762753, 0.06301603, 0.04778378, 0.072513424, 0.053804707, 0.0600298, 0.079176724, 0.052898638, 0.06222704, 0.07381598, 0.038221303, 0.041260652, 0.044800255, 0.048658505, 0.051828403, 0.06913818, 0.055782896, 0.06188187, 0.061914925, 0.037870392, 0.060206313, 0.058526523, 0.05981323, 0.053139217, 0.06822184, 0.055504985, 0.062201478, 0.06746172, 0.06305894, 0.051893797, 0.0972897, 0.062187295], "var": [0.98, 0.98, 0.98, 0.96, 0.94, 0.94, 0.92, 0.92, 0.88, 0.88, 0.88, 0.86, 0.84, 0.82, 0.82, 0.8, 0.8, 0.8, 0.82, 0.8, 0.8, 0.78, 0.78, 0.78, 0.76, 0.74, 0.74, 0.72, 0.72, 0.72, 0.74, 0.7, 0.74, 0.72, 0.7, 0.68, 0.68, 0.68, 0.64, 0.62, 0.62, 0.58, 0.6, 0.58, 0.6, 0.58, 0.56, 0.54, 0.56, 0.56], "best": [0.4333333, 0.46222222, 0.36396822, 0.3578231, 0.45502642, 0.45609757, 0.40081772, 0.40355125, 0.45456788, 0.4561403, 0.36353984, 0.36396825, 0.455102, 0.45581758, 0.39028823, 0.40608904, 0.455, 0.45636365, 0.36393848, 0.40576112, 0.45625654, 0.40806082, 0.36642036, 0.40871498, 0.45578763, 0.4104524, 0.45616984, 0.41312563, 0.41361156, 0.4152298, 0.41604385, 0.41789854, 0.38970602, 0.45613027, 0.42045856, 0.42167315, 0.45627555, 0.424354, 0.45653376, 0.45694217, 0.4572933, 0.4318242, 0.46076998, 0.5146423, 0.46206853, 0.46269843, 0.45847067, 0.44336852, 0.4587823, 0.44843414], "duration": [43063, 39910, 52886, 43134, 49843, 47991, 45900, 38540, 44844, 39734, 37851, 38395, 46227, 39974, 45190, 38814, 38911, 40052, 39608, 39212, 46305, 39209, 39697, 45626, 39154, 39633, 46030, 39375, 39705, 39646, 39530, 39695, 39001, 52198, 39540, 39292, 39407, 39765, 39652, 39425, 39055, 39688, 46104, 46084, 39772, 39787, 53232, 39435, 46224, 39393]}