{"avg": [0.25460318, 0.30050793, 0.2928345, 0.2901515, 0.27163842, 0.29180342, 0.29786044, 0.29932615, 0.294292, 0.32268694, 0.28972983, 0.30444252, 0.29881814, 0.30118212, 0.293782, 0.28731367, 0.29929727, 0.30337727, 0.28969657, 0.30018765, 0.31950694, 0.30725455, 0.32331824, 0.30787754, 0.30676693, 0.31390172, 0.32861534, 0.32968026, 0.326298, 0.31529847, 0.31206006, 0.3337951, 0.32599685, 0.321164, 0.33776516, 0.32026094, 0.3503651, 0.346019, 0.3706221, 0.33101958, 0.32297844, 0.35001093, 0.3425611, 0.34899127, 0.36723983, 0.35141852, 0.35661435, 0.35884434, 0.3602037, 0.3572774], "std": [0.09013078, 0.061371546, 0.04251061, 0.0607121, 0.06402464, 0.06460375, 0.04471644, 0.047718715, 0.046707943, 0.060633548, 0.040427152, 0.049626194, 0.04956135, 0.04489737, 0.049586464, 0.054077897, 0.054916184, 0.06464993, 0.053145245, 0.061744284, 0.061633036, 0.06943337, 0.054251015, 0.05347787, 0.05245068, 0.03863034, 0.0373625, 0.044097103, 0.05990455, 0.061611306, 0.057120264, 0.04227348, 0.060607348, 0.07049785, 0.04772762, 0.069867425, 0.054803364, 0.08484513, 0.053453244, 0.08424308, 0.06419363, 0.050116133, 0.05834583, 0.061052952, 0.07350977, 0.06660229, 0.056439076, 0.058859225, 0.07531454, 0.067924835], "var": [0.98, 0.98, 0.98, 0.98, 0.98, 0.96, 0.94, 0.92, 0.9, 0.92, 0.92, 0.92, 0.9, 0.88, 0.88, 0.86, 0.84, 0.84, 0.82, 0.8, 0.8, 0.78, 0.78, 0.78, 0.76, 0.74, 0.7, 0.68, 0.64, 0.64, 0.64, 0.64, 0.6, 0.6, 0.58, 0.54, 0.52, 0.52, 0.5, 0.46, 0.44, 0.42, 0.42, 0.42, 0.42, 0.42, 0.44, 0.42, 0.42, 0.4], "best": [0.4333333, 0.46222222, 0.34857145, 0.3587662, 0.34439063, 0.45090088, 0.35989416, 0.38683736, 0.35776225, 0.44844124, 0.3597431, 0.38937727, 0.36278465, 0.39119408, 0.39214507, 0.36124226, 0.39236522, 0.39434525, 0.39508054, 0.3957027, 0.39731744, 0.44679284, 0.44764766, 0.40009522, 0.40164837, 0.40162873, 0.4017619, 0.40267858, 0.44802782, 0.40453866, 0.4485694, 0.40510842, 0.44888887, 0.45009783, 0.45040956, 0.45082268, 0.45162818, 0.45253745, 0.45337835, 0.45469522, 0.45564473, 0.45585158, 0.45603052, 0.45661214, 0.45726743, 0.4591856, 0.45965645, 0.46017256, 0.46065864, 0.46236417], "duration": [37825, 39073, 38769, 47341, 38532, 38677, 39167, 39337, 38594, 38617, 42552, 39330, 38548, 39288, 39039, 37509, 38872, 38557, 39249, 39139, 39560, 38566, 45942, 39114, 44919, 45073, 39116, 39375, 39266, 52205, 37871, 39405, 38767, 45874, 39143, 38512, 39511, 38966, 39658, 39414, 38641, 39327, 45263, 39604, 39916, 46452, 46291, 39851, 39561, 39408]}