{"avg": [0.2574815, 0.2865185, 0.28918132, 0.28701654, 0.29198554, 0.29043996, 0.3027397, 0.31627893, 0.30881628, 0.32375628, 0.30428478, 0.29113427, 0.3135672, 0.3322635, 0.29871345, 0.289194, 0.28868377, 0.30018336, 0.30163535, 0.3205829, 0.33281645, 0.29666165, 0.29331422, 0.318138, 0.31957817, 0.32263544, 0.3339473, 0.31807062, 0.34622788, 0.32918718, 0.3450108, 0.3246429, 0.3263353, 0.34074393, 0.35516617, 0.3303285, 0.33486575, 0.36467946, 0.35293108, 0.345039, 0.37779808, 0.38620707, 0.35129374, 0.3647698, 0.38537374, 0.3569379, 0.372962, 0.3785445, 0.38772917, 0.38831177], "std": [0.083357, 0.07241157, 0.048103523, 0.040474027, 0.06885349, 0.075361215, 0.052744485, 0.04871746, 0.07567559, 0.063719, 0.061330374, 0.048367694, 0.06537377, 0.05302494, 0.06796803, 0.067552954, 0.05740807, 0.041337904, 0.066932335, 0.06246809, 0.04572307, 0.07179996, 0.053310532, 0.055719372, 0.06808697, 0.052647103, 0.06333835, 0.07145632, 0.038232792, 0.050084073, 0.047498494, 0.055748995, 0.033878665, 0.067586415, 0.04319598, 0.061282597, 0.046004623, 0.030816464, 0.05175634, 0.05994717, 0.056451596, 0.049244534, 0.069046944, 0.0818496, 0.042680997, 0.09253191, 0.06884938, 0.06676684, 0.045134854, 0.08751365], "var": [0.98, 0.98, 0.98, 0.96, 0.94, 0.94, 0.92, 0.92, 0.88, 0.88, 0.88, 0.86, 0.84, 0.82, 0.82, 0.8, 0.8, 0.8, 0.82, 0.8, 0.8, 0.78, 0.78, 0.78, 0.76, 0.74, 0.74, 0.72, 0.7, 0.7, 0.72, 0.68, 0.68, 0.64, 0.64, 0.62, 0.62, 0.64, 0.6, 0.6, 0.6, 0.58, 0.56, 0.52, 0.48, 0.5, 0.5, 0.5, 0.48, 0.46], "best": [0.42666665, 0.45555556, 0.35888886, 0.35274374, 0.44835976, 0.4494309, 0.3954209, 0.39815447, 0.44790122, 0.44947365, 0.35846052, 0.3588889, 0.44843534, 0.44915092, 0.38552633, 0.40069222, 0.40106842, 0.35434344, 0.40113428, 0.40211296, 0.44790745, 0.40437087, 0.36067048, 0.40487066, 0.4476414, 0.40655562, 0.448141, 0.40865692, 0.4097129, 0.41128543, 0.4121238, 0.4138651, 0.3705851, 0.4482503, 0.41719127, 0.41842997, 0.41947094, 0.42051288, 0.44857457, 0.42355344, 0.44892403, 0.4282007, 0.44942597, 0.44990644, 0.43466607, 0.45051643, 0.4509885, 0.45146343, 0.45199823, 0.45238093], "duration": [42681, 39560, 52300, 42598, 49556, 47570, 45308, 38503, 44798, 39644, 37166, 37938, 45461, 39350, 44502, 38361, 38002, 38983, 39321, 38849, 45741, 38741, 38865, 45088, 38613, 38931, 45357, 38746, 38918, 39102, 39144, 38569, 38889, 45711, 39187, 39170, 44814, 39053, 39213, 38804, 39056, 38554, 38684, 51878, 39296, 38870, 39006, 39053, 38824, 39321]}