{"avg": [0.3928571, 0.37513733, 0.34103036, 0.38785335, 0.34337538, 0.320441, 0.40649748, 0.43438295, 0.40808532, 0.46816227, 0.3649176, 0.41545278, 0.37187585, 0.40748194, 0.5061005, 0.43512264, 0.4411355, 0.4629533, 0.3853914, 0.5063013, 0.5104307, 0.44225544, 0.48362008, 0.47945422, 0.41127017, 0.51569664, 0.5068466, 0.51491016, 0.54962146, 0.44185516, 0.44708103, 0.4486989, 0.4783588, 0.5170274, 0.49296474, 0.45457768, 0.48490232, 0.51845187, 0.5548374, 0.4612236, 0.5270941, 0.49597397, 0.42822647, 0.49292424, 0.5623632, 0.42767698, 0.39022526, 0.46304175, 0.46177799, 0.49190435], "std": [0.22681618, 0.25023302, 0.26422974, 0.24534066, 0.26231253, 0.268165, 0.23477732, 0.21727812, 0.23571672, 0.18377313, 0.2581189, 0.22761936, 0.2507647, 0.23532915, 0.14051528, 0.21766074, 0.21200486, 0.19756307, 0.24887896, 0.13551016, 0.1365952, 0.21252821, 0.17683302, 0.18139029, 0.23756193, 0.12541728, 0.1466231, 0.13314886, 0.011008195, 0.2212231, 0.21496262, 0.21579863, 0.18800788, 0.13393208, 0.18035288, 0.21866322, 0.1838085, 0.13413416, 0.013004144, 0.2137719, 0.13224545, 0.18134256, 0.23963234, 0.19366504, 0.01629672, 0.23765124, 0.26060447, 0.22268489, 0.2223932, 0.19327322], "var": [1.0, 0.98, 0.98, 0.96, 0.94, 0.96, 0.94, 0.94, 0.92, 0.92, 0.88, 0.86, 0.86, 0.86, 0.84, 0.84, 0.82, 0.82, 0.82, 0.8, 0.82, 0.82, 0.82, 0.82, 0.8, 0.78, 0.76, 0.74, 0.76, 0.76, 0.74, 0.72, 0.7, 0.68, 0.66, 0.64, 0.62, 0.62, 0.62, 0.64, 0.66, 0.66, 0.66, 0.64, 0.64, 0.64, 0.62, 0.62, 0.58, 0.56], "best": [0.5238095, 0.5550595, 0.5617406, 0.5489947, 0.5582728, 0.55714285, 0.5515288, 0.55143714, 0.5542328, 0.5540912, 0.55480736, 0.5515227, 0.55534106, 0.5541578, 0.5549923, 0.5558441, 0.55727834, 0.5570156, 0.5593247, 0.5613666, 0.56094307, 0.55952376, 0.5605945, 0.56287056, 0.56361187, 0.5638612, 0.5649618, 0.5657553, 0.5652842, 0.5671131, 0.5685179, 0.56855553, 0.56926405, 0.5706723, 0.5712747, 0.57353324, 0.5753301, 0.57633126, 0.5756425, 0.5765278, 0.5773352, 0.5780477, 0.5785208, 0.5792342, 0.58154243, 0.58310527, 0.583186, 0.58412486, 0.5850088, 0.5865902], "duration": [1615, 1395, 1378, 1366, 1581, 1339, 1361, 1362, 1577, 1396, 1385, 1340, 1352, 1355, 1630, 1357, 1672, 1351, 1346, 1616, 1345, 1393, 1430, 1537, 1460, 1762, 1464, 1707, 1450, 1419, 1463, 1402, 1406, 1725, 1951, 1436, 1463, 1417, 1434, 1534, 1420, 1884, 1900, 1449, 1638, 1623, 1402, 1410, 1406, 1620]}