{"avg": [0.31238094, 0.33838734, 0.34486717, 0.34253648, 0.34218884, 0.34011272, 0.36161798, 0.35884392, 0.35468644, 0.33424982, 0.35972878, 0.35746375, 0.36652318, 0.36400905, 0.3604961, 0.37594494, 0.3337884, 0.38381445, 0.3611681, 0.40420523, 0.3685165, 0.37294292, 0.3792453, 0.3964296, 0.36872914, 0.37926126, 0.3916951, 0.36993155, 0.34293845, 0.37234446, 0.3851392, 0.3986041, 0.39943147, 0.40830237, 0.4245877, 0.39899337, 0.38994056, 0.41436303, 0.41291964, 0.39529774, 0.42041874, 0.43157, 0.39497793, 0.4441677, 0.43719324, 0.44949356, 0.43150854, 0.43548334, 0.42462614, 0.377833], "std": [0.1024684, 0.089540355, 0.057903063, 0.05181955, 0.0866283, 0.094637826, 0.06544362, 0.07882848, 0.045643453, 0.057280656, 0.0515325, 0.052711856, 0.07816171, 0.091918625, 0.10851039, 0.07889515, 0.08753059, 0.0997449, 0.052177943, 0.07055311, 0.07592132, 0.08127585, 0.06338834, 0.09057317, 0.0786228, 0.071724534, 0.080924414, 0.08103249, 0.077303745, 0.050980464, 0.07178629, 0.071312025, 0.066525474, 0.0613971, 0.07260127, 0.07556589, 0.08424415, 0.060811788, 0.108706556, 0.07001508, 0.07253911, 0.0695733, 0.06318305, 0.057565283, 0.068329446, 0.084525175, 0.06674851, 0.08534509, 0.07089564, 0.0746369], "var": [0.98, 0.98, 0.98, 0.96, 0.94, 0.94, 0.94, 0.94, 0.92, 0.9, 0.9, 0.9, 0.9, 0.88, 0.88, 0.88, 0.88, 0.84, 0.84, 0.84, 0.82, 0.82, 0.82, 0.82, 0.82, 0.78, 0.78, 0.8, 0.8, 0.8, 0.78, 0.76, 0.76, 0.72, 0.68, 0.66, 0.62, 0.62, 0.58, 0.6, 0.6, 0.6, 0.6, 0.6, 0.62, 0.6, 0.6, 0.6, 0.6, 0.6], "best": [0.52, 0.5373333, 0.4240952, 0.42040816, 0.53301585, 0.5336585, 0.4690621, 0.533913, 0.45556045, 0.45718282, 0.4578662, 0.42368287, 0.5324064, 0.45816526, 0.53245455, 0.4712705, 0.53380954, 0.5343071, 0.47250003, 0.53589225, 0.47214288, 0.5366871, 0.47414288, 0.53696626, 0.47558373, 0.47626433, 0.53900987, 0.47833338, 0.46241155, 0.46253547, 0.4786418, 0.53962576, 0.539919, 0.54027396, 0.54075897, 0.54165745, 0.5418247, 0.5422608, 0.5427319, 0.5441639, 0.544416, 0.54475, 0.5457927, 0.5457399, 0.5463742, 0.54764616, 0.5487587, 0.54960436, 0.55038923, 0.5507105], "duration": [42938, 39991, 52565, 42848, 49829, 47716, 39115, 38298, 37740, 38992, 38371, 39386, 45061, 45528, 39381, 39265, 37464, 39834, 39410, 40069, 39469, 39110, 39791, 39861, 38909, 45634, 39924, 39317, 45946, 39762, 40039, 39608, 40032, 39739, 40075, 39605, 39542, 46090, 40373, 38987, 39043, 40342, 39573, 40399, 47226, 40435, 46192, 39955, 39954, 38470]}