{"avg": [0.35333332, 0.35333332, 0.36, 0.32, 0.36, 0.33333334, 0.36, 0.38, 0.33333334, 0.32666665, 0.32, 0.33333334, 0.30666667, 0.34666666, 0.32666665, 0.34, 0.32666665, 0.3, 0.32666665, 0.30666667, 0.32, 0.29333332, 0.33333334, 0.33333334, 0.34666666], "std": [0.47800496, 0.47800496, 0.48000005, 0.46647617, 0.48000005, 0.4714043, 0.48000005, 0.48538628, 0.4714043, 0.4689941, 0.46647617, 0.4714043, 0.46110952, 0.47590864, 0.46899408, 0.47370902, 0.4689941, 0.4582576, 0.4689941, 0.46110952, 0.46647614, 0.4552899, 0.47140428, 0.4714043, 0.47590867], "var": [0.9866667, 0.98, 0.98, 0.97333336, 0.96666664, 0.9533333, 0.94, 0.93333334, 0.9266667, 0.9266667, 0.9266667, 0.92, 0.91333336, 0.9, 0.88666666, 0.88, 0.87333333, 0.86, 0.85333335, 0.84, 0.8333333, 0.8333333, 0.8333333, 0.84, 0.8466667], "best": [1.0, 1.0, 1.0, 1.0, 1.0, 1.0, 1.0, 1.0, 1.0, 1.0, 1.0, 1.0, 1.0, 1.0, 1.0, 1.0, 1.0, 1.0, 1.0, 1.0, 1.0, 1.0, 1.0, 1.0, 1.0], "duration": [8133, 8079, 8330, 8108, 8063, 8362, 8130, 7892, 8361, 8353, 8191, 8354, 8191, 8333, 8231, 8428, 8376, 8171, 8340, 8301, 8258, 8317, 8324, 8276, 8218]}