{"avg": [0.25777778, 0.30196825, 0.29105505, 0.26042843, 0.3054691, 0.28118032, 0.28967616, 0.28460172, 0.31830117, 0.2860159, 0.275957, 0.2777117, 0.28592086, 0.28414243, 0.30735153, 0.30031943, 0.30013606, 0.29343644, 0.3190916, 0.32420957, 0.31541356, 0.30666506, 0.303312, 0.3380635, 0.33150837, 0.31997812, 0.314679, 0.3197746, 0.32833973, 0.34112725, 0.34489858, 0.3587254, 0.33469734, 0.32783335, 0.31464967, 0.3426483, 0.34077093, 0.34778005, 0.35449898, 0.3385152, 0.3604047, 0.35235435, 0.32695076, 0.35495743, 0.33208784, 0.35732096, 0.36988258, 0.34438074, 0.33598328, 0.34481207, 0.34480354, 0.3671121, 0.33905697, 0.39521685, 0.35370502, 0.34954092, 0.3520534, 0.38270268, 0.3760039, 0.35489106, 0.38419017, 0.35095114, 0.3853993, 0.4032132, 0.37047747, 0.37516353, 0.42849702, 0.40011162, 0.40556377, 0.3926191, 0.37718928, 0.4405484, 0.38749623, 0.40206695, 0.41284123, 0.40554073, 0.41252893, 0.4086291, 0.4001576, 0.43132862, 0.43390647, 0.45710146, 0.3923967, 0.43389592, 0.41739738, 0.45988098, 0.46882346, 0.44305542, 0.44096595, 0.42508236, 0.47018552, 0.42482495, 0.44654968, 0.4510357, 0.4892567, 0.45290437, 0.48469564, 0.45087892, 0.49256238, 0.45336705], "std": [0.086011246, 0.07669692, 0.05762845, 0.06934899, 0.063176066, 0.06954464, 0.05803411, 0.050265577, 0.058298837, 0.064307965, 0.069283135, 0.04352735, 0.073259905, 0.04953223, 0.04830974, 0.06872186, 0.04704812, 0.08318797, 0.05221872, 0.034729827, 0.07256971, 0.039807543, 0.06387397, 0.06339492, 0.05073079, 0.06364741, 0.056010716, 0.06564341, 0.0816502, 0.05605699, 0.057878327, 0.060386308, 0.06670586, 0.028632645, 0.07910469, 0.056553278, 0.046037186, 0.05539369, 0.056055825, 0.06432299, 0.0703854, 0.08101151, 0.053667426, 0.05655703, 0.074594304, 0.07090734, 0.060824998, 0.0729294, 0.085806035, 0.05182437, 0.09885677, 0.081963845, 0.07478347, 0.07293358, 0.09703564, 0.08800757, 0.088122234, 0.06475531, 0.08814665, 0.09854164, 0.07629922, 0.08994246, 0.0683113, 0.06503581, 0.06785854, 0.09657772, 0.06439475, 0.07962222, 0.071404874, 0.089450836, 0.08438755, 0.07432006, 0.07844189, 0.09772782, 0.10639554, 0.06996905, 0.0829918, 0.08588983, 0.09373779, 0.07941367, 0.08426808, 0.06815074, 0.0746578, 0.0819864, 0.08882409, 0.08604726, 0.06305236, 0.09655831, 0.086603604, 0.120606445, 0.082518555, 0.09889765, 0.12090119, 0.10209996, 0.066679694, 0.10202683, 0.07997877, 0.101800695, 0.08323371, 0.09884221], "var": [0.98, 0.98, 0.98, 0.98, 0.98, 0.98, 0.98, 0.98, 0.96, 0.94, 0.9, 0.88, 0.88, 0.88, 0.88, 0.88, 0.88, 0.88, 0.88, 0.86, 0.84, 0.84, 0.82, 0.8, 0.76, 0.74, 0.74, 0.72, 0.68, 0.7, 0.72, 0.7, 0.7, 0.7, 0.68, 0.7, 0.72, 0.7, 0.7, 0.72, 0.72, 0.72, 0.68, 0.68, 0.68, 0.66, 0.7, 0.7, 0.72, 0.72, 0.7, 0.72, 0.7, 0.66, 0.68, 0.66, 0.62, 0.58, 0.58, 0.58, 0.54, 0.54, 0.52, 0.54, 0.54, 0.5, 0.48, 0.5, 0.5, 0.5, 0.52, 0.56, 0.56, 0.52, 0.52, 0.52, 0.52, 0.5, 0.46, 0.42, 0.4, 0.38, 0.42, 0.4, 0.38, 0.38, 0.38, 0.38, 0.34, 0.34, 0.3, 0.28, 0.28, 0.26, 0.26, 0.26, 0.24, 0.24, 0.24, 0.22], "best": [0.4333333, 0.46222222, 0.37507936, 0.35845995, 0.41654956, 0.45641026, 0.3846902, 0.3599825, 0.4561828, 0.35999998, 0.35769582, 0.34210086, 0.4542805, 0.35810003, 0.35503876, 0.45599413, 0.35061225, 0.4577519, 0.4587946, 0.3857143, 0.46032786, 0.3614907, 0.46159205, 0.46180952, 0.46344385, 0.46436778, 0.46513605, 0.46576795, 0.4663507, 0.46788707, 0.468727, 0.46980056, 0.47142854, 0.36346665, 0.47183463, 0.47230574, 0.473248, 0.47352242, 0.47426596, 0.47494408, 0.47549018, 0.47651756, 0.47606435, 0.47845528, 0.42539206, 0.47869965, 0.47928572, 0.48032632, 0.48040292, 0.4806899, 0.48105264, 0.48212746, 0.48259398, 0.48291978, 0.48432803, 0.48530936, 0.48611763, 0.4871203, 0.4882464, 0.48912397, 0.49009106, 0.49124503, 0.49142858, 0.49242267, 0.4938246, 0.4944556, 0.49523807, 0.4970052, 0.4975892, 0.49832225, 0.4992197, 0.5, 0.50229675, 0.50321716, 0.50457746, 0.5060237, 0.5071979, 0.5084178, 0.5095913, 0.5106732, 0.51191247, 0.5135092, 0.51544327, 0.5157703, 0.5170393, 0.51788616, 0.51976424, 0.52127075, 0.52252513, 0.5239447, 0.52517396, 0.5269322, 0.527684, 0.52904195, 0.5302571, 0.5319236, 0.5329957, 0.53455883, 0.5354938, 0.5374047], "duration": [43145, 39885, 45209, 43907, 46624, 39393, 39982, 38958, 45407, 39238, 39244, 39495, 39001, 38848, 39034, 39123, 39062, 38547, 39091, 39368, 45592, 38385, 39016, 39418, 39628, 39654, 40006, 40082, 39999, 39513, 39499, 39826, 39748, 38994, 39366, 39094, 39748, 39665, 39875, 45456, 39219, 39676, 39529, 38661, 39199, 39962, 39508, 39476, 40331, 39879, 40204, 39932, 39743, 39481, 38897, 40133, 39428, 39211, 40142, 45455, 39827, 39890, 39512, 39943, 45675, 51361, 47296, 40314, 39474, 39607, 39770, 47257, 39589, 40796, 40450, 47112, 40579, 40471, 47242, 40647, 40627, 40578, 39785, 40579, 40517, 40632, 40597, 40525, 40378, 40582, 40468, 46950, 40545, 39738, 40502, 40384, 40650, 39745, 47429, 47054]}