{"avg": [0.25952384, 0.2596561, 0.31157407, 0.25582013, 0.2518188, 0.25346562, 0.30222222, 0.255362, 0.29379433, 0.29942113, 0.25248018, 0.2794547, 0.2670168, 0.2957958, 0.2722917, 0.2560262, 0.25335577, 0.2558957, 0.30656287, 0.24763347, 0.2464149, 0.28031483, 0.30960566, 0.26353383, 0.29114994, 0.2912972, 0.28558815, 0.2915649, 0.30024004, 0.27800924, 0.25514048, 0.24869843, 0.25104678, 0.2368836, 0.24527211, 0.27320936, 0.24728167, 0.24428797, 0.23499346, 0.27710816, 0.26851967, 0.27238703, 0.24260461, 0.24188429, 0.30939883, 0.26901832, 0.24469602, 0.25073272, 0.29245457, 0.31906027], "std": [0.03560831, 0.10886468, 0.021028515, 0.05002565, 0.025610726, 0.06230851, 0.061396033, 0.07737397, 0.06494499, 0.034558676, 0.043722548, 0.05987493, 0.052665167, 0.035735264, 0.044442017, 0.05220026, 0.09546594, 0.04123635, 0.051451262, 0.047033396, 0.07724284, 0.042909853, 0.0398533, 0.062142886, 0.038595375, 0.03830699, 0.018518137, 0.052994035, 0.031262167, 0.04451958, 0.040570673, 0.034398798, 0.042859644, 0.043684762, 0.016534043, 0.06965201, 0.078790925, 0.051786132, 0.06393645, 0.0802285, 0.044630513, 0.058220487, 0.038225275, 0.03622243, 0.054751556, 0.041025452, 0.054608215, 0.025523568, 0.04667046, 0.03962725], "var": [1.0, 1.0, 1.0, 1.0, 1.0, 1.0, 1.0, 1.0, 1.0, 1.0, 1.0, 1.0, 1.0, 1.0, 1.0, 1.0, 1.0, 1.0, 1.0, 1.0, 1.0, 1.0, 1.0, 1.0, 1.0, 1.0, 1.0, 1.0, 1.0, 1.0, 1.0, 1.0, 1.0, 1.0, 1.0, 1.0, 1.0, 1.0, 1.0, 1.0, 1.0, 1.0, 1.0, 1.0, 1.0, 1.0, 1.0, 1.0, 1.0, 1.0], "best": [0.30476192, 0.45555556, 0.3531746, 0.33201057, 0.28869048, 0.34079364, 0.38531744, 0.38908246, 0.3556231, 0.34509805, 0.30059525, 0.3504608, 0.3541316, 0.34845558, 0.3394048, 0.31755263, 0.44197723, 0.30986395, 0.382326, 0.30199137, 0.34195402, 0.34426227, 0.36469492, 0.39749375, 0.34272012, 0.3382266, 0.30605486, 0.35225883, 0.35273364, 0.34444442, 0.31568146, 0.30232805, 0.3130502, 0.30234358, 0.26955783, 0.37893865, 0.3951231, 0.29986587, 0.3305155, 0.37886906, 0.34103522, 0.3286521, 0.29348683, 0.30720046, 0.4046869, 0.30613554, 0.35155436, 0.29530838, 0.38976884, 0.35778454], "duration": [12603, 12705, 13279, 13561, 12728, 12524, 13342, 12805, 12490, 13034, 12512, 12739, 17402, 13196, 13356, 12572, 14034, 12043, 12746, 12721, 12020, 12753, 12589, 9243, 12796, 13440, 13076, 12679, 12530, 12737, 13024, 13001, 13079, 12691, 8049, 13449, 12751, 9437, 12782, 13427, 12133, 12379, 12058, 11980, 13270, 12129, 12058, 12107, 12760, 12676]}