{"avg": [0.26942858, 0.28717902, 0.2910105, 0.2955289, 0.29701903, 0.29836842, 0.29909465, 0.30267996, 0.30397004, 0.30740482, 0.30880916, 0.3089285, 0.30782267, 0.306368, 0.30418095, 0.3071145, 0.30861723, 0.311058, 0.30950996, 0.30964595, 0.30947745, 0.3137048, 0.3150263, 0.3176513, 0.31976712, 0.3217944, 0.31762952, 0.32165864, 0.32439432, 0.32510304, 0.32442582, 0.3241978, 0.32735738, 0.32828885, 0.32842445, 0.3294461, 0.3266073, 0.32559314, 0.32469773, 0.32446328, 0.32635835, 0.33134437, 0.33450568, 0.33709586, 0.33562282, 0.3359438, 0.33706722, 0.33858502, 0.33416522, 0.33561444], "std": [0.06434804, 0.060601894, 0.058616042, 0.05574767, 0.055259507, 0.0569032, 0.055647653, 0.056667693, 0.057002142, 0.048115663, 0.049405143, 0.049793657, 0.052989814, 0.05337988, 0.056586135, 0.057019617, 0.052185602, 0.052058935, 0.05563795, 0.054739624, 0.054108664, 0.04921298, 0.047531564, 0.047312673, 0.044320326, 0.043612488, 0.046087008, 0.04248405, 0.039494287, 0.04045732, 0.040141143, 0.04109108, 0.036637064, 0.036313977, 0.038816914, 0.037655294, 0.041985672, 0.04388109, 0.042302303, 0.044320635, 0.042890828, 0.04726566, 0.048500266, 0.043518193, 0.045706246, 0.045745887, 0.04494348, 0.044567116, 0.055168543, 0.053983144], "var": [1.0, 1.0, 1.0, 1.0, 1.0, 1.0, 0.98, 0.94, 0.92, 0.9, 0.9, 0.9, 0.9, 0.92, 0.9, 0.86, 0.84, 0.88, 0.88, 0.86, 0.84, 0.82, 0.84, 0.82, 0.82, 0.84, 0.82, 0.8, 0.8, 0.8, 0.78, 0.78, 0.76, 0.78, 0.78, 0.8, 0.82, 0.8, 0.78, 0.78, 0.74, 0.74, 0.72, 0.76, 0.74, 0.72, 0.7, 0.72, 0.74, 0.72], "best": [0.4333333, 0.44999996, 0.44999996, 0.44999996, 0.45016667, 0.4504, 0.45111108, 0.45161903, 0.45208332, 0.45237038, 0.45266664, 0.45296967, 0.4533889, 0.45374358, 0.454, 0.4542222, 0.45441663, 0.4545882, 0.4548148, 0.45498243, 0.45509997, 0.45520636, 0.45530304, 0.45542026, 0.45552778, 0.4556533, 0.45579484, 0.45590124, 0.45599997, 0.45606896, 0.45613334, 0.45621502, 0.4563125, 0.45638382, 0.45645097, 0.45645714, 0.456537, 0.4565225, 0.45650876, 0.4565128, 0.45651665, 0.45656908, 0.45679364, 0.45706975, 0.45734847, 0.4576, 0.45785508, 0.4580851, 0.45830557, 0.45854422], "duration": [99387, 100874, 101075, 102049, 102151, 101803, 101590, 102688, 105667, 105316, 103342, 103238, 102589, 102439, 102388, 103877, 101047, 99474, 101244, 101341, 101778, 104836, 104638, 106640, 109747, 109965, 110184, 106843, 107083, 110627, 109762, 107168, 111530, 107401, 108119, 107735, 106292, 106404, 107144, 108029, 106289, 106417, 107604, 108622, 108380, 108447, 107996, 107547, 107396, 108096]}