{"avg": [0.19787045, 0.2795763, 0.2988372, 0.37219954, 0.4108674, 0.409842, 0.46257105, 0.4821488, 0.5318786, 0.5430623, 0.59630686, 0.598211, 0.6575124, 0.633985, 0.66740084, 0.6601295, 0.68313, 0.69920415, 0.6876118, 0.689578, 0.6969276, 0.70911324, 0.711603, 0.71376127, 0.72390026, 0.71991175, 0.7111854, 0.71852314, 0.716182, 0.72949624, 0.7305795, 0.7321063, 0.7335409, 0.7410137, 0.74222547, 0.7259391, 0.7446286, 0.7395843, 0.7467299, 0.74191844, 0.7242273, 0.7495938, 0.74490505, 0.7455138, 0.7463089, 0.7528989, 0.7313606, 0.7350164, 0.7443038, 0.7556495, 0.75623107, 0.7451285, 0.75015277, 0.7519662, 0.7583237, 0.745894, 0.75242525, 0.74674654, 0.7547289, 0.7537375, 0.760909, 0.7612867, 0.75632906, 0.75563735, 0.74711865, 0.7511823, 0.7515371, 0.7635429, 0.75223035, 0.7577706, 0.76449955, 0.75800216, 0.7483626, 0.7595326, 0.7656448], "std": [0.15662773, 0.14716375, 0.1492492, 0.14641634, 0.13828926, 0.15474273, 0.14521533, 0.14145353, 0.14241076, 0.10253501, 0.10427713, 0.09357776, 0.059056535, 0.07475291, 0.051021986, 0.05895816, 0.036385577, 0.0045902864, 0.04195357, 0.04307206, 0.039958306, 0.026442517, 0.02643796, 0.02710221, 0.0018335205, 0.029471174, 0.042771716, 0.036669593, 0.042021364, 0.02497116, 0.026687136, 0.026687136, 0.026687166, 1.1920929e-07, 1.1920929e-07, 0.042848222, 1.7881393e-07, 0.026687166, 5.9604645e-08, 0.026076598, 0.048979595, 0.0, 0.025505988, 0.026076596, 0.026076596, 1.7881393e-07, 0.04722793, 0.04465007, 0.03450261, 0.0, 1.1920929e-07, 0.035944123, 0.028811539, 0.026076596, 0.0, 0.03757864, 0.028048357, 0.03757864, 0.02497116, 0.028048355, 0.0, 5.9604645e-08, 0.02497116, 0.027342476, 0.040496197, 0.035944104, 0.0359441, 5.9604645e-08, 0.035944104, 0.027342474, 5.9604645e-08, 0.02804834, 0.04202134, 0.026076596, 1.1920929e-07], "var": [1.0, 1.0, 1.0, 1.0, 1.0, 1.0, 0.92, 0.92, 0.92, 0.84, 0.76, 0.76, 0.76, 0.68, 0.64, 0.64, 0.6, 0.48, 0.48, 0.36, 0.32, 0.24, 0.2, 0.12, 0.12, 0.08, 0.08, 0.04, 0.04, 0.04, 0.04, 0.04, 0.04, 0.04, 0.04, 0.04, 0.04, 0.04, 0.04, 0.04, 0.04, 0.04, 0.04, 0.04, 0.04, 0.04, 0.04, 0.04, 0.04, 0.04, 0.04, 0.04, 0.04, 0.04, 0.04, 0.04, 0.04, 0.04, 0.04, 0.04, 0.04, 0.04, 0.04, 0.04, 0.04, 0.04, 0.04, 0.04, 0.04, 0.04, 0.04, 0.04, 0.04, 0.04, 0.04], "best": [0.4642857, 0.48952976, 0.49454203, 0.65782315, 0.66075736, 0.6626907, 0.66562134, 0.6679074, 0.6711688, 0.6748848, 0.67829406, 0.6818413, 0.68536586, 0.6884199, 0.6916499, 0.6964286, 0.70047474, 0.7040469, 0.70752484, 0.7111111, 0.71414864, 0.71655697, 0.7195802, 0.7220888, 0.7243002, 0.72685826, 0.72889125, 0.731008, 0.73287946, 0.73481995, 0.7367019, 0.73822874, 0.7396634, 0.7410138, 0.74222535, 0.74343175, 0.7446284, 0.74570686, 0.74672997, 0.7477495, 0.748717, 0.7495938, 0.7504707, 0.7513448, 0.7521397, 0.7528987, 0.7536241, 0.75435036, 0.75495166, 0.7556495, 0.75623095, 0.75679046, 0.7573555, 0.75779694, 0.7583237, 0.7587834, 0.75922805, 0.75963587, 0.76005286, 0.7605403, 0.760909, 0.7612866, 0.76165295, 0.762082, 0.76242495, 0.76284426, 0.763199, 0.76354283, 0.76389205, 0.7642152, 0.7644995, 0.76480496, 0.76506, 0.76536334, 0.76564467], "duration": [13678, 13292, 12660, 9782, 10536, 13145, 13895, 15489, 14501, 13501, 14180, 13728, 13266, 15448, 17847, 19782, 17569, 17755, 16625, 18480, 16733, 14707, 16764, 17178, 16833, 21013, 16068, 14582, 20171, 16615, 14902, 17135, 14468, 13749, 14345, 18850, 14782, 14945, 16632, 18012, 14560, 20587, 16743, 14467, 17773, 17959, 14040, 16038, 16153, 16051, 13827, 14525, 17907, 18873, 14495, 16672, 15817, 14999, 16675, 14707, 13894, 15412, 14537, 15846, 20682, 15362, 16770, 18006, 18553, 15796, 15725, 15053, 20253, 14670, 17559]}