{"avg": [0.0, 0.0, 0.0, 0.027855726, 0.0, 0.0, 0.0, 0.0, 0.0, 0.0, 0.0, 0.0, 0.0, 0.02425023, 0.0, 0.0, 0.0, 0.0, 0.0, 0.0, 0.023267569, 0.0, 0.0, 0.0, 0.0, 0.0, 0.0, 0.0, 0.0, 0.023058424, 0.022952072, 0.0, 0.051947497, 0.026028188, 0.0, 0.0, 0.07362587, 0.026021712, 0.0, 0.0, 0.021734701, 0.049077697, 0.0, 0.0, 0.04364486, 0.02442512, 0.02608997, 0.0, 0.06037789, 0.0], "std": [0.0, 0.0, 0.0, 0.100435264, 0.0, 0.0, 0.0, 0.0, 0.0, 0.0, 0.0, 0.0, 0.0, 0.09392074, 0.0, 0.0, 0.0, 0.0, 0.0, 0.0, 0.09307026, 0.0, 0.0, 0.0, 0.0, 0.0, 0.0, 0.0, 0.0, 0.09223369, 0.0918083, 0.0, 0.13244066, 0.097388566, 0.0, 0.0, 0.15326747, 0.097364314, 0.0, 0.0, 0.089614466, 0.12984772, 0.0, 0.0, 0.1234463, 0.09459807, 0.09761973, 0.0, 0.14159887, 0.0], "var": [1.0, 1.0, 1.0, 1.0, 1.0, 1.0, 1.0, 1.0, 1.0, 1.0, 1.0, 1.0, 1.0, 1.0, 1.0, 1.0, 1.0, 1.0, 1.0, 1.0, 1.0, 1.0, 1.0, 1.0, 1.0, 1.0, 1.0, 1.0, 1.0, 1.0, 1.0, 1.0, 1.0, 1.0, 1.0, 1.0, 1.0, 1.0, 1.0, 1.0, 1.0, 1.0, 1.0, 1.0, 1.0, 1.0, 1.0, 1.0, 1.0, 1.0], "best": [0.0, 0.0, 0.0, 0.38998017, 0.0, 0.0, 0.0, 0.0, 0.0, 0.0, 0.0, 0.0, 0.0, 0.38800368, 0.0, 0.0, 0.0, 0.0, 0.0, 0.0, 0.39554867, 0.0, 0.0, 0.0, 0.0, 0.0, 0.0, 0.0, 0.0, 0.3919932, 0.39018524, 0.0, 0.38967034, 0.39042282, 0.0, 0.0, 0.39531136, 0.39032567, 0.0, 0.0, 0.39122462, 0.39344618, 0.0, 0.0, 0.39287385, 0.3908019, 0.39134955, 0.0, 0.39303467, 0.0], "duration": [3703, 3999, 3714, 3672, 3631, 3642, 4251, 3748, 3727, 3751, 3745, 3648, 3753, 5903, 3658, 3731, 4360, 3592, 4262, 3668, 3682, 3725, 3912, 4479, 4262, 3708, 3712, 5844, 3880, 3741, 4580, 3769, 3685, 3721, 3653, 3736, 3698, 4095, 3659, 5920, 3700, 3716, 4950, 3730, 3952, 3680, 3678, 3732, 3757, 4689]}