{"avg": [0.26691088, 0.3029362, 0.32657883, 0.3269441, 0.3387416, 0.33529478, 0.3612465, 0.36859354, 0.3697279, 0.3829702, 0.39838922, 0.4125059, 0.430297, 0.4416951, 0.4438346, 0.4685022, 0.4808351, 0.49144968, 0.51322705, 0.50686014, 0.5181619, 0.49726585, 0.5294693, 0.5489233, 0.5408273, 0.53138155, 0.5451189, 0.5570508, 0.5494103, 0.55004305, 0.55463046, 0.57391876, 0.5590792, 0.55613595, 0.5914777, 0.57984954, 0.55726564, 0.5558403, 0.56945664, 0.5648225, 0.58729625, 0.57780296, 0.5991425, 0.6128071, 0.5919667, 0.5741696, 0.5541943, 0.6030496, 0.58240193, 0.5978263], "std": [0.068371266, 0.058203485, 0.05607957, 0.067804255, 0.06704918, 0.071505904, 0.05958139, 0.061610788, 0.07140086, 0.07227544, 0.07333157, 0.06860288, 0.067428716, 0.07067868, 0.08680084, 0.08077997, 0.09034026, 0.087025315, 0.07751539, 0.09939846, 0.10219329, 0.12180491, 0.10491984, 0.088741966, 0.106978565, 0.1198779, 0.10794834, 0.1066141, 0.11819434, 0.11893331, 0.11670007, 0.10297332, 0.11966436, 0.123988435, 0.09793793, 0.1129083, 0.13265105, 0.1344462, 0.12349471, 0.13215047, 0.11535035, 0.1246838, 0.10610838, 0.09059375, 0.11673218, 0.13280205, 0.14950746, 0.111374006, 0.13403186, 0.12134378], "var": [0.92, 0.86, 0.86, 0.78, 0.74, 0.62, 0.58, 0.66, 0.56, 0.48, 0.36, 0.3, 0.32, 0.22, 0.22, 0.16, 0.12, 0.08, 0.08, 0.06, 0.06, 0.04, 0.04, 0.04, 0.04, 0.04, 0.04, 0.04, 0.04, 0.04, 0.04, 0.04, 0.04, 0.04, 0.04, 0.04, 0.04, 0.04, 0.04, 0.04, 0.04, 0.04, 0.04, 0.04, 0.04, 0.04, 0.04, 0.04, 0.04, 0.04], "best": [0.4333333, 0.45213675, 0.45843622, 0.46246496, 0.46708074, 0.47062704, 0.47482708, 0.4770609, 0.4812957, 0.48551533, 0.49074998, 0.49734244, 0.5046025, 0.5117571, 0.52047616, 0.5275362, 0.53610235, 0.54398423, 0.5518363, 0.55946064, 0.5665829, 0.57339704, 0.57805616, 0.5839318, 0.58926076, 0.5942159, 0.5986231, 0.60282904, 0.6068802, 0.6104827, 0.6134493, 0.61625165, 0.61972046, 0.6220296, 0.624587, 0.6275691, 0.6301194, 0.63181716, 0.63320285, 0.63481766, 0.6363899, 0.6382536, 0.6397314, 0.6413906, 0.6435285, 0.6450195, 0.646151, 0.6467662, 0.64833766, 0.64945465], "duration": [160901, 183380, 172221, 184702, 176643, 175240, 165505, 159993, 159813, 194252, 194642, 174105, 188373, 201946, 208162, 188393, 187872, 168525, 155535, 174799, 189070, 175593, 175583, 175215, 181009, 182440, 215830, 162033, 188772, 182156, 188491, 202361, 202418, 182375, 168038, 175636, 215796, 161603, 175562, 208842, 162167, 202409, 168545, 175464, 168342, 181322, 180755, 168804, 242593, 168678]}