{"avg": [0.49733332, 0.49733344, 0.49733344, 0.49600002, 0.49600005, 0.49133343, 0.49, 0.49799997, 0.4926667, 0.49066672, 0.48933333, 0.49200007, 0.4866667, 0.49000004, 0.4893334, 0.49000004, 0.4893334, 0.4880001, 0.4873334, 0.4813334, 0.48333344, 0.48600006, 0.48533335, 0.4893334, 0.4893334], "std": [0.13213466, 0.1346337, 0.1346337, 0.13558759, 0.13410442, 0.13659507, 0.13747726, 0.13587743, 0.13569407, 0.13679507, 0.13473259, 0.13541047, 0.13399833, 0.13650395, 0.13373934, 0.13796133, 0.13273865, 0.12905821, 0.1312995, 0.13134517, 0.13287415, 0.13268, 0.13134517, 0.1296902, 0.13620895], "var": [1.0, 0.99333334, 0.9866667, 0.98, 0.96666664, 0.97333336, 0.96, 0.94666666, 0.94, 0.9266667, 0.9266667, 0.93333334, 0.9266667, 0.91333336, 0.92, 0.92, 0.91333336, 0.9, 0.88666666, 0.88666666, 0.88, 0.88, 0.88, 0.87333333, 0.86], "best": [0.9, 0.9, 0.9, 0.9, 0.9, 0.8, 0.9, 0.9, 0.9, 0.9, 0.9, 0.9, 0.9, 0.9, 0.9, 0.9, 0.9, 0.9, 0.9, 0.9, 0.9, 0.9, 0.9, 0.8, 0.9], "duration": [287417, 286972, 290273, 285819, 288270, 288947, 288963, 288307, 289736, 290185, 289664, 290194, 288348, 288043, 289017, 289107, 289115, 289894, 290459, 288740, 287526, 282118, 282832, 283192, 281522]}