{"avg": [0.3373558, 0.37015972, 0.40058988, 0.42762998, 0.42488262, 0.43407756, 0.41507936, 0.47659576, 0.4867489, 0.5258203, 0.5498526, 0.5890715, 0.58774567, 0.59516495, 0.6019173, 0.5927866, 0.61518055, 0.6379132, 0.63858473, 0.6584357, 0.66792876, 0.67558205, 0.6752819, 0.6882617, 0.69628096, 0.6912606, 0.69263834, 0.7068102, 0.7026278, 0.70769507, 0.7119716, 0.71929365, 0.72057444, 0.7221994, 0.72225684, 0.7246388, 0.7284677, 0.7325728, 0.72363406, 0.731242, 0.72712374, 0.72484875, 0.7313185, 0.74160033, 0.7355056, 0.74141484, 0.7347197, 0.7438025, 0.7422384, 0.7429455, 0.73673856, 0.7469965, 0.74827874, 0.74117416, 0.7497991, 0.7478674, 0.7439385, 0.7501986, 0.74826264, 0.7559655, 0.7499681, 0.7551103, 0.75100523, 0.7519376, 0.7522422, 0.75281745, 0.7603721, 0.7586863, 0.7567967, 0.7619696, 0.7531335, 0.7552087, 0.7584661, 0.7612189, 0.76197094], "std": [0.103032336, 0.09453718, 0.09195821, 0.07725346, 0.08091711, 0.08696055, 0.08569262, 0.075366735, 0.08169591, 0.07884143, 0.06296734, 0.041330554, 0.04891528, 0.037401956, 0.049713537, 0.0575229, 0.045054115, 0.04432198, 0.042303022, 0.035037894, 0.033939715, 0.03577972, 0.03254163, 0.022229625, 0.017494995, 0.02193632, 0.023403753, 0.007012462, 0.019897198, 0.018052561, 0.014420522, 0.0044364594, 0.010106804, 0.011795062, 0.014643516, 0.01381809, 0.010391501, 0.00031484157, 0.020293849, 0.014334272, 0.019914461, 0.022126747, 0.018891161, 1.7881393e-07, 0.017489206, 0.010936988, 0.019968092, 0.010202393, 0.01469387, 0.015031434, 0.021208756, 0.011524594, 0.010430622, 0.019968094, 0.010674856, 0.015031451, 0.019591808, 0.013801044, 0.01713928, 1.1920929e-07, 0.01680853, 0.010202389, 0.017139263, 0.016808534, 0.017139263, 0.017139286, 0.0, 0.010202376, 0.0143776415, 5.9604645e-08, 0.019233143, 0.017860025, 0.014693876, 0.0109369885, 0.010202394], "var": [1.0, 1.0, 1.0, 1.0, 1.0, 1.0, 1.0, 1.0, 1.0, 1.0, 0.92, 0.96, 0.96, 0.96, 0.96, 0.96, 0.96, 0.96, 0.96, 1.0, 0.96, 0.88, 0.84, 0.76, 0.76, 0.64, 0.72, 0.6, 0.52, 0.48, 0.4, 0.24, 0.2, 0.12, 0.12, 0.12, 0.12, 0.12, 0.12, 0.08, 0.04, 0.04, 0.04, 0.04, 0.04, 0.04, 0.04, 0.04, 0.04, 0.04, 0.04, 0.04, 0.04, 0.04, 0.04, 0.04, 0.04, 0.04, 0.04, 0.04, 0.04, 0.04, 0.04, 0.04, 0.04, 0.04, 0.04, 0.04, 0.04, 0.04, 0.04, 0.04, 0.04, 0.04, 0.04], "best": [0.57551014, 0.58482695, 0.5858092, 0.5873405, 0.5887875, 0.5961853, 0.5977324, 0.5895003, 0.59744895, 0.66382873, 0.6656675, 0.6705628, 0.6741497, 0.67514795, 0.6772536, 0.6890249, 0.68809116, 0.69007415, 0.6916288, 0.6994626, 0.7015502, 0.70355266, 0.70296764, 0.7078181, 0.70988977, 0.70984554, 0.7131358, 0.7148546, 0.71639043, 0.71807915, 0.72009057, 0.72205293, 0.72362, 0.7256452, 0.7273101, 0.72905964, 0.73099726, 0.73267174, 0.7343294, 0.736067, 0.73755044, 0.73884296, 0.7402238, 0.7416005, 0.7428526, 0.7439926, 0.74503106, 0.7460289, 0.7471365, 0.7481014, 0.7489835, 0.7498775, 0.750611, 0.7514855, 0.75224817, 0.75302315, 0.7537343, 0.7544579, 0.75525993, 0.7559656, 0.7566471, 0.7573366, 0.75800234, 0.75861675, 0.7592394, 0.7598146, 0.7603721, 0.7609126, 0.76146156, 0.7619697, 0.7624631, 0.7629423, 0.76336426, 0.7637968, 0.7641973], "duration": [113582, 97399, 116024, 108176, 86059, 95966, 108057, 109839, 127216, 100810, 122218, 108665, 112372, 92587, 106312, 113360, 92391, 116108, 94184, 108035, 100980, 115305, 122069, 86016, 114507, 93345, 100790, 93152, 93208, 100659, 115049, 115370, 93246, 108811, 94918, 136854, 100719, 93561, 122257, 100588, 108522, 87134, 94328, 101632, 102625, 102273, 101593, 108656, 115393, 108546, 101347, 108616, 101538, 94040, 101476, 87086, 94239, 93912, 122645, 86570, 100431, 107981, 100584, 107875, 101505, 94051, 116217, 102098, 108406, 102091, 131470, 87013, 101842, 93282, 98497]}