{"avg": [0.2663248, 0.29592025, 0.30377418, 0.2966136, 0.29996577, 0.302989, 0.31949183, 0.3279431, 0.31964582, 0.3352215, 0.3148098, 0.29667914, 0.32250953, 0.33933616, 0.3093469, 0.3016341, 0.29313675, 0.31646872, 0.33600867, 0.3353705, 0.34788284, 0.33762327, 0.33120468, 0.32213652, 0.3464781, 0.34186932, 0.34330013, 0.3542595, 0.34575683, 0.33422342, 0.36540917, 0.35109234, 0.3449247, 0.33888227, 0.35177428, 0.3388637, 0.34449342, 0.33776218, 0.34436354, 0.3425819, 0.33778647, 0.36813775, 0.35836026, 0.35835055, 0.37074134, 0.36928463, 0.37683204, 0.37884727, 0.37479758, 0.40776792], "std": [0.08762015, 0.07603299, 0.05097117, 0.04238252, 0.07099504, 0.076609924, 0.053182542, 0.05018132, 0.07895295, 0.06658981, 0.064347446, 0.051477507, 0.06635779, 0.054001514, 0.06861544, 0.07014824, 0.05145999, 0.043194328, 0.052298095, 0.078081876, 0.056024674, 0.049708705, 0.0422164, 0.059024554, 0.040491942, 0.048881117, 0.05748659, 0.048467558, 0.06442303, 0.05497905, 0.0450156, 0.047288414, 0.0687614, 0.06932442, 0.053057358, 0.07595814, 0.065950595, 0.091965675, 0.08758241, 0.094367124, 0.06619939, 0.042141795, 0.07290545, 0.0726889, 0.05216003, 0.05056576, 0.04377257, 0.06635136, 0.043048967, 0.041364364], "var": [0.98, 0.98, 0.98, 0.96, 0.94, 0.94, 0.92, 0.92, 0.88, 0.88, 0.88, 0.86, 0.84, 0.82, 0.82, 0.8, 0.78, 0.78, 0.76, 0.74, 0.76, 0.74, 0.74, 0.74, 0.72, 0.7, 0.66, 0.66, 0.64, 0.64, 0.6, 0.62, 0.64, 0.64, 0.62, 0.62, 0.62, 0.64, 0.62, 0.62, 0.6, 0.6, 0.62, 0.64, 0.62, 0.6, 0.64, 0.62, 0.62, 0.6], "best": [0.44358978, 0.47247866, 0.37239313, 0.366248, 0.4652829, 0.466354, 0.40960893, 0.41234246, 0.46482432, 0.46639678, 0.37196478, 0.36702278, 0.46535847, 0.46607402, 0.39834687, 0.41501686, 0.37115383, 0.37419114, 0.46485412, 0.46548834, 0.46629357, 0.41873768, 0.42091122, 0.3975465, 0.42126814, 0.4227461, 0.4235554, 0.46565768, 0.42539382, 0.42726162, 0.42712155, 0.42897126, 0.43021512, 0.43082297, 0.43130207, 0.4321297, 0.43300104, 0.43418804, 0.46472666, 0.46623862, 0.46729162, 0.4373046, 0.43800232, 0.47284672, 0.44078824, 0.4753946, 0.44147405, 0.46376872, 0.44327894, 0.47826457], "duration": [42946, 40068, 52621, 42990, 49723, 47825, 45687, 38794, 44851, 39710, 37329, 38203, 45650, 39638, 44832, 38592, 38222, 45722, 45314, 39702, 46440, 39102, 39045, 38954, 38752, 39496, 39166, 38502, 38917, 39037, 39057, 38668, 39671, 39367, 45731, 38611, 39124, 38836, 51987, 39347, 38907, 46683, 39606, 45516, 39268, 39759, 39558, 39392, 39876, 39782]}