{"avg": [0.2680672, 0.2570249, 0.28194004, 0.27429712, 0.29713327, 0.3042425, 0.2889345, 0.27648056, 0.2927235, 0.31243026, 0.3186368, 0.3250849, 0.28191274, 0.31316793, 0.32125458, 0.3122833, 0.33490774, 0.29983833, 0.3235979, 0.3237171, 0.31000003, 0.31404757, 0.28696552, 0.31753966, 0.3460409, 0.3272629, 0.32410294, 0.34492424, 0.32247028, 0.30715233, 0.35154194, 0.3042645, 0.3396115, 0.35775027, 0.34657714, 0.32454917, 0.3250202, 0.35179052, 0.36058933, 0.32192412, 0.33448645, 0.3501542, 0.3408604, 0.34305266, 0.33665162, 0.3728176, 0.38054964, 0.37254938, 0.36544552, 0.33970737], "std": [0.054508973, 0.07343848, 0.049851008, 0.039079897, 0.07831382, 0.048800338, 0.066841014, 0.059050605, 0.05325114, 0.08387078, 0.06496071, 0.050954603, 0.05980054, 0.05962278, 0.056053918, 0.039048508, 0.048952233, 0.07663508, 0.07760124, 0.05113505, 0.075488076, 0.0670708, 0.08734241, 0.068823405, 0.053686433, 0.05352036, 0.053623512, 0.06578053, 0.07168268, 0.08340275, 0.073883615, 0.035797574, 0.09625592, 0.051193483, 0.080569744, 0.051786456, 0.06253418, 0.050576758, 0.047971006, 0.044683844, 0.08295982, 0.06879406, 0.093671985, 0.07678304, 0.07783775, 0.048239782, 0.04424615, 0.05459376, 0.054287884, 0.06929472], "var": [1.0, 1.0, 0.9866667, 0.97333336, 0.96, 0.96, 0.96, 0.96, 0.96, 0.93333334, 0.92, 0.9066667, 0.8933333, 0.8933333, 0.88, 0.88, 0.88, 0.88, 0.88, 0.88, 0.8933333, 0.8933333, 0.88, 0.8666667, 0.85333335, 0.85333335, 0.84, 0.82666665, 0.82666665, 0.81333333, 0.81333333, 0.8, 0.7866667, 0.8, 0.7866667, 0.8, 0.8, 0.81333333, 0.7866667, 0.7733333, 0.7733333, 0.7733333, 0.76, 0.76, 0.76, 0.76, 0.73333335, 0.73333335, 0.73333335, 0.72], "best": [0.34761906, 0.44117644, 0.35859787, 0.3544351, 0.44492754, 0.44796744, 0.35628572, 0.3961823, 0.3803344, 0.4481982, 0.45112476, 0.4236499, 0.3991497, 0.45289513, 0.42525256, 0.3986943, 0.4529262, 0.3992977, 0.45351472, 0.42621362, 0.45558974, 0.45640275, 0.4575673, 0.42825314, 0.4576923, 0.422578, 0.40354323, 0.46771646, 0.4595915, 0.42405066, 0.4696599, 0.37065056, 0.47047257, 0.4600617, 0.46098146, 0.46137288, 0.43637905, 0.47291127, 0.42491964, 0.38773382, 0.46066156, 0.46146607, 0.46154585, 0.4293617, 0.41904104, 0.46260712, 0.46589518, 0.44405225, 0.47635427, 0.4308903], "duration": [47047, 42933, 38797, 47376, 47900, 45483, 39530, 43165, 39947, 40072, 40368, 39535, 45471, 43533, 40170, 38488, 39859, 44106, 38398, 40127, 39599, 50432, 43689, 40119, 40390, 39524, 44322, 40572, 39383, 44302, 46954, 38981, 43973, 40514, 40000, 40092, 39458, 39418, 39770, 39033, 39626, 40287, 40118, 40239, 39896, 40059, 40399, 40383, 47270, 40306]}