{"avg": [0.25777778, 0.30812696, 0.2928345, 0.28761184, 0.27163842, 0.28942248, 0.29786044, 0.30156705, 0.29667294, 0.313934, 0.2930195, 0.31162468, 0.3006237, 0.29930094, 0.30878764, 0.32559425, 0.30709386, 0.28697428, 0.29869506, 0.30726647, 0.29519433, 0.30958205, 0.3219842, 0.31020904, 0.31825048, 0.30025002, 0.30365834, 0.31277615, 0.3322944, 0.34539622, 0.33375204, 0.33191672, 0.31974694, 0.32798278, 0.3246306, 0.33110282, 0.3348795, 0.3234181, 0.33762684, 0.3431151, 0.34257457, 0.34656575, 0.3406247, 0.3475006, 0.35656798, 0.34664008, 0.34830514, 0.33482346, 0.3568872, 0.3713587], "std": [0.08726752, 0.05777426, 0.04251061, 0.059325732, 0.06402464, 0.06750575, 0.047367733, 0.04687598, 0.04913858, 0.06311522, 0.03903196, 0.04167784, 0.046062626, 0.051206693, 0.06109608, 0.042272087, 0.05902789, 0.03501118, 0.051351584, 0.04157576, 0.06730102, 0.055142045, 0.05305316, 0.06878122, 0.04591457, 0.06341316, 0.07210635, 0.07033392, 0.043535274, 0.051244795, 0.07721173, 0.047011815, 0.037455916, 0.042188145, 0.048180554, 0.03474679, 0.028099872, 0.03896283, 0.03087177, 0.028981011, 0.03538653, 0.034608256, 0.052917216, 0.034303565, 0.029379651, 0.04139371, 0.051646803, 0.06423223, 0.033673983, 0.035118073], "var": [0.98, 0.98, 0.98, 0.98, 0.98, 0.96, 0.94, 0.92, 0.92, 0.9, 0.9, 0.88, 0.86, 0.84, 0.82, 0.8, 0.78, 0.76, 0.74, 0.72, 0.7, 0.68, 0.66, 0.64, 0.64, 0.64, 0.64, 0.62, 0.6, 0.6, 0.58, 0.58, 0.58, 0.58, 0.56, 0.54, 0.54, 0.5, 0.48, 0.46, 0.46, 0.42, 0.42, 0.42, 0.42, 0.4, 0.42, 0.4, 0.38, 0.38], "best": [0.4333333, 0.46222222, 0.34857145, 0.3587662, 0.34439063, 0.45090088, 0.35989416, 0.38683736, 0.36345336, 0.44844124, 0.3465368, 0.38907564, 0.3590733, 0.39213562, 0.4480438, 0.39257395, 0.44875, 0.3538262, 0.3936508, 0.36223426, 0.36341426, 0.44813666, 0.44921103, 0.3928975, 0.3666409, 0.36954105, 0.39254245, 0.3930632, 0.39411375, 0.44821426, 0.44870687, 0.39648077, 0.39739206, 0.37343454, 0.39698625, 0.37637565, 0.37738952, 0.37800014, 0.39668453, 0.39698413, 0.39729437, 0.39745378, 0.44828466, 0.398856, 0.39899457, 0.39907086, 0.4480075, 0.44837227, 0.4008033, 0.4484848], "duration": [43074, 39485, 39080, 47718, 38961, 39133, 39621, 39795, 39147, 45677, 43431, 39967, 39560, 43946, 42719, 51617, 39124, 37867, 44712, 37717, 38488, 42641, 39239, 39426, 38997, 39331, 39131, 39082, 39379, 39609, 39542, 39203, 38519, 39014, 39026, 39437, 39482, 38615, 39489, 39792, 45746, 39603, 39448, 38791, 38964, 39266, 45915, 39223, 39554, 39552]}