{"avg": [0.24805553, 0.27707404, 0.28226608, 0.27731416, 0.282658, 0.28313604, 0.29560518, 0.3085992, 0.3016594, 0.3161967, 0.2942054, 0.28399882, 0.30856717, 0.3243121, 0.28911275, 0.28924608, 0.2950299, 0.3053438, 0.29365468, 0.2956774, 0.31082457, 0.30459893, 0.30571288, 0.31220692, 0.31660333, 0.32073435, 0.31938487, 0.29686913, 0.32580218, 0.32596645, 0.3479718, 0.33325428, 0.33719295, 0.32828188, 0.3272337, 0.31067517, 0.31922472, 0.33516702, 0.36712533, 0.3553902, 0.34219414, 0.33475333, 0.3295065, 0.36700615, 0.36685947, 0.3788563, 0.3629225, 0.3654665, 0.37544417, 0.35511768], "std": [0.08358111, 0.07320414, 0.04535975, 0.03943418, 0.06531217, 0.07015609, 0.049299207, 0.047561564, 0.07388494, 0.06222711, 0.058503732, 0.04037083, 0.060643222, 0.05202306, 0.06495365, 0.06735455, 0.06956284, 0.056039046, 0.057853665, 0.06878606, 0.05207902, 0.07300669, 0.062759526, 0.03853913, 0.058613505, 0.047954787, 0.05625564, 0.06797662, 0.040014617, 0.062704735, 0.04020109, 0.0635792, 0.06477341, 0.08438941, 0.04584642, 0.053930666, 0.046458602, 0.047537494, 0.052399065, 0.056848355, 0.07612418, 0.06208933, 0.07536836, 0.06364101, 0.057366446, 0.07236424, 0.063775435, 0.066239186, 0.073782, 0.07010765], "var": [0.98, 0.98, 0.98, 0.96, 0.94, 0.94, 0.92, 0.92, 0.88, 0.88, 0.88, 0.86, 0.84, 0.82, 0.82, 0.8, 0.8, 0.8, 0.8, 0.78, 0.78, 0.74, 0.74, 0.74, 0.74, 0.72, 0.7, 0.68, 0.68, 0.68, 0.68, 0.7, 0.7, 0.7, 0.68, 0.7, 0.7, 0.7, 0.68, 0.7, 0.68, 0.64, 0.64, 0.6, 0.62, 0.58, 0.58, 0.54, 0.5, 0.46], "best": [0.41666666, 0.44555557, 0.35027775, 0.34413263, 0.43835977, 0.43943092, 0.38653198, 0.38926554, 0.43790123, 0.43947366, 0.34738955, 0.3449074, 0.43843535, 0.43915093, 0.377193, 0.3918033, 0.43846154, 0.43981817, 0.34988424, 0.3914754, 0.4401157, 0.3934739, 0.39714286, 0.39872846, 0.3988686, 0.44025, 0.4019231, 0.40923664, 0.40346125, 0.4109683, 0.41242924, 0.4394376, 0.44007936, 0.44066927, 0.4169403, 0.38844284, 0.41623005, 0.42867813, 0.42947423, 0.44187126, 0.43067935, 0.42047104, 0.43053865, 0.43524686, 0.43673193, 0.4441537, 0.43621883, 0.44615558, 0.44711494, 0.44817472], "duration": [42808, 39546, 52299, 42684, 49446, 47498, 45172, 38437, 44640, 39513, 37064, 37957, 45580, 39547, 44447, 38359, 38386, 39532, 38709, 38320, 45580, 45604, 38952, 37868, 39349, 38986, 38635, 38242, 38525, 39458, 39078, 39242, 39294, 38912, 38193, 38556, 38877, 39493, 39708, 39586, 39393, 39203, 39586, 39843, 39502, 39840, 39764, 39769, 39623, 39682]}