{"avg": [0.26630038, 0.28417715, 0.30731216, 0.3085728, 0.3224929, 0.30860388, 0.3144254, 0.3165676, 0.33518982, 0.32540122, 0.33355477, 0.34118086, 0.34316534, 0.3490594, 0.36609024, 0.3696316, 0.3851321, 0.35538054, 0.3647571, 0.36836317, 0.36456653, 0.3590459, 0.38302803, 0.4142019, 0.38418657, 0.4177322, 0.41025457, 0.4147322, 0.38637033, 0.4252799, 0.4101163, 0.43911782, 0.43804288, 0.455109, 0.4669894, 0.4737077, 0.4732092, 0.46238747, 0.48043036, 0.4744209, 0.46919444, 0.49883714, 0.48689297, 0.48547918, 0.50360596, 0.52783823, 0.52227557, 0.49855405, 0.49613693, 0.49280122], "std": [0.07142763, 0.062445138, 0.0589247, 0.056407813, 0.03726768, 0.057561245, 0.06421788, 0.042275645, 0.048428833, 0.051426444, 0.054724496, 0.049069844, 0.049822796, 0.051344026, 0.047492623, 0.054451466, 0.047068838, 0.06926703, 0.067269854, 0.0652653, 0.07151693, 0.0708857, 0.061763488, 0.06232326, 0.07835829, 0.06775661, 0.07658144, 0.083185546, 0.09116907, 0.07794926, 0.08673568, 0.08055601, 0.08272073, 0.072611935, 0.070970915, 0.06868685, 0.07290707, 0.085266516, 0.0767603, 0.08662053, 0.091129765, 0.06755389, 0.086854175, 0.092687614, 0.082264826, 0.044861108, 0.0598316, 0.09281478, 0.09915156, 0.10088073], "var": [0.98, 0.96, 0.94, 0.94, 0.9, 0.88, 0.82, 0.82, 0.8, 0.82, 0.8, 0.76, 0.7, 0.68, 0.6, 0.56, 0.54, 0.5, 0.48, 0.48, 0.48, 0.44, 0.38, 0.36, 0.3, 0.3, 0.26, 0.24, 0.18, 0.18, 0.16, 0.16, 0.14, 0.12, 0.1, 0.08, 0.08, 0.08, 0.08, 0.06, 0.08, 0.08, 0.1, 0.1, 0.1, 0.12, 0.12, 0.12, 0.12, 0.12], "best": [0.4333333, 0.36776558, 0.45493826, 0.4556962, 0.39061096, 0.45530304, 0.45596707, 0.39565536, 0.45475113, 0.40042588, 0.40331784, 0.40600756, 0.40750578, 0.41031745, 0.45245612, 0.45290744, 0.42374444, 0.43094218, 0.4520408, 0.4375161, 0.45154262, 0.45172414, 0.44679806, 0.49147356, 0.4964178, 0.4590793, 0.5027618, 0.50636405, 0.473779, 0.51194024, 0.47995198, 0.5173679, 0.4872299, 0.52410096, 0.52751714, 0.5308542, 0.53448683, 0.5374681, 0.53993756, 0.54327446, 0.54592204, 0.5481977, 0.5509995, 0.5673458, 0.5699842, 0.5724746, 0.57544, 0.57827675, 0.5801092, 0.5818576], "duration": [87028, 97880, 78824, 93088, 92904, 97574, 98559, 84794, 83365, 92299, 79865, 83764, 92798, 80252, 87011, 93482, 80416, 78508, 99091, 92676, 113198, 87357, 80559, 87748, 87423, 80931, 87261, 87683, 100062, 94028, 80783, 87617, 94470, 107844, 87710, 87530, 87753, 80829, 87617, 87597, 100285, 87516, 80977, 100894, 80798, 80901, 107845, 87710, 87588, 80808]}