{"avg": [0.2188889, 0.2546667, 0.2548148, 0.25605822, 0.27215025, 0.23544833, 0.26754045, 0.28128764, 0.26848117, 0.26026338, 0.2737778, 0.29514432, 0.28222153, 0.2979705, 0.2617299, 0.2866852, 0.28397363, 0.30593765, 0.28319824, 0.30657122, 0.28436458, 0.32150143, 0.32453364, 0.30666667, 0.3198459, 0.33203882, 0.32155016, 0.32491004, 0.3136135, 0.33430973, 0.32651556, 0.3349077, 0.32940128, 0.33892766, 0.34461707, 0.33617866, 0.339824, 0.33967024, 0.33987746, 0.33612123, 0.34775555, 0.33979294, 0.363865, 0.3360597, 0.34090015, 0.3447119, 0.35398045, 0.3482745, 0.37766287, 0.34636813], "std": [0.07205965, 0.06573823, 0.05266037, 0.062802576, 0.056218334, 0.07156311, 0.05392102, 0.044579063, 0.041263588, 0.05953516, 0.04616713, 0.05820817, 0.055872403, 0.05108418, 0.08301914, 0.052228227, 0.059220694, 0.04672086, 0.05873923, 0.05937849, 0.056772046, 0.04059165, 0.030092128, 0.044255078, 0.039331306, 0.0371599, 0.050496776, 0.058749482, 0.047832847, 0.03805782, 0.042499643, 0.036511153, 0.048313834, 0.042302392, 0.041005764, 0.051310774, 0.045303125, 0.055570755, 0.049458068, 0.04316547, 0.044586003, 0.058391083, 0.03943999, 0.057015844, 0.068902336, 0.060081996, 0.05273427, 0.047695767, 0.034365047, 0.063116655], "var": [0.98, 0.98, 0.98, 0.94, 0.94, 0.94, 0.94, 0.94, 0.92, 0.9, 0.9, 0.86, 0.88, 0.84, 0.84, 0.82, 0.8, 0.8, 0.78, 0.78, 0.76, 0.78, 0.76, 0.74, 0.74, 0.74, 0.74, 0.72, 0.7, 0.7, 0.7, 0.7, 0.66, 0.68, 0.66, 0.68, 0.66, 0.62, 0.58, 0.58, 0.6, 0.58, 0.6, 0.56, 0.56, 0.56, 0.52, 0.52, 0.5, 0.5], "best": [0.33888888, 0.3677778, 0.30222222, 0.31407407, 0.3603578, 0.3612573, 0.3656288, 0.36163032, 0.3629326, 0.364321, 0.33733335, 0.36858585, 0.3671943, 0.37052155, 0.3731701, 0.37385187, 0.37346706, 0.37479624, 0.37622222, 0.37657502, 0.36045754, 0.3975078, 0.37863246, 0.3772128, 0.37068653, 0.37937126, 0.40055004, 0.38119045, 0.37283525, 0.37340477, 0.3747258, 0.38404796, 0.3847139, 0.37622738, 0.38578153, 0.3871521, 0.3899177, 0.3909186, 0.40087184, 0.39446247, 0.39437413, 0.40163147, 0.3972222, 0.39926898, 0.40014243, 0.40217257, 0.4029635, 0.4044, 0.40494713, 0.40717328], "duration": [43195, 39840, 38511, 37725, 46768, 39772, 39282, 38298, 38583, 42921, 43591, 40501, 45378, 43255, 39781, 39423, 45683, 54921, 38596, 39778, 50518, 39914, 39865, 43990, 44477, 39489, 46057, 39308, 46141, 48657, 46549, 40257, 44568, 39877, 40030, 53073, 39621, 53100, 39510, 40224, 43813, 58874, 39735, 39552, 38813, 53321, 46470, 39859, 39575, 39201]}