{"avg": [0.22095238, 0.25491157, 0.25779808, 0.25762182, 0.25678483, 0.26110592, 0.27340433, 0.28203452, 0.27181253, 0.28599125, 0.27673164, 0.2796142, 0.2938693, 0.27288127, 0.27930692, 0.2751735, 0.2896255, 0.2949626, 0.2985531, 0.30815116, 0.31317687, 0.30002707, 0.29346588, 0.29515243, 0.29413128, 0.29097965, 0.30011922, 0.32256368, 0.29635245, 0.30759767, 0.3523129, 0.33680898, 0.32375282, 0.3252479, 0.30725867, 0.31947327, 0.32665995, 0.34624586, 0.3443592, 0.33747888, 0.34616965, 0.35665572, 0.336997, 0.36407444, 0.33666047, 0.35959566, 0.34065652, 0.36905912, 0.357413, 0.3557167], "std": [0.07480074, 0.063218124, 0.043638047, 0.032728016, 0.06047614, 0.064232126, 0.04643883, 0.042810638, 0.07011608, 0.056548733, 0.0640417, 0.060118005, 0.04671559, 0.057311997, 0.07512039, 0.06243116, 0.05118577, 0.061892353, 0.046053518, 0.028935622, 0.059308995, 0.07420828, 0.0526913, 0.076952614, 0.056361698, 0.049027663, 0.06095103, 0.0760793, 0.05069185, 0.05619259, 0.0668165, 0.06845165, 0.06812146, 0.06567088, 0.06904973, 0.05918163, 0.06145766, 0.055953804, 0.08193824, 0.0777399, 0.08256806, 0.06992712, 0.06868678, 0.076329574, 0.06715976, 0.08303478, 0.07923891, 0.073521174, 0.08423248, 0.07649531], "var": [0.98, 0.98, 0.98, 0.96, 0.94, 0.94, 0.92, 0.92, 0.92, 0.9, 0.88, 0.86, 0.84, 0.82, 0.78, 0.78, 0.78, 0.74, 0.74, 0.76, 0.76, 0.76, 0.72, 0.68, 0.7, 0.66, 0.62, 0.6, 0.62, 0.6, 0.58, 0.56, 0.58, 0.56, 0.58, 0.58, 0.58, 0.6, 0.58, 0.56, 0.54, 0.52, 0.52, 0.5, 0.48, 0.48, 0.5, 0.5, 0.46, 0.48], "best": [0.37142855, 0.40857142, 0.3210204, 0.3131195, 0.3993197, 0.40069684, 0.35207176, 0.35558632, 0.39873013, 0.4005714, 0.40121952, 0.37025252, 0.40368184, 0.40418956, 0.40419048, 0.40826443, 0.40878266, 0.4095588, 0.4100752, 0.37269226, 0.40955383, 0.41210434, 0.37535185, 0.41369537, 0.41575187, 0.37871054, 0.4147018, 0.4148879, 0.38590863, 0.41597742, 0.41528448, 0.4196649, 0.4225861, 0.4238278, 0.42511946, 0.41223383, 0.42471853, 0.42509124, 0.42771855, 0.42961165, 0.431766, 0.4351547, 0.4367439, 0.4377596, 0.4403083, 0.44079342, 0.443073, 0.44432035, 0.44535145, 0.44716316], "duration": [43114, 40255, 52833, 43015, 49925, 48307, 45771, 38880, 38891, 39157, 38888, 40379, 39335, 39468, 52903, 39311, 39230, 38797, 39806, 39085, 47154, 46217, 38498, 55022, 39853, 39992, 39133, 39996, 39577, 41170, 40423, 53309, 40184, 46103, 45724, 39706, 39486, 40077, 40311, 40336, 40004, 39686, 39930, 40079, 40079, 40077, 40312, 40274, 40515, 42951]}