{"avg": [0.25777778, 0.2896931, 0.29106933, 0.2902818, 0.29136732, 0.29626632, 0.3098395, 0.30939683, 0.31121796, 0.2972755, 0.30229124, 0.300333, 0.29381615, 0.31941202, 0.30276963, 0.27777657, 0.29274696, 0.3142629, 0.3263526, 0.33582184, 0.29674146, 0.33901405, 0.33982524, 0.33155605, 0.3256345, 0.29534268, 0.30723, 0.3162007, 0.30628136, 0.33465543, 0.34908715, 0.34599793, 0.31648904, 0.3410304, 0.3460673, 0.3455487, 0.32958123, 0.34010684, 0.33435807, 0.35678813, 0.35012677, 0.34782872, 0.34268174, 0.3643022, 0.3556712, 0.37910536, 0.3297195, 0.3359986, 0.34193438, 0.3751124], "std": [0.08726752, 0.07409099, 0.047552217, 0.048084922, 0.06961222, 0.07465063, 0.052553214, 0.06551356, 0.052450385, 0.049723223, 0.0434612, 0.053468503, 0.065827146, 0.06407702, 0.055378452, 0.06515147, 0.06418937, 0.06866957, 0.051974285, 0.035988554, 0.07170059, 0.037274282, 0.061601825, 0.044184458, 0.048871085, 0.071797274, 0.058241997, 0.07943625, 0.061685663, 0.06128719, 0.048674118, 0.050612736, 0.080810554, 0.05333283, 0.049223956, 0.053250067, 0.055987183, 0.06345434, 0.05214545, 0.065751456, 0.06536952, 0.07250843, 0.07031971, 0.053746942, 0.06004671, 0.062262993, 0.057392545, 0.071279965, 0.06278086, 0.056853123], "var": [0.98, 0.98, 0.98, 0.96, 0.94, 0.94, 0.92, 0.92, 0.9, 0.9, 0.86, 0.84, 0.84, 0.84, 0.82, 0.8, 0.8, 0.78, 0.78, 0.76, 0.74, 0.74, 0.74, 0.7, 0.7, 0.7, 0.68, 0.7, 0.68, 0.68, 0.7, 0.68, 0.66, 0.62, 0.6, 0.62, 0.62, 0.64, 0.64, 0.64, 0.64, 0.64, 0.64, 0.64, 0.6, 0.6, 0.58, 0.56, 0.56, 0.58], "best": [0.4333333, 0.46222222, 0.36396822, 0.3578231, 0.45502642, 0.45609757, 0.40081772, 0.45652172, 0.40556777, 0.3899217, 0.39130434, 0.3657738, 0.36649027, 0.4547967, 0.3919414, 0.36835572, 0.361051, 0.40153322, 0.40675887, 0.4087677, 0.37213063, 0.40961096, 0.45263156, 0.41112003, 0.4121294, 0.37515688, 0.41354132, 0.4143653, 0.41520527, 0.4527407, 0.4165032, 0.45356894, 0.41787854, 0.4191858, 0.4191103, 0.4535519, 0.42118838, 0.45375788, 0.4222701, 0.45408496, 0.45506093, 0.45571056, 0.45676768, 0.42449284, 0.45798358, 0.45890924, 0.4277668, 0.45983717, 0.4605415, 0.46102428], "duration": [42789, 39562, 52534, 42689, 49686, 47530, 39028, 38431, 44885, 38955, 38549, 37946, 38039, 38856, 39346, 38211, 38585, 45922, 38739, 45778, 44664, 39116, 39421, 38440, 38487, 38392, 38202, 45244, 38307, 39026, 39412, 52047, 39023, 38890, 45439, 38928, 39033, 39447, 39191, 39784, 38802, 39841, 46208, 39076, 39641, 39693, 38624, 38578, 39490, 39790]}