{"avg": [0.49733344, 0.4960001, 0.49866673, 0.49666673, 0.49266678, 0.49266684, 0.49733344, 0.49200013, 0.49466679, 0.4986668, 0.49800014, 0.49533346, 0.49666682, 0.49733344, 0.48933345, 0.4926667, 0.49133345, 0.49000016, 0.49333337, 0.49066675, 0.48533335, 0.48866668, 0.48733342, 0.48666683, 0.48733342], "std": [0.13263823, 0.1331065, 0.13564001, 0.13585123, 0.13667317, 0.13716006, 0.1370872, 0.13442218, 0.1360327, 0.13564004, 0.13830881, 0.13727671, 0.13437101, 0.12958743, 0.13473259, 0.1371601, 0.13512293, 0.1360147, 0.1334999, 0.13483156, 0.13485135, 0.1354187, 0.13530049, 0.13249737, 0.13381414], "var": [1.0, 0.9866667, 0.9866667, 0.98, 0.97333336, 0.97333336, 0.96666664, 0.96, 0.96, 0.96, 0.94666666, 0.94, 0.93333334, 0.9266667, 0.92, 0.91333336, 0.91333336, 0.9066667, 0.9066667, 0.9, 0.9, 0.8933333, 0.88666666, 0.88, 0.8666667], "best": [0.9, 0.9, 0.9, 0.9, 0.9, 0.8, 0.9, 0.9, 0.9, 0.9, 0.9, 0.8, 0.8, 0.8, 0.8, 0.8, 0.8, 0.8, 0.8, 0.8, 0.8, 0.8, 0.8, 0.8, 0.8], "duration": [285869, 287962, 288889, 287036, 287223, 287840, 289838, 291771, 291295, 289208, 289662, 286372, 284783, 288533, 282070, 283571, 284511, 285923, 283954, 285810, 283205, 282482, 284985, 281714, 281520]}