{"avg": [0.26285714, 0.28715342, 0.29708436, 0.29572397, 0.2913673, 0.29626632, 0.30863777, 0.320574, 0.31279385, 0.32797393, 0.30798092, 0.29720566, 0.32017434, 0.33420795, 0.3001619, 0.29746783, 0.28957266, 0.3040173, 0.30757374, 0.3247099, 0.33728206, 0.3002331, 0.29912186, 0.31586286, 0.32579663, 0.32662353, 0.34097376, 0.32512274, 0.34799662, 0.33337763, 0.35186794, 0.328717, 0.33816606, 0.3500091, 0.3414298, 0.34604087, 0.34269425, 0.35998648, 0.35324106, 0.37309465, 0.34770977, 0.3679498, 0.37292394, 0.38177782, 0.37940636, 0.37422368, 0.3896473, 0.3905555, 0.39010215, 0.40117973], "std": [0.0841156, 0.07502672, 0.04982655, 0.039857898, 0.06890764, 0.07465063, 0.057517584, 0.0491792, 0.07701867, 0.06492253, 0.06272913, 0.04416931, 0.062846705, 0.059410892, 0.07327628, 0.069135755, 0.05845722, 0.041864622, 0.06883484, 0.06352208, 0.048626762, 0.07308894, 0.055440065, 0.054688245, 0.06894128, 0.053597227, 0.06274008, 0.06403655, 0.040872514, 0.049649928, 0.04722504, 0.0566823, 0.027597558, 0.05412218, 0.045560267, 0.056814883, 0.053118266, 0.05435228, 0.06991995, 0.054116096, 0.06258071, 0.067627, 0.056395266, 0.050688628, 0.045194183, 0.05940613, 0.071169816, 0.061600085, 0.052028414, 0.072193906], "var": [0.98, 0.98, 0.98, 0.96, 0.94, 0.94, 0.92, 0.92, 0.88, 0.88, 0.88, 0.86, 0.84, 0.82, 0.82, 0.8, 0.8, 0.8, 0.82, 0.8, 0.8, 0.78, 0.78, 0.78, 0.76, 0.74, 0.74, 0.72, 0.7, 0.7, 0.72, 0.68, 0.68, 0.68, 0.66, 0.64, 0.64, 0.64, 0.62, 0.6, 0.58, 0.6, 0.6, 0.58, 0.58, 0.58, 0.56, 0.54, 0.52, 0.52], "best": [0.4333333, 0.46222222, 0.36396822, 0.3578231, 0.41693118, 0.45609757, 0.40081772, 0.40355125, 0.45456788, 0.4561403, 0.36353984, 0.36396825, 0.455102, 0.45581758, 0.39028823, 0.40608904, 0.4064652, 0.3587879, 0.4065311, 0.40750977, 0.4545741, 0.40976766, 0.36574984, 0.3907893, 0.45430806, 0.4119524, 0.45480767, 0.4140537, 0.41510972, 0.41668224, 0.4175206, 0.41926184, 0.37566447, 0.42060757, 0.42280424, 0.4230545, 0.43370858, 0.45489192, 0.42630124, 0.45580766, 0.4561348, 0.43872526, 0.45630968, 0.45678464, 0.44305584, 0.4569756, 0.5152827, 0.45835578, 0.45862976, 0.44917357], "duration": [43184, 40203, 53088, 43036, 49947, 47990, 45762, 38637, 45018, 39982, 37454, 38468, 46042, 39825, 44691, 39091, 38327, 39309, 39824, 39351, 46539, 39016, 39395, 45659, 39052, 39333, 45881, 39356, 39588, 39775, 39646, 39063, 39296, 52340, 39104, 39107, 38500, 39643, 39362, 39790, 39498, 39217, 39432, 46073, 46568, 39575, 59382, 39705, 39746, 39148]}