{"avg": [0.33190477, 0.36226985, 0.3632268, 0.3661807, 0.36063078, 0.36631736, 0.38692945, 0.3931616, 0.38900715, 0.40465394, 0.37715918, 0.36152038, 0.39303258, 0.41471848, 0.37378213, 0.3732024, 0.37956315, 0.39546853, 0.378791, 0.39963898, 0.41137522, 0.3721204, 0.40761554, 0.41889006, 0.38590178, 0.45660916, 0.3748415, 0.35251027, 0.4051432, 0.405664, 0.40485424, 0.42631382, 0.42437515, 0.40208116, 0.43730634, 0.41858914, 0.40521654, 0.39905816, 0.42361742, 0.41122678, 0.39336625, 0.44596916, 0.43522486, 0.47617006, 0.42066127, 0.43276232, 0.4498788, 0.40399638, 0.4719622, 0.45792025], "std": [0.10650978, 0.093096055, 0.061445333, 0.055127148, 0.08637704, 0.09266504, 0.06639174, 0.062729605, 0.09509495, 0.085657336, 0.07600406, 0.05576513, 0.08111668, 0.06739557, 0.087699935, 0.08291766, 0.08806613, 0.06653128, 0.07038927, 0.079626836, 0.063306876, 0.08653215, 0.089038685, 0.07139994, 0.09545888, 0.08237465, 0.08004331, 0.0835916, 0.05787545, 0.08070369, 0.051030815, 0.07280959, 0.08175257, 0.089850605, 0.05543199, 0.073841214, 0.073074184, 0.07778935, 0.08034733, 0.09262387, 0.10512413, 0.092283286, 0.0885924, 0.0744039, 0.07814479, 0.090757, 0.08259417, 0.087063, 0.08602174, 0.094157495], "var": [0.98, 0.98, 0.98, 0.96, 0.94, 0.94, 0.92, 0.92, 0.88, 0.88, 0.88, 0.86, 0.84, 0.82, 0.82, 0.8, 0.8, 0.8, 0.82, 0.8, 0.8, 0.78, 0.78, 0.76, 0.74, 0.72, 0.72, 0.74, 0.74, 0.74, 0.74, 0.74, 0.72, 0.7, 0.72, 0.72, 0.72, 0.7, 0.72, 0.74, 0.72, 0.72, 0.74, 0.7, 0.66, 0.66, 0.64, 0.62, 0.62, 0.62], "best": [0.55, 0.57166666, 0.44797617, 0.44336733, 0.5662699, 0.56707317, 0.5006133, 0.50266343, 0.56592596, 0.5671053, 0.44625643, 0.44394842, 0.56632656, 0.56686324, 0.4927162, 0.5045667, 0.56625, 0.5672727, 0.44795385, 0.50432086, 0.56719244, 0.50604564, 0.5673851, 0.6336008, 0.5682415, 0.63443685, 0.4912535, 0.51036215, 0.5105438, 0.63512814, 0.5113472, 0.5694388, 0.63602483, 0.57082534, 0.5126266, 0.5136181, 0.5613756, 0.51470226, 0.51547223, 0.5170352, 0.5701893, 0.6371703, 0.57036203, 0.6380302, 0.5708815, 0.57133806, 0.571231, 0.56653595, 0.63882154, 0.63960993], "duration": [43046, 39868, 52787, 42898, 49814, 47843, 45679, 38798, 44915, 39660, 37336, 38285, 46052, 39751, 44812, 38634, 38615, 39962, 39011, 39290, 46135, 38984, 39156, 39716, 38942, 39544, 38663, 37416, 45773, 44993, 38928, 39732, 38125, 39058, 39802, 38219, 39525, 38541, 44477, 39311, 39286, 39283, 39415, 39670, 38922, 40014, 40034, 45662, 39909, 39883]}