{"avg": [0.1626984, 0.13928573, 0.19808201, 0.15978837, 0.1601852, 0.2024074, 0.2266402, 0.15238094, 0.22244175, 0.19646126, 0.15158731, 0.20762931, 0.20797151, 0.2049228, 0.16281748, 0.13622186, 0.18984646, 0.11626983, 0.24942, 0.10089467, 0.106650256, 0.21285455, 0.20674852, 0.22266082, 0.16173062, 0.18116312, 0.20177862, 0.20919313, 0.21770038, 0.17721562, 0.1440248, 0.19726984, 0.21691978, 0.111351274, 0.17278913, 0.19394891, 0.13897707, 0.191907, 0.14888234, 0.17609127, 0.17407523, 0.15388082, 0.13619967, 0.14390361, 0.24233533, 0.15378022, 0.15025158, 0.12608856, 0.16955085, 0.16251266], "std": [0.0668742, 0.13040753, 0.05653261, 0.0647563, 0.13097642, 0.11682695, 0.1460533, 0.11613878, 0.16053358, 0.12032993, 0.084510304, 0.04714575, 0.11807383, 0.052356295, 0.13238557, 0.07605259, 0.17088902, 0.05220596, 0.08863266, 0.11247124, 0.11252541, 0.079804264, 0.06696167, 0.12756301, 0.08436822, 0.107884146, 0.05033532, 0.11197035, 0.0813574, 0.05139124, 0.11008022, 0.06562943, 0.08219583, 0.055861276, 0.09560057, 0.114342146, 0.12634553, 0.061678447, 0.041246906, 0.11766137, 0.059926957, 0.08398333, 0.10945, 0.08105984, 0.11578444, 0.043740034, 0.041563623, 0.07724102, 0.10792883, 0.06471383], "var": [1.0, 1.0, 1.0, 1.0, 1.0, 1.0, 1.0, 1.0, 1.0, 1.0, 1.0, 1.0, 1.0, 1.0, 1.0, 1.0, 1.0, 1.0, 1.0, 1.0, 1.0, 1.0, 1.0, 1.0, 1.0, 1.0, 1.0, 1.0, 1.0, 1.0, 1.0, 1.0, 1.0, 1.0, 1.0, 1.0, 1.0, 1.0, 1.0, 1.0, 1.0, 1.0, 1.0, 1.0, 1.0, 1.0, 1.0, 1.0, 1.0, 1.0], "best": [0.26190475, 0.36746034, 0.26746032, 0.2611111, 0.3577381, 0.3574603, 0.39021167, 0.2597561, 0.39371836, 0.35700282, 0.26011905, 0.26182798, 0.35651258, 0.26216218, 0.35607144, 0.2627907, 0.48959628, 0.14421768, 0.35741758, 0.26151517, 0.2586207, 0.35616705, 0.26223958, 0.48796996, 0.23554301, 0.35489324, 0.2603753, 0.3546398, 0.35614344, 0.2611111, 0.26091954, 0.26185185, 0.35731018, 0.14386687, 0.2622449, 0.35751006, 0.35940877, 0.26251957, 0.23765838, 0.35744047, 0.27291927, 0.2611582, 0.27319953, 0.23815286, 0.4856393, 0.23708792, 0.23964961, 0.23972063, 0.35405454, 0.27254304], "duration": [1631, 1532, 2026, 2034, 1546, 1558, 2166, 1531, 1657, 1991, 1549, 1565, 2121, 2108, 2116, 1519, 2092, 1528, 1773, 1403, 1429, 1509, 1544, 1506, 1516, 2072, 2096, 1556, 1570, 1410, 1985, 2127, 1995, 1507, 1979, 2068, 1501, 2078, 1493, 1988, 940, 1506, 1412, 954, 1990, 945, 1513, 964, 1539, 1506]}