{"avg": [0.0, 0.0, 0.0, 0.027855726, 0.0, 0.0, 0.0, 0.0, 0.0, 0.0, 0.0, 0.0, 0.0, 0.02425023, 0.0, 0.0, 0.0, 0.0, 0.0, 0.0, 0.023267569, 0.0, 0.0, 0.0, 0.0, 0.0, 0.0, 0.0, 0.0, 0.023058424, 0.022952072, 0.0, 0.051947497, 0.026028188, 0.0, 0.0, 0.07362587, 0.026021712, 0.0, 0.0, 0.021734701, 0.049077697, 0.0, 0.0, 0.04364486, 0.02442512, 0.02608997, 0.0, 0.06037789, 0.0], "std": [0.0, 0.0, 0.0, 0.100435264, 0.0, 0.0, 0.0, 0.0, 0.0, 0.0, 0.0, 0.0, 0.0, 0.09392074, 0.0, 0.0, 0.0, 0.0, 0.0, 0.0, 0.09307026, 0.0, 0.0, 0.0, 0.0, 0.0, 0.0, 0.0, 0.0, 0.09223369, 0.0918083, 0.0, 0.13244066, 0.097388566, 0.0, 0.0, 0.15326747, 0.097364314, 0.0, 0.0, 0.089614466, 0.12984772, 0.0, 0.0, 0.1234463, 0.09459807, 0.09761973, 0.0, 0.14159887, 0.0], "var": [1.0, 1.0, 1.0, 1.0, 1.0, 1.0, 1.0, 1.0, 1.0, 1.0, 1.0, 1.0, 1.0, 1.0, 1.0, 1.0, 1.0, 1.0, 1.0, 1.0, 1.0, 1.0, 1.0, 1.0, 1.0, 1.0, 1.0, 1.0, 1.0, 1.0, 1.0, 1.0, 1.0, 1.0, 1.0, 1.0, 1.0, 1.0, 1.0, 1.0, 1.0, 1.0, 1.0, 1.0, 1.0, 1.0, 1.0, 1.0, 1.0, 1.0], "best": [0.0, 0.0, 0.0, 0.38998017, 0.0, 0.0, 0.0, 0.0, 0.0, 0.0, 0.0, 0.0, 0.0, 0.38800368, 0.0, 0.0, 0.0, 0.0, 0.0, 0.0, 0.39554867, 0.0, 0.0, 0.0, 0.0, 0.0, 0.0, 0.0, 0.0, 0.3919932, 0.39018524, 0.0, 0.38967034, 0.39042282, 0.0, 0.0, 0.39531136, 0.39032567, 0.0, 0.0, 0.39122462, 0.39344618, 0.0, 0.0, 0.39287385, 0.3908019, 0.39134955, 0.0, 0.39303467, 0.0], "duration": [3690, 4812, 3865, 3694, 3708, 3706, 4329, 3598, 3698, 3780, 3649, 4005, 3670, 3669, 4707, 3857, 4336, 3721, 4366, 3699, 4053, 3710, 3910, 6036, 4273, 3733, 3663, 3703, 3660, 3772, 3763, 3930, 3636, 3692, 3726, 3861, 3711, 3695, 4265, 4897, 3705, 3700, 4932, 3677, 3655, 3741, 3726, 3718, 3940, 3716]}