{"avg": [0.26119658, 0.29592025, 0.30174989, 0.2966136, 0.29794145, 0.2978608, 0.31544328, 0.3279431, 0.31964582, 0.3352215, 0.3148098, 0.3038907, 0.32491335, 0.34173998, 0.30696136, 0.30396965, 0.31035045, 0.32390895, 0.31198052, 0.3093793, 0.33011946, 0.32975924, 0.32409522, 0.32885358, 0.34460106, 0.34321037, 0.33868963, 0.3069653, 0.35213742, 0.3471742, 0.34417647, 0.3260451, 0.35399055, 0.35964635, 0.35527888, 0.37194696, 0.37553906, 0.32636404, 0.3440169, 0.32948074, 0.34653282, 0.36759844, 0.3489164, 0.37601587, 0.36029837, 0.35700783, 0.33359462, 0.3756956, 0.3511053, 0.35808232], "std": [0.08477772, 0.07603299, 0.0498777, 0.04238252, 0.071344405, 0.078803964, 0.05264236, 0.05018132, 0.07895295, 0.06658981, 0.064347446, 0.04268341, 0.06745179, 0.0563688, 0.06937835, 0.07132564, 0.073661886, 0.059462354, 0.061537504, 0.073266216, 0.047015037, 0.06884829, 0.06632288, 0.04258659, 0.05889554, 0.050849088, 0.058978982, 0.07331597, 0.051764052, 0.05490377, 0.05453878, 0.05867633, 0.063743286, 0.04955852, 0.0674868, 0.04658057, 0.056305487, 0.07398024, 0.08092678, 0.091371275, 0.06502942, 0.054093048, 0.09911014, 0.080673456, 0.07303028, 0.093714565, 0.08519363, 0.06504056, 0.07464316, 0.09180934], "var": [0.98, 0.98, 0.98, 0.96, 0.94, 0.94, 0.92, 0.92, 0.88, 0.88, 0.88, 0.86, 0.84, 0.82, 0.82, 0.8, 0.8, 0.8, 0.8, 0.78, 0.78, 0.74, 0.74, 0.74, 0.74, 0.72, 0.7, 0.68, 0.68, 0.68, 0.7, 0.68, 0.66, 0.64, 0.62, 0.62, 0.62, 0.64, 0.66, 0.64, 0.62, 0.64, 0.64, 0.66, 0.64, 0.64, 0.62, 0.64, 0.64, 0.68], "best": [0.40512824, 0.47247866, 0.37239313, 0.366248, 0.4652829, 0.466354, 0.40960893, 0.41234246, 0.46482432, 0.46639678, 0.37196478, 0.36702278, 0.46535847, 0.46607402, 0.39834687, 0.41488025, 0.46538463, 0.4667413, 0.37249824, 0.41455233, 0.42857727, 0.41655084, 0.42021978, 0.42180538, 0.42194554, 0.4671731, 0.42500004, 0.4351982, 0.4671413, 0.43641925, 0.43824926, 0.4303026, 0.4311478, 0.44183955, 0.46657613, 0.4356749, 0.46665314, 0.43914533, 0.4470029, 0.4664761, 0.44068703, 0.4665607, 0.4667282, 0.45090666, 0.44593135, 0.46784487, 0.4474605, 0.4670981, 0.46813962, 0.4675777], "duration": [43261, 40041, 52837, 43032, 50069, 43528, 45941, 38893, 45061, 40024, 37510, 38345, 45991, 39789, 45087, 38808, 38868, 40039, 39182, 38807, 46177, 46214, 39470, 38450, 40076, 39593, 39354, 38528, 39658, 39436, 45481, 46278, 39054, 39890, 38948, 38853, 39185, 38651, 45255, 39929, 39887, 39358, 45513, 53003, 39751, 39652, 38262, 39388, 40064, 39554]}