{"avg": [0.27873012, 0.2773122, 0.28256083, 0.24880576, 0.3055056, 0.2940161, 0.27338, 0.3050624, 0.31582275, 0.30392572, 0.30547026, 0.3022769, 0.31351116, 0.3283841, 0.3063364, 0.3316398, 0.30722222, 0.35234755, 0.33940145, 0.3224595, 0.31766388, 0.315827, 0.29748276, 0.30286804, 0.32031024, 0.32772893, 0.35698745, 0.3463023, 0.34160215, 0.34198236, 0.30810156, 0.3254915, 0.34249, 0.35169348, 0.33073828, 0.3277477, 0.3669359, 0.35494533, 0.31607354, 0.36126396, 0.3467, 0.3550492, 0.36062172, 0.37316817, 0.344694, 0.3673362, 0.36578113, 0.361775, 0.3634757, 0.36319947], "std": [0.042337827, 0.062245633, 0.0692909, 0.07756291, 0.038083326, 0.052282546, 0.06937499, 0.046028286, 0.04217656, 0.07482134, 0.0772302, 0.055848304, 0.044232626, 0.044152327, 0.04910922, 0.050970938, 0.075523265, 0.039982826, 0.04562279, 0.06366145, 0.057847746, 0.06115156, 0.07620999, 0.053930808, 0.066779844, 0.063916065, 0.048741546, 0.05039103, 0.05392096, 0.043698058, 0.07711351, 0.06251819, 0.052638896, 0.04805245, 0.07335195, 0.05494204, 0.046022933, 0.05819738, 0.055477265, 0.06834173, 0.06364826, 0.061245114, 0.059663847, 0.064604186, 0.06823819, 0.0777688, 0.05763573, 0.05880382, 0.061343115, 0.06305277], "var": [0.98, 0.98, 0.98, 0.94, 0.92, 0.9, 0.88, 0.84, 0.82, 0.8, 0.8, 0.8, 0.78, 0.76, 0.74, 0.74, 0.72, 0.68, 0.66, 0.66, 0.66, 0.64, 0.64, 0.62, 0.6, 0.58, 0.6, 0.62, 0.62, 0.66, 0.66, 0.66, 0.64, 0.64, 0.62, 0.58, 0.6, 0.6, 0.56, 0.56, 0.54, 0.56, 0.54, 0.52, 0.52, 0.52, 0.54, 0.52, 0.54, 0.5], "best": [0.34285712, 0.3784127, 0.385873, 0.36137566, 0.36037123, 0.36523154, 0.36975107, 0.37138274, 0.3745238, 0.44395062, 0.4464912, 0.36291316, 0.37854552, 0.388937, 0.3815668, 0.39074185, 0.3918587, 0.40764078, 0.4454106, 0.41062894, 0.3888528, 0.39089024, 0.41091037, 0.396499, 0.44663072, 0.41135535, 0.44724277, 0.41220593, 0.41358188, 0.39861378, 0.41431645, 0.3990911, 0.41509852, 0.41638353, 0.4172833, 0.39497498, 0.4477897, 0.41904762, 0.39933237, 0.44810542, 0.42161584, 0.4204018, 0.45830965, 0.45886028, 0.4240452, 0.44799054, 0.42616737, 0.46007526, 0.4479055, 0.44819173], "duration": [42417, 43431, 39203, 39221, 38854, 38678, 38690, 38684, 45599, 39343, 45730, 39120, 38658, 46339, 45657, 39188, 38964, 40044, 39414, 39463, 39494, 58736, 39308, 38938, 45926, 39323, 39553, 39284, 46329, 39387, 39863, 39491, 39735, 46364, 40007, 38795, 46709, 39667, 39479, 40003, 39762, 39380, 46185, 39951, 40085, 46467, 40088, 39798, 40217, 39730]}