{"avg": [0.2574815, 0.2865185, 0.29116955, 0.28971496, 0.28800893, 0.29043996, 0.30671626, 0.31627893, 0.30659407, 0.32105786, 0.30428478, 0.29585648, 0.3159283, 0.32990238, 0.29871345, 0.2962773, 0.29990032, 0.3127584, 0.29894876, 0.2996357, 0.3211394, 0.31421316, 0.31533706, 0.31521043, 0.3309661, 0.32875523, 0.32718402, 0.30169055, 0.33107993, 0.33390298, 0.3588422, 0.33706602, 0.34528822, 0.33624488, 0.33271515, 0.3183974, 0.3248457, 0.34073994, 0.37812528, 0.3638052, 0.35035387, 0.3428459, 0.33749264, 0.3755379, 0.3753472, 0.38750443, 0.3745717, 0.36649698, 0.38563964, 0.35999534], "std": [0.083357, 0.07241157, 0.049988262, 0.042736065, 0.06799851, 0.07154719, 0.052166548, 0.04871746, 0.07691762, 0.068382315, 0.061330374, 0.043486103, 0.06453891, 0.053849038, 0.067436755, 0.068822555, 0.06972466, 0.05726902, 0.05910931, 0.07032085, 0.050793372, 0.07155737, 0.06420519, 0.043157864, 0.058379825, 0.048664328, 0.057040766, 0.07367099, 0.040390242, 0.06368065, 0.04309792, 0.06490005, 0.065703765, 0.08572801, 0.048426066, 0.054723475, 0.04877337, 0.050391153, 0.050957605, 0.05772027, 0.07727733, 0.06289234, 0.07636068, 0.06444791, 0.058104604, 0.0699762, 0.06884905, 0.07431146, 0.069808014, 0.05812835], "var": [0.98, 0.98, 0.98, 0.96, 0.94, 0.94, 0.92, 0.92, 0.88, 0.88, 0.88, 0.86, 0.84, 0.82, 0.82, 0.8, 0.8, 0.8, 0.8, 0.78, 0.78, 0.74, 0.74, 0.74, 0.74, 0.72, 0.7, 0.68, 0.68, 0.68, 0.68, 0.7, 0.7, 0.7, 0.68, 0.7, 0.7, 0.7, 0.68, 0.7, 0.68, 0.64, 0.64, 0.6, 0.62, 0.6, 0.62, 0.62, 0.6, 0.58], "best": [0.42666665, 0.45555556, 0.35888886, 0.35274374, 0.44835976, 0.4494309, 0.3954209, 0.39815447, 0.44790122, 0.44947365, 0.35846052, 0.3588889, 0.44843534, 0.44915092, 0.38552633, 0.40069222, 0.44846153, 0.44981816, 0.35849535, 0.4003643, 0.45011568, 0.40236282, 0.40603176, 0.40761736, 0.40775752, 0.45025, 0.410812, 0.41895887, 0.41235018, 0.42069054, 0.42215148, 0.4494376, 0.45007935, 0.45066926, 0.42666253, 0.39733174, 0.4259523, 0.4381226, 0.4389187, 0.45187125, 0.44012383, 0.43019328, 0.43998313, 0.44469133, 0.4461764, 0.4541537, 0.5002832, 0.5008654, 0.4565823, 0.4320006], "duration": [43138, 40093, 53031, 43024, 49921, 48014, 45985, 38828, 45064, 40050, 37695, 38423, 46263, 39968, 44964, 38828, 38874, 40053, 39103, 40808, 46273, 46147, 39387, 38414, 39714, 39346, 39166, 38559, 39099, 40062, 39407, 39814, 39904, 39375, 38615, 39069, 39228, 40065, 40320, 40399, 39869, 39803, 40124, 40311, 40400, 40561, 40234, 40140, 40266, 40097]}