{"avg": [0.17782739, 0.17861111, 0.22022165, 0.22285362, 0.21718256, 0.21821962, 0.22144666, 0.20766371, 0.24060269, 0.22614947, 0.22656491, 0.22935814, 0.2120297, 0.24161571, 0.25247186, 0.23337054, 0.2638044, 0.23962069, 0.26565912, 0.26574746, 0.2375775, 0.25132126, 0.26770747, 0.292053, 0.26138318, 0.25012463, 0.29561633, 0.2623914, 0.2643414, 0.29289857, 0.30823386, 0.2766161, 0.2970378, 0.28926328, 0.28489017, 0.32043347, 0.282214, 0.27081755, 0.26091737, 0.2751416, 0.3409128, 0.33871922, 0.31411058, 0.29867998, 0.32471082, 0.3412879, 0.3450989, 0.3034957, 0.34296194, 0.32142076], "std": [0.11561025, 0.14213441, 0.11209168, 0.100322425, 0.11241744, 0.08276127, 0.09494203, 0.08927875, 0.12799875, 0.10211894, 0.12291754, 0.104134485, 0.07529913, 0.08764571, 0.09138252, 0.12045911, 0.101806976, 0.11214229, 0.09761537, 0.12053083, 0.12714173, 0.1272212, 0.10413402, 0.08835139, 0.09307633, 0.12943603, 0.121189766, 0.09566593, 0.091076486, 0.114956446, 0.089791894, 0.11302334, 0.07704162, 0.12492255, 0.10019748, 0.09763668, 0.13034566, 0.13570894, 0.13607813, 0.11754851, 0.12918225, 0.114324436, 0.10919443, 0.11584106, 0.07936726, 0.08681408, 0.07438559, 0.12773366, 0.11378844, 0.09703132], "var": [1.0, 1.0, 1.0, 1.0, 1.0, 0.98, 0.96, 0.96, 0.96, 0.98, 0.96, 0.94, 0.92, 0.92, 0.92, 0.92, 0.92, 0.88, 0.86, 0.86, 0.86, 0.86, 0.84, 0.86, 0.82, 0.82, 0.82, 0.84, 0.84, 0.84, 0.86, 0.84, 0.84, 0.8, 0.8, 0.78, 0.76, 0.76, 0.76, 0.76, 0.76, 0.72, 0.72, 0.68, 0.64, 0.62, 0.62, 0.6, 0.58, 0.56], "best": [0.3452381, 0.38720238, 0.3970814, 0.37857142, 0.37079367, 0.3657509, 0.395846, 0.36529982, 0.365937, 0.39631882, 0.36781874, 0.3697995, 0.36446205, 0.39654112, 0.3694665, 0.36923233, 0.3966782, 0.37286797, 0.39684248, 0.39767554, 0.39852428, 0.39943722, 0.3999312, 0.4004736, 0.37751043, 0.37998548, 0.50204414, 0.381556, 0.40052912, 0.38096273, 0.4007133, 0.50502485, 0.41072842, 0.404853, 0.4118028, 0.5077122, 0.40690437, 0.5092959, 0.50980157, 0.4076407, 0.5108929, 0.5120483, 0.5041945, 0.5136415, 0.41011906, 0.5053982, 0.4124492, 0.5064607, 0.51643705, 0.41471696], "duration": [6138, 7242, 6768, 5214, 7534, 7602, 5986, 5864, 6687, 6023, 4860, 6739, 6781, 7726, 6721, 6784, 6714, 6658, 6759, 7910, 7016, 6081, 5859, 6525, 7039, 6126, 5381, 6447, 8440, 6108, 6531, 6004, 7796, 6432, 7116, 6794, 6814, 7841, 6624, 6740, 6770, 6682, 7940, 6013, 6697, 6816, 6531, 6452, 6808, 6775]}