{"avg": [0.2015873, 0.22643326, 0.22936198, 0.22589993, 0.22604902, 0.21268807, 0.22585033, 0.25679475, 0.21369508, 0.2355227, 0.20835318, 0.27319646, 0.2750178, 0.24467376, 0.28496352, 0.2925195, 0.34174225, 0.30725145, 0.25629553, 0.28991958, 0.25567883, 0.3157447, 0.31570333, 0.2891869, 0.31082782, 0.29893154, 0.32978803, 0.3430748, 0.31004128, 0.26376122, 0.34869167, 0.3621487, 0.29263, 0.24336936, 0.32925403, 0.34487662, 0.33150655, 0.30931523, 0.37723756, 0.3453398, 0.3616835, 0.36699885, 0.37061432, 0.38186693, 0.3596965, 0.37458122, 0.3446986, 0.439775, 0.4062631, 0.34982178], "std": [0.10862874, 0.11275821, 0.12620386, 0.102919616, 0.08489302, 0.09529157, 0.09452708, 0.10663273, 0.10119284, 0.066938914, 0.11668031, 0.08243515, 0.117224336, 0.1035019, 0.13275962, 0.12237132, 0.10059691, 0.12858161, 0.100921385, 0.08462485, 0.13874847, 0.084475115, 0.10476849, 0.1250043, 0.108715445, 0.12504609, 0.1421045, 0.12870958, 0.11464588, 0.13540919, 0.10401282, 0.06822032, 0.1648812, 0.15305828, 0.11252705, 0.09450064, 0.12706745, 0.15080756, 0.08994507, 0.11510989, 0.1482254, 0.1318765, 0.14014046, 0.13148509, 0.13694586, 0.13870233, 0.14682926, 0.12232536, 0.15606712, 0.1457178], "var": [0.98, 0.96, 0.96, 0.94, 0.92, 0.92, 0.9, 0.9, 0.86, 0.86, 0.82, 0.8, 0.8, 0.78, 0.76, 0.74, 0.72, 0.72, 0.72, 0.72, 0.68, 0.68, 0.68, 0.66, 0.66, 0.7, 0.72, 0.72, 0.68, 0.7, 0.7, 0.68, 0.68, 0.68, 0.7, 0.7, 0.66, 0.62, 0.62, 0.62, 0.6, 0.6, 0.62, 0.66, 0.64, 0.64, 0.62, 0.64, 0.64, 0.66], "best": [0.45238099, 0.48126987, 0.48154762, 0.39404765, 0.39101383, 0.47954145, 0.39863947, 0.47781956, 0.34754524, 0.3764532, 0.39842263, 0.40047622, 0.49343058, 0.49518004, 0.49506652, 0.49521792, 0.49682224, 0.5, 0.39474666, 0.4743049, 0.50019974, 0.47508478, 0.49900386, 0.47676894, 0.50315946, 0.5044946, 0.5053885, 0.50814116, 0.50945204, 0.4173287, 0.51075035, 0.51166517, 0.51347274, 0.51497334, 0.51558733, 0.5155488, 0.5162042, 0.51774704, 0.5181973, 0.52015346, 0.52128357, 0.52168155, 0.52330714, 0.5263393, 0.5269311, 0.5289722, 0.5306292, 0.5310429, 0.5320148, 0.5332901], "duration": [8035, 3565, 3089, 3124, 3604, 13006, 3143, 2968, 3583, 3035, 2909, 3551, 3091, 3130, 3635, 3041, 3050, 3594, 3076, 3047, 3037, 3117, 3552, 3082, 3113, 3185, 8119, 3790, 3001, 7843, 17801, 7935, 2970, 7948, 17690, 7925, 12816, 12927, 12859, 9020, 12898, 3052, 3543, 3074, 3533, 3138, 8032, 3626, 7985, 12970]}