{"avg": [0.33735585, 0.355471, 0.36545402, 0.40369853, 0.44960722, 0.44538942, 0.45507365, 0.47801661, 0.4913193, 0.51613575, 0.5186598, 0.4958977, 0.5373769, 0.5524346, 0.5571439, 0.5729742, 0.5937017, 0.5959634, 0.6031154, 0.61159986, 0.6314734, 0.64092237, 0.65286076, 0.67187047, 0.67755014, 0.69792694, 0.70163363, 0.7068257, 0.70744383, 0.71322286, 0.72601527, 0.7232459, 0.7257312, 0.7209973, 0.72321594, 0.73075217, 0.7315019, 0.7387263, 0.7378823, 0.7345075, 0.7428907, 0.7410706, 0.7426866, 0.7462386, 0.7398427, 0.7465113, 0.7467744, 0.7506722, 0.7510987, 0.7489999, 0.7530668, 0.75642896, 0.75451714, 0.7523881, 0.7448172, 0.7520266, 0.751128, 0.7447883, 0.7556535, 0.757153, 0.75966203, 0.7602024, 0.76348084, 0.7639627, 0.75348246, 0.7574646, 0.76258546, 0.7659101, 0.7580789, 0.7638658, 0.7613736, 0.76203746, 0.7626381, 0.7632746, 0.768689], "std": [0.10336923, 0.09662864, 0.10109693, 0.1005412, 0.068735026, 0.10503181, 0.073279895, 0.06969899, 0.0662327, 0.034876015, 0.040354773, 0.11163321, 0.03846497, 0.03166521, 0.04947757, 0.03409404, 0.034510333, 0.030956535, 0.028953306, 0.030737935, 0.03945995, 0.03539411, 0.048626456, 0.039234523, 0.03473713, 0.03757944, 0.02594025, 0.024524393, 0.027792577, 0.025526574, 0.011699376, 0.02219361, 0.021462593, 0.026507413, 0.023468914, 0.017478146, 0.019202411, 0.011734458, 0.01530541, 0.020693112, 0.012009202, 0.016386636, 0.01564223, 0.0120092025, 0.021068027, 0.015229369, 0.016001772, 0.010674838, 0.012304101, 0.016910389, 0.011477681, 1.1920929e-07, 0.01173447, 0.016530596, 0.023859864, 0.018240413, 0.019809809, 0.02489254, 0.0165306, 0.015229385, 0.012009214, 0.0120092, 1.7881393e-07, 1.1920929e-07, 0.022040796, 0.018909587, 0.012304101, 1.1920929e-07, 0.019675344, 0.012304103, 0.016386671, 0.016001767, 0.01617483, 0.015840713, 1.1920929e-07], "var": [1.0, 1.0, 1.0, 1.0, 1.0, 1.0, 1.0, 1.0, 1.0, 0.92, 0.88, 0.88, 0.96, 0.92, 0.92, 0.92, 0.84, 0.84, 0.8, 0.76, 0.68, 0.64, 0.56, 0.48, 0.36, 0.32, 0.28, 0.28, 0.24, 0.24, 0.12, 0.12, 0.12, 0.08, 0.08, 0.08, 0.04, 0.04, 0.04, 0.04, 0.04, 0.04, 0.04, 0.04, 0.04, 0.04, 0.04, 0.04, 0.04, 0.04, 0.04, 0.04, 0.04, 0.04, 0.04, 0.04, 0.04, 0.04, 0.04, 0.04, 0.04, 0.04, 0.04, 0.04, 0.04, 0.04, 0.04, 0.04, 0.04, 0.04, 0.04, 0.04, 0.04, 0.04, 0.04], "best": [0.57551014, 0.58482695, 0.522449, 0.58562005, 0.587611, 0.5895263, 0.59137064, 0.59118474, 0.5925833, 0.59338677, 0.5599818, 0.59449345, 0.5987687, 0.6224723, 0.62535095, 0.6264292, 0.63966644, 0.6418485, 0.64792013, 0.6498233, 0.7071304, 0.70923835, 0.71175957, 0.71385145, 0.715971, 0.7180781, 0.72019863, 0.7224714, 0.7247173, 0.72674024, 0.72877073, 0.7311655, 0.7328619, 0.7347428, 0.7363354, 0.73810774, 0.73981553, 0.7413503, 0.7428385, 0.7442478, 0.745646, 0.746853, 0.74789083, 0.7489936, 0.7500469, 0.7511031, 0.7522523, 0.753121, 0.7539989, 0.7548002, 0.7555714, 0.7564291, 0.75714093, 0.7578984, 0.7585928, 0.7592624, 0.7599716, 0.76053184, 0.7611637, 0.7617449, 0.7624172, 0.7629575, 0.76348066, 0.76396257, 0.76450294, 0.7649785, 0.7654854, 0.76590997, 0.7663442, 0.7667661, 0.76715595, 0.76751566, 0.7678858, 0.76828384, 0.76868886], "duration": [92654, 84681, 97655, 97628, 91642, 112700, 124295, 96925, 104815, 118640, 183471, 157557, 136350, 123378, 147934, 118342, 135441, 167610, 160273, 162611, 174523, 135117, 140736, 149110, 127870, 183725, 160581, 172029, 183666, 172090, 206571, 137882, 149310, 149379, 149211, 183764, 149159, 149240, 160730, 149167, 149217, 160732, 149259, 149153, 183631, 195064, 149208, 149212, 137796, 160824, 160583, 137778, 149284, 137784, 149141, 183687, 137714, 149204, 160940, 160637, 149195, 172322, 183853, 137874, 183584, 137743, 149161, 149105, 160610, 160701, 160696, 149197, 137715, 218119, 149270]}