{"avg": [0.82666665, 0.82666665, 0.82, 0.82, 0.82, 0.81333333, 0.8066667, 0.8066667, 0.8066667, 0.8, 0.8, 0.8, 0.8, 0.8066667, 0.8, 0.8, 0.79333335, 0.7866667, 0.7866667, 0.7866667, 0.7866667, 0.7866667, 0.7866667, 0.79333335, 0.79333335], "std": [0.37853533, 0.37853533, 0.38418752, 0.38418752, 0.3841875, 0.3896439, 0.39491215, 0.39491215, 0.39491215, 0.4000004, 0.4000004, 0.4000004, 0.4000004, 0.39491215, 0.4000004, 0.4000004, 0.4049143, 0.40966123, 0.40966123, 0.40966123, 0.40966123, 0.40966123, 0.40966123, 0.4049143, 0.4049143], "var": [0.9866667, 0.98, 0.97333336, 0.98, 0.97333336, 0.97333336, 0.96, 0.94666666, 0.94666666, 0.94666666, 0.94666666, 0.94, 0.93333334, 0.9266667, 0.91333336, 0.9066667, 0.9066667, 0.8933333, 0.88666666, 0.8933333, 0.88666666, 0.88666666, 0.87333333, 0.86, 0.86], "best": [1.0, 1.0, 1.0, 1.0, 1.0, 1.0, 1.0, 1.0, 1.0, 1.0, 1.0, 1.0, 1.0, 1.0, 1.0, 1.0, 1.0, 1.0, 1.0, 1.0, 1.0, 1.0, 1.0, 1.0, 1.0], "duration": [4731, 4727, 4819, 4706, 4648, 4669, 4822, 4804, 4690, 4721, 4721, 4707, 4732, 4623, 4685, 4710, 4705, 4759, 4751, 4756, 4668, 4682, 4652, 4719, 4795]}