{"avg": [0.25421247, 0.29413924, 0.29696968, 0.3160847, 0.31922802, 0.29379237, 0.28595778, 0.29972294, 0.31043494, 0.2999911, 0.30738536, 0.30788395, 0.31840533, 0.30572972, 0.27877247, 0.28603378, 0.31129846, 0.3247919, 0.32595816, 0.30302748, 0.31912446, 0.28619516, 0.32070926, 0.30069834, 0.31039235, 0.3494585, 0.32738093, 0.31022748, 0.31364936, 0.31610364, 0.30281386, 0.3250048, 0.32478952, 0.32515004, 0.35515806, 0.34625655, 0.34558597, 0.32887277, 0.33824933, 0.33722743, 0.33260447, 0.2804246, 0.28817266, 0.35300854, 0.33667862, 0.34927398, 0.31991988, 0.3178087, 0.33422354, 0.3394748], "std": [0.088606834, 0.034050353, 0.08356475, 0.02050727, 0.074950464, 0.052654233, 0.06372532, 0.06676482, 0.050397754, 0.06666023, 0.058764104, 0.039110046, 0.05858365, 0.08577198, 0.028522259, 0.05258302, 0.100556806, 0.06108037, 0.042876177, 0.064427495, 0.03619913, 0.045912217, 0.0684478, 0.06306877, 0.042002752, 0.06498644, 0.061167043, 0.068207555, 0.039825093, 0.05334819, 0.040234882, 0.07405162, 0.039730657, 0.04850678, 0.06138236, 0.049101718, 0.06123391, 0.05756457, 0.05554921, 0.038234632, 0.035330735, 0.07830788, 0.08524914, 0.050932486, 0.083354905, 0.029762285, 0.082331076, 0.04292775, 0.048195988, 0.04822538], "var": [1.0, 0.98, 0.98, 0.96, 0.96, 0.94, 0.92, 0.92, 0.92, 0.92, 0.9, 0.88, 0.86, 0.86, 0.86, 0.86, 0.86, 0.86, 0.84, 0.82, 0.82, 0.82, 0.82, 0.82, 0.8, 0.8, 0.82, 0.82, 0.84, 0.82, 0.82, 0.8, 0.82, 0.8, 0.8, 0.8, 0.78, 0.78, 0.78, 0.78, 0.8, 0.78, 0.78, 0.78, 0.76, 0.76, 0.76, 0.74, 0.74, 0.74], "best": [0.4333333, 0.33882785, 0.4611111, 0.3466667, 0.4598485, 0.3564241, 0.34888396, 0.4564444, 0.38693246, 0.45532644, 0.39118168, 0.3508878, 0.45374677, 0.4561151, 0.31545255, 0.36361185, 0.45536062, 0.44981682, 0.39198124, 0.45203248, 0.37281105, 0.36290288, 0.45400843, 0.45465586, 0.3734561, 0.4547707, 0.455, 0.404091, 0.36163488, 0.3943653, 0.39482403, 0.45615613, 0.3957764, 0.45770308, 0.45867026, 0.45471203, 0.45527208, 0.4065107, 0.46093622, 0.39697888, 0.39755884, 0.3670182, 0.39770222, 0.4617416, 0.4565551, 0.3969067, 0.457162, 0.3645158, 0.39774776, 0.40755618], "duration": [36575, 25790, 26574, 26373, 26736, 26422, 26631, 31051, 30764, 26315, 25946, 25964, 26628, 26124, 24964, 25656, 26399, 26364, 25995, 26207, 26275, 26095, 26556, 26107, 32052, 26290, 26654, 26373, 25771, 33102, 25530, 26524, 26341, 32309, 26060, 26106, 26578, 26002, 26007, 26429, 26083, 25451, 25767, 25940, 26290, 26493, 26381, 26421, 26054, 26023]}