{"avg": [0.26923078, 0.2832941, 0.3015485, 0.30604115, 0.32242033, 0.3072667, 0.3177194, 0.32452685, 0.33503163, 0.34004298, 0.3268269, 0.3567937, 0.35110882, 0.35322487, 0.352188, 0.34571612, 0.35778838, 0.3756838, 0.35932228, 0.35761794, 0.39116353, 0.39184934, 0.37739977, 0.39047176, 0.40111816, 0.39858773, 0.390575, 0.40831545, 0.39396882, 0.38474032, 0.4255063, 0.4363375, 0.4245104, 0.40420595, 0.42248094, 0.447299, 0.4459472, 0.47858503, 0.44485986, 0.43393895, 0.47147644, 0.46166995, 0.45573965, 0.47343552, 0.49057773, 0.48686835, 0.47889096, 0.45853856, 0.46213767, 0.49570438], "std": [0.070596255, 0.06248319, 0.059385017, 0.057222564, 0.037082855, 0.059392158, 0.05461045, 0.043073043, 0.04545401, 0.04276131, 0.05317275, 0.03689822, 0.060534455, 0.059428535, 0.044944264, 0.058064464, 0.06273177, 0.054911084, 0.068428166, 0.08351635, 0.04680229, 0.057884715, 0.05576755, 0.06434218, 0.06462858, 0.07160602, 0.07604739, 0.070217915, 0.079805255, 0.0833768, 0.07152854, 0.06709866, 0.074346855, 0.08714691, 0.08308956, 0.073273964, 0.07678427, 0.047197767, 0.0861603, 0.09019007, 0.066124655, 0.07931298, 0.08920201, 0.074486226, 0.06313383, 0.073041074, 0.08469208, 0.0991974, 0.093475, 0.07012166], "var": [0.98, 0.96, 0.94, 0.94, 0.9, 0.88, 0.82, 0.8, 0.78, 0.74, 0.66, 0.68, 0.66, 0.66, 0.62, 0.58, 0.58, 0.58, 0.58, 0.56, 0.52, 0.5, 0.46, 0.42, 0.32, 0.3, 0.3, 0.28, 0.26, 0.28, 0.26, 0.28, 0.26, 0.24, 0.2, 0.2, 0.16, 0.16, 0.14, 0.14, 0.14, 0.12, 0.12, 0.12, 0.12, 0.1, 0.1, 0.1, 0.1, 0.08], "best": [0.4333333, 0.36776558, 0.45493826, 0.4556962, 0.38966754, 0.45530304, 0.45596707, 0.39617085, 0.39737126, 0.4016705, 0.40488097, 0.45283222, 0.45357502, 0.45406163, 0.42594805, 0.42826948, 0.4304172, 0.45364806, 0.43698218, 0.4535897, 0.45398548, 0.45423925, 0.44371507, 0.4529903, 0.4563804, 0.4596789, 0.4628254, 0.46482193, 0.46758714, 0.4697759, 0.47127256, 0.47475967, 0.4785633, 0.48116216, 0.48312387, 0.48615885, 0.4900402, 0.49340048, 0.49702778, 0.49977747, 0.5021582, 0.50576663, 0.5087377, 0.5111808, 0.5137903, 0.51734257, 0.52055, 0.52290636, 0.5246008, 0.5261781], "duration": [86602, 97193, 78492, 92314, 92227, 96789, 98712, 94605, 106895, 95733, 89713, 90480, 80113, 78994, 93003, 78967, 92169, 90832, 99631, 103558, 95435, 91281, 86879, 86943, 93794, 88565, 80389, 86388, 93117, 85083, 79841, 100682, 80649, 86393, 93903, 87524, 93917, 80637, 80256, 86918, 87362, 93931, 80374, 100777, 94065, 93625, 100620, 86764, 80340, 87235]}