{"avg": [0.22527473, 0.32187337, 0.30414465, 0.31885576, 0.2886279, 0.3096203, 0.32227036, 0.30328873, 0.33437642, 0.35532218, 0.36581936, 0.36751583, 0.37664467, 0.35874942, 0.3905612, 0.39958066, 0.38645232, 0.3735494, 0.38888887, 0.4273323, 0.3974724, 0.4081959, 0.40273225, 0.45882294, 0.4405426, 0.41834316, 0.43777692, 0.45212924, 0.44450173, 0.4463311, 0.43655, 0.44554475, 0.4791005, 0.472139, 0.47094312, 0.46029842, 0.50499165, 0.4609605, 0.45271635, 0.48294982, 0.49809423, 0.4926563, 0.5307081, 0.4996498, 0.5029496, 0.5317859, 0.5448917, 0.51790315, 0.46886942, 0.49505988], "std": [0.06855984, 0.04935479, 0.04740341, 0.06436715, 0.06242195, 0.070818625, 0.056598812, 0.04972541, 0.05310683, 0.049392372, 0.062225867, 0.04908156, 0.051628437, 0.05717393, 0.067761675, 0.0625678, 0.07956631, 0.092994034, 0.08422015, 0.057902347, 0.07382935, 0.07929327, 0.079946056, 0.070736066, 0.080805495, 0.08862564, 0.09363476, 0.084703736, 0.092811316, 0.09381598, 0.102972426, 0.10510208, 0.09930287, 0.078392126, 0.081156254, 0.09896837, 0.06614618, 0.11153105, 0.11168761, 0.09155333, 0.085871756, 0.08891332, 0.046753813, 0.0973324, 0.098494835, 0.0743381, 0.073864296, 0.10153696, 0.14235087, 0.12559995], "var": [0.92, 0.96, 0.96, 0.92, 0.88, 0.8, 0.72, 0.72, 0.68, 0.64, 0.6, 0.56, 0.64, 0.6, 0.56, 0.56, 0.56, 0.56, 0.6, 0.6, 0.6, 0.6, 0.56, 0.52, 0.56, 0.56, 0.56, 0.56, 0.56, 0.48, 0.52, 0.56, 0.56, 0.52, 0.44, 0.44, 0.48, 0.48, 0.44, 0.44, 0.48, 0.44, 0.36, 0.32, 0.32, 0.36, 0.36, 0.32, 0.28, 0.28], "best": [0.30476192, 0.44358972, 0.38059965, 0.45555556, 0.42982927, 0.43056145, 0.4355673, 0.39917183, 0.43460318, 0.46078432, 0.4628297, 0.46601728, 0.46826348, 0.46906075, 0.47602043, 0.47562894, 0.47973564, 0.48683473, 0.4903439, 0.4935361, 0.49199522, 0.4937931, 0.5027322, 0.5048218, 0.5107107, 0.5136407, 0.51657456, 0.51962864, 0.522906, 0.5252275, 0.5272289, 0.529352, 0.53227514, 0.5362031, 0.53870964, 0.54138887, 0.5436314, 0.5475345, 0.5497436, 0.5464552, 0.5534671, 0.55661935, 0.5589965, 0.5628011, 0.56479955, 0.56682795, 0.56997377, 0.5728395, 0.5747475, 0.57568103], "duration": [48166, 43282, 38813, 38509, 42854, 45741, 38942, 47419, 45614, 58481, 39472, 39865, 39557, 39246, 46239, 53173, 39567, 43355, 61216, 46697, 44009, 54293, 44436, 46953, 39846, 44081, 46846, 53891, 53669, 40298, 39247, 39711, 40479, 40463, 53796, 40362, 47064, 39589, 40090, 53884, 60576, 40407, 53979, 40319, 47183, 40519, 40400, 47209, 47094, 40466]}