{"avg": [0.26031747, 0.2896931, 0.2894392, 0.27927342, 0.29238096, 0.26979682, 0.3229726, 0.29735553, 0.29726657, 0.27595657, 0.28834346, 0.2825481, 0.29618686, 0.29938838, 0.33793977, 0.32797503, 0.31193784, 0.32474035, 0.30376092, 0.317831, 0.3215195, 0.32348683, 0.3078476, 0.3193781, 0.31597647, 0.34385958, 0.30869678, 0.31067944, 0.32706293, 0.31874043, 0.32001764, 0.2944673, 0.33728528, 0.32305202, 0.3515994, 0.3236538, 0.3498547, 0.34501874, 0.34596333, 0.30944824, 0.31011978, 0.32250935, 0.3417856, 0.33936185, 0.34223685, 0.32697102, 0.3524343, 0.34795532, 0.32901183, 0.3307543], "std": [0.08539034, 0.07409099, 0.06523176, 0.06181695, 0.04079714, 0.0776134, 0.052431863, 0.03921332, 0.04227617, 0.06164466, 0.060518265, 0.03181732, 0.048669476, 0.05399035, 0.05666488, 0.038316872, 0.03912126, 0.03983764, 0.054558408, 0.044375554, 0.06523291, 0.05697113, 0.052294992, 0.055046003, 0.040601384, 0.05449782, 0.08417459, 0.079236686, 0.048999205, 0.0498047, 0.087683916, 0.0753855, 0.041925363, 0.050152205, 0.057065126, 0.054127973, 0.054096162, 0.060753904, 0.056987908, 0.04455279, 0.050795704, 0.061140582, 0.06846001, 0.06160867, 0.0656743, 0.065677784, 0.04742557, 0.061787754, 0.060951192, 0.07360885], "var": [0.98, 0.96, 0.96, 0.94, 0.92, 0.92, 0.9, 0.88, 0.9, 0.88, 0.88, 0.88, 0.84, 0.82, 0.82, 0.82, 0.8, 0.78, 0.78, 0.78, 0.76, 0.74, 0.74, 0.72, 0.72, 0.72, 0.7, 0.72, 0.72, 0.7, 0.72, 0.7, 0.72, 0.68, 0.66, 0.64, 0.64, 0.6, 0.58, 0.58, 0.58, 0.54, 0.56, 0.56, 0.54, 0.54, 0.54, 0.52, 0.52, 0.52], "best": [0.4333333, 0.46222222, 0.36396822, 0.35767195, 0.3570635, 0.45225224, 0.45492423, 0.36162734, 0.3631961, 0.35914788, 0.36357784, 0.31766608, 0.36331168, 0.3864373, 0.45323622, 0.38940093, 0.3643671, 0.39142856, 0.39306378, 0.39365077, 0.3950489, 0.39755186, 0.4521084, 0.39736518, 0.36755535, 0.45258465, 0.453042, 0.40072897, 0.40086374, 0.4017665, 0.40231743, 0.40447518, 0.40441468, 0.40549967, 0.45175096, 0.4077922, 0.40875208, 0.4516398, 0.45182607, 0.4121882, 0.4119482, 0.41188166, 0.45165876, 0.45192602, 0.45228067, 0.4526187, 0.41580924, 0.41687036, 0.4180127, 0.4521505], "duration": [43163, 40060, 39325, 44207, 39059, 38492, 40124, 38222, 38407, 39694, 39363, 40125, 39060, 39495, 40254, 39898, 39242, 39874, 38362, 45620, 46091, 39527, 38787, 39191, 38710, 38960, 39632, 39391, 39170, 39071, 39060, 37884, 39649, 45458, 40143, 39192, 39735, 39887, 38919, 38455, 38827, 39347, 40119, 39773, 39968, 39328, 39656, 39188, 39394, 46013]}