{"avg": [0.37830684, 0.539764, 0.509464, 0.3606349, 0.5115203, 0.54315424, 0.51107997, 0.48485434, 0.5082634, 0.5054263, 0.5090592, 0.48177105, 0.45290804, 0.46832198, 0.43420637, 0.48088202, 0.54411334, 0.47103262, 0.4892336, 0.54584956, 0.4661495, 0.45275444, 0.5116588, 0.4855491, 0.5481942, 0.48214808, 0.48332328, 0.5166538, 0.514352, 0.4815962, 0.5201635, 0.49888954, 0.51801205, 0.49299616, 0.5559082, 0.52488, 0.55823493, 0.41897944, 0.5159964, 0.4956564, 0.5011288, 0.56134117, 0.48696575, 0.53382766, 0.56274146, 0.5656033, 0.52399874, 0.56633836, 0.5377174, 0.5293882], "std": [0.23461597, 0.008456309, 0.12371755, 0.25504765, 0.12422654, 0.0054199784, 0.1279305, 0.16645609, 0.135964, 0.14029247, 0.13167332, 0.17043896, 0.20263268, 0.1912994, 0.21717224, 0.17569266, 0.0072111427, 0.18485448, 0.16790588, 0.0068860184, 0.19883987, 0.20967759, 0.13689795, 0.17742872, 0.0059739905, 0.18238749, 0.1828169, 0.13831177, 0.142876, 0.18907022, 0.13464443, 0.16654018, 0.13411252, 0.17452681, 0.010208127, 0.13160983, 0.010631325, 0.2420535, 0.143431, 0.18117087, 0.17733154, 0.012374116, 0.19133323, 0.12622254, 0.011176557, 0.011468252, 0.14584112, 0.010202266, 0.13472089, 0.14722708], "var": [1.0, 0.98, 0.98, 0.96, 0.94, 0.92, 0.9, 0.88, 0.84, 0.86, 0.86, 0.86, 0.86, 0.86, 0.86, 0.86, 0.86, 0.86, 0.86, 0.86, 0.84, 0.84, 0.8, 0.8, 0.78, 0.78, 0.78, 0.76, 0.76, 0.76, 0.76, 0.72, 0.7, 0.66, 0.64, 0.66, 0.64, 0.64, 0.64, 0.64, 0.64, 0.66, 0.66, 0.64, 0.64, 0.66, 0.66, 0.66, 0.64, 0.62], "best": [0.5238095, 0.555291, 0.5549923, 0.5510204, 0.5514137, 0.55470383, 0.5554593, 0.55599344, 0.5581305, 0.55358726, 0.55632985, 0.555291, 0.552429, 0.5557143, 0.55401784, 0.5560271, 0.5546689, 0.55492884, 0.55597734, 0.5576893, 0.557762, 0.55902773, 0.55978686, 0.56031317, 0.5578355, 0.5629073, 0.5641308, 0.56503147, 0.56626093, 0.56779504, 0.56886214, 0.56997377, 0.57064575, 0.564986, 0.5704762, 0.57092774, 0.5716757, 0.57066697, 0.5711319, 0.5715659, 0.57201546, 0.5731267, 0.57442683, 0.5758868, 0.5774061, 0.5779473, 0.5792143, 0.5804007, 0.5813182, 0.58274794], "duration": [817, 588, 732, 588, 683, 586, 588, 682, 593, 588, 694, 597, 593, 594, 576, 588, 591, 685, 698, 694, 592, 592, 599, 699, 587, 593, 585, 624, 588, 588, 686, 694, 602, 695, 594, 686, 581, 574, 586, 695, 691, 693, 600, 696, 592, 580, 577, 597, 597, 618]}