{"avg": [0.49800003, 0.49866673, 0.49866667, 0.50466675, 0.4980001, 0.49933344, 0.49666673, 0.49666673, 0.4953334, 0.49400014, 0.49066672, 0.49200007, 0.48866674, 0.49200007, 0.492, 0.49400008, 0.4906666, 0.49000004, 0.4906666, 0.48733333, 0.49266672, 0.49066675, 0.48599997, 0.48933333, 0.48800004], "std": [0.12830696, 0.13315986, 0.13465346, 0.13532017, 0.13290094, 0.13391373, 0.13437098, 0.13535963, 0.1353202, 0.13770981, 0.13728155, 0.13090453, 0.138341, 0.13977122, 0.14024739, 0.14010948, 0.14252329, 0.14224392, 0.14299029, 0.14249991, 0.14146689, 0.14111301, 0.13857843, 0.14289694, 0.14232357], "var": [1.0, 0.99333334, 0.9866667, 0.97333336, 0.97333336, 0.97333336, 0.96, 0.96, 0.96, 0.94666666, 0.93333334, 0.9266667, 0.91333336, 0.91333336, 0.9066667, 0.8933333, 0.88666666, 0.88666666, 0.88666666, 0.88, 0.8666667, 0.87333333, 0.86, 0.85333335, 0.8466667], "best": [0.9, 0.9, 0.9, 0.9, 0.9, 0.9, 0.9, 0.9, 0.9, 0.9, 0.9, 0.8, 0.9, 0.9, 0.9, 0.9, 0.9, 0.9, 0.9, 0.9, 0.9, 0.8, 0.8, 0.9, 0.9], "duration": [281363, 281565, 283537, 283563, 284444, 280052, 279475, 275406, 276723, 274135, 273071, 272372, 272672, 270738, 270803, 272436, 270001, 271520, 270827, 273862, 273443, 273050, 272083, 274848, 276935]}