{"avg": [0.2551111, 0.2817778, 0.29128653, 0.29019114, 0.28964636, 0.2859956, 0.30628788, 0.30844447, 0.30996796, 0.29920146, 0.29435566, 0.2947096, 0.2934149, 0.30881438, 0.30353948, 0.27938497, 0.2914101, 0.3146953, 0.3274707, 0.337073, 0.2918176, 0.31542683, 0.33866665, 0.30417213, 0.29095528, 0.32750005, 0.33041808, 0.28600523, 0.33243623, 0.32151765, 0.3328633, 0.32853848, 0.3447189, 0.33437756, 0.35259718, 0.33424628, 0.35695314, 0.32073995, 0.31469077, 0.3195725, 0.33333775, 0.3529361, 0.3405186, 0.3459861, 0.3475325, 0.32916403, 0.32342428, 0.34930915, 0.34318694, 0.32661957], "std": [0.08346094, 0.07146762, 0.04884136, 0.04249097, 0.06785916, 0.07406474, 0.054733805, 0.06627749, 0.04596254, 0.053399775, 0.043547954, 0.0578065, 0.06533424, 0.0693823, 0.053939957, 0.07148871, 0.07647045, 0.0734198, 0.057411548, 0.03372901, 0.067549124, 0.08168216, 0.044381484, 0.076948255, 0.07945917, 0.064376675, 0.05869498, 0.07075619, 0.075777255, 0.075937614, 0.071816675, 0.07396184, 0.05898172, 0.0598732, 0.052537818, 0.06401599, 0.05380694, 0.07452809, 0.05115533, 0.062159754, 0.05905802, 0.049785014, 0.06340482, 0.05497811, 0.061607905, 0.044867992, 0.055276457, 0.050100718, 0.051117614, 0.065630645], "var": [0.98, 0.98, 0.98, 0.96, 0.94, 0.94, 0.92, 0.92, 0.9, 0.9, 0.86, 0.84, 0.84, 0.84, 0.82, 0.8, 0.8, 0.78, 0.78, 0.78, 0.78, 0.8, 0.8, 0.78, 0.76, 0.74, 0.74, 0.74, 0.74, 0.74, 0.76, 0.72, 0.72, 0.68, 0.68, 0.68, 0.72, 0.72, 0.74, 0.72, 0.7, 0.72, 0.74, 0.74, 0.76, 0.76, 0.72, 0.72, 0.72, 0.72], "best": [0.42444444, 0.45333335, 0.35666665, 0.35052153, 0.44613755, 0.44720867, 0.3931987, 0.44763282, 0.39794874, 0.39707768, 0.38432023, 0.39757583, 0.35707232, 0.44818428, 0.39822027, 0.39740744, 0.39750338, 0.39808086, 0.40057352, 0.40058562, 0.35916665, 0.4508672, 0.45105264, 0.36113915, 0.40079498, 0.40043294, 0.45179272, 0.40235016, 0.40220174, 0.45413193, 0.40424505, 0.4553573, 0.45724335, 0.45823085, 0.40823904, 0.45948407, 0.46031463, 0.41091958, 0.41035798, 0.42360067, 0.46228945, 0.41267085, 0.4129894, 0.41385528, 0.46394348, 0.41476464, 0.4135919, 0.41351476, 0.41466674, 0.41440248], "duration": [43101, 39892, 52775, 43035, 49927, 48373, 39715, 38930, 45128, 39407, 38911, 38218, 38291, 39089, 39782, 38584, 39051, 46534, 39531, 46520, 39165, 45890, 39545, 39646, 38862, 39964, 39169, 45322, 39811, 51491, 39664, 39412, 40084, 39541, 46539, 45688, 39998, 40105, 39075, 40126, 39820, 39995, 53348, 40195, 40226, 39192, 39600, 43832, 39973, 39408]}