{"avg": [0.26031747, 0.30148146, 0.30187503, 0.29068324, 0.31902927, 0.30856496, 0.31003296, 0.33634576, 0.3209333, 0.32511672, 0.325142, 0.35481915, 0.31632838, 0.34790626, 0.358386, 0.36522424, 0.37778965, 0.35022599, 0.36480558, 0.37536365, 0.38008758, 0.36301145, 0.37891874, 0.40742555, 0.40291882, 0.4328136, 0.42755774, 0.440999, 0.417785, 0.44215998, 0.44909108, 0.4462923, 0.42666668, 0.48524356, 0.5023637, 0.47432542, 0.5041604, 0.5225748, 0.49894944, 0.50081736, 0.51071274, 0.49846065, 0.5059582, 0.4990375, 0.51564676, 0.5571326, 0.5405122, 0.5487498, 0.53976333, 0.54371583], "std": [0.08539034, 0.0768578, 0.061630398, 0.044237863, 0.06559238, 0.06064338, 0.063912064, 0.0613202, 0.06920365, 0.07893074, 0.06204966, 0.07260484, 0.06033629, 0.07270793, 0.055252332, 0.06563528, 0.072639495, 0.07428227, 0.0711128, 0.058160853, 0.07232988, 0.06392206, 0.057607066, 0.06722235, 0.06079419, 0.06982223, 0.073438525, 0.068686925, 0.07750438, 0.069594, 0.083847366, 0.08031715, 0.07929328, 0.049685623, 0.05805966, 0.06973478, 0.052298382, 0.037172165, 0.05567475, 0.07396706, 0.06847014, 0.0822061, 0.07873425, 0.086005755, 0.06985185, 0.017385801, 0.060870312, 0.020635927, 0.06381457, 0.055292893], "var": [0.98, 0.98, 0.96, 0.94, 0.94, 0.96, 0.94, 0.92, 0.92, 0.88, 0.84, 0.84, 0.84, 0.84, 0.8, 0.78, 0.8, 0.8, 0.78, 0.74, 0.72, 0.68, 0.68, 0.66, 0.64, 0.62, 0.6, 0.58, 0.58, 0.62, 0.62, 0.6, 0.6, 0.58, 0.56, 0.54, 0.52, 0.48, 0.48, 0.46, 0.44, 0.44, 0.44, 0.42, 0.38, 0.4, 0.4, 0.42, 0.4, 0.38], "best": [0.4333333, 0.46222222, 0.44682539, 0.35807452, 0.46065572, 0.46367517, 0.46280703, 0.46549705, 0.46743, 0.47052154, 0.46849594, 0.47289374, 0.47306395, 0.4740219, 0.47831857, 0.48049793, 0.48365757, 0.48580244, 0.4877622, 0.4902412, 0.49035636, 0.49291417, 0.47771427, 0.4959128, 0.50017494, 0.5029313, 0.50716585, 0.5108003, 0.5144895, 0.51663035, 0.5201125, 0.52369314, 0.52648216, 0.5283429, 0.5327746, 0.5381555, 0.5416374, 0.5452991, 0.5498059, 0.55323625, 0.5555203, 0.5587057, 0.56079316, 0.56289214, 0.56494254, 0.5666197, 0.5703347, 0.5729026, 0.57549405, 0.5779639], "duration": [42834, 39362, 39368, 42619, 39620, 38474, 44777, 38837, 38506, 45323, 46069, 39648, 39474, 46486, 39279, 45590, 39510, 39621, 45829, 38877, 39773, 46202, 46238, 39801, 39931, 39988, 39983, 40018, 46668, 40077, 46770, 40061, 39924, 40167, 40217, 40122, 40116, 40195, 40157, 39951, 46716, 40151, 46903, 40113, 40113, 40027, 40269, 40080, 46896, 46811]}