{"avg": [0.26714286, 0.28577143, 0.28416574, 0.28681716, 0.28859428, 0.29400113, 0.29813716, 0.30223998, 0.3031562, 0.3073806, 0.30946535, 0.31032884, 0.31549093, 0.3173099, 0.318401, 0.3229867, 0.3256516, 0.32099006, 0.3264585, 0.33516902, 0.33586875, 0.33991307, 0.33955848, 0.3381722, 0.34697524, 0.3426188, 0.34869975, 0.3550438, 0.35760525, 0.36201596, 0.35503387, 0.35867405, 0.36704892, 0.36917478, 0.37029567, 0.37893516, 0.38911986, 0.39417544, 0.3891678, 0.3899369, 0.38841137, 0.3996252, 0.40504795, 0.40178397, 0.4084286, 0.4131391, 0.4116513, 0.41504037, 0.41653726, 0.41724214], "std": [0.06309658, 0.066510536, 0.06848176, 0.071294375, 0.07279906, 0.06791372, 0.06849569, 0.07264225, 0.07360284, 0.07623255, 0.07447178, 0.0764198, 0.07672943, 0.074887425, 0.07801221, 0.07141105, 0.07256671, 0.080398075, 0.07915979, 0.07547733, 0.077893645, 0.07407914, 0.07443216, 0.07836147, 0.073179215, 0.07919927, 0.078456275, 0.07330539, 0.07559397, 0.07273386, 0.08431965, 0.08519465, 0.07813096, 0.075863495, 0.08003627, 0.06986564, 0.05461864, 0.045105774, 0.060308322, 0.0633542, 0.06968509, 0.04775844, 0.032825608, 0.05227978, 0.0331424, 0.022770092, 0.023299456, 0.021167846, 0.022605373, 0.02260508], "var": [1.0, 1.0, 0.98, 0.96, 0.94, 0.92, 0.88, 0.88, 0.84, 0.82, 0.8, 0.76, 0.76, 0.74, 0.74, 0.72, 0.72, 0.7, 0.68, 0.68, 0.68, 0.68, 0.68, 0.68, 0.66, 0.62, 0.6, 0.6, 0.56, 0.56, 0.56, 0.52, 0.5, 0.5, 0.46, 0.42, 0.4, 0.4, 0.4, 0.4, 0.36, 0.34, 0.34, 0.32, 0.3, 0.3, 0.32, 0.32, 0.32, 0.32], "best": [0.4333333, 0.44999996, 0.45166662, 0.4522222, 0.45416665, 0.45546666, 0.4564444, 0.45695236, 0.45816663, 0.4591111, 0.46019998, 0.46103027, 0.46172222, 0.46241024, 0.46299997, 0.46346664, 0.46387497, 0.46419606, 0.46448147, 0.4647719, 0.46526667, 0.46571425, 0.4662424, 0.46672463, 0.4672222, 0.46767998, 0.4680769, 0.46859255, 0.4690238, 0.46944824, 0.4698222, 0.47019354, 0.47060415, 0.47103027, 0.47141173, 0.4717714, 0.4721111, 0.4725045, 0.47285962, 0.47321367, 0.47356665, 0.47390243, 0.47423807, 0.47454262, 0.47483334, 0.47518516, 0.47553623, 0.4758723, 0.47618055, 0.4764762], "duration": [98919, 99296, 99470, 100305, 99569, 100351, 100263, 100566, 101246, 101085, 100480, 101128, 99082, 100799, 101429, 101732, 101722, 99051, 100034, 100412, 100581, 100239, 100566, 100867, 101621, 101857, 102369, 102481, 102041, 101688, 102041, 101533, 100784, 100745, 100325, 103836, 107086, 107806, 107133, 106790, 103204, 107053, 107514, 107148, 108246, 108299, 108304, 107398, 107513, 107457]}