{"avg": [0.33309674, 0.3549601, 0.3750763, 0.39513937, 0.40726402, 0.4462648, 0.46269292, 0.48611003, 0.50780976, 0.5225172, 0.56307065, 0.58923465, 0.62653965, 0.6531743, 0.6573807, 0.6724745, 0.6913493, 0.7004882, 0.70315385, 0.71143377, 0.7154949, 0.71626705, 0.7240948, 0.7247237, 0.72732383, 0.7272836, 0.7317341, 0.73373026, 0.73807883, 0.73982024, 0.7370183, 0.74326676, 0.7423003, 0.743744, 0.7450555, 0.74346715, 0.7496803, 0.7508383, 0.74955094, 0.75054103, 0.7489152, 0.75466514, 0.7532239, 0.75636595, 0.7522403, 0.7553924, 0.7554536, 0.7569926, 0.75978, 0.7577971, 0.7609187, 0.7614699, 0.76205236, 0.7574306, 0.76305205, 0.7635021, 0.76400465, 0.7623375, 0.75979877, 0.76534295, 0.76573944, 0.7639745, 0.7639533, 0.7648316, 0.7672899, 0.76765895, 0.765668, 0.7683312, 0.7663198, 0.7619668, 0.7692663, 0.7695465, 0.7698192, 0.7631133, 0.77038085], "std": [0.104644604, 0.07511166, 0.09915617, 0.08056847, 0.08815382, 0.049824588, 0.08182037, 0.08071329, 0.091351226, 0.092500314, 0.08166107, 0.08339323, 0.06375165, 0.035672277, 0.037248652, 0.034640472, 0.0263928, 0.019924326, 0.021119777, 0.010089918, 0.010360037, 0.014726447, 0.0008622887, 0.010391687, 0.01115289, 0.014693892, 0.010660553, 0.010937004, 1.7881393e-07, 2.3841858e-07, 0.014377654, 1.7881393e-07, 0.010674865, 0.010430648, 0.010430647, 0.01503147, 1.7881393e-07, 0.0, 0.010430635, 0.010430649, 0.014693892, 2.3841858e-07, 0.010430647, 1.1920929e-07, 0.014693874, 0.010674868, 0.011856082, 0.009787421, 5.9604645e-08, 0.010937002, 5.9604645e-08, 0.0, 1.1920929e-07, 0.015031451, 0.0, 0.0, 5.9604645e-08, 0.00998847, 0.015031469, 1.7881393e-07, 0.0, 0.009988473, 0.010937002, 0.009787409, 1.7881393e-07, 5.9604645e-08, 0.010430635, 5.9604645e-08, 0.010430648, 0.017139304, 1.1920929e-07, 0.0, 1.1920929e-07, 0.017139304, 0.0], "var": [1.0, 1.0, 1.0, 1.0, 1.0, 1.0, 1.0, 1.0, 0.96, 0.88, 0.92, 0.8, 0.64, 0.6, 0.56, 0.48, 0.28, 0.28, 0.24, 0.16, 0.12, 0.12, 0.08, 0.08, 0.08, 0.08, 0.04, 0.04, 0.04, 0.04, 0.04, 0.04, 0.04, 0.04, 0.04, 0.04, 0.04, 0.04, 0.04, 0.04, 0.04, 0.04, 0.04, 0.04, 0.04, 0.04, 0.04, 0.04, 0.04, 0.04, 0.04, 0.04, 0.04, 0.04, 0.04, 0.04, 0.04, 0.04, 0.04, 0.04, 0.04, 0.04, 0.04, 0.04, 0.04, 0.04, 0.04, 0.04, 0.04, 0.04, 0.04, 0.04, 0.04, 0.04, 0.04], "best": [0.57551014, 0.47054127, 0.5824869, 0.58354586, 0.58593035, 0.5872592, 0.66211736, 0.66469944, 0.6683674, 0.6721489, 0.6760623, 0.6806078, 0.6853824, 0.6909154, 0.70735824, 0.7003711, 0.7043866, 0.70846146, 0.71222836, 0.71512735, 0.7186802, 0.72189754, 0.72461146, 0.7273186, 0.72988254, 0.73218155, 0.73433536, 0.73630816, 0.73807865, 0.73982, 0.74168295, 0.7432666, 0.74474937, 0.74607617, 0.74738777, 0.74862295, 0.7496801, 0.7508383, 0.75188315, 0.7528734, 0.75381327, 0.7546649, 0.7555564, 0.7563661, 0.7571384, 0.75784147, 0.7585149, 0.75903356, 0.75978005, 0.760375, 0.76091874, 0.7614699, 0.76205224, 0.7625863, 0.76305205, 0.7635021, 0.7640047, 0.7644668, 0.7649544, 0.7653431, 0.76573944, 0.7661042, 0.7665313, 0.7668726, 0.7672897, 0.7676589, 0.76800025, 0.76833117, 0.7686523, 0.7689639, 0.7692664, 0.7695465, 0.7698191, 0.7701105, 0.77038085], "duration": [101198, 97584, 107301, 100740, 87706, 95117, 93943, 78823, 86736, 101904, 96843, 83347, 132398, 105061, 97430, 105786, 112064, 131680, 83434, 97174, 132413, 97386, 90929, 132682, 97651, 132965, 98742, 104378, 105060, 98955, 147016, 98143, 112445, 91443, 97933, 84890, 118946, 98249, 105374, 92741, 105315, 90775, 91194, 98303, 105197, 91634, 84308, 99007, 106237, 105714, 98602, 140805, 112197, 83899, 91678, 98527, 105979, 98278, 97866, 91082, 98602, 98137, 104746, 112763, 92506, 134885, 98073, 105230, 119326, 105597, 91383, 98034, 113933, 91010, 108888]}