{"avg": [0.2551111, 0.28429633, 0.28730994, 0.28749272, 0.28765804, 0.28821778, 0.30075136, 0.31418747, 0.30241102, 0.31899434, 0.29936415, 0.29141203, 0.31162277, 0.32531905, 0.2919079, 0.28731844, 0.29050428, 0.3022844, 0.30086467, 0.30055252, 0.3188821, 0.31201398, 0.31324553, 0.31281787, 0.3219441, 0.3217535, 0.3248755, 0.29960155, 0.3315669, 0.32624745, 0.3564407, 0.33689684, 0.30220157, 0.31979942, 0.34253225, 0.32763714, 0.33241853, 0.3280372, 0.33956367, 0.357051, 0.3548672, 0.32877472, 0.3371292, 0.37050724, 0.36684102, 0.37407666, 0.38128015, 0.34729707, 0.37290776, 0.39211008], "std": [0.08346094, 0.07241157, 0.046178613, 0.042779334, 0.06939596, 0.06881615, 0.04957055, 0.048314735, 0.0739309, 0.068168506, 0.059696704, 0.040734533, 0.06488232, 0.058836944, 0.0663169, 0.07141111, 0.07533129, 0.06638424, 0.056462385, 0.070032716, 0.050533205, 0.06820168, 0.055026285, 0.04322968, 0.05971404, 0.05026261, 0.05691531, 0.07350386, 0.040707972, 0.065381356, 0.043304693, 0.063236535, 0.06924608, 0.07563587, 0.06424777, 0.056286264, 0.067558885, 0.06859699, 0.05241945, 0.055866536, 0.045823302, 0.05410147, 0.048852913, 0.05823666, 0.05859484, 0.06253277, 0.047240864, 0.05569601, 0.05941232, 0.053311817], "var": [0.98, 0.98, 0.98, 0.96, 0.94, 0.94, 0.92, 0.92, 0.88, 0.88, 0.88, 0.86, 0.84, 0.82, 0.82, 0.8, 0.8, 0.8, 0.8, 0.78, 0.78, 0.74, 0.74, 0.74, 0.74, 0.72, 0.7, 0.68, 0.68, 0.68, 0.68, 0.7, 0.66, 0.66, 0.66, 0.66, 0.68, 0.66, 0.64, 0.64, 0.6, 0.6, 0.56, 0.58, 0.56, 0.58, 0.56, 0.56, 0.56, 0.58], "best": [0.42444444, 0.45333335, 0.35666665, 0.35052153, 0.44613755, 0.44720867, 0.3931987, 0.39593223, 0.44567898, 0.44725144, 0.3540562, 0.3512963, 0.44621313, 0.4469287, 0.38330412, 0.39847, 0.4459829, 0.44723234, 0.35631943, 0.3981421, 0.44726253, 0.4001406, 0.40380955, 0.40539515, 0.4055353, 0.44752777, 0.40858975, 0.41673663, 0.41012797, 0.41846833, 0.42014158, 0.44680384, 0.415463, 0.42262825, 0.44736886, 0.4175769, 0.4480872, 0.4263709, 0.4274074, 0.426041, 0.44836664, 0.42325655, 0.4233836, 0.4303093, 0.44913223, 0.4497496, 0.4291805, 0.43050206, 0.46865308, 0.4700562], "duration": [42728, 39672, 52383, 42676, 49486, 47514, 45359, 38330, 44634, 39422, 37126, 37928, 45372, 39337, 44421, 38249, 38408, 39474, 38721, 38386, 45505, 45482, 38913, 37937, 39327, 38943, 38718, 38176, 38530, 39277, 39003, 39286, 44732, 51625, 39050, 44875, 38742, 38288, 39486, 39171, 39523, 38323, 38694, 39736, 39282, 39409, 39849, 45083, 45710, 39046]}