{"avg": [0.26031747, 0.2896931, 0.29507932, 0.2902818, 0.2933723, 0.29626632, 0.31222042, 0.31447616, 0.31597987, 0.30489457, 0.30288473, 0.30066806, 0.2991292, 0.31484613, 0.30935144, 0.28515524, 0.29424283, 0.31837785, 0.3340813, 0.34133887, 0.29206923, 0.32215032, 0.3117553, 0.2990274, 0.31264764, 0.30396104, 0.33261487, 0.31765726, 0.311496, 0.3352539, 0.32818145, 0.32824254, 0.32769933, 0.32476684, 0.35205328, 0.3393242, 0.33151188, 0.3200614, 0.3410759, 0.35146308, 0.33194885, 0.3425806, 0.34007657, 0.35338452, 0.35452458, 0.35889077, 0.33803627, 0.36626202, 0.37501413, 0.37604362, 0.36152512, 0.36037892, 0.36658457, 0.36677262, 0.3621119, 0.36843887, 0.39160421, 0.34767798, 0.38081634, 0.36167163, 0.3836987, 0.39164653, 0.35853097, 0.37988997, 0.37402418, 0.39920288, 0.3951022, 0.38983476, 0.3435581, 0.3999128, 0.3894826, 0.38870427, 0.37908047, 0.39521074, 0.4058751], "std": [0.08539034, 0.07409099, 0.048330657, 0.041381273, 0.07296669, 0.07465063, 0.055793356, 0.067567274, 0.047001917, 0.054334205, 0.044012785, 0.058992546, 0.06681331, 0.07075482, 0.05520211, 0.072891295, 0.076633155, 0.07447067, 0.05834421, 0.03421066, 0.06692523, 0.07992251, 0.049251113, 0.078884386, 0.07876219, 0.07117766, 0.06295149, 0.06844278, 0.082034186, 0.041409306, 0.076481864, 0.05718029, 0.06714955, 0.061633844, 0.048271917, 0.05399482, 0.065121524, 0.06781218, 0.06810217, 0.043831732, 0.043970615, 0.05765294, 0.07183584, 0.045242272, 0.039353143, 0.03801911, 0.050657354, 0.051769428, 0.031681508, 0.051035795, 0.057770085, 0.04283554, 0.049237654, 0.056975417, 0.06238074, 0.034837093, 0.043305006, 0.05621206, 0.045347, 0.0687748, 0.050014675, 0.048611388, 0.05432267, 0.04582189, 0.057945397, 0.04952444, 0.050196785, 0.05333218, 0.055955067, 0.035402562, 0.048646763, 0.0611762, 0.057891887, 0.054915562, 0.03760767], "var": [0.98, 0.98, 0.98, 0.96, 0.94, 0.94, 0.92, 0.92, 0.9, 0.9, 0.86, 0.84, 0.84, 0.84, 0.82, 0.8, 0.8, 0.78, 0.78, 0.78, 0.78, 0.76, 0.76, 0.74, 0.72, 0.76, 0.76, 0.76, 0.74, 0.74, 0.74, 0.76, 0.78, 0.76, 0.72, 0.72, 0.72, 0.72, 0.74, 0.72, 0.72, 0.72, 0.72, 0.68, 0.7, 0.68, 0.7, 0.7, 0.7, 0.7, 0.68, 0.68, 0.66, 0.66, 0.62, 0.58, 0.58, 0.56, 0.56, 0.52, 0.5, 0.48, 0.52, 0.52, 0.54, 0.52, 0.5, 0.52, 0.52, 0.5, 0.48, 0.5, 0.5, 0.48, 0.48], "best": [0.4333333, 0.46222222, 0.36396822, 0.3578231, 0.45502642, 0.45609757, 0.40081772, 0.45652172, 0.40556777, 0.4046967, 0.39130434, 0.40519485, 0.3643739, 0.45707318, 0.4058393, 0.40502647, 0.4051224, 0.40569988, 0.40819255, 0.40820464, 0.36646822, 0.45965445, 0.40483153, 0.36732027, 0.40751067, 0.40813854, 0.40879944, 0.40996918, 0.40935886, 0.40803573, 0.40918517, 0.40963295, 0.40921906, 0.40994072, 0.41006395, 0.41097692, 0.41219866, 0.40716767, 0.46300673, 0.4636612, 0.4090393, 0.41221854, 0.41271532, 0.4114258, 0.411922, 0.41220832, 0.4129894, 0.46493623, 0.4138395, 0.46592495, 0.4673077, 0.41637954, 0.46798027, 0.4686037, 0.46884403, 0.41731605, 0.46949863, 0.41938508, 0.41960135, 0.4713094, 0.47179484, 0.47247288, 0.42159355, 0.42157635, 0.47357357, 0.4737861, 0.47458777, 0.4754386, 0.41827193, 0.4755803, 0.4760464, 0.47625944, 0.4768865, 0.47741652, 0.47811505], "duration": [43065, 39764, 52939, 42802, 49784, 43293, 39149, 38631, 44977, 39394, 38827, 38151, 38168, 39005, 39767, 38618, 39125, 46482, 39316, 46433, 38612, 45679, 38548, 38690, 38472, 38681, 39337, 45891, 39215, 38870, 45458, 45619, 39487, 39643, 38788, 39875, 39641, 38870, 45437, 46389, 39432, 39649, 46176, 43702, 39470, 39063, 39534, 39541, 39728, 39932, 39519, 39591, 43837, 44300, 39907, 44044, 51190, 43384, 39901, 50511, 40690, 44759, 50399, 46091, 52798, 39879, 46776, 40055, 43122, 40150, 39880, 46870, 39822, 40297, 40009]}