{"avg": [0.11904762, 0.10672619, 0.14450297, 0.18582717, 0.22241181, 0.17385752, 0.21331751, 0.14310643, 0.17624009, 0.13457412, 0.1559838, 0.21058404, 0.10785916, 0.23642558, 0.22609746, 0.20153521, 0.24203497, 0.124751806, 0.201009, 0.27805576, 0.21679929, 0.16678478, 0.20134655, 0.2968811, 0.24865219, 0.26465803, 0.25117615, 0.29416138, 0.26665157, 0.29434672, 0.36281502, 0.33795843, 0.2864873, 0.3543223, 0.37031996, 0.2364697, 0.28119087, 0.26969185, 0.3945905, 0.23215802, 0.28917456, 0.37256843, 0.3382667, 0.3980677, 0.34097037, 0.27200723, 0.30314016, 0.26448506, 0.19950382, 0.25622573], "std": [0.17657617, 0.1770481, 0.19391496, 0.1987461, 0.19900645, 0.20078671, 0.20120682, 0.19380003, 0.19991103, 0.19037594, 0.19557725, 0.1998422, 0.17891337, 0.19988012, 0.19953452, 0.20167868, 0.19774352, 0.18504524, 0.2011238, 0.18753433, 0.20079412, 0.19942482, 0.20145509, 0.17912988, 0.19843355, 0.19561464, 0.19864608, 0.18260194, 0.19707638, 0.18272573, 0.13289203, 0.16255784, 0.19334131, 0.13938005, 0.13139184, 0.20873776, 0.1898372, 0.1994291, 0.09930959, 0.20493484, 0.19320251, 0.14135219, 0.16980267, 0.09479695, 0.1710005, 0.20305406, 0.1960208, 0.20517932, 0.21577816, 0.20972236], "var": [1.0, 1.0, 1.0, 1.0, 1.0, 0.98, 0.96, 0.94, 0.94, 0.94, 0.92, 0.9, 0.88, 0.86, 0.86, 0.86, 0.86, 0.82, 0.82, 0.82, 0.8, 0.82, 0.8, 0.8, 0.8, 0.82, 0.78, 0.76, 0.74, 0.72, 0.7, 0.7, 0.68, 0.68, 0.68, 0.66, 0.66, 0.64, 0.62, 0.64, 0.62, 0.6, 0.6, 0.6, 0.62, 0.64, 0.62, 0.6, 0.6, 0.62], "best": [0.3809524, 0.4122024, 0.41105995, 0.41428575, 0.41317463, 0.4155678, 0.4160973, 0.41734385, 0.41640213, 0.4171026, 0.4099107, 0.41484752, 0.41496253, 0.41507187, 0.41607144, 0.4183135, 0.42014512, 0.40260062, 0.41893148, 0.41406572, 0.41250935, 0.4187034, 0.41906127, 0.41592956, 0.4198998, 0.42056713, 0.42296043, 0.42316425, 0.42422593, 0.42602077, 0.42662117, 0.42847583, 0.43036875, 0.43158135, 0.43214503, 0.43429756, 0.4278724, 0.43512607, 0.43585435, 0.4280112, 0.43743816, 0.4379939, 0.44089305, 0.4425876, 0.4439938, 0.44554436, 0.44608128, 0.4473096, 0.4484416, 0.44881105], "duration": [1261, 1218, 1032, 1030, 1169, 986, 1008, 1032, 1004, 1145, 1230, 1163, 992, 1033, 1036, 1010, 1049, 991, 1001, 988, 1047, 1058, 1061, 1022, 1056, 1033, 1058, 1227, 1183, 1422, 1164, 1033, 1246, 998, 1200, 1001, 1023, 1285, 1076, 1062, 999, 1233, 1086, 1477, 1068, 1232, 1125, 1062, 1093, 1080]}