{"avg": [0.20304762, 0.23163177, 0.23965916, 0.23446064, 0.23866332, 0.23871285, 0.24930735, 0.24994285, 0.2525687, 0.24625441, 0.24784268, 0.24585666, 0.24145505, 0.25406533, 0.24616678, 0.23277456, 0.23770677, 0.25360897, 0.2714352, 0.27704754, 0.24192652, 0.2620371, 0.28120747, 0.25195143, 0.24262437, 0.27218506, 0.25307044, 0.25390974, 0.27253315, 0.275875, 0.25827578, 0.27687553, 0.29391465, 0.27605268, 0.29406518, 0.2707311, 0.2893378, 0.2925235, 0.26884785, 0.29633924, 0.2810264, 0.30941936, 0.3057932, 0.2928466, 0.30551073, 0.29756308, 0.30733883, 0.3083334, 0.3010942, 0.30230698], "std": [0.06875743, 0.059293028, 0.039556753, 0.035086688, 0.05718671, 0.06075137, 0.044121645, 0.053722315, 0.03914363, 0.043449476, 0.033906654, 0.0489304, 0.05427413, 0.057125308, 0.050129212, 0.058666416, 0.06179846, 0.06634757, 0.045562834, 0.027186679, 0.05719561, 0.06486556, 0.034521308, 0.06542397, 0.06677876, 0.052342806, 0.03794626, 0.03705865, 0.05023038, 0.043039892, 0.05860187, 0.054604903, 0.035582606, 0.051630832, 0.030691266, 0.062358893, 0.028917786, 0.03959736, 0.037867025, 0.041634493, 0.060818776, 0.044233818, 0.04563414, 0.047917437, 0.052553754, 0.05211008, 0.03175737, 0.04874167, 0.05450249, 0.049897388], "var": [0.98, 0.98, 0.98, 0.96, 0.94, 0.94, 0.92, 0.92, 0.9, 0.9, 0.86, 0.84, 0.84, 0.84, 0.82, 0.8, 0.8, 0.78, 0.78, 0.78, 0.78, 0.8, 0.8, 0.78, 0.76, 0.76, 0.76, 0.76, 0.74, 0.74, 0.76, 0.72, 0.76, 0.74, 0.74, 0.74, 0.72, 0.72, 0.72, 0.68, 0.68, 0.7, 0.7, 0.68, 0.7, 0.7, 0.7, 0.7, 0.7, 0.72], "best": [0.34, 0.37466666, 0.29676193, 0.28938776, 0.36603177, 0.36731708, 0.32098123, 0.3678261, 0.32668132, 0.325636, 0.30956525, 0.32623377, 0.2972487, 0.3684878, 0.3270071, 0.32603174, 0.32614684, 0.32683983, 0.32968765, 0.32971042, 0.29950553, 0.37158537, 0.37181288, 0.30190477, 0.3299884, 0.32955843, 0.32766655, 0.30385065, 0.3292907, 0.37267858, 0.33064714, 0.37302905, 0.37553787, 0.37690523, 0.33556393, 0.337216, 0.3387087, 0.38276818, 0.33155364, 0.38170773, 0.34110454, 0.38517135, 0.3870624, 0.38979352, 0.39031702, 0.39123598, 0.34998032, 0.39408907, 0.3951579, 0.39637065], "duration": [42994, 39941, 53072, 42905, 49813, 47799, 39253, 38821, 45079, 39364, 38879, 38259, 38188, 39020, 39800, 38690, 39225, 46363, 39629, 46432, 39058, 46142, 39444, 39557, 38830, 39804, 38625, 45345, 39919, 52783, 39648, 46433, 40000, 39893, 39858, 40580, 39797, 39810, 38569, 40158, 39630, 39786, 64481, 40089, 40706, 39719, 41273, 54199, 40280, 40256]}