{"avg": [0.435, 0.43333334, 0.43833333, 0.43166667, 0.425, 0.425, 0.42166665, 0.41833332, 0.42333335, 0.41833332, 0.41166666, 0.42166665, 0.41666666, 0.40833333, 0.41333333, 0.40333334, 0.41, 0.41, 0.41, 0.395, 0.39833334, 0.39333335, 0.39666668, 0.395, 0.39166668], "std": [0.20902547, 0.21147636, 0.20803982, 0.20795973, 0.21164036, 0.21164036, 0.20843996, 0.20715669, 0.21202731, 0.2150517, 0.21240029, 0.21240027, 0.20949677, 0.21098313, 0.20813993, 0.20572361, 0.21071309, 0.20672043, 0.21268131, 0.2146121, 0.21427521, 0.21476091, 0.22208609, 0.2146121, 0.21098314], "var": [0.99333334, 0.99333334, 0.9866667, 0.98, 0.97333336, 0.96666664, 0.96666664, 0.97333336, 0.96666664, 0.96666664, 0.9533333, 0.94, 0.93333334, 0.93333334, 0.9266667, 0.91333336, 0.91333336, 0.9066667, 0.9066667, 0.8933333, 0.88666666, 0.88, 0.88, 0.8666667, 0.87333333], "best": [1.0, 1.0, 1.0, 1.0, 1.0, 1.0, 1.0, 1.0, 1.0, 1.0, 1.0, 1.0, 1.0, 1.0, 1.0, 1.0, 1.0, 1.0, 1.0, 1.0, 1.0, 1.0, 1.0, 1.0, 1.0], "duration": [30094, 27947, 27997, 29803, 28070, 28103, 30044, 29897, 29816, 29878, 27173, 29847, 27198, 25679, 27374, 27095, 27210, 27241, 27198, 27204, 27075, 27047, 25510, 27085, 27081]}