{"avg": [0.25055555, 0.27457407, 0.28423977, 0.2826713, 0.282658, 0.28043997, 0.29757887, 0.3085992, 0.3016594, 0.3161967, 0.296884, 0.28634256, 0.30622342, 0.32196835, 0.2914565, 0.28674012, 0.27900854, 0.29572725, 0.30080336, 0.3127778, 0.32717228, 0.2870639, 0.3257804, 0.32676655, 0.30129048, 0.35515326, 0.29052824, 0.28100127, 0.3136658, 0.30687985, 0.31904235, 0.34724018, 0.29896915, 0.31932148, 0.34968513, 0.35340852, 0.31267485, 0.33686805, 0.34442136, 0.3190759, 0.31923553, 0.35655898, 0.35454103, 0.3508343, 0.3601798, 0.389677, 0.3317735, 0.3654702, 0.3661868, 0.3540892], "std": [0.08177525, 0.064375594, 0.048193637, 0.04201569, 0.068068095, 0.07714338, 0.050039206, 0.047561564, 0.07388494, 0.06222711, 0.060109552, 0.04297793, 0.062041793, 0.052830856, 0.06761946, 0.063600965, 0.056664996, 0.035709072, 0.06306175, 0.06159686, 0.04402809, 0.07003804, 0.055581436, 0.05523395, 0.07431066, 0.061660375, 0.066257484, 0.06192932, 0.051277015, 0.048746187, 0.0841565, 0.061179154, 0.06700418, 0.05263037, 0.07987518, 0.08810869, 0.07005642, 0.051036347, 0.05263333, 0.06451134, 0.058754448, 0.06513004, 0.08429208, 0.085781954, 0.07456059, 0.06780668, 0.083998434, 0.093988374, 0.0889301, 0.06332309], "var": [0.98, 0.98, 0.98, 0.96, 0.94, 0.94, 0.92, 0.92, 0.88, 0.88, 0.88, 0.86, 0.84, 0.82, 0.82, 0.8, 0.8, 0.8, 0.82, 0.8, 0.8, 0.78, 0.78, 0.76, 0.74, 0.72, 0.72, 0.74, 0.74, 0.72, 0.72, 0.7, 0.66, 0.66, 0.66, 0.64, 0.62, 0.6, 0.6, 0.6, 0.58, 0.54, 0.52, 0.52, 0.56, 0.54, 0.56, 0.58, 0.58, 0.54], "best": [0.41666666, 0.40805557, 0.35027775, 0.34413263, 0.43835977, 0.43943092, 0.38653198, 0.38926554, 0.43790123, 0.43947366, 0.34984937, 0.35027778, 0.43843535, 0.43915093, 0.377193, 0.3918033, 0.3921795, 0.34628788, 0.39224538, 0.39322403, 0.43759203, 0.39548194, 0.43802682, 0.4910502, 0.43932632, 0.4922754, 0.37621358, 0.4008607, 0.40113637, 0.3574054, 0.49326316, 0.49430895, 0.40235758, 0.40267178, 0.49517623, 0.4969314, 0.40515527, 0.40620026, 0.44490588, 0.40815774, 0.4090431, 0.4988718, 0.49929824, 0.5006853, 0.5016307, 0.5024778, 0.5039377, 0.5045312, 0.50598854, 0.45245793], "duration": [42734, 39537, 52183, 42710, 49454, 43073, 45304, 44517, 44534, 39488, 37148, 37905, 45575, 39510, 44475, 38284, 38003, 38860, 39332, 38841, 45723, 38731, 39465, 39248, 38656, 39168, 38452, 37349, 52015, 45126, 39328, 39320, 39338, 38600, 39525, 38603, 39135, 39067, 38492, 38851, 38789, 39259, 39009, 38571, 39285, 39534, 38935, 38679, 39281, 39354]}