{"avg": [0.2551111, 0.2792593, 0.28929827, 0.28749272, 0.28964636, 0.28377336, 0.30472797, 0.30974302, 0.30115223, 0.3100159, 0.3058036, 0.30307078, 0.30563003, 0.3023465, 0.305632, 0.35496527, 0.31790972, 0.34721735, 0.35113692, 0.33313596, 0.33187062, 0.32475662, 0.33724356, 0.34500802, 0.3309834, 0.3543306, 0.31626776, 0.35168698, 0.35773087, 0.34153464, 0.355861, 0.35187313, 0.37006274, 0.3573127, 0.36695224, 0.37662446, 0.35337543, 0.38343507, 0.3759543, 0.35808367, 0.41504043, 0.39052466, 0.39687437, 0.39910966, 0.38959602, 0.36831632, 0.35118967, 0.4072683, 0.37757677, 0.39633614], "std": [0.08346094, 0.07368342, 0.049749482, 0.042779334, 0.06897548, 0.075981036, 0.05181723, 0.04817048, 0.07953452, 0.06944326, 0.0750333, 0.081723906, 0.06734048, 0.060975734, 0.099135235, 0.07246129, 0.038229503, 0.05743973, 0.060122628, 0.06746241, 0.07584726, 0.070602275, 0.0644728, 0.06921391, 0.084174484, 0.07679026, 0.062444128, 0.08827787, 0.07704831, 0.088957824, 0.0978917, 0.062138602, 0.06901346, 0.06826506, 0.07174756, 0.06417092, 0.07946623, 0.07471355, 0.070950426, 0.08138329, 0.051259875, 0.06862517, 0.06658662, 0.070353426, 0.062746316, 0.06740403, 0.10052914, 0.07467571, 0.07966273, 0.08110927], "var": [0.98, 0.98, 0.98, 0.96, 0.94, 0.94, 0.92, 0.92, 0.92, 0.9, 0.88, 0.86, 0.84, 0.82, 0.8, 0.78, 0.74, 0.74, 0.74, 0.72, 0.72, 0.68, 0.68, 0.66, 0.64, 0.66, 0.64, 0.64, 0.62, 0.62, 0.6, 0.58, 0.56, 0.54, 0.54, 0.5, 0.5, 0.5, 0.52, 0.48, 0.48, 0.48, 0.46, 0.5, 0.5, 0.5, 0.48, 0.48, 0.5, 0.46], "best": [0.42444444, 0.45333335, 0.35666665, 0.35052153, 0.44613755, 0.44720867, 0.3931987, 0.39593223, 0.44567898, 0.44777778, 0.44802168, 0.44930318, 0.4001375, 0.44912395, 0.44896722, 0.45000002, 0.40640628, 0.45371875, 0.45449138, 0.45567366, 0.41310132, 0.41562948, 0.45681715, 0.45759463, 0.4587427, 0.46045113, 0.42345384, 0.46250644, 0.4628078, 0.46480677, 0.46479532, 0.46685636, 0.46674964, 0.46795586, 0.4689095, 0.47005212, 0.4709126, 0.4713496, 0.47192922, 0.4726645, 0.47336832, 0.47508445, 0.4752953, 0.47635058, 0.4779595, 0.47777775, 0.477558, 0.4781905, 0.47922206, 0.47965547], "duration": [43112, 39948, 52804, 42948, 49724, 47785, 45722, 38636, 38335, 39512, 38946, 39501, 38899, 45694, 39206, 39765, 39055, 39499, 39719, 45575, 38879, 38978, 38748, 44029, 50652, 39956, 44946, 39599, 44984, 38906, 39966, 39180, 39553, 39454, 40228, 46038, 39184, 39597, 39130, 38963, 39743, 39973, 46309, 39990, 39206, 39444, 39704, 39716, 39327, 39737]}