{"avg": [0.0, 0.024354586, 0.051734697, 0.047143146, 0.049532175, 0.04938557, 0.097916335, 0.09526257, 0.11921006, 0.2099669, 0.30447978, 0.36969164, 0.36173677, 0.381236, 0.47654977, 0.511141, 0.48463425, 0.47465974, 0.5006454, 0.5542605, 0.55985457, 0.56473356, 0.5687056, 0.5726402, 0.5762144, 0.57947785, 0.5822928, 0.58457166, 0.5872783, 0.58946383, 0.591706, 0.5936114, 0.59522796, 0.5970879, 0.59852314, 0.6000338, 0.6017399, 0.60307986, 0.60441375, 0.60585314, 0.6070449, 0.6081248, 0.609256, 0.61028385, 0.6112645, 0.61215776, 0.61297137, 0.6138744, 0.61481375, 0.61559963, 0.6162834, 0.6169767, 0.6175458, 0.61822426, 0.6188164, 0.61944777, 0.6200847, 0.6206705, 0.62128896, 0.62180734, 0.62235904, 0.622915, 0.6233594, 0.6238355, 0.6243182, 0.6247644, 0.6251765, 0.6256162, 0.6260233, 0.62636274, 0.6267299, 0.62706953, 0.6274176, 0.6277902, 0.62815183], "std": [0.0, 0.108917005, 0.15520683, 0.1490825, 0.15267317, 0.15221742, 0.20383209, 0.20208533, 0.21981531, 0.2571619, 0.25966895, 0.24202985, 0.2471264, 0.2411268, 0.16852221, 0.11734285, 0.16628604, 0.1838631, 0.15834266, 0.004075426, 0.002553511, 0.0022346647, 0.0012005082, 0.0010219164, 0.0011634526, 0.0011305514, 5.9604645e-08, 1.1920929e-07, 5.9604645e-08, 1.1920929e-07, 5.9604645e-08, 5.9604645e-08, 1.7881393e-07, 5.9604645e-08, 0.0, 5.9604645e-08, 0.0, 0.0, 1.7881393e-07, 5.9604645e-08, 1.1920929e-07, 1.1920929e-07, 5.9604645e-08, 0.0, 5.9604645e-08, 5.9604645e-08, 5.9604645e-08, 1.1920929e-07, 0.0, 0.0, 0.0, 0.0, 5.9604645e-08, 5.9604645e-08, 0.0, 0.0, 0.0, 1.1920929e-07, 1.1920929e-07, 2.3841858e-07, 1.1920929e-07, 5.9604645e-08, 5.9604645e-08, 0.0, 0.0, 5.9604645e-08, 0.0, 5.9604645e-08, 0.0, 5.9604645e-08, 0.0, 0.0, 1.1920929e-07, 1.1920929e-07, 0.0], "var": [1.0, 1.0, 1.0, 1.0, 1.0, 1.0, 1.0, 1.0, 1.0, 1.0, 1.0, 0.96, 0.96, 0.96, 0.96, 0.84, 0.76, 0.6, 0.48, 0.32, 0.24, 0.12, 0.12, 0.12, 0.08, 0.04, 0.04, 0.04, 0.04, 0.04, 0.04, 0.04, 0.04, 0.04, 0.04, 0.04, 0.04, 0.04, 0.04, 0.04, 0.04, 0.04, 0.04, 0.04, 0.04, 0.04, 0.04, 0.04, 0.04, 0.04, 0.04, 0.04, 0.04, 0.04, 0.04, 0.04, 0.04, 0.04, 0.04, 0.04, 0.04, 0.04, 0.04, 0.04, 0.04, 0.04, 0.04, 0.04, 0.04, 0.04, 0.04, 0.04, 0.04, 0.04, 0.04], "best": [0.0, 0.5114463, 0.52026904, 0.521588, 0.52399147, 0.5202174, 0.52527106, 0.5260771, 0.52664125, 0.5274533, 0.52936614, 0.531727, 0.5349004, 0.5381913, 0.540943, 0.5433673, 0.54631037, 0.5496442, 0.55371755, 0.5577988, 0.5616533, 0.5659413, 0.569168, 0.57294744, 0.57657546, 0.57974434, 0.58229285, 0.58457154, 0.58727825, 0.5894637, 0.5917059, 0.59361136, 0.5952278, 0.597088, 0.59852314, 0.6000339, 0.6017399, 0.60307986, 0.60441357, 0.6058532, 0.60704476, 0.6081249, 0.6092561, 0.61028385, 0.6112646, 0.6121577, 0.6129714, 0.61387426, 0.61481375, 0.61559963, 0.6162834, 0.6169767, 0.6175457, 0.6182243, 0.6188164, 0.61944777, 0.6200847, 0.6206706, 0.62128884, 0.6218076, 0.6223589, 0.62291497, 0.6233593, 0.6238355, 0.6243182, 0.6247643, 0.6251765, 0.62561625, 0.6260233, 0.6263627, 0.6267299, 0.62706953, 0.62741774, 0.6277901, 0.62815183], "duration": [8441, 7883, 7876, 9162, 8326, 9614, 7928, 7852, 9130, 8916, 9052, 10860, 11255, 10981, 8892, 9969, 10259, 10867, 10889, 9286, 9317, 8119, 10062, 10813, 8430, 10226, 7320, 11938, 9790, 11903, 7918, 8482, 8074, 9119, 9541, 12223, 8159, 9510, 10952, 9121, 10644, 10340, 7296, 8657, 9736, 7279, 9894, 11689, 13377, 9139, 9713, 9655, 9155, 8968, 9072, 9690, 9234, 8019, 10202, 9095, 9038, 9381, 8485, 10836, 8479, 8771, 12722, 10039, 7365, 10000, 9170, 9172, 8753, 8467, 7950]}