{"avg": [0.35166666, 0.35666665, 0.36, 0.34333333, 0.345, 0.34666666, 0.34333333, 0.33833334, 0.345, 0.34, 0.33166668, 0.34, 0.33666667, 0.32666665, 0.32833335, 0.32666665, 0.32166666, 0.31833333, 0.32666665, 0.31833333, 0.31166667, 0.32, 0.31333333, 0.31666666, 0.31666666], "std": [0.22748008, 0.2261023, 0.22449952, 0.23192437, 0.22852796, 0.22506788, 0.22647054, 0.22571492, 0.2173132, 0.22037847, 0.22078776, 0.21656407, 0.22171056, 0.21592191, 0.22571486, 0.22536401, 0.2223672, 0.22341426, 0.21784307, 0.21965261, 0.22348878, 0.2256841, 0.22580722, 0.23033807, 0.2266913], "var": [0.9866667, 0.98, 0.98, 0.98, 0.98, 0.97333336, 0.96666664, 0.96, 0.9533333, 0.94, 0.94, 0.93333334, 0.9266667, 0.92, 0.91333336, 0.9066667, 0.9, 0.8933333, 0.88666666, 0.88, 0.87333333, 0.88, 0.87333333, 0.86, 0.85333335], "best": [0.75, 0.75, 0.75, 0.75, 0.75, 0.75, 0.75, 0.75, 0.75, 0.75, 0.75, 0.75, 0.75, 0.75, 0.75, 0.75, 0.75, 0.75, 0.75, 0.75, 0.75, 0.75, 0.75, 0.75, 0.75], "duration": [35835, 35467, 35359, 35087, 34936, 34972, 35113, 34714, 34875, 34671, 34330, 34716, 34388, 34412, 34668, 34964, 34505, 34520, 34548, 34546, 34762, 34398, 34670, 35167, 34305]}