{"avg": [0.25659862, 0.2830023, 0.29008952, 0.28408995, 0.2863707, 0.2893567, 0.3006369, 0.31383604, 0.3062594, 0.3165299, 0.29947838, 0.28993338, 0.3141764, 0.3261925, 0.30173203, 0.28900653, 0.28415388, 0.30189884, 0.32478464, 0.31836972, 0.3276098, 0.31557405, 0.32127902, 0.32709855, 0.33610818, 0.35768983, 0.36119175, 0.32964852, 0.32938766, 0.3323516, 0.3520915, 0.3438385, 0.34485137, 0.34098735, 0.36885017, 0.3531355, 0.3797111, 0.34201992, 0.371892, 0.3303967, 0.32646132, 0.3738631, 0.3792935, 0.41663462, 0.3730491, 0.39947894, 0.40067023, 0.38861454, 0.42552203, 0.39530838], "std": [0.08566395, 0.074383736, 0.049237598, 0.042765483, 0.06938525, 0.07740821, 0.047643747, 0.04509022, 0.07680715, 0.067198716, 0.06118862, 0.05232538, 0.06364853, 0.052542984, 0.06895464, 0.068378836, 0.04857173, 0.041348424, 0.046151884, 0.07497056, 0.04855733, 0.07615487, 0.07296634, 0.06073771, 0.04801591, 0.05217277, 0.06428726, 0.03616226, 0.06517446, 0.05023726, 0.065295264, 0.071399055, 0.064703085, 0.030562451, 0.072524145, 0.077262074, 0.085154906, 0.060887992, 0.0763447, 0.068869844, 0.09464867, 0.07791854, 0.078689456, 0.07351416, 0.08217607, 0.065600224, 0.069965675, 0.08486847, 0.08353412, 0.07709836], "var": [0.98, 0.98, 0.98, 0.96, 0.94, 0.94, 0.92, 0.9, 0.86, 0.86, 0.88, 0.86, 0.84, 0.82, 0.82, 0.8, 0.78, 0.8, 0.78, 0.74, 0.74, 0.72, 0.7, 0.7, 0.66, 0.66, 0.64, 0.62, 0.62, 0.66, 0.64, 0.62, 0.62, 0.64, 0.66, 0.66, 0.66, 0.66, 0.66, 0.62, 0.62, 0.58, 0.58, 0.58, 0.54, 0.54, 0.58, 0.58, 0.6, 0.56], "best": [0.42857143, 0.45333335, 0.35891157, 0.3536443, 0.44716552, 0.44808364, 0.37480932, 0.3609132, 0.44656086, 0.44793233, 0.3589869, 0.35891157, 0.44693878, 0.44757414, 0.37943074, 0.39611912, 0.3578493, 0.36138776, 0.44650245, 0.4469718, 0.44750112, 0.4480135, 0.44850686, 0.50465924, 0.44968623, 0.50509953, 0.5058295, 0.4071901, 0.45163354, 0.4097712, 0.5071557, 0.5079974, 0.50891304, 0.38059863, 0.50893193, 0.50984246, 0.5162763, 0.51152277, 0.51329416, 0.5128943, 0.51467264, 0.51989245, 0.5208016, 0.521923, 0.5231293, 0.51988864, 0.5246697, 0.52551574, 0.5264172, 0.5277625], "duration": [43082, 39976, 52940, 42996, 49971, 47912, 45591, 38751, 45012, 39943, 37486, 38301, 45974, 39867, 44892, 38594, 38237, 45715, 45645, 39661, 45849, 39474, 39149, 39369, 39509, 39364, 39778, 39299, 38710, 39022, 39435, 38863, 39663, 39305, 39948, 39208, 39974, 39509, 39793, 40045, 38613, 38946, 40244, 40317, 39606, 40217, 39976, 46679, 40279, 40095]}