{"avg": [0.19523811, 0.22700281, 0.2294271, 0.23250425, 0.22288385, 0.21848397, 0.22429848, 0.27439985, 0.21651247, 0.2523553, 0.23808612, 0.26825017, 0.2653455, 0.22712004, 0.2595181, 0.30731097, 0.2966736, 0.31805614, 0.29166913, 0.33525002, 0.24150182, 0.31673986, 0.33634284, 0.3169633, 0.29513714, 0.32626355, 0.26396033, 0.3007182, 0.26833174, 0.30186185, 0.3365404, 0.33788386, 0.31146657, 0.34484437, 0.3018229, 0.34643453, 0.3920618, 0.36324286, 0.3579064, 0.33982292, 0.36237544, 0.36662975, 0.3957696, 0.35633144, 0.41607955, 0.38688728, 0.39288753, 0.4334664, 0.39590833, 0.37843087], "std": [0.109782316, 0.112914585, 0.12128663, 0.106884986, 0.08319762, 0.08393942, 0.10035505, 0.12156156, 0.097965, 0.07793473, 0.12313379, 0.076250434, 0.12841499, 0.10754954, 0.11964059, 0.10196695, 0.08550307, 0.13263057, 0.12358463, 0.0962117, 0.13176997, 0.10952718, 0.089177795, 0.1316226, 0.099121146, 0.093026586, 0.10022384, 0.107989594, 0.105114356, 0.10899683, 0.1297548, 0.09623585, 0.09467373, 0.08294155, 0.086777955, 0.085486606, 0.09182082, 0.11575299, 0.10648854, 0.08362932, 0.10977799, 0.113301545, 0.07399079, 0.121853426, 0.073958024, 0.094679855, 0.13543366, 0.09169962, 0.10476673, 0.12233812], "var": [0.98, 0.96, 0.96, 0.94, 0.92, 0.92, 0.9, 0.9, 0.88, 0.86, 0.86, 0.84, 0.8, 0.78, 0.74, 0.74, 0.74, 0.78, 0.8, 0.82, 0.78, 0.8, 0.78, 0.8, 0.76, 0.76, 0.76, 0.76, 0.76, 0.76, 0.74, 0.74, 0.7, 0.68, 0.64, 0.62, 0.64, 0.64, 0.66, 0.66, 0.66, 0.66, 0.64, 0.64, 0.62, 0.6, 0.6, 0.6, 0.56, 0.54], "best": [0.45238099, 0.48126987, 0.48154762, 0.3947421, 0.47980034, 0.37483832, 0.39863947, 0.4760652, 0.345718, 0.3909328, 0.40092266, 0.38773742, 0.49253133, 0.38832867, 0.47394958, 0.47310928, 0.49327123, 0.49475837, 0.47711596, 0.49452856, 0.4962649, 0.49641788, 0.47914287, 0.49716246, 0.48010027, 0.48017275, 0.40665862, 0.48767343, 0.40613472, 0.4995756, 0.49993977, 0.50117826, 0.4080688, 0.49133703, 0.4807392, 0.50323504, 0.50448525, 0.50619537, 0.5071746, 0.48045686, 0.5057672, 0.5098944, 0.5105401, 0.5075994, 0.5118086, 0.5099665, 0.51421696, 0.51520795, 0.51727605, 0.5185062], "duration": [7981, 3491, 3031, 2920, 8407, 7912, 3084, 3015, 4205, 2997, 3083, 3001, 2925, 7939, 13715, 3102, 7861, 3462, 8511, 3669, 3065, 2960, 7972, 3011, 8450, 7861, 2972, 3045, 8390, 7919, 3083, 7990, 7960, 7916, 7933, 7891, 7901, 3125, 7887, 3017, 8451, 7917, 22491, 7905, 18197, 3645, 4073, 7951, 3039, 17629]}