{"avg": [0.2663248, 0.29335615, 0.30174989, 0.29936084, 0.29996577, 0.302989, 0.31544328, 0.3279431, 0.31964582, 0.3352215, 0.3148098, 0.299083, 0.3273172, 0.34173998, 0.311769, 0.3063735, 0.31035045, 0.32390895, 0.30971807, 0.33189014, 0.34573433, 0.30699337, 0.33933446, 0.34998026, 0.32183233, 0.379386, 0.31146646, 0.2942609, 0.3342726, 0.3224846, 0.35024452, 0.34618512, 0.33130938, 0.33906853, 0.33308348, 0.36920187, 0.36087242, 0.35169676, 0.36640728, 0.3813899, 0.36398244, 0.38991025, 0.36803, 0.39193904, 0.37134528, 0.3940282, 0.37724832, 0.38685364, 0.37419116, 0.39959133], "std": [0.08762015, 0.07833926, 0.051124755, 0.04467767, 0.072676405, 0.076609924, 0.053012546, 0.05018132, 0.07895295, 0.06658981, 0.064347446, 0.048112538, 0.06661899, 0.0563688, 0.071847506, 0.071983784, 0.07245148, 0.059462354, 0.060502168, 0.06418213, 0.047811892, 0.07037954, 0.06511441, 0.05766909, 0.07810342, 0.065920494, 0.06778403, 0.0692208, 0.041465107, 0.05240979, 0.06391957, 0.067915395, 0.061774723, 0.056012258, 0.08127678, 0.04372214, 0.058594827, 0.06841452, 0.070554055, 0.08968735, 0.06308187, 0.06986041, 0.06224601, 0.08508387, 0.08922056, 0.08254876, 0.06527205, 0.08379501, 0.076383166, 0.08191097], "var": [0.98, 0.98, 0.98, 0.96, 0.94, 0.94, 0.92, 0.92, 0.88, 0.88, 0.88, 0.86, 0.84, 0.82, 0.82, 0.8, 0.8, 0.8, 0.82, 0.8, 0.8, 0.78, 0.78, 0.76, 0.74, 0.72, 0.74, 0.76, 0.74, 0.74, 0.74, 0.7, 0.7, 0.72, 0.72, 0.7, 0.68, 0.68, 0.68, 0.68, 0.66, 0.7, 0.68, 0.68, 0.66, 0.66, 0.66, 0.66, 0.64, 0.66], "best": [0.44358978, 0.47247866, 0.37239313, 0.366248, 0.4652829, 0.466354, 0.40960893, 0.41234246, 0.46482432, 0.46639678, 0.37196478, 0.36702278, 0.46535847, 0.46607402, 0.39834687, 0.41488025, 0.46538463, 0.4667413, 0.37249824, 0.41455233, 0.46682847, 0.41685203, 0.4670572, 0.5234633, 0.4681742, 0.524556, 0.39736745, 0.42260745, 0.3785548, 0.42278585, 0.52541333, 0.5259878, 0.42472386, 0.42544416, 0.5265021, 0.42668703, 0.4706073, 0.5278062, 0.52839226, 0.52899504, 0.47313762, 0.530718, 0.53132147, 0.531649, 0.53296596, 0.53384185, 0.47614685, 0.5347853, 0.47731578, 0.5361401], "duration": [43038, 39939, 52956, 42896, 49757, 47804, 45755, 38681, 44892, 39902, 37314, 38225, 45949, 39734, 44852, 38614, 38688, 39893, 39157, 39173, 46190, 38974, 39098, 39736, 38966, 39399, 38703, 37858, 52393, 38324, 39541, 39301, 39373, 52054, 38869, 38704, 39602, 45682, 46459, 40021, 39890, 38952, 45381, 39413, 39140, 38922, 52947, 46542, 46170, 40084]}