{"avg": [0.16592261, 0.1849603, 0.21341893, 0.21650441, 0.23391975, 0.2301244, 0.23505212, 0.21956846, 0.23500046, 0.2329522, 0.22641706, 0.2397777, 0.20421076, 0.26348203, 0.26178715, 0.27084377, 0.233784, 0.22509235, 0.20674478, 0.28228128, 0.2568099, 0.28049117, 0.23395984, 0.25087467, 0.24042995, 0.28553042, 0.3254329, 0.28420016, 0.25597492, 0.28187177, 0.25162604, 0.25119177, 0.2325245, 0.27540264, 0.26510024, 0.25955984, 0.27553192, 0.2792196, 0.31076792, 0.27300635, 0.28816605, 0.3206721, 0.25823027, 0.2762414, 0.288512, 0.28218246, 0.28112826, 0.27438867, 0.3092767, 0.24708061], "std": [0.11553361, 0.14192419, 0.11277943, 0.102478944, 0.10614635, 0.094627135, 0.10597017, 0.09518712, 0.12443693, 0.09983117, 0.12274912, 0.098668694, 0.07616716, 0.09893333, 0.10470829, 0.106132515, 0.12329638, 0.1061086, 0.07376788, 0.101950735, 0.11225835, 0.08408481, 0.12624711, 0.10638546, 0.10178087, 0.10294127, 0.055582657, 0.11766817, 0.12253081, 0.11137297, 0.11417741, 0.12879437, 0.14512841, 0.113976695, 0.11120613, 0.11954938, 0.12946954, 0.120892495, 0.09741489, 0.12287334, 0.14012237, 0.08644897, 0.12878446, 0.13153762, 0.14119533, 0.13649039, 0.14426103, 0.12531307, 0.11765313, 0.15665284], "var": [1.0, 1.0, 1.0, 1.0, 1.0, 0.98, 0.96, 0.96, 0.96, 0.98, 0.96, 0.94, 0.92, 0.9, 0.9, 0.88, 0.86, 0.86, 0.84, 0.84, 0.82, 0.82, 0.8, 0.82, 0.82, 0.82, 0.82, 0.82, 0.82, 0.82, 0.8, 0.78, 0.78, 0.76, 0.78, 0.74, 0.76, 0.74, 0.74, 0.76, 0.74, 0.74, 0.7, 0.7, 0.72, 0.72, 0.7, 0.68, 0.64, 0.64], "best": [0.3452381, 0.38720238, 0.3970814, 0.37857142, 0.37079367, 0.3657509, 0.395846, 0.3702381, 0.365937, 0.39631882, 0.36781874, 0.36921468, 0.36446205, 0.3686212, 0.3710948, 0.37170008, 0.39578232, 0.3728243, 0.37411895, 0.3743621, 0.3758658, 0.37659845, 0.37778246, 0.3956003, 0.3780338, 0.39625156, 0.3790628, 0.3814083, 0.3964014, 0.39680788, 0.3823544, 0.3971686, 0.39788678, 0.38400832, 0.38489974, 0.3856403, 0.39806154, 0.38604268, 0.39809206, 0.3872718, 0.38840663, 0.38835403, 0.39794886, 0.3983351, 0.3987527, 0.39272282, 0.5135349, 0.39919564, 0.5145194, 0.3996104], "duration": [5812, 6875, 6420, 5320, 7463, 7617, 5861, 5934, 6502, 5919, 4698, 6388, 6490, 6404, 6526, 6499, 5384, 6558, 5886, 6557, 6559, 6546, 6404, 7536, 6505, 6443, 7597, 6052, 6461, 5941, 6465, 6528, 7561, 7675, 6561, 6905, 6530, 6968, 6558, 6512, 6546, 6501, 7699, 6572, 5985, 6636, 8067, 6518, 6539, 6537]}