{"avg": [0.4613095, 0.49188492, 0.4886877, 0.4731429, 0.49637562, 0.48399252, 0.49135607, 0.505208, 0.46711555, 0.4824818, 0.47089782, 0.48988965, 0.5142586, 0.4906609, 0.51075816, 0.51741236, 0.5073607, 0.52833277, 0.51038766, 0.52244335, 0.5271562, 0.5519805, 0.5141657, 0.5133557, 0.5188934, 0.5420332, 0.52842534, 0.5344948, 0.53620505, 0.50226, 0.5157095, 0.5212176, 0.5322854, 0.53166, 0.52985924, 0.5254541, 0.54377973, 0.5533301, 0.5174761, 0.5610621, 0.55896276, 0.5375586, 0.54604787, 0.5477179, 0.55536646, 0.5519132, 0.54550546, 0.5466014, 0.55221134, 0.54656124], "std": [0.07086832, 0.06981597, 0.071288496, 0.072943926, 0.07047696, 0.07393254, 0.070946746, 0.06584228, 0.07605018, 0.07613126, 0.071765944, 0.07183569, 0.056161184, 0.07295175, 0.064544626, 0.059983283, 0.067908384, 0.051141426, 0.06457608, 0.057690512, 0.05210136, 0.00810992, 0.06756392, 0.06778796, 0.06634598, 0.038530104, 0.056913104, 0.05939588, 0.05609365, 0.07631775, 0.06992173, 0.066191494, 0.06272659, 0.063975655, 0.06600959, 0.069466434, 0.05403028, 0.056860395, 0.07542299, 0.04029528, 0.05872033, 0.07280619, 0.06379665, 0.07556499, 0.06480832, 0.0681607, 0.076500244, 0.07973714, 0.07185584, 0.085081205], "var": [1.0, 1.0, 1.0, 1.0, 0.98, 0.96, 0.94, 0.92, 0.9, 0.88, 0.86, 0.84, 0.82, 0.82, 0.8, 0.8, 0.8, 0.8, 0.78, 0.74, 0.74, 0.72, 0.72, 0.72, 0.68, 0.66, 0.62, 0.62, 0.62, 0.62, 0.62, 0.58, 0.56, 0.54, 0.52, 0.48, 0.5, 0.5, 0.5, 0.48, 0.46, 0.48, 0.46, 0.44, 0.4, 0.4, 0.4, 0.4, 0.4, 0.4], "best": [0.5238095, 0.5550595, 0.5592934, 0.55269843, 0.5565873, 0.5606984, 0.5546066, 0.55928355, 0.5600074, 0.56040627, 0.55671823, 0.5585074, 0.5594601, 0.5587849, 0.5603392, 0.56102216, 0.56227106, 0.5627408, 0.5649647, 0.56613034, 0.56316435, 0.56627107, 0.56734693, 0.5676058, 0.568579, 0.57028955, 0.57156825, 0.57199275, 0.5735037, 0.5746984, 0.5748871, 0.5758624, 0.5769953, 0.57832545, 0.57961756, 0.5807156, 0.5818452, 0.58370537, 0.5874919, 0.5882284, 0.59122044, 0.5942605, 0.5957099, 0.5972022, 0.60049546, 0.60220194, 0.60395724, 0.60544217, 0.6075201, 0.60920715], "duration": [2011, 1963, 1631, 1688, 1651, 1639, 1673, 1972, 1614, 1719, 1625, 1697, 1970, 1658, 1718, 1714, 1665, 1977, 1700, 1945, 1693, 1946, 1678, 1684, 1659, 1652, 1705, 1711, 1667, 1680, 1654, 1687, 1933, 1626, 1633, 1974, 1670, 1652, 1654, 1916, 1647, 1990, 1915, 1966, 1660, 1968, 1715, 1786, 1661, 2232]}