{"avg": [0.2574815, 0.2865185, 0.2911696, 0.28971496, 0.28602064, 0.28534195, 0.3027397, 0.31627893, 0.30881628, 0.32105786, 0.30158636, 0.29113427, 0.3135672, 0.32990238, 0.29871345, 0.28720286, 0.29022506, 0.3045035, 0.3010689, 0.29966304, 0.32118148, 0.31216463, 0.310859, 0.31517637, 0.32650623, 0.33100694, 0.3272025, 0.31467643, 0.33593282, 0.3225595, 0.36216277, 0.32390186, 0.33770004, 0.34710947, 0.3134688, 0.32865706, 0.37239733, 0.33563954, 0.32160002, 0.33622292, 0.35800856, 0.35370606, 0.3456283, 0.3707232, 0.3796922, 0.35094747, 0.38791224, 0.34808442, 0.3666338, 0.35615635], "std": [0.083357, 0.07241157, 0.04837109, 0.042736065, 0.0703401, 0.07389484, 0.049916953, 0.04871746, 0.07567559, 0.068382315, 0.059696704, 0.045498263, 0.06532461, 0.053849038, 0.067436755, 0.073139325, 0.07528345, 0.06638519, 0.05880546, 0.07403401, 0.05055745, 0.073021635, 0.06349429, 0.04312378, 0.059931032, 0.049004074, 0.05700979, 0.063869156, 0.03934449, 0.045212086, 0.04485229, 0.06006495, 0.04387052, 0.07031879, 0.048678294, 0.036934875, 0.038712554, 0.05349322, 0.052231975, 0.076912425, 0.05778145, 0.040817477, 0.056869872, 0.05635131, 0.056593552, 0.0973011, 0.06825174, 0.074533924, 0.070697494, 0.09647032], "var": [0.98, 0.98, 0.98, 0.96, 0.94, 0.94, 0.92, 0.92, 0.88, 0.88, 0.88, 0.86, 0.84, 0.82, 0.82, 0.8, 0.8, 0.8, 0.8, 0.78, 0.78, 0.74, 0.74, 0.74, 0.74, 0.72, 0.7, 0.7, 0.72, 0.72, 0.7, 0.72, 0.72, 0.74, 0.72, 0.74, 0.76, 0.74, 0.74, 0.7, 0.66, 0.66, 0.66, 0.66, 0.66, 0.68, 0.68, 0.68, 0.66, 0.64], "best": [0.42666665, 0.45555556, 0.35888886, 0.35274374, 0.44835976, 0.4494309, 0.3954209, 0.39815447, 0.44790122, 0.44947365, 0.35627842, 0.35351852, 0.44843534, 0.44915092, 0.38552633, 0.40069222, 0.44833335, 0.44957575, 0.3583102, 0.4003643, 0.44980022, 0.40236282, 0.40603176, 0.40761736, 0.40775752, 0.45000002, 0.410812, 0.41895887, 0.41257593, 0.4138488, 0.421373, 0.41657066, 0.41788363, 0.44993588, 0.42066094, 0.3848704, 0.45062682, 0.4281583, 0.3621111, 0.42872632, 0.45096672, 0.43153295, 0.42845523, 0.43124592, 0.45146164, 0.5077261, 0.5084371, 0.5090731, 0.43946517, 0.45344615], "duration": [43034, 39782, 52777, 42813, 49745, 43305, 45614, 38495, 44719, 39742, 37359, 38076, 45747, 39647, 44776, 38591, 39053, 40244, 38977, 38504, 45901, 45792, 39076, 38134, 39547, 39097, 39000, 38461, 38740, 39468, 38935, 39270, 45768, 52242, 39511, 39851, 39178, 38800, 39354, 38453, 39841, 39144, 39138, 39845, 46115, 39675, 46293, 39275, 38944, 39169]}