{"avg": [0.25776398, 0.31010836, 0.32707784, 0.38903144, 0.39084893, 0.40424356, 0.4250547, 0.4369346, 0.4493008, 0.45929, 0.48157036, 0.48161268, 0.4933667, 0.5166377, 0.5493398, 0.5582175, 0.5903868, 0.6073569, 0.6309914, 0.65420926, 0.6464586, 0.6613514, 0.6593448, 0.6679974, 0.6721882, 0.669224, 0.676566, 0.68011636, 0.6762171, 0.67970866, 0.6808654, 0.6836595, 0.68462926, 0.6923053, 0.6773582, 0.68442965, 0.69187826, 0.6984377, 0.6940203, 0.7007859, 0.70172113, 0.69115, 0.70380235, 0.68349636, 0.69933146, 0.7065535, 0.7073777, 0.7017226, 0.70885366, 0.68247354, 0.69358563, 0.71098745, 0.7114821, 0.7056651, 0.7062132, 0.6948201, 0.70206517, 0.7031419, 0.7148265, 0.7017542, 0.70217645, 0.69949466, 0.71135473, 0.7171695, 0.7176235, 0.7180431, 0.71234626, 0.7188445, 0.7191916, 0.71951205, 0.7198932, 0.7201965, 0.71502376, 0.72093886, 0.72129416], "std": [0.1392535, 0.13028996, 0.14085868, 0.08833855, 0.092153095, 0.062404476, 0.067939624, 0.06601257, 0.049410164, 0.051535096, 0.058937334, 0.05464213, 0.10104188, 0.08327772, 0.08220718, 0.10038097, 0.09599705, 0.11408543, 0.051743563, 0.0045014955, 0.035887416, 0.0040250686, 0.025753232, 0.004398853, 0.0029017292, 0.026044311, 0.004268351, 0.0012051307, 0.027342476, 0.023995003, 0.026687136, 0.024468517, 0.026687132, 1.1920929e-07, 0.04202134, 0.035201594, 0.024468528, 0.0, 0.025505995, 5.9604645e-08, 0.0, 0.035944104, 1.7881393e-07, 0.046412412, 0.027342476, 1.1920929e-07, 1.7881393e-07, 0.02734249, 5.9604645e-08, 0.0509069, 0.04202134, 1.1920929e-07, 5.9604645e-08, 0.02734249, 0.027342487, 0.043723032, 0.035944104, 0.035201605, 0.0, 0.038481984, 0.038482007, 0.04202134, 0.024971163, 1.1920929e-07, 1.7881393e-07, 1.7881393e-07, 0.026687134, 5.9604645e-08, 5.9604645e-08, 5.9604645e-08, 1.1920929e-07, 1.1920929e-07, 0.025505992, 2.3841858e-07, 2.3841858e-07], "var": [1.0, 1.0, 1.0, 1.0, 1.0, 1.0, 1.0, 1.0, 0.96, 0.88, 0.84, 0.88, 0.8, 0.84, 0.8, 0.72, 0.68, 0.52, 0.56, 0.56, 0.48, 0.44, 0.32, 0.24, 0.2, 0.16, 0.08, 0.04, 0.04, 0.04, 0.04, 0.04, 0.04, 0.04, 0.04, 0.04, 0.04, 0.04, 0.04, 0.04, 0.04, 0.04, 0.04, 0.04, 0.04, 0.04, 0.04, 0.04, 0.04, 0.04, 0.04, 0.04, 0.04, 0.04, 0.04, 0.04, 0.04, 0.04, 0.04, 0.04, 0.04, 0.04, 0.04, 0.04, 0.04, 0.04, 0.04, 0.04, 0.04, 0.04, 0.04, 0.04, 0.04, 0.04, 0.04], "best": [0.6020408, 0.6113576, 0.61326534, 0.61368924, 0.6176711, 0.4917212, 0.61967474, 0.62064105, 0.62209094, 0.63075954, 0.6328926, 0.6355971, 0.6375575, 0.64051425, 0.6455254, 0.6478365, 0.6498008, 0.6522789, 0.65549946, 0.6587909, 0.6618305, 0.6647878, 0.66789675, 0.67058283, 0.673244, 0.67564213, 0.6781703, 0.68038595, 0.6826617, 0.6846066, 0.6869878, 0.6887614, 0.69075155, 0.6923052, 0.6940559, 0.6955613, 0.6969801, 0.6984377, 0.69958633, 0.70078593, 0.70172113, 0.7028117, 0.7038025, 0.70479167, 0.70577615, 0.70655364, 0.70737785, 0.7081674, 0.7088536, 0.70968455, 0.71028316, 0.71098757, 0.71148217, 0.71210986, 0.71265775, 0.71318763, 0.71372694, 0.7142738, 0.7148265, 0.71535957, 0.71578187, 0.7161923, 0.7166785, 0.7171694, 0.7176233, 0.7180429, 0.71846884, 0.71884453, 0.7191917, 0.7195121, 0.7198931, 0.72019637, 0.7205896, 0.7209391, 0.7212939], "duration": [21277, 8778, 9207, 7299, 8121, 8605, 10199, 9547, 11197, 9935, 9288, 7705, 8700, 9478, 9206, 11237, 10026, 9634, 7328, 6683, 7216, 10956, 7017, 7782, 8387, 8981, 7714, 9922, 7367, 8722, 7719, 8461, 7145, 8803, 7739, 8803, 8305, 6701, 9572, 8392, 7273, 7967, 9362, 7346, 6812, 8289, 7985, 6786, 10900, 7054, 11256, 7800, 9957, 7907, 7194, 6730, 9061, 8074, 8296, 7720, 9530, 7180, 12057, 7229, 6562, 8084, 6746, 6797, 7815, 9781, 7071, 11873, 6838, 9972, 8599]}