{"avg": [0.11904762, 0.22791667, 0.35104236, 0.16455731, 0.2946402, 0.29077873, 0.34883693, 0.2623545, 0.2785549, 0.31847996, 0.26487994, 0.3856509, 0.31951377, 0.39973727, 0.39276043, 0.37620714, 0.30192396, 0.3523865, 0.41660982, 0.33536705, 0.37151518, 0.22239423, 0.4196136, 0.4775184, 0.36517924, 0.4142865, 0.41795483, 0.40513024, 0.40180367, 0.37908787, 0.37816212, 0.4686238, 0.5174533, 0.4460924, 0.34959838, 0.3874425, 0.46474022, 0.3375472, 0.38597092, 0.37435842, 0.40386045, 0.36116987, 0.44357276, 0.43443522, 0.43433234, 0.4558196, 0.3348829, 0.43793312, 0.39376417, 0.4765385], "std": [0.20619652, 0.24369997, 0.22209595, 0.23273909, 0.24060562, 0.24330533, 0.22521885, 0.24738465, 0.24569786, 0.23740943, 0.24778847, 0.20618668, 0.23820989, 0.19996165, 0.20517951, 0.21731278, 0.24657668, 0.23501886, 0.19307551, 0.23737153, 0.22424112, 0.25232688, 0.19454086, 0.116547324, 0.23592262, 0.19935213, 0.209273, 0.21209793, 0.2103357, 0.22896445, 0.22853959, 0.16620435, 0.019106744, 0.17594856, 0.24768086, 0.23420581, 0.17640306, 0.2618013, 0.23375306, 0.24247485, 0.23373437, 0.25579265, 0.21383527, 0.21832645, 0.23229647, 0.19589488, 0.2736592, 0.2295174, 0.2548434, 0.18213186], "var": [1.0, 1.0, 1.0, 1.0, 0.98, 0.96, 0.94, 0.92, 0.92, 0.9, 0.88, 0.86, 0.86, 0.82, 0.82, 0.8, 0.78, 0.78, 0.78, 0.78, 0.74, 0.74, 0.74, 0.74, 0.7, 0.7, 0.68, 0.68, 0.66, 0.66, 0.68, 0.66, 0.64, 0.64, 0.6, 0.58, 0.54, 0.56, 0.6, 0.56, 0.52, 0.5, 0.46, 0.42, 0.4, 0.4, 0.4, 0.38, 0.34, 0.32], "best": [0.47619048, 0.5032738, 0.506298, 0.50285715, 0.5000794, 0.50196826, 0.5048137, 0.50524247, 0.5060847, 0.50177735, 0.5026862, 0.50484544, 0.5068783, 0.5075534, 0.50921804, 0.5106732, 0.5140937, 0.5162412, 0.52015185, 0.52328944, 0.52380955, 0.5251069, 0.52515805, 0.5278759, 0.5293099, 0.5323712, 0.53261966, 0.53566915, 0.5371997, 0.5375238, 0.53812593, 0.53910714, 0.54319185, 0.54454654, 0.5450036, 0.5461107, 0.54751664, 0.5502323, 0.5524617, 0.55338055, 0.5545935, 0.5567025, 0.5582732, 0.56109333, 0.5630813, 0.5668363, 0.56770563, 0.5691585, 0.571307, 0.5732996], "duration": [4034, 5758, 4794, 3692, 4951, 4788, 4850, 4711, 5022, 4829, 5644, 4745, 4845, 4841, 4980, 4943, 4795, 4849, 4939, 5991, 4901, 4250, 4782, 5830, 4961, 4853, 5717, 4936, 4865, 4897, 4855, 4911, 4956, 4867, 4893, 4810, 4989, 4817, 4843, 4810, 4863, 4871, 5648, 4908, 4967, 4913, 4300, 4912, 4817, 4957]}