{"avg": [0.23296294, 0.25355557, 0.2718129, 0.25768545, 0.27820945, 0.2978718, 0.27390572, 0.2769211, 0.28159374, 0.27378526, 0.25605938, 0.2802469, 0.2905918, 0.26902413, 0.27642265, 0.27865016, 0.29357445, 0.30550215, 0.29446247, 0.28931388, 0.29040116, 0.296697, 0.31562012, 0.2788295, 0.31681427, 0.30582026, 0.29415056, 0.3029641, 0.32330877, 0.31385204, 0.30731905, 0.29057407, 0.30769888, 0.30583802, 0.3274395, 0.32435483, 0.33980364, 0.3396055, 0.3313375, 0.34287873, 0.3382864, 0.3344876, 0.3800539, 0.3553537, 0.35590786, 0.36823416, 0.32818535, 0.34212407, 0.35534078, 0.36969286], "std": [0.093809776, 0.080104046, 0.051291585, 0.038958915, 0.057603013, 0.060330432, 0.055687968, 0.057886824, 0.080664665, 0.04296361, 0.081279226, 0.07511456, 0.07119612, 0.07562978, 0.08489532, 0.06435855, 0.07749195, 0.051642735, 0.06001165, 0.058369298, 0.055074807, 0.06211232, 0.0461158, 0.106533095, 0.048081256, 0.08028212, 0.0914629, 0.07814333, 0.06341647, 0.060348857, 0.057965096, 0.09202065, 0.08321907, 0.072585955, 0.07335292, 0.061251678, 0.06157563, 0.07674032, 0.06288663, 0.05986336, 0.06433028, 0.07803424, 0.02871969, 0.052819364, 0.07002146, 0.07175663, 0.087388106, 0.067814246, 0.079531446, 0.07110433], "var": [0.98, 0.98, 0.98, 0.96, 0.94, 0.94, 0.92, 0.92, 0.92, 0.9, 0.88, 0.84, 0.84, 0.82, 0.82, 0.82, 0.82, 0.8, 0.78, 0.78, 0.78, 0.78, 0.76, 0.78, 0.78, 0.76, 0.78, 0.74, 0.74, 0.72, 0.7, 0.7, 0.66, 0.62, 0.62, 0.62, 0.64, 0.62, 0.62, 0.62, 0.58, 0.6, 0.58, 0.56, 0.6, 0.64, 0.62, 0.6, 0.58, 0.58], "best": [0.42222223, 0.4511111, 0.3544444, 0.30941042, 0.40502644, 0.44579947, 0.35925925, 0.3928019, 0.44581196, 0.34217688, 0.3587992, 0.39286616, 0.44438717, 0.39646468, 0.39696297, 0.44715333, 0.3981912, 0.39945054, 0.4127451, 0.3996539, 0.36769867, 0.4144841, 0.36921623, 0.4177507, 0.4186684, 0.39897224, 0.40003994, 0.42250383, 0.4492871, 0.37987152, 0.38112032, 0.42610443, 0.40193096, 0.40247962, 0.42757463, 0.38507995, 0.40457854, 0.43221477, 0.45283222, 0.45321262, 0.40748262, 0.45459154, 0.41661713, 0.41127262, 0.4166037, 0.4429532, 0.4197699, 0.46019635, 0.46031746, 0.44713306], "duration": [43113, 40151, 52854, 43362, 50244, 44415, 39341, 39040, 51939, 38974, 46442, 39594, 44752, 45095, 45310, 38712, 38942, 38842, 39287, 51123, 39951, 39473, 50442, 39311, 45854, 39392, 39491, 45457, 38840, 45696, 46013, 38515, 39433, 39731, 39130, 45058, 39790, 39300, 39567, 39296, 38441, 46084, 39798, 45705, 39001, 40025, 38220, 39423, 39873, 53544]}