{"avg": [0.0, 0.0, 0.0, 0.027855726, 0.0, 0.0, 0.0, 0.0, 0.0, 0.0, 0.0, 0.0, 0.0, 0.02425023, 0.0, 0.0, 0.0, 0.0, 0.0, 0.0, 0.023267569, 0.0, 0.0, 0.0, 0.0, 0.0, 0.0, 0.0, 0.0, 0.023058424, 0.022952072, 0.0, 0.051947497, 0.026028188, 0.0, 0.0, 0.07362587, 0.026021712, 0.0, 0.0, 0.021734701, 0.049077697, 0.0, 0.0, 0.04364486, 0.02442512, 0.02608997, 0.0, 0.06037789, 0.0], "std": [0.0, 0.0, 0.0, 0.100435264, 0.0, 0.0, 0.0, 0.0, 0.0, 0.0, 0.0, 0.0, 0.0, 0.09392074, 0.0, 0.0, 0.0, 0.0, 0.0, 0.0, 0.09307026, 0.0, 0.0, 0.0, 0.0, 0.0, 0.0, 0.0, 0.0, 0.09223369, 0.0918083, 0.0, 0.13244066, 0.097388566, 0.0, 0.0, 0.15326747, 0.097364314, 0.0, 0.0, 0.089614466, 0.12984772, 0.0, 0.0, 0.1234463, 0.09459807, 0.09761973, 0.0, 0.14159887, 0.0], "var": [1.0, 1.0, 1.0, 1.0, 1.0, 1.0, 1.0, 1.0, 1.0, 1.0, 1.0, 1.0, 1.0, 1.0, 1.0, 1.0, 1.0, 1.0, 1.0, 1.0, 1.0, 1.0, 1.0, 1.0, 1.0, 1.0, 1.0, 1.0, 1.0, 1.0, 1.0, 1.0, 1.0, 1.0, 1.0, 1.0, 1.0, 1.0, 1.0, 1.0, 1.0, 1.0, 1.0, 1.0, 1.0, 1.0, 1.0, 1.0, 1.0, 1.0], "best": [0.0, 0.0, 0.0, 0.38998017, 0.0, 0.0, 0.0, 0.0, 0.0, 0.0, 0.0, 0.0, 0.0, 0.38800368, 0.0, 0.0, 0.0, 0.0, 0.0, 0.0, 0.39554867, 0.0, 0.0, 0.0, 0.0, 0.0, 0.0, 0.0, 0.0, 0.3919932, 0.39018524, 0.0, 0.38967034, 0.39042282, 0.0, 0.0, 0.39531136, 0.39032567, 0.0, 0.0, 0.39122462, 0.39344618, 0.0, 0.0, 0.39287385, 0.3908019, 0.39134955, 0.0, 0.39303467, 0.0], "duration": [4104, 3689, 3604, 3659, 3654, 3689, 4278, 3694, 3695, 3686, 3907, 5598, 3642, 3855, 3664, 3695, 4291, 3629, 4249, 3688, 5556, 3774, 3734, 4726, 4340, 3749, 3886, 3661, 4241, 5046, 3673, 3678, 3700, 3683, 3660, 3742, 3738, 4606, 4033, 4735, 3684, 3687, 4895, 3710, 3805, 3701, 3632, 3703, 3681, 3860]}