{"avg": [0.27074078, 0.30318516, 0.30748537, 0.30400068, 0.30765802, 0.30625698, 0.32338297, 0.33654037, 0.32763982, 0.34089908, 0.31999904, 0.31168985, 0.33565053, 0.34809685, 0.31489402, 0.3113929, 0.30363816, 0.31859052, 0.3260689, 0.29696873, 0.35433576, 0.31911606, 0.35323977, 0.34183887, 0.34743273, 0.3594793, 0.3345328, 0.38131967, 0.36640385, 0.34285128, 0.36572394, 0.35151285, 0.35658616, 0.3533435, 0.36064383, 0.3677334, 0.37005848, 0.38633013, 0.38570857, 0.3887961, 0.3939784, 0.3822045, 0.39363566, 0.39793047, 0.3890245, 0.36185864, 0.409972, 0.35890004, 0.40913633, 0.42195565], "std": [0.085381426, 0.078303896, 0.05077929, 0.04630716, 0.07473447, 0.08010308, 0.05229728, 0.05135639, 0.08121469, 0.073459975, 0.0656688, 0.051122483, 0.068244144, 0.063219264, 0.07309083, 0.07030073, 0.060906515, 0.03787053, 0.06374744, 0.09791431, 0.05248972, 0.08003529, 0.06981096, 0.045440998, 0.07808785, 0.06318137, 0.06664126, 0.07413677, 0.047350008, 0.055811036, 0.060273014, 0.07457243, 0.051842183, 0.087950766, 0.07928536, 0.0674251, 0.061350815, 0.058928244, 0.07085798, 0.06914071, 0.07496311, 0.08431553, 0.07900927, 0.052665543, 0.060077075, 0.06569004, 0.07943428, 0.08525216, 0.08553268, 0.057238054], "var": [0.98, 0.98, 0.98, 0.96, 0.94, 0.94, 0.92, 0.92, 0.88, 0.88, 0.88, 0.86, 0.84, 0.82, 0.82, 0.8, 0.8, 0.82, 0.84, 0.82, 0.82, 0.8, 0.8, 0.78, 0.74, 0.74, 0.72, 0.72, 0.7, 0.7, 0.7, 0.66, 0.64, 0.64, 0.62, 0.64, 0.66, 0.62, 0.62, 0.66, 0.64, 0.64, 0.64, 0.62, 0.58, 0.58, 0.58, 0.6, 0.56, 0.56], "best": [0.41666666, 0.4844444, 0.38222227, 0.3760771, 0.47724864, 0.47831976, 0.41986534, 0.42259887, 0.47679007, 0.47836253, 0.38179386, 0.38222227, 0.47732422, 0.47803977, 0.40774858, 0.42513666, 0.42551282, 0.37545455, 0.4255787, 0.4266667, 0.4763757, 0.42971888, 0.47701144, 0.43415526, 0.4774278, 0.47814158, 0.43919683, 0.53770024, 0.4416667, 0.4430859, 0.4802208, 0.4442623, 0.44611332, 0.53996587, 0.5404865, 0.48202965, 0.45649123, 0.4824501, 0.48284337, 0.4838351, 0.48485956, 0.5452101, 0.5461385, 0.45999026, 0.4875536, 0.48814294, 0.5478458, 0.5492317, 0.54942924, 0.49062762], "duration": [42753, 39545, 52312, 42693, 49632, 47675, 45264, 38361, 44565, 39506, 37172, 37924, 45438, 39488, 44445, 38311, 37923, 38909, 38916, 38072, 45590, 38930, 38377, 38996, 39063, 44447, 45412, 38746, 38898, 39331, 39186, 38059, 39296, 51405, 39164, 38701, 38303, 38950, 52251, 45740, 39358, 38914, 39310, 38803, 45742, 51876, 52612, 38710, 39280, 39376]}