{"avg": [0.0, 0.0, 0.0, 0.0, 0.0, 0.0, 0.0, 0.0, 0.0, 0.0, 0.0, 0.0, 0.0, 0.0, 0.0, 0.0, 0.0, 0.0, 0.0, 0.0, 0.0, 0.0, 0.0, 0.0, 0.0], "std": [0.0, 0.0, 0.0, 0.0, 0.0, 0.0, 0.0, 0.0, 0.0, 0.0, 0.0, 0.0, 0.0, 0.0, 0.0, 0.0, 0.0, 0.0, 0.0, 0.0, 0.0, 0.0, 0.0, 0.0, 0.0], "var": [0.9866667, 0.98, 0.98, 0.97333336, 0.96666664, 0.96, 0.94666666, 0.93333334, 0.9266667, 0.91333336, 0.9066667, 0.9066667, 0.9066667, 0.91333336, 0.9066667, 0.9, 0.88666666, 0.88666666, 0.87333333, 0.86, 0.85333335, 0.84, 0.8333333, 0.82666665, 0.82666665], "best": [0.0, 0.0, 0.0, 0.0, 0.0, 0.0, 0.0, 0.0, 0.0, 0.0, 0.0, 0.0, 0.0, 0.0, 0.0, 0.0, 0.0, 0.0, 0.0, 0.0, 0.0, 0.0, 0.0, 0.0, 0.0], "duration": [37872, 37999, 37827, 36588, 37354, 37271, 38261, 38069, 37520, 36730, 38212, 36110, 35903, 37567, 36674, 36341, 37404, 37532, 37950, 36907, 37800, 37044, 36589, 38028, 35366]}