{"avg": [0.2661783, 0.2989606, 0.31501663, 0.32820588, 0.32453433, 0.3430742, 0.35935882, 0.37218183, 0.36018723, 0.38357517, 0.3951175, 0.40581384, 0.4178582, 0.43206987, 0.43759406, 0.43294865, 0.46144563, 0.46586615, 0.48727742, 0.4906455, 0.5013618, 0.48276064, 0.48623803, 0.50356245, 0.5113397, 0.50437295, 0.49986187, 0.5261596, 0.48663217, 0.5210978, 0.527752, 0.52766365, 0.51655406, 0.52430624, 0.5165141, 0.53280616, 0.5611882, 0.5615093, 0.5465705, 0.5613227, 0.535017, 0.54841185, 0.5619689, 0.5442582, 0.55787724, 0.5848816, 0.54830873, 0.57671124, 0.55952984, 0.5548451], "std": [0.06735899, 0.064982764, 0.058897622, 0.054396544, 0.05954551, 0.062333774, 0.055233486, 0.058251068, 0.07253926, 0.07056336, 0.074114464, 0.07775076, 0.07385932, 0.06800623, 0.07718559, 0.08338703, 0.06399291, 0.073359475, 0.0678849, 0.083451964, 0.08093092, 0.10968083, 0.11249619, 0.10517134, 0.1065494, 0.11776973, 0.12312675, 0.10860847, 0.1324402, 0.11905695, 0.11457959, 0.119688064, 0.12965608, 0.12523755, 0.13192274, 0.12421846, 0.10160852, 0.10687396, 0.1233734, 0.110097356, 0.1287961, 0.122610494, 0.11513707, 0.13170293, 0.12167446, 0.096211374, 0.13121235, 0.11113354, 0.12832962, 0.1319312], "var": [0.92, 0.88, 0.8, 0.72, 0.64, 0.6, 0.5, 0.4, 0.42, 0.4, 0.32, 0.3, 0.26, 0.28, 0.28, 0.22, 0.16, 0.18, 0.18, 0.12, 0.12, 0.1, 0.1, 0.1, 0.08, 0.08, 0.06, 0.06, 0.04, 0.04, 0.04, 0.04, 0.04, 0.04, 0.04, 0.06, 0.08, 0.06, 0.06, 0.08, 0.06, 0.06, 0.06, 0.08, 0.08, 0.06, 0.06, 0.06, 0.06, 0.06], "best": [0.4333333, 0.45213675, 0.4559829, 0.45760235, 0.46054852, 0.46247903, 0.46680555, 0.47038367, 0.4740506, 0.47619045, 0.4812136, 0.48627448, 0.49187326, 0.49706817, 0.50266904, 0.5092222, 0.5134484, 0.5196455, 0.5260344, 0.5335986, 0.54233664, 0.5506173, 0.55608827, 0.56165576, 0.5671533, 0.5725, 0.5766121, 0.5797331, 0.5838584, 0.5862319, 0.5896271, 0.5932304, 0.5963283, 0.5987287, 0.6012318, 0.6032281, 0.6055749, 0.6085424, 0.6111699, 0.6132173, 0.61558634, 0.6171376, 0.6188275, 0.6208089, 0.622235, 0.6240306, 0.62623996, 0.6275432, 0.6293389, 0.63057834], "duration": [165120, 169853, 156146, 193983, 180661, 178804, 165730, 146393, 177755, 237049, 184993, 211235, 152861, 178986, 207937, 176072, 205843, 159870, 186783, 187165, 173690, 179123, 193423, 173614, 160411, 173257, 166576, 160373, 212086, 166282, 186450, 173564, 180691, 166969, 180105, 172607, 168168, 160254, 153709, 160574, 152681, 185851, 186087, 186618, 186547, 187175, 219224, 187309, 186472, 172947]}