{"avg": [0.254963, 0.296, 0.2896732, 0.2670483, 0.29655418, 0.27999434, 0.292724, 0.2825403, 0.31763652, 0.30498818, 0.29690653, 0.28227124, 0.30000752, 0.2926762, 0.29228038, 0.33274752, 0.31456596, 0.32393345, 0.31239772, 0.33227414, 0.34321836, 0.33353144, 0.30940515, 0.33952177, 0.33847266, 0.33086872, 0.35526732, 0.31357548, 0.3448388, 0.3395051, 0.31960255, 0.31931713, 0.33737618, 0.34002122, 0.34428805, 0.35317442, 0.344402, 0.31838658, 0.35819918, 0.32228965, 0.33897534, 0.3376258, 0.39053863, 0.3413843, 0.34320563, 0.3311505, 0.3442369, 0.33074874, 0.3728763, 0.38854176], "std": [0.08327638, 0.07385984, 0.05598626, 0.062960975, 0.06603641, 0.06977626, 0.0659466, 0.0505654, 0.047768142, 0.05933522, 0.065337755, 0.061085016, 0.04955229, 0.064017795, 0.076470114, 0.056199335, 0.066436864, 0.0726304, 0.07477679, 0.057469454, 0.041016422, 0.056144398, 0.06415017, 0.07104864, 0.059281465, 0.07174353, 0.05236392, 0.05796775, 0.07625349, 0.06853123, 0.066321805, 0.10514147, 0.08597512, 0.06233089, 0.0683489, 0.05478389, 0.102280855, 0.124683805, 0.06632118, 0.102216884, 0.0686251, 0.0710155, 0.0555603, 0.106574856, 0.08724421, 0.10296487, 0.08075533, 0.11356421, 0.06673982, 0.07929927], "var": [0.98, 0.98, 0.98, 0.98, 0.98, 0.98, 0.98, 0.98, 0.98, 0.96, 0.94, 0.92, 0.92, 0.92, 0.92, 0.92, 0.92, 0.88, 0.86, 0.84, 0.84, 0.84, 0.82, 0.82, 0.84, 0.8, 0.78, 0.76, 0.76, 0.76, 0.76, 0.76, 0.78, 0.76, 0.78, 0.76, 0.74, 0.76, 0.74, 0.76, 0.74, 0.74, 0.74, 0.74, 0.76, 0.74, 0.72, 0.74, 0.72, 0.7], "best": [0.42666665, 0.45555556, 0.37, 0.3533806, 0.41074684, 0.4501709, 0.43483868, 0.35582057, 0.4503226, 0.4372104, 0.35369173, 0.35345235, 0.43675676, 0.40092874, 0.43806455, 0.45131052, 0.442, 0.3999581, 0.4535943, 0.45416382, 0.40473557, 0.4440082, 0.4552381, 0.4454596, 0.40835416, 0.45659864, 0.4108938, 0.38954464, 0.456908, 0.4473945, 0.41676006, 0.45843855, 0.45895013, 0.42393982, 0.4595679, 0.45045045, 0.46058273, 0.46210107, 0.46336642, 0.46903655, 0.46459588, 0.4695449, 0.46502766, 0.46663716, 0.4670881, 0.46750116, 0.4685727, 0.4693387, 0.4701791, 0.4742609], "duration": [43122, 40006, 45205, 44005, 46755, 39406, 39931, 38934, 52093, 40304, 38268, 39553, 51991, 45368, 45161, 39499, 39448, 39767, 39387, 39524, 40174, 40051, 38840, 39255, 39468, 39494, 53103, 39316, 46414, 52578, 38862, 39454, 39242, 39856, 39756, 39065, 40031, 39705, 40201, 39478, 39545, 39499, 44456, 46078, 46486, 57927, 46365, 43858, 59363, 50903]}