{"avg": [0.24835166, 0.29413924, 0.3004329, 0.32031748, 0.31931216, 0.29736993, 0.28975245, 0.29996538, 0.31085777, 0.3000848, 0.30757052, 0.3112701, 0.32550755, 0.33410987, 0.29437086, 0.29344866, 0.30443028, 0.3172994, 0.35000613, 0.3148703, 0.33949053, 0.32194638, 0.34881812, 0.32058838, 0.29221362, 0.31022385, 0.30160174, 0.32324225, 0.3120606, 0.34413183, 0.28114644, 0.33218494, 0.35652673, 0.32569277, 0.3521696, 0.3442191, 0.3507492, 0.32776907, 0.30713898, 0.33163044, 0.33935496, 0.33866188, 0.3444201, 0.34454533, 0.32061607, 0.32462585, 0.3362938, 0.35955968, 0.34043884, 0.3403504], "std": [0.08963064, 0.034050353, 0.08314884, 0.023594795, 0.07492037, 0.04770821, 0.06345985, 0.066646315, 0.056846723, 0.0666248, 0.05874276, 0.04197894, 0.065968044, 0.06815279, 0.046444327, 0.06080553, 0.071610466, 0.03309751, 0.050019473, 0.03962658, 0.05260276, 0.052700184, 0.05367408, 0.036072586, 0.051390536, 0.054922566, 0.075653374, 0.046086106, 0.055528343, 0.042877898, 0.0713776, 0.0470272, 0.05427056, 0.044422433, 0.040540755, 0.04785972, 0.04576561, 0.03672794, 0.06964538, 0.067859665, 0.03712433, 0.056469493, 0.06482633, 0.055630993, 0.06521801, 0.06060841, 0.05177591, 0.057464868, 0.05689986, 0.04718346], "var": [1.0, 0.98, 0.98, 0.96, 0.96, 0.94, 0.92, 0.92, 0.92, 0.92, 0.9, 0.88, 0.88, 0.88, 0.88, 0.88, 0.88, 0.88, 0.86, 0.86, 0.86, 0.84, 0.82, 0.82, 0.8, 0.78, 0.78, 0.78, 0.78, 0.78, 0.78, 0.78, 0.78, 0.78, 0.78, 0.78, 0.78, 0.78, 0.78, 0.78, 0.8, 0.78, 0.8, 0.78, 0.78, 0.76, 0.74, 0.74, 0.74, 0.74], "best": [0.4333333, 0.33882785, 0.4611111, 0.35333332, 0.4598485, 0.3564241, 0.33950892, 0.4564444, 0.38770762, 0.45532644, 0.39210758, 0.3612187, 0.45374677, 0.45539567, 0.3930621, 0.39448938, 0.4561403, 0.36373624, 0.45578584, 0.3711963, 0.4565284, 0.39777502, 0.45662484, 0.3632381, 0.36486486, 0.45588598, 0.39880952, 0.39937818, 0.40009522, 0.4007962, 0.3642335, 0.40213564, 0.45438597, 0.40287867, 0.45543376, 0.4564444, 0.45684755, 0.40392855, 0.45674798, 0.4575039, 0.38296488, 0.45743242, 0.45811403, 0.4586182, 0.4026091, 0.4029932, 0.4034339, 0.45750487, 0.4586514, 0.40326095], "duration": [36619, 25710, 26491, 26263, 26736, 26302, 26456, 30887, 30919, 26390, 26338, 25921, 26282, 26477, 24818, 25630, 26393, 26123, 26535, 25975, 26557, 32938, 26534, 25877, 26260, 25833, 26234, 26468, 25764, 25956, 25761, 26260, 26486, 26027, 25978, 32276, 32921, 26265, 26491, 26327, 26028, 26465, 25823, 26758, 25841, 25806, 25698, 26249, 26685, 25926]}