{"avg": [0.26814815, 0.296, 0.3056725, 0.3017784, 0.3011083, 0.3069106, 0.31712562, 0.33000445, 0.3193745, 0.3238254, 0.32221386, 0.3238418, 0.33857962, 0.33118084, 0.3309717, 0.32664236, 0.3500491, 0.36867476, 0.3554164, 0.32679614, 0.3485793, 0.37042037, 0.34437135, 0.37875152, 0.34889212, 0.36116937, 0.3793958, 0.3817119, 0.36748472, 0.36754414, 0.37338975, 0.37879372, 0.36521497, 0.36226463, 0.3773175, 0.40301168, 0.38124058, 0.39480665, 0.41109687, 0.38364357, 0.39129558, 0.38500547, 0.40859988, 0.4189078, 0.3899802, 0.397921, 0.3984638, 0.39831367, 0.4278431, 0.44310436], "std": [0.09035338, 0.078931965, 0.05008491, 0.045886848, 0.07350567, 0.07939864, 0.058286525, 0.04950199, 0.08493845, 0.07931125, 0.08080841, 0.08509433, 0.061836053, 0.07826093, 0.08991711, 0.07269262, 0.06780594, 0.051086336, 0.07199994, 0.06587815, 0.07082467, 0.069268756, 0.07913836, 0.08422739, 0.083349384, 0.059212055, 0.10093627, 0.075324826, 0.100365154, 0.08044224, 0.092286855, 0.080047235, 0.08426468, 0.06767934, 0.07178854, 0.07029896, 0.08077858, 0.078324296, 0.08513615, 0.09260146, 0.06918353, 0.08707225, 0.07896663, 0.09854053, 0.08478875, 0.09612211, 0.09117775, 0.09496822, 0.09778153, 0.07338742], "var": [0.98, 0.98, 0.98, 0.96, 0.94, 0.94, 0.92, 0.92, 0.92, 0.9, 0.9, 0.88, 0.88, 0.84, 0.82, 0.78, 0.76, 0.76, 0.74, 0.72, 0.72, 0.72, 0.74, 0.72, 0.7, 0.68, 0.7, 0.72, 0.7, 0.7, 0.68, 0.68, 0.66, 0.66, 0.68, 0.68, 0.64, 0.6, 0.62, 0.64, 0.62, 0.6, 0.6, 0.58, 0.58, 0.58, 0.54, 0.54, 0.52, 0.54], "best": [0.4511111, 0.48000002, 0.37888893, 0.37274376, 0.47280422, 0.47387537, 0.4154209, 0.41815445, 0.47234568, 0.47444448, 0.47468838, 0.47596988, 0.47654068, 0.4769124, 0.47748148, 0.48058772, 0.48238525, 0.48384276, 0.48478928, 0.48617044, 0.48671484, 0.4868113, 0.48745763, 0.4881282, 0.4914212, 0.49271575, 0.5498883, 0.4953241, 0.5527803, 0.55447084, 0.49868056, 0.5005063, 0.55816406, 0.502218, 0.5024026, 0.5029962, 0.5043979, 0.5057235, 0.5630854, 0.5651471, 0.5096528, 0.510105, 0.5103039, 0.5680292, 0.5134445, 0.5705866, 0.5151294, 0.5163013, 0.57364035, 0.51932615], "duration": [43141, 40100, 52840, 42988, 50005, 47915, 45850, 38797, 38465, 39654, 39023, 39372, 39732, 39112, 53091, 45738, 45410, 39282, 46659, 37888, 55308, 39689, 39369, 40178, 44188, 39425, 40364, 39660, 45627, 45215, 47966, 39575, 38942, 39681, 39855, 40494, 40093, 40240, 46849, 39442, 39516, 39694, 46896, 39946, 40249, 39645, 46145, 40109, 40337, 40689]}