{"avg": [0.1872227, 0.21822318, 0.3032475, 0.34863403, 0.38502592, 0.45546597, 0.42982173, 0.44756547, 0.49417254, 0.52003676, 0.50869125, 0.52548826, 0.53521407, 0.564928, 0.5916835, 0.6221639, 0.61989754, 0.6253997, 0.6416128, 0.66748995, 0.6337207, 0.6433979, 0.66381115, 0.66628873, 0.6661224, 0.6702268, 0.6813143, 0.6753888, 0.6913316, 0.6813931, 0.6688413, 0.67625916, 0.67509556, 0.6702552, 0.66327274, 0.6913014, 0.7049394, 0.6738039, 0.6748184, 0.70293164, 0.6924131, 0.6796905, 0.70642954, 0.6783854, 0.6700513, 0.6937087, 0.6874741, 0.7081724, 0.69798756, 0.7025583, 0.6934053, 0.7105465, 0.7198642, 0.6806256, 0.68958205, 0.72399, 0.72385055, 0.73138297, 0.7314094, 0.7386094, 0.73949236, 0.7334675, 0.74091625, 0.7415445, 0.73613274, 0.72693956, 0.7329934, 0.7379026, 0.73325104, 0.7343881, 0.74001443, 0.74085104, 0.7404352, 0.7365702, 0.7360096], "std": [0.15338205, 0.15018101, 0.15549676, 0.16153526, 0.12540936, 0.10792768, 0.1154564, 0.09670325, 0.087442994, 0.10231542, 0.11589079, 0.095035315, 0.114442766, 0.08654444, 0.08948927, 0.09620297, 0.08372326, 0.06627826, 0.06428889, 0.04425063, 0.07950207, 0.0627804, 0.052373655, 0.046297863, 0.04658692, 0.05200223, 0.038089667, 0.051393718, 0.028082272, 0.043409966, 0.05265688, 0.050254293, 0.053401425, 0.05574826, 0.05891401, 0.04358313, 0.027109709, 0.056167275, 0.05595199, 0.03601795, 0.048868332, 0.057580777, 0.037329488, 0.05772374, 0.060504027, 0.05329816, 0.055192694, 0.042570382, 0.053386606, 0.049623765, 0.056113172, 0.045532305, 0.036734678, 0.06059653, 0.05890356, 0.035201617, 0.036734693, 0.025506005, 0.027342478, 0.0, 0.0, 0.028048338, 0.0, 1.7881393e-07, 0.026687134, 0.041238505, 0.034502614, 0.027342474, 0.035944108, 0.035201624, 0.026687127, 0.026076594, 0.028048337, 0.0352016, 0.036734696], "var": [1.0, 1.0, 1.0, 1.0, 1.0, 0.92, 0.88, 0.84, 0.88, 0.92, 0.96, 0.96, 1.0, 0.96, 0.96, 0.92, 0.92, 0.88, 0.72, 0.68, 0.8, 0.88, 0.84, 0.96, 0.92, 0.92, 0.88, 0.92, 0.92, 0.84, 0.76, 0.64, 0.56, 0.56, 0.6, 0.48, 0.44, 0.44, 0.52, 0.48, 0.48, 0.36, 0.36, 0.36, 0.28, 0.24, 0.2, 0.12, 0.12, 0.08, 0.08, 0.04, 0.04, 0.04, 0.04, 0.04, 0.04, 0.04, 0.04, 0.04, 0.04, 0.04, 0.04, 0.04, 0.04, 0.04, 0.04, 0.04, 0.04, 0.04, 0.04, 0.04, 0.04, 0.04, 0.04], "best": [0.4642857, 0.48704526, 0.48989084, 0.6546485, 0.65816325, 0.6609524, 0.6578286, 0.665377, 0.6668092, 0.67097265, 0.67232573, 0.67345136, 0.6740891, 0.67554843, 0.6773022, 0.67875814, 0.68106925, 0.68325824, 0.68536586, 0.68757766, 0.689503, 0.6907524, 0.6927623, 0.69334346, 0.6954994, 0.6968532, 0.69935673, 0.70082814, 0.70112187, 0.70340824, 0.70473856, 0.7061867, 0.7073394, 0.70891005, 0.7108785, 0.7120971, 0.7135114, 0.7149273, 0.7161266, 0.71757966, 0.71887314, 0.720085, 0.7212127, 0.7223306, 0.7235341, 0.7246032, 0.7257568, 0.7268583, 0.7279883, 0.729128, 0.7301401, 0.7312088, 0.73210907, 0.73310363, 0.7341089, 0.7351217, 0.7360955, 0.7369488, 0.7378541, 0.7386094, 0.73949236, 0.74027014, 0.74091625, 0.7415443, 0.7422551, 0.74291104, 0.7436414, 0.74434716, 0.7449126, 0.74551994, 0.74613696, 0.74668175, 0.7472378, 0.74770206, 0.74825436], "duration": [14572, 14964, 15214, 15786, 17836, 15086, 14912, 17748, 14455, 13128, 14988, 15725, 13864, 13055, 13583, 14270, 16155, 19077, 14663, 17944, 17694, 13567, 14532, 14924, 16602, 15973, 20126, 13363, 16588, 20165, 14565, 14288, 18434, 16669, 16677, 13353, 13331, 15483, 16817, 14467, 16398, 19368, 14997, 13322, 15513, 13185, 14735, 16560, 13541, 14474, 14413, 14362, 16603, 18814, 22832, 21120, 18592, 14203, 13212, 14488, 14509, 14114, 15185, 13025, 21178, 13947, 12965, 12737, 13941, 17314, 13911, 15039, 14175, 18614, 12829]}