{"avg": [0.26561904, 0.28338283, 0.28662953, 0.28141847, 0.2795457, 0.28256154, 0.28223556, 0.27734473, 0.27686265, 0.26774776, 0.26464784, 0.26362333, 0.26632842, 0.26577872, 0.27203906, 0.26588976, 0.26561898, 0.2643862, 0.26274243, 0.2598783, 0.25899586, 0.25798413, 0.25333494, 0.25609714, 0.25881833, 0.2567526, 0.2555645, 0.25602883, 0.25470102, 0.25506398, 0.25355962, 0.25171196, 0.25182652, 0.24921024, 0.2464744, 0.24587692, 0.24285713, 0.24169514, 0.24291685, 0.23933336, 0.24332978, 0.23891114, 0.23833175, 0.24092527, 0.2377966, 0.23477638, 0.23133896, 0.23085225, 0.22582117, 0.225815], "std": [0.06479195, 0.06434606, 0.06713309, 0.06971183, 0.06954293, 0.06712178, 0.06826789, 0.06895295, 0.07150703, 0.07300544, 0.076402836, 0.07524914, 0.07602625, 0.07414347, 0.0731767, 0.07010914, 0.07167782, 0.06950893, 0.072069794, 0.07628521, 0.07047813, 0.07171975, 0.071021445, 0.07291018, 0.068820186, 0.069807224, 0.06676812, 0.069102705, 0.0705036, 0.07020438, 0.07072888, 0.0702785, 0.06873905, 0.071311094, 0.07186885, 0.06997924, 0.070402205, 0.0694913, 0.068999276, 0.068549454, 0.071211785, 0.07536081, 0.07463945, 0.075637914, 0.07123946, 0.07383479, 0.0716742, 0.07397195, 0.06924007, 0.07054404], "var": [1.0, 1.0, 0.98, 0.98, 0.98, 0.94, 0.9, 0.86, 0.88, 0.88, 0.88, 0.9, 0.9, 0.92, 0.92, 0.9, 0.9, 0.92, 0.9, 0.9, 0.88, 0.9, 0.88, 0.86, 0.86, 0.84, 0.84, 0.84, 0.82, 0.78, 0.78, 0.78, 0.78, 0.8, 0.8, 0.8, 0.8, 0.78, 0.78, 0.78, 0.74, 0.72, 0.74, 0.78, 0.76, 0.78, 0.78, 0.78, 0.76, 0.76], "best": [0.4333333, 0.44999996, 0.45066667, 0.45066667, 0.45066667, 0.45079997, 0.45088887, 0.45085713, 0.45083332, 0.41279364, 0.45099998, 0.45103028, 0.45105553, 0.4510769, 0.45109522, 0.45102224, 0.45095834, 0.41284594, 0.45085183, 0.45077193, 0.41260472, 0.45063493, 0.45054543, 0.45046377, 0.40967062, 0.4096762, 0.40968132, 0.40961197, 0.40952381, 0.4094417, 0.40954283, 0.40957296, 0.40958035, 0.40956712, 0.4095546, 0.40954283, 0.40953174, 0.40955725, 0.4095639, 0.40957022, 0.40957618, 0.4095819, 0.4095873, 0.40960798, 0.4096277, 0.40949842, 0.39101037, 0.391307, 0.35676387, 0.3570204], "duration": [99155, 99343, 98805, 98453, 98341, 97703, 97826, 97957, 96511, 95689, 98488, 97682, 95823, 95821, 95933, 95577, 95803, 96182, 97342, 93416, 94103, 95088, 93897, 93784, 94314, 93782, 95479, 95724, 95199, 93427, 96299, 94760, 95147, 93832, 90535, 90627, 89583, 90682, 88635, 89186, 89618, 87860, 88901, 87144, 87578, 87733, 87052, 89015, 89151, 88519]}