{"avg": [0.26813188, 0.30273852, 0.3078003, 0.3167638, 0.33175933, 0.3470724, 0.35583472, 0.3595395, 0.37375247, 0.37338465, 0.4092851, 0.41026878, 0.4098984, 0.42957482, 0.43954733, 0.48147005, 0.48366666, 0.49141544, 0.5082302, 0.5249341, 0.52176553, 0.52615535, 0.5439773, 0.566076, 0.56404537, 0.5429096, 0.5343243, 0.5624528, 0.5672822, 0.5487807, 0.5764191, 0.58166134, 0.56912047, 0.5657756, 0.56008095, 0.57304263, 0.5528701, 0.55456364, 0.54682183, 0.5325652, 0.5265523, 0.5589323, 0.598632, 0.5964714, 0.5635018, 0.57554144, 0.57842183, 0.57981914, 0.5774076, 0.56857044], "std": [0.06538231, 0.055183724, 0.059962023, 0.059146196, 0.0607106, 0.05403387, 0.06359652, 0.06444789, 0.073636, 0.08117359, 0.058155846, 0.074900426, 0.08881958, 0.084553055, 0.10088011, 0.07906593, 0.097021684, 0.09773563, 0.09614512, 0.08935312, 0.10252637, 0.107031584, 0.09109725, 0.07580121, 0.08985415, 0.11630447, 0.12739685, 0.107010536, 0.10496974, 0.12591481, 0.10356365, 0.10465041, 0.12026938, 0.12679659, 0.13227491, 0.12369339, 0.14153755, 0.13923441, 0.14462963, 0.15069954, 0.15501344, 0.14126173, 0.10868715, 0.1127131, 0.14307751, 0.12825304, 0.130058, 0.13361596, 0.13406618, 0.14128087], "var": [0.92, 0.88, 0.86, 0.78, 0.7, 0.7, 0.66, 0.66, 0.64, 0.58, 0.58, 0.54, 0.54, 0.42, 0.34, 0.24, 0.18, 0.12, 0.06, 0.04, 0.04, 0.04, 0.04, 0.04, 0.04, 0.04, 0.04, 0.04, 0.04, 0.04, 0.04, 0.04, 0.04, 0.04, 0.04, 0.04, 0.08, 0.08, 0.06, 0.04, 0.04, 0.04, 0.04, 0.04, 0.06, 0.06, 0.04, 0.04, 0.04, 0.04], "best": [0.4333333, 0.45213675, 0.45679012, 0.4579235, 0.4618182, 0.46584967, 0.47071525, 0.4755787, 0.48018292, 0.4862319, 0.49069956, 0.49812308, 0.5056826, 0.51291347, 0.51959735, 0.52723235, 0.53657264, 0.5457227, 0.55391747, 0.5616974, 0.569263, 0.57614493, 0.5819635, 0.58801454, 0.5948102, 0.60003346, 0.60405403, 0.607311, 0.61123055, 0.6145091, 0.6174762, 0.62116313, 0.62441313, 0.62696004, 0.6290529, 0.63104266, 0.63319415, 0.63464135, 0.63598853, 0.63691086, 0.63746864, 0.63790005, 0.6391373, 0.64121073, 0.64320844, 0.6441482, 0.64538544, 0.6465676, 0.64767843, 0.6485636], "duration": [166581, 200391, 187374, 200044, 197926, 172113, 178798, 173246, 173501, 147194, 168310, 168551, 181265, 195448, 208892, 155361, 160987, 182279, 216221, 155311, 189079, 182162, 162162, 182304, 155371, 175517, 195666, 194814, 175708, 194979, 222384, 222533, 168559, 175740, 181936, 174598, 200941, 188500, 181862, 195295, 161418, 208882, 203089, 215717, 161391, 189034, 188824, 209424, 208941, 201708]}