{"avg": [0.25055555, 0.27957404, 0.28423977, 0.27731416, 0.282658, 0.28093016, 0.29955253, 0.3085992, 0.2994535, 0.3035871, 0.28225762, 0.30049768, 0.2992897, 0.30100042, 0.3229118, 0.3116723, 0.2974798, 0.34296262, 0.3224167, 0.32186094, 0.29775068, 0.33374798, 0.34392112, 0.3254189, 0.2976617, 0.34029165, 0.35873896, 0.33612218, 0.33361098, 0.31305072, 0.36386433, 0.34329367, 0.3608902, 0.3411404, 0.35879442, 0.33848354, 0.35455906, 0.3497276, 0.36659524, 0.3763131, 0.3705681, 0.38307735, 0.40254685, 0.38855606, 0.3687283, 0.39114833, 0.3808429, 0.38933644, 0.40777212, 0.39373776], "std": [0.08177525, 0.07094504, 0.046902236, 0.03943418, 0.068068095, 0.07256157, 0.054939717, 0.047561564, 0.074382275, 0.051589157, 0.071602516, 0.049004823, 0.07063762, 0.065768436, 0.06754654, 0.043636523, 0.061772306, 0.05468448, 0.058290455, 0.04513515, 0.070924036, 0.065006986, 0.062572114, 0.06015624, 0.07278687, 0.066027515, 0.059818815, 0.06420643, 0.07605916, 0.08757307, 0.06058565, 0.08320339, 0.072514415, 0.087866195, 0.067885466, 0.05995634, 0.09056858, 0.07124738, 0.07007436, 0.06292911, 0.06721129, 0.06599512, 0.05192378, 0.073910534, 0.07702097, 0.049284667, 0.07886595, 0.06818508, 0.05719151, 0.06753329], "var": [0.98, 0.98, 0.98, 0.96, 0.94, 0.94, 0.92, 0.92, 0.88, 0.86, 0.86, 0.86, 0.84, 0.82, 0.78, 0.78, 0.78, 0.74, 0.74, 0.7, 0.68, 0.68, 0.72, 0.72, 0.68, 0.68, 0.68, 0.66, 0.64, 0.64, 0.66, 0.64, 0.66, 0.68, 0.7, 0.7, 0.68, 0.66, 0.64, 0.64, 0.6, 0.58, 0.56, 0.52, 0.52, 0.52, 0.5, 0.48, 0.44, 0.46], "best": [0.41666666, 0.44555557, 0.35027775, 0.34413263, 0.43835977, 0.43943092, 0.38653198, 0.38926554, 0.43790123, 0.39276317, 0.35005018, 0.39259258, 0.39438775, 0.39608765, 0.43604994, 0.4008197, 0.4016603, 0.43635264, 0.4062284, 0.40871462, 0.40996885, 0.43676618, 0.43866858, 0.4394022, 0.44027779, 0.44058335, 0.4416667, 0.44305554, 0.4435725, 0.4180435, 0.44368422, 0.42542517, 0.44429135, 0.4450924, 0.44581023, 0.44664267, 0.4604895, 0.46181145, 0.46254838, 0.4497303, 0.45026287, 0.46571943, 0.46676707, 0.46836033, 0.47031474, 0.4547619, 0.45565435, 0.47263983, 0.47384074, 0.45946872], "duration": [42926, 39925, 52796, 42886, 49897, 47917, 45879, 38496, 44757, 39208, 37309, 39571, 51992, 39466, 45165, 38133, 39425, 39576, 38637, 38156, 38294, 59576, 39143, 38643, 38963, 39193, 46002, 38637, 39064, 39490, 38969, 38829, 39805, 52335, 39178, 39308, 39247, 39498, 39539, 39485, 39256, 40142, 39749, 53258, 45847, 39606, 46526, 40075, 40547, 39712]}