{"avg": [0.25777778, 0.27374998, 0.30259332, 0.2646982, 0.29001817, 0.2837045, 0.2765647, 0.30406728, 0.31524307, 0.28675166, 0.29602256, 0.3007678, 0.3139476, 0.29751304, 0.30632842, 0.30137417, 0.30933043, 0.32840154, 0.30048788, 0.33142227, 0.3385157, 0.3260299, 0.33384055, 0.35086638, 0.34201413, 0.29378125, 0.33426324, 0.32309553, 0.34226713, 0.31850317, 0.31899437, 0.36441845, 0.36103472, 0.34087244, 0.3711972, 0.35232893, 0.32951888, 0.3748916, 0.34923658, 0.3556166, 0.34089398, 0.36212093, 0.36651263, 0.37175298, 0.3495485, 0.35888305, 0.37983522, 0.3715317, 0.34329304, 0.3661931], "std": [0.08726752, 0.053553224, 0.059992496, 0.06500922, 0.043820214, 0.06410672, 0.05885501, 0.054654516, 0.050151974, 0.07057633, 0.044573393, 0.0604761, 0.06505091, 0.043268338, 0.05683935, 0.06481171, 0.085199, 0.05809955, 0.057494685, 0.06112535, 0.081924744, 0.058807515, 0.06022052, 0.061491158, 0.046291362, 0.06564367, 0.06445849, 0.069046676, 0.042595465, 0.060492862, 0.0755204, 0.06488729, 0.06848, 0.06432757, 0.06837902, 0.0781642, 0.076095186, 0.07067503, 0.059769075, 0.06604569, 0.044075232, 0.08343349, 0.07487697, 0.08281085, 0.080846295, 0.059728794, 0.059292275, 0.082504466, 0.08448994, 0.09128184], "var": [0.98, 0.98, 0.98, 0.98, 0.98, 0.98, 0.98, 0.96, 0.96, 0.96, 0.94, 0.92, 0.92, 0.92, 0.92, 0.9, 0.9, 0.88, 0.88, 0.86, 0.84, 0.84, 0.84, 0.86, 0.86, 0.86, 0.82, 0.8, 0.8, 0.8, 0.78, 0.76, 0.72, 0.7, 0.72, 0.72, 0.72, 0.68, 0.68, 0.68, 0.66, 0.68, 0.68, 0.66, 0.66, 0.68, 0.66, 0.66, 0.64, 0.64], "best": [0.4333333, 0.35396823, 0.44946232, 0.35744047, 0.38585642, 0.38907564, 0.36892974, 0.44871795, 0.38961038, 0.45057473, 0.35120514, 0.45224717, 0.45303026, 0.35785162, 0.45371178, 0.45437157, 0.4553001, 0.45724633, 0.39779207, 0.4574786, 0.45940694, 0.4618627, 0.46262908, 0.46343216, 0.4650216, 0.40512732, 0.46563244, 0.46636084, 0.40727985, 0.46745348, 0.46825066, 0.46919492, 0.47047803, 0.47215977, 0.47272727, 0.47441313, 0.47570038, 0.47612688, 0.4773965, 0.47774243, 0.41402695, 0.47826746, 0.47919762, 0.4805797, 0.42197075, 0.4823148, 0.48229167, 0.48264536, 0.48346385, 0.4835249], "duration": [42945, 42628, 46713, 45282, 45641, 50228, 38060, 39481, 39255, 39389, 42779, 52524, 39630, 39203, 38364, 51547, 39371, 50249, 58856, 39145, 39145, 39793, 43465, 38753, 52695, 38615, 40198, 39717, 39724, 39269, 39346, 46900, 39869, 39734, 46876, 39462, 44099, 40244, 44084, 39645, 39261, 40324, 40179, 40168, 40259, 39942, 40189, 39994, 46686, 40334]}