{"avg": [0.19165926, 0.17521742, 0.23920472, 0.42728978, 0.3540864, 0.3976863, 0.45737353, 0.48473454, 0.39190775, 0.39275378, 0.4240131, 0.44305807, 0.38682818, 0.50573415, 0.47174087, 0.50601536, 0.5069584, 0.5102086, 0.5182537, 0.4992033, 0.55304843, 0.50382197, 0.52901685, 0.53496945, 0.5377239, 0.49259537, 0.5132104, 0.5726844, 0.54867595, 0.576968, 0.57915187, 0.5812514, 0.50673056, 0.55660075, 0.5858775, 0.5606073, 0.5886439, 0.5640989, 0.56413215, 0.5652147, 0.5932037, 0.59426755, 0.5950607, 0.56461924, 0.5967509, 0.5691037, 0.54134744, 0.50921, 0.57248455, 0.57043463, 0.60107833, 0.60161716, 0.60219467, 0.5740746, 0.6033399, 0.6039059, 0.5742513, 0.60495186, 0.6054354, 0.57709134, 0.6063958, 0.6068306, 0.60729057, 0.6076966, 0.6080897, 0.57809806, 0.60887456, 0.54832363, 0.5486206, 0.55445385, 0.55212355, 0.5766394, 0.58426696, 0.58059657, 0.6114329], "std": [0.23904109, 0.23878278, 0.24985044, 0.17952055, 0.23182431, 0.20962104, 0.1569021, 0.11430969, 0.21910237, 0.21958217, 0.19991757, 0.18617095, 0.22986205, 0.10554412, 0.16682944, 0.11943195, 0.12314342, 0.12395447, 0.118912645, 0.15787911, 0.0026547343, 0.16346371, 0.12830833, 0.122731596, 0.12336233, 0.19321351, 0.1710719, 5.9604645e-08, 0.11973094, 1.1920929e-07, 1.7881393e-07, 5.9604645e-08, 0.19625595, 0.12445969, 5.9604645e-08, 0.12233457, 5.9604645e-08, 0.120266266, 0.1231037, 0.12333996, 1.1920929e-07, 5.9604645e-08, 1.1920929e-07, 0.133082, 1.1920929e-07, 0.12725545, 0.17563628, 0.213911, 0.124926366, 0.13086669, 1.1920929e-07, 5.9604645e-08, 5.9604645e-08, 0.12836693, 5.9604645e-08, 1.1920929e-07, 0.13174227, 0.0, 0.0, 0.12904155, 0.0, 0.0, 1.1920929e-07, 0.0, 1.1920929e-07, 0.13262478, 1.1920929e-07, 0.18277456, 0.18287356, 0.17533365, 0.17913254, 0.13985558, 0.12456612, 0.13319796, 5.9604645e-08], "var": [1.0, 1.0, 1.0, 0.92, 0.88, 0.96, 1.0, 1.0, 0.96, 0.88, 0.84, 0.84, 0.76, 0.76, 0.68, 0.6, 0.52, 0.4, 0.32, 0.2, 0.16, 0.12, 0.08, 0.08, 0.08, 0.08, 0.04, 0.04, 0.04, 0.04, 0.04, 0.04, 0.04, 0.04, 0.04, 0.04, 0.04, 0.04, 0.04, 0.04, 0.04, 0.04, 0.04, 0.04, 0.04, 0.04, 0.04, 0.04, 0.04, 0.04, 0.04, 0.04, 0.04, 0.04, 0.04, 0.04, 0.04, 0.04, 0.04, 0.04, 0.04, 0.04, 0.04, 0.04, 0.04, 0.04, 0.04, 0.04, 0.04, 0.04, 0.04, 0.04, 0.04, 0.04, 0.04], "best": [0.48979592, 0.5034605, 0.5050783, 0.50711197, 0.5112245, 0.514459, 0.5158203, 0.5186569, 0.5185384, 0.520799, 0.5239723, 0.5252319, 0.52809983, 0.5310368, 0.53505, 0.53812325, 0.54109657, 0.5437417, 0.5469003, 0.55062896, 0.5542719, 0.5572893, 0.5606253, 0.5632566, 0.5660252, 0.56863296, 0.5704314, 0.57268447, 0.5748035, 0.5769679, 0.5791517, 0.58125144, 0.5827402, 0.5844309, 0.58587754, 0.5873028, 0.58864385, 0.58973974, 0.5909955, 0.5921297, 0.59320384, 0.5942675, 0.5950608, 0.5959869, 0.5967508, 0.5975589, 0.5983314, 0.5990706, 0.5997457, 0.60045755, 0.60107845, 0.6016172, 0.6021946, 0.60277826, 0.60333985, 0.60390604, 0.604475, 0.60495186, 0.6054354, 0.605946, 0.6063958, 0.6068306, 0.6072907, 0.6076966, 0.6080898, 0.6085242, 0.6088747, 0.6092486, 0.6095785, 0.60989916, 0.61024183, 0.61055934, 0.6108245, 0.61115414, 0.61143285], "duration": [2445, 3727, 5000, 2354, 2291, 2954, 2959, 2208, 2777, 2886, 2760, 2694, 3573, 2470, 2394, 3012, 3331, 2457, 2415, 2382, 2313, 2599, 2415, 2934, 2829, 2842, 2902, 2425, 3459, 4568, 2643, 2415, 2446, 2326, 2767, 2398, 2391, 3120, 2765, 2456, 2741, 2459, 2722, 2570, 2906, 3144, 2940, 2295, 3956, 3241, 2855, 2425, 3241, 3030, 3533, 2666, 2214, 2660, 2638, 2759, 2554, 2586, 2378, 3001, 3164, 3246, 3105, 2561, 2503, 3472, 2417, 2366, 3637, 2585, 2233]}