{"avg": [0.25952384, 0.2596561, 0.31792328, 0.2494709, 0.2518188, 0.25346562, 0.30222222, 0.255362, 0.29379433, 0.2898973, 0.25882939, 0.2667563, 0.25472692, 0.2604247, 0.30859128, 0.26707274, 0.23948413, 0.270805, 0.31285867, 0.28116882, 0.25745758, 0.2686378, 0.24806547, 0.27969924, 0.23610824, 0.25679803, 0.28394827, 0.2980464, 0.27126202, 0.2560516, 0.27761814, 0.28385186, 0.25317463, 0.24492148, 0.26319727, 0.28260288, 0.22044706, 0.3004158, 0.22127567, 0.2590526, 0.26854038, 0.26599073, 0.2512659, 0.20582438, 0.29852834, 0.26469234, 0.23873913, 0.24354947, 0.27283475, 0.27203223], "std": [0.03560831, 0.10886468, 0.027085476, 0.044631176, 0.025610726, 0.06230851, 0.061396033, 0.07737397, 0.06494499, 0.0422843, 0.05219395, 0.047243435, 0.064408205, 0.039992034, 0.030945076, 0.071587965, 0.08193084, 0.05932373, 0.06382051, 0.051038586, 0.050975062, 0.048853118, 0.041255545, 0.056443308, 0.052375555, 0.05323627, 0.021880578, 0.03080064, 0.04450326, 0.039545853, 0.049414314, 0.035119355, 0.029304285, 0.06879471, 0.055118687, 0.058011796, 0.045834143, 0.046857666, 0.03742634, 0.062144347, 0.036179617, 0.0790998, 0.069798715, 0.09531538, 0.046555214, 0.04505319, 0.049783163, 0.05844291, 0.03196792, 0.054915566], "var": [1.0, 1.0, 1.0, 1.0, 1.0, 1.0, 1.0, 1.0, 1.0, 1.0, 1.0, 1.0, 1.0, 1.0, 1.0, 1.0, 1.0, 1.0, 1.0, 1.0, 1.0, 1.0, 1.0, 1.0, 1.0, 1.0, 1.0, 1.0, 1.0, 1.0, 1.0, 1.0, 1.0, 1.0, 1.0, 1.0, 1.0, 1.0, 1.0, 1.0, 1.0, 1.0, 1.0, 1.0, 1.0, 1.0, 1.0, 1.0, 1.0, 1.0], "best": [0.30476192, 0.45555556, 0.356746, 0.33201057, 0.28869048, 0.34079364, 0.38531744, 0.38908246, 0.3556231, 0.34509805, 0.3386905, 0.31236562, 0.3541316, 0.31422138, 0.34291664, 0.3992802, 0.31635612, 0.38333333, 0.44107142, 0.3668398, 0.34224138, 0.31787667, 0.31674108, 0.3463659, 0.33672488, 0.3538916, 0.30826238, 0.3409646, 0.32933566, 0.31746033, 0.34425285, 0.3076455, 0.28736165, 0.35826477, 0.3520408, 0.39355603, 0.29843572, 0.34187344, 0.30072084, 0.37886906, 0.30538303, 0.3596247, 0.3446281, 0.3532066, 0.39013875, 0.32003665, 0.29527405, 0.34514144, 0.31526917, 0.34003714], "duration": [12919, 12882, 13370, 14141, 12853, 12727, 13633, 12841, 12633, 12845, 12625, 12713, 17904, 13113, 12820, 7602, 12755, 12996, 17675, 11996, 12808, 13195, 12595, 12749, 7847, 12092, 12423, 13266, 12609, 12579, 12283, 12709, 12886, 12858, 13159, 13015, 12102, 12631, 7717, 12641, 12712, 12707, 12157, 12844, 12744, 12583, 12794, 9647, 12792, 13411]}