{"avg": [0.5006667, 0.49533346, 0.49866673, 0.4960001, 0.49733344, 0.49333337, 0.49533346, 0.4933335, 0.4933335, 0.49000022, 0.4913335, 0.49000016, 0.48800018, 0.48666683, 0.48600015, 0.48933345, 0.4846668, 0.4826668, 0.4840001, 0.48466685, 0.4833335, 0.4846668, 0.48133352, 0.48133346, 0.47600022], "std": [0.13291435, 0.13233127, 0.13215476, 0.13360642, 0.1346337, 0.13399835, 0.13482668, 0.13597381, 0.1344949, 0.13354151, 0.13060707, 0.13304137, 0.13707422, 0.13597384, 0.13809653, 0.13766944, 0.13502425, 0.13698985, 0.1361763, 0.13939713, 0.13634102, 0.13649742, 0.14065875, 0.14207353, 0.1407977], "var": [1.0, 0.9866667, 0.9866667, 0.98, 0.97333336, 0.96666664, 0.9533333, 0.9533333, 0.94666666, 0.93333334, 0.9266667, 0.92, 0.91333336, 0.9, 0.8933333, 0.9, 0.88666666, 0.8933333, 0.88666666, 0.88, 0.87333333, 0.8666667, 0.86, 0.8466667, 0.84], "best": [0.9, 0.9, 0.9, 0.9, 0.9, 0.9, 0.9, 0.9, 0.9, 0.9, 0.9, 0.9, 0.9, 0.9, 0.9, 0.9, 0.8, 0.9, 0.9, 0.9, 0.9, 0.9, 0.9, 0.9, 0.9], "duration": [282729, 281494, 283568, 279405, 281554, 281124, 281330, 283895, 283236, 281820, 281465, 283917, 282798, 282704, 278568, 282209, 281237, 281178, 279874, 279479, 279405, 277551, 280307, 278214, 275185]}