{"avg": [0.11666668, 0.15247618, 0.15166667, 0.15662132, 0.16326736, 0.14539476, 0.16074863, 0.1575523, 0.17307891, 0.168461, 0.16982883, 0.15565476, 0.17189285, 0.16902219, 0.16004035, 0.17274484, 0.17172326, 0.18798634, 0.17792313, 0.1778985, 0.18793868, 0.17353216, 0.18547556, 0.1726673, 0.17656757, 0.17958525, 0.17124838, 0.1789456, 0.1689041, 0.19462268, 0.19018444, 0.18701383, 0.19522274, 0.19276091, 0.18422301, 0.19586237, 0.207886, 0.21016295, 0.20072716, 0.21464065, 0.21356876, 0.21451795, 0.2155564, 0.21488895, 0.20723726, 0.21102205, 0.20828721, 0.22461201, 0.21375935, 0.22049817], "std": [0.04537573, 0.040854517, 0.03207076, 0.039969053, 0.032685596, 0.043992136, 0.032451306, 0.030426975, 0.037919614, 0.029212704, 0.019152705, 0.03316817, 0.03978289, 0.043451346, 0.042105265, 0.030496249, 0.033015277, 0.01865065, 0.026269434, 0.028812334, 0.037652005, 0.04231149, 0.032162298, 0.019365354, 0.036232326, 0.04800418, 0.038663987, 0.023254137, 0.03692714, 0.03744497, 0.028052634, 0.028561682, 0.036882862, 0.034436237, 0.03886827, 0.036553774, 0.026888775, 0.037358478, 0.034598976, 0.03798805, 0.03501315, 0.035492092, 0.035340797, 0.037577007, 0.044362087, 0.03967856, 0.04230358, 0.05304378, 0.036363073, 0.041246902], "var": [0.98, 0.98, 0.98, 0.94, 0.94, 0.94, 0.94, 0.94, 0.92, 0.92, 0.88, 0.86, 0.86, 0.84, 0.8, 0.78, 0.76, 0.74, 0.74, 0.74, 0.72, 0.72, 0.68, 0.68, 0.64, 0.62, 0.64, 0.62, 0.64, 0.64, 0.62, 0.62, 0.66, 0.64, 0.62, 0.62, 0.66, 0.64, 0.6, 0.6, 0.56, 0.54, 0.58, 0.56, 0.58, 0.58, 0.58, 0.58, 0.56, 0.58], "best": [0.2, 0.24333334, 0.17833334, 0.2020635, 0.2322034, 0.23355263, 0.22582418, 0.22730307, 0.23606557, 0.24202898, 0.19766574, 0.23244047, 0.2332281, 0.24065657, 0.24209303, 0.24279475, 0.23673888, 0.24324325, 0.23644958, 0.23606151, 0.23835456, 0.24337539, 0.24335349, 0.2017497, 0.23750001, 0.24186352, 0.24327412, 0.23981579, 0.24178904, 0.24209933, 0.24088779, 0.24126479, 0.24411157, 0.24630739, 0.24767892, 0.24725276, 0.24892011, 0.25073195, 0.25384143, 0.25477785, 0.25703782, 0.25871748, 0.2577094, 0.26557058, 0.26403022, 0.26865888, 0.27048498, 0.26691207, 0.26938915, 0.27403206], "duration": [43115, 39919, 38445, 37672, 50960, 39718, 39156, 37928, 46619, 39676, 39576, 38171, 45606, 39840, 45137, 39271, 39371, 39185, 39379, 39339, 39125, 39598, 38991, 45259, 39248, 39540, 39301, 46102, 39304, 39582, 39131, 39032, 38980, 38891, 39356, 39577, 46037, 39177, 39443, 39678, 39953, 39866, 39778, 39107, 39627, 46258, 39855, 53402, 39934, 39747]}