{"avg": [0.19787045, 0.26664814, 0.2988372, 0.37219954, 0.39662328, 0.42856556, 0.4524263, 0.45656112, 0.5001358, 0.5390834, 0.56995106, 0.64247096, 0.6342685, 0.6457509, 0.6642697, 0.6732763, 0.6721025, 0.67165345, 0.6837617, 0.6795591, 0.69474053, 0.6917531, 0.7020211, 0.69745827, 0.7066964, 0.71026725, 0.706548, 0.71523833, 0.69748664, 0.7077842, 0.71683365, 0.72486335, 0.72683245, 0.7222333, 0.7241286, 0.7318154, 0.7211211, 0.734762, 0.7360852, 0.7374029, 0.7386523, 0.73451483, 0.73550564, 0.7421901, 0.7432539, 0.73839104, 0.745147, 0.7404659, 0.741087, 0.7424043, 0.7363322, 0.73863715, 0.7500667, 0.7449206, 0.75141054, 0.7519858, 0.74647725, 0.7470415, 0.7486069, 0.75433946, 0.7548217, 0.755313, 0.7446341, 0.7562733, 0.7464943, 0.7460857, 0.7440719, 0.758043, 0.75199324, 0.75235796, 0.75271344, 0.75950426, 0.7543455, 0.760289, 0.74997514], "std": [0.15662773, 0.15769549, 0.14846936, 0.1542026, 0.14180915, 0.12646289, 0.1504623, 0.1423727, 0.14186479, 0.11201051, 0.16231667, 0.05979054, 0.06852284, 0.055865824, 0.036282025, 0.02790645, 0.034095045, 0.039529305, 0.02669196, 0.03740721, 0.004775795, 0.025887292, 0.002437647, 0.0268361, 0.002925289, 0.0016515156, 0.02787765, 0.0021277724, 0.0452904, 0.036574125, 0.025460092, 1.7881393e-07, 5.9604645e-08, 0.027342489, 0.026687128, 0.0, 0.036734696, 1.1920929e-07, 1.7881393e-07, 0.0, 5.9604645e-08, 0.024971163, 0.025505988, 1.1920929e-07, 1.1920929e-07, 0.0260766, 1.1920929e-07, 0.025505986, 0.0260766, 0.024971155, 0.036734693, 0.03450263, 5.9604645e-08, 0.026076593, 5.9604645e-08, 1.1920929e-07, 0.026687136, 0.026687136, 0.024468528, 1.7881393e-07, 1.1920929e-07, 1.1920929e-07, 0.0352016, 5.9604645e-08, 0.033843108, 0.03520161, 0.038482003, 1.7881393e-07, 0.027342474, 0.027342474, 0.027342476, 5.9604645e-08, 0.025505986, 1.1920929e-07, 0.03450261], "var": [1.0, 1.0, 1.0, 1.0, 1.0, 1.0, 1.0, 1.0, 1.0, 0.96, 0.96, 0.96, 0.84, 0.88, 0.8, 0.8, 0.8, 0.8, 0.68, 0.64, 0.56, 0.44, 0.32, 0.32, 0.24, 0.2, 0.2, 0.16, 0.16, 0.12, 0.04, 0.04, 0.04, 0.04, 0.04, 0.04, 0.04, 0.04, 0.04, 0.04, 0.04, 0.04, 0.04, 0.04, 0.04, 0.04, 0.04, 0.04, 0.04, 0.04, 0.04, 0.04, 0.04, 0.04, 0.04, 0.04, 0.04, 0.04, 0.04, 0.04, 0.04, 0.04, 0.04, 0.04, 0.04, 0.04, 0.04, 0.04, 0.04, 0.04, 0.04, 0.04, 0.04, 0.04, 0.04], "best": [0.4642857, 0.48952976, 0.49155197, 0.65782315, 0.66075736, 0.6633242, 0.6652074, 0.6672328, 0.6683305, 0.6696901, 0.67142856, 0.67349625, 0.675961, 0.6778491, 0.68040675, 0.68465436, 0.6877117, 0.6913961, 0.6936293, 0.6967033, 0.6994761, 0.7019025, 0.70445436, 0.70702076, 0.7094262, 0.711811, 0.7142316, 0.71635264, 0.7187626, 0.7206728, 0.72270155, 0.7248635, 0.7268325, 0.72867805, 0.7302509, 0.7318154, 0.73336595, 0.7347619, 0.73608536, 0.7374029, 0.73865235, 0.7398388, 0.7410714, 0.74219, 0.743254, 0.7442221, 0.7451471, 0.74603176, 0.7469181, 0.74772793, 0.748577, 0.74928504, 0.75006664, 0.75075155, 0.7514106, 0.7519859, 0.75259966, 0.7531638, 0.753709, 0.75433964, 0.7548216, 0.7553131, 0.7557658, 0.7562734, 0.75669813, 0.7572174, 0.75767744, 0.7580428, 0.7584378, 0.75880283, 0.75915813, 0.7595042, 0.75991124, 0.7602889, 0.76062286], "duration": [13410, 15487, 12772, 9994, 13914, 12957, 12968, 14813, 17313, 15891, 16838, 21115, 14443, 14749, 14690, 15158, 19223, 14218, 18961, 14486, 13358, 14900, 17313, 16811, 16684, 16187, 16074, 19820, 14924, 16481, 14529, 20061, 20910, 15630, 14477, 19179, 14678, 16408, 15934, 15876, 15721, 23537, 16017, 20046, 18672, 16954, 17708, 20202, 18367, 15707, 13439, 15727, 15578, 19328, 19041, 17849, 13486, 14528, 20677, 16350, 14611, 15880, 16045, 14558, 19641, 15734, 13561, 15215, 13350, 15373, 14203, 20960, 21734, 12965, 16340]}