{"avg": [0.25659862, 0.28068936, 0.29191554, 0.2865681, 0.2900227, 0.2873159, 0.30575526, 0.30832654, 0.3073195, 0.29331097, 0.29978707, 0.29573283, 0.28806692, 0.31357765, 0.29625154, 0.27650958, 0.28828856, 0.306375, 0.32318175, 0.33532906, 0.29709002, 0.32363027, 0.34199387, 0.30677938, 0.2945644, 0.32504174, 0.32550132, 0.28959805, 0.31810686, 0.3135563, 0.3337081, 0.31714007, 0.33582932, 0.32171428, 0.32726502, 0.323329, 0.3263981, 0.32920918, 0.33357462, 0.31173033, 0.35114914, 0.34780827, 0.32383198, 0.34416127, 0.34463274, 0.34777132, 0.34911656, 0.38331643, 0.37943774, 0.37560138], "std": [0.08566395, 0.0748227, 0.049195353, 0.043199513, 0.07035185, 0.07610351, 0.054745484, 0.06632597, 0.048100434, 0.047455072, 0.04152199, 0.05664917, 0.06885086, 0.062327646, 0.056769673, 0.066364415, 0.063002765, 0.06790877, 0.051753752, 0.030252853, 0.07124557, 0.08066943, 0.045375388, 0.07281915, 0.08238025, 0.063962884, 0.054279022, 0.071384974, 0.07111323, 0.07576841, 0.055285428, 0.05128685, 0.058616836, 0.05591182, 0.056327716, 0.060582895, 0.05715529, 0.076754935, 0.071657166, 0.05798412, 0.04141434, 0.05811075, 0.046717416, 0.06051393, 0.056149356, 0.0615752, 0.05099357, 0.060446948, 0.053358383, 0.06529378], "var": [0.98, 0.98, 0.98, 0.96, 0.94, 0.94, 0.92, 0.92, 0.9, 0.9, 0.86, 0.84, 0.84, 0.84, 0.82, 0.8, 0.8, 0.78, 0.76, 0.76, 0.78, 0.8, 0.8, 0.78, 0.76, 0.74, 0.74, 0.74, 0.72, 0.72, 0.76, 0.74, 0.74, 0.72, 0.68, 0.68, 0.66, 0.66, 0.64, 0.62, 0.6, 0.62, 0.64, 0.6, 0.58, 0.58, 0.58, 0.6, 0.62, 0.62], "best": [0.42857143, 0.45333335, 0.35891157, 0.3536443, 0.44716552, 0.44808364, 0.39253762, 0.4484472, 0.3966091, 0.37911656, 0.38030168, 0.36045918, 0.36107332, 0.44696862, 0.38084772, 0.36267227, 0.35641107, 0.3931509, 0.39763004, 0.39925537, 0.39968604, 0.44547036, 0.44586468, 0.40216088, 0.40276533, 0.38256028, 0.44567153, 0.40497234, 0.4051374, 0.4059949, 0.40592894, 0.40694475, 0.40780336, 0.4094076, 0.4096342, 0.41054174, 0.44480285, 0.41078973, 0.4451535, 0.4119423, 0.44583336, 0.41225126, 0.38647142, 0.41371918, 0.44603175, 0.44660157, 0.44682208, 0.4470222, 0.44864127, 0.44997734], "duration": [43123, 40151, 53112, 43035, 50081, 47978, 39642, 38917, 45279, 39194, 39055, 38156, 38917, 39408, 39938, 38731, 39228, 46318, 39088, 46337, 39061, 46263, 39889, 39574, 39299, 39522, 39085, 45235, 39584, 38864, 39501, 51554, 39884, 39577, 41271, 39858, 39282, 38602, 53140, 39073, 39848, 41797, 35239, 39774, 39268, 40067, 53106, 40246, 40273, 40503]}