{"avg": [0.26031747, 0.2896931, 0.29708436, 0.28960153, 0.2893623, 0.29402545, 0.31064278, 0.31833312, 0.30946973, 0.31332654, 0.31181094, 0.31584927, 0.33424854, 0.31922942, 0.31407407, 0.3237896, 0.33518386, 0.3212722, 0.35092536, 0.35136092, 0.36679503, 0.3540476, 0.3182944, 0.3638096, 0.34542814, 0.33932254, 0.3423016, 0.34132737, 0.34139705, 0.33686018, 0.34098285, 0.3432592, 0.35162863, 0.3342268, 0.35640383, 0.37481165, 0.3697406, 0.3715377, 0.3870913, 0.3666815, 0.3837374, 0.4151197, 0.40092692, 0.39036024, 0.36194897, 0.38669866, 0.41558152, 0.42826098, 0.39276898, 0.4132908], "std": [0.08539034, 0.07409099, 0.04982655, 0.0507283, 0.07199143, 0.073289685, 0.052799568, 0.04808029, 0.080868416, 0.075852305, 0.076668784, 0.07975516, 0.05137784, 0.075628735, 0.083967134, 0.054519445, 0.06445195, 0.05706056, 0.06645616, 0.08126683, 0.073916, 0.0703209, 0.059573956, 0.0775301, 0.05945845, 0.07827217, 0.05949399, 0.056466747, 0.063176386, 0.060280554, 0.07632348, 0.05272485, 0.06982273, 0.063992605, 0.065153204, 0.06946552, 0.077139184, 0.07485566, 0.07433549, 0.07800193, 0.0743906, 0.05251444, 0.065926276, 0.061339684, 0.06951496, 0.06534389, 0.06765056, 0.06496717, 0.07288619, 0.0636276], "var": [0.98, 0.98, 0.98, 0.96, 0.94, 0.94, 0.92, 0.92, 0.92, 0.9, 0.9, 0.88, 0.88, 0.84, 0.82, 0.8, 0.8, 0.78, 0.76, 0.76, 0.76, 0.72, 0.72, 0.72, 0.7, 0.7, 0.72, 0.74, 0.72, 0.74, 0.72, 0.7, 0.68, 0.66, 0.64, 0.62, 0.6, 0.58, 0.58, 0.56, 0.56, 0.56, 0.56, 0.56, 0.58, 0.58, 0.56, 0.54, 0.54, 0.54], "best": [0.4333333, 0.46222222, 0.36396822, 0.3578231, 0.45502642, 0.45609757, 0.40081772, 0.40355125, 0.45456788, 0.45666668, 0.45691058, 0.45819208, 0.45876288, 0.4591346, 0.45970368, 0.46164572, 0.46233594, 0.4126867, 0.4625874, 0.46524587, 0.46800825, 0.47117648, 0.42252544, 0.47186378, 0.42539683, 0.47260725, 0.42952383, 0.47308865, 0.47354028, 0.47362006, 0.47395834, 0.47442642, 0.4746249, 0.4745247, 0.47435424, 0.47489563, 0.4761324, 0.4769666, 0.47929707, 0.48145762, 0.48252475, 0.4836124, 0.48524022, 0.486531, 0.4867424, 0.4869828, 0.4875513, 0.48906806, 0.49114034, 0.49201027], "duration": [43071, 40043, 53045, 38124, 49928, 47985, 46204, 38775, 38469, 39656, 39123, 39353, 39834, 39011, 46433, 39554, 45258, 45510, 46338, 46525, 52985, 39934, 37885, 40355, 45674, 39400, 38307, 39136, 39313, 39277, 39621, 39481, 39623, 45731, 45222, 39884, 39892, 46139, 40227, 46029, 47112, 46472, 39737, 39973, 39609, 39384, 47224, 40287, 40118, 46830]}