{"avg": [0.2663248, 0.29335615, 0.30377418, 0.2966136, 0.30199006, 0.30072656, 0.31746757, 0.3279431, 0.31259006, 0.33224058, 0.32017612, 0.30340263, 0.3349392, 0.3362745, 0.30597886, 0.33426672, 0.33312538, 0.32953134, 0.33162534, 0.34484696, 0.3309331, 0.35992104, 0.3554153, 0.3172706, 0.35426226, 0.37465456, 0.36447117, 0.35609502, 0.3303778, 0.3466471, 0.3709164, 0.3680832, 0.3688303, 0.35401967, 0.3676618, 0.37211317, 0.38704267, 0.39931083, 0.40695918, 0.3754148, 0.36461446, 0.36576504, 0.3918547, 0.40334862, 0.3931595, 0.38418165, 0.3632795, 0.4046261, 0.42358336, 0.40643063], "std": [0.08762015, 0.07655655, 0.05097117, 0.04238252, 0.07227679, 0.07551652, 0.053938236, 0.05018132, 0.08009096, 0.06629235, 0.07701536, 0.06781995, 0.04030678, 0.06522377, 0.083019875, 0.028732888, 0.05785289, 0.05928995, 0.057917032, 0.05472188, 0.053964403, 0.06030297, 0.076469615, 0.07461677, 0.07730001, 0.07175272, 0.074220695, 0.052895218, 0.067484505, 0.051311173, 0.053544175, 0.05386898, 0.05931194, 0.072620064, 0.06321345, 0.07253055, 0.07245198, 0.062880784, 0.060807712, 0.090215914, 0.071677685, 0.06861716, 0.06183728, 0.055130176, 0.07365678, 0.06473585, 0.081460185, 0.07666566, 0.06505584, 0.07649488], "var": [0.98, 0.98, 0.98, 0.96, 0.94, 0.94, 0.92, 0.92, 0.92, 0.9, 0.9, 0.88, 0.88, 0.86, 0.84, 0.82, 0.82, 0.8, 0.82, 0.8, 0.78, 0.74, 0.74, 0.74, 0.7, 0.68, 0.66, 0.7, 0.68, 0.7, 0.68, 0.66, 0.66, 0.66, 0.66, 0.66, 0.66, 0.64, 0.62, 0.62, 0.6, 0.56, 0.56, 0.54, 0.54, 0.54, 0.52, 0.54, 0.56, 0.54], "best": [0.44358978, 0.47247866, 0.37239313, 0.366248, 0.4652829, 0.466354, 0.40960893, 0.41234246, 0.46482432, 0.4662564, 0.46676052, 0.3761408, 0.39632568, 0.46602568, 0.46714532, 0.37624717, 0.4670806, 0.46787727, 0.46858978, 0.46939266, 0.41956258, 0.46966338, 0.4711388, 0.42317083, 0.4732493, 0.4746213, 0.47651258, 0.46217337, 0.47738394, 0.43912825, 0.4776384, 0.477687, 0.47880104, 0.47984707, 0.48052844, 0.4831731, 0.48413837, 0.48271012, 0.48379245, 0.48483363, 0.48520336, 0.48494586, 0.48894748, 0.48462304, 0.48617697, 0.48518562, 0.4856731, 0.49128, 0.48995504, 0.4940449], "duration": [43295, 39989, 52752, 42999, 50004, 47899, 45666, 38680, 38984, 39371, 39054, 39027, 39631, 39093, 46080, 39188, 39016, 45727, 38412, 38519, 39288, 39143, 39232, 52279, 46523, 40162, 39311, 39995, 39129, 39603, 39669, 39269, 39165, 39824, 46731, 39838, 40158, 39957, 53581, 40117, 39857, 39400, 39903, 46737, 39538, 39627, 44966, 46120, 39654, 53267]}