{"avg": [0.25055555, 0.27957404, 0.28423977, 0.27999273, 0.282658, 0.28313604, 0.29757884, 0.3085992, 0.3016594, 0.3161967, 0.2942054, 0.28399882, 0.30622342, 0.32196835, 0.2914565, 0.28690234, 0.2925299, 0.3053438, 0.2914488, 0.3126594, 0.32323435, 0.291789, 0.2955601, 0.31265154, 0.30671555, 0.31819272, 0.3303846, 0.30404857, 0.3359584, 0.32133627, 0.3395687, 0.3174534, 0.32138067, 0.33266816, 0.32912144, 0.33549973, 0.332391, 0.3468172, 0.3439184, 0.34208998, 0.33246875, 0.35719627, 0.35096782, 0.36108854, 0.3516815, 0.35161048, 0.3570694, 0.34558544, 0.36351866, 0.36057463], "std": [0.08177525, 0.07094504, 0.04656202, 0.03977084, 0.07001734, 0.07390629, 0.05561209, 0.047561564, 0.07388494, 0.06222711, 0.058503732, 0.04718678, 0.062041793, 0.052830856, 0.0659546, 0.066692695, 0.06861989, 0.056039046, 0.056796566, 0.06098143, 0.04622635, 0.06730082, 0.051634613, 0.053600263, 0.07189386, 0.05120154, 0.06032272, 0.07074719, 0.03837306, 0.048957594, 0.044443693, 0.053875707, 0.02791413, 0.0599862, 0.04302056, 0.04802192, 0.052902784, 0.051823795, 0.06948816, 0.049695726, 0.05530729, 0.05557565, 0.051650535, 0.042313386, 0.046827815, 0.056621607, 0.04993485, 0.054100312, 0.06371023, 0.061123863], "var": [0.98, 0.98, 0.98, 0.96, 0.94, 0.94, 0.92, 0.92, 0.88, 0.88, 0.88, 0.86, 0.84, 0.82, 0.82, 0.8, 0.8, 0.8, 0.82, 0.8, 0.8, 0.78, 0.78, 0.78, 0.76, 0.74, 0.74, 0.72, 0.7, 0.7, 0.72, 0.68, 0.68, 0.66, 0.64, 0.62, 0.62, 0.62, 0.6, 0.56, 0.56, 0.54, 0.52, 0.52, 0.54, 0.54, 0.54, 0.5, 0.48, 0.5], "best": [0.41666666, 0.44555557, 0.35027775, 0.34413263, 0.43835977, 0.43943092, 0.38653198, 0.38926554, 0.43790123, 0.43947366, 0.34738955, 0.35027778, 0.43843535, 0.43915093, 0.377193, 0.3918033, 0.43846154, 0.43981817, 0.34988424, 0.3914754, 0.43990538, 0.3937751, 0.35263407, 0.39442924, 0.43938208, 0.39616668, 0.4397436, 0.39883992, 0.39932585, 0.40094408, 0.4017581, 0.40354466, 0.36079058, 0.43959132, 0.40629628, 0.40654656, 0.41623616, 0.43941978, 0.43981174, 0.4191991, 0.41295418, 0.42121795, 0.42245474, 0.41713166, 0.41855574, 0.43923077, 0.42066762, 0.42199823, 0.43932807, 0.43976343], "duration": [42894, 39880, 52902, 42927, 49682, 47717, 45670, 38625, 44892, 39927, 37314, 38179, 45978, 39704, 44713, 38470, 38730, 39846, 39043, 38990, 45943, 39010, 39474, 45499, 39001, 39224, 45616, 39123, 39333, 39335, 39781, 39166, 39103, 52400, 39111, 38888, 38391, 39840, 39135, 38529, 39153, 39030, 45614, 39479, 39181, 39079, 39289, 39354, 39459, 39568]}