{"avg": [0.25500003, 0.2837408, 0.2897222, 0.286838, 0.28507033, 0.28730273, 0.30265942, 0.30650002, 0.30861378, 0.29533103, 0.2955038, 0.29302156, 0.29232115, 0.30744284, 0.29941553, 0.2753163, 0.2873289, 0.3109175, 0.32585302, 0.33073622, 0.2874933, 0.31453976, 0.304295, 0.2926286, 0.30524433, 0.2974134, 0.32457918, 0.31021684, 0.3067738, 0.32680893, 0.32081532, 0.32080212, 0.31710714, 0.31349006, 0.3471293, 0.33088648, 0.33875534, 0.30703127, 0.32436186, 0.31187415, 0.3091814, 0.35457683, 0.32019648, 0.32822946, 0.3530755, 0.34130153, 0.3470802, 0.3465538, 0.3484294, 0.34315777], "std": [0.08158159, 0.07094505, 0.049147617, 0.041940935, 0.066592135, 0.07003315, 0.053367686, 0.06630347, 0.045518175, 0.05457047, 0.042880226, 0.05788833, 0.06442776, 0.068732925, 0.05736414, 0.0696574, 0.07430027, 0.072970875, 0.056598168, 0.03428586, 0.06408848, 0.07672715, 0.045869764, 0.07706122, 0.076330945, 0.06844987, 0.061114404, 0.06569402, 0.07993166, 0.04015046, 0.07357788, 0.054707695, 0.06861942, 0.05968298, 0.048516307, 0.05414136, 0.05051312, 0.06541003, 0.06019084, 0.061872415, 0.049212754, 0.03281455, 0.06640938, 0.04151221, 0.03630186, 0.040297396, 0.04591017, 0.032439455, 0.060870662, 0.070227735], "var": [0.98, 0.98, 0.98, 0.96, 0.94, 0.94, 0.92, 0.92, 0.9, 0.9, 0.86, 0.84, 0.84, 0.84, 0.82, 0.8, 0.8, 0.78, 0.78, 0.78, 0.78, 0.76, 0.76, 0.74, 0.72, 0.76, 0.76, 0.76, 0.74, 0.74, 0.74, 0.76, 0.78, 0.76, 0.74, 0.74, 0.72, 0.72, 0.7, 0.72, 0.7, 0.72, 0.74, 0.72, 0.68, 0.66, 0.68, 0.68, 0.66, 0.66], "best": [0.42083335, 0.44972226, 0.3544444, 0.3482993, 0.44252646, 0.44359758, 0.39069864, 0.44402173, 0.39544868, 0.39457762, 0.38237575, 0.39507577, 0.35485008, 0.4445732, 0.3957202, 0.3949074, 0.39500332, 0.3955808, 0.39807346, 0.39808556, 0.35694444, 0.4471545, 0.39471245, 0.35779646, 0.3973916, 0.39801946, 0.39868036, 0.3998501, 0.39923978, 0.39791664, 0.3990661, 0.39951387, 0.39909998, 0.39982164, 0.4001969, 0.40134802, 0.40237775, 0.39699075, 0.402027, 0.45070705, 0.39764956, 0.40156248, 0.40213415, 0.40183184, 0.40178224, 0.40212777, 0.4024025, 0.40097904, 0.41282395, 0.45146868], "duration": [43175, 40018, 52959, 43017, 49810, 47884, 39349, 38791, 45135, 39444, 38893, 38392, 38308, 39071, 39778, 38759, 39178, 46453, 39628, 46428, 38743, 45898, 38666, 38890, 38596, 38807, 39524, 46073, 39433, 39046, 45430, 45789, 39521, 39444, 39570, 39329, 39510, 39285, 38790, 39169, 39041, 45873, 39434, 39341, 39824, 39413, 39588, 39387, 46501, 39752]}