{"avg": [0.26031747, 0.2896931, 0.29917464, 0.28780952, 0.2889471, 0.2772106, 0.29391536, 0.30121994, 0.31361866, 0.28665122, 0.30039102, 0.30670297, 0.3106273, 0.30741987, 0.33710864, 0.3102201, 0.30676022, 0.30703792, 0.30797157, 0.29914966, 0.32160023, 0.32952672, 0.3276877, 0.31535098, 0.32742605, 0.30824453, 0.3355881, 0.3203841, 0.33609256, 0.3204971, 0.33177444, 0.33974755, 0.3299116, 0.34997648, 0.34769216, 0.3237714, 0.34462452, 0.35513127, 0.3324355, 0.36753595, 0.3414451, 0.3272103, 0.3401168, 0.34545022, 0.37238783, 0.34723207, 0.3547484, 0.3250173, 0.3515589, 0.3631804], "std": [0.08539034, 0.07409099, 0.039196085, 0.06918184, 0.06481478, 0.05423197, 0.04846166, 0.06423024, 0.055920903, 0.087410614, 0.055549607, 0.056654062, 0.049418565, 0.048431896, 0.05018175, 0.0680865, 0.06867104, 0.08286236, 0.041394576, 0.07031545, 0.048882805, 0.03762318, 0.032635156, 0.042305935, 0.039604213, 0.07302407, 0.045770142, 0.0717557, 0.07405283, 0.10962641, 0.05840515, 0.07064562, 0.07163846, 0.037985735, 0.033608846, 0.104026265, 0.08136717, 0.06792311, 0.055309247, 0.060777817, 0.040518217, 0.08239943, 0.08521402, 0.061211485, 0.055379264, 0.07057497, 0.05786025, 0.07675049, 0.08602661, 0.063062124], "var": [1.0, 1.0, 0.98, 0.94, 0.92, 0.92, 0.9, 0.9, 0.88, 0.88, 0.86, 0.82, 0.84, 0.84, 0.86, 0.86, 0.86, 0.86, 0.86, 0.86, 0.84, 0.82, 0.82, 0.82, 0.82, 0.82, 0.82, 0.8, 0.8, 0.8, 0.8, 0.8, 0.78, 0.8, 0.8, 0.8, 0.8, 0.8, 0.8, 0.82, 0.82, 0.8, 0.78, 0.78, 0.76, 0.76, 0.76, 0.74, 0.76, 0.8], "best": [0.4333333, 0.46222222, 0.36396822, 0.36582008, 0.36785713, 0.3869841, 0.35148147, 0.44999996, 0.45197737, 0.45358023, 0.36382842, 0.36026967, 0.36403576, 0.35910502, 0.45188677, 0.45259258, 0.3885714, 0.45249042, 0.36740586, 0.39126983, 0.3934716, 0.39517984, 0.39443052, 0.39176282, 0.36916825, 0.3961294, 0.44983658, 0.40607592, 0.44996202, 0.43663, 0.42210376, 0.45606062, 0.45668662, 0.40065145, 0.4107455, 0.4576806, 0.45815602, 0.45866433, 0.41429374, 0.4594771, 0.4163492, 0.4600619, 0.4272642, 0.42343616, 0.4355221, 0.44960037, 0.45034385, 0.42143178, 0.45087948, 0.4511658], "duration": [43112, 40151, 39644, 43191, 39118, 49602, 39340, 39374, 43453, 43105, 40085, 38754, 44026, 46295, 40273, 51156, 39326, 39599, 38641, 38192, 39421, 38544, 38851, 38625, 38981, 39628, 39851, 46693, 46091, 39774, 39240, 39121, 39601, 39277, 39533, 39909, 40231, 39760, 39534, 53372, 39474, 40082, 40192, 46178, 40256, 39834, 39861, 52009, 40184, 40213]}