{"avg": [0.18055554, 0.19867726, 0.22189154, 0.24312168, 0.2097553, 0.14164022, 0.2136508, 0.17425473, 0.16522291, 0.31799254, 0.18303572, 0.21358167, 0.109442115, 0.2207958, 0.22149801, 0.14769287, 0.1746463, 0.20907031, 0.23354702, 0.2242208, 0.1961823, 0.1710773, 0.20674852, 0.23456557, 0.28083247, 0.24645595, 0.19225481, 0.1676333, 0.2573829, 0.16385582, 0.21538496, 0.14726986, 0.20306307, 0.19212165, 0.2014626, 0.19582838, 0.15244038, 0.1989269, 0.19062181, 0.2532986, 0.24550378, 0.18165861, 0.15778567, 0.19942398, 0.27209726, 0.18951648, 0.18596588, 0.17827271, 0.25475615, 0.2815603], "std": [0.07415965, 0.14715227, 0.036294825, 0.105923116, 0.041980963, 0.07653476, 0.086329415, 0.118226096, 0.04095371, 0.08933381, 0.07780239, 0.0782774, 0.08485983, 0.07657863, 0.050451204, 0.042943053, 0.11174589, 0.048325535, 0.08708055, 0.06507615, 0.10978413, 0.082251675, 0.053270515, 0.11425392, 0.054674786, 0.039620504, 0.043201584, 0.10479235, 0.052046344, 0.08846414, 0.10209745, 0.048445906, 0.1067346, 0.066382155, 0.052533202, 0.080758594, 0.04128224, 0.1341761, 0.1087863, 0.07546709, 0.13333769, 0.10349936, 0.08530356, 0.054955672, 0.046487276, 0.09476261, 0.051261976, 0.116750985, 0.06494264, 0.058158144], "var": [1.0, 1.0, 1.0, 1.0, 1.0, 1.0, 1.0, 1.0, 1.0, 1.0, 1.0, 1.0, 1.0, 1.0, 1.0, 1.0, 1.0, 1.0, 1.0, 1.0, 1.0, 1.0, 1.0, 1.0, 1.0, 1.0, 1.0, 1.0, 1.0, 1.0, 1.0, 1.0, 1.0, 1.0, 1.0, 1.0, 1.0, 1.0, 1.0, 1.0, 1.0, 1.0, 1.0, 1.0, 1.0, 1.0, 1.0, 1.0, 1.0, 1.0], "best": [0.32142857, 0.4746032, 0.25198415, 0.3738095, 0.27718255, 0.23841272, 0.3472222, 0.3652729, 0.23611957, 0.378198, 0.3327381, 0.34569892, 0.23746501, 0.3436937, 0.27232143, 0.23859358, 0.3586439, 0.24829932, 0.34423077, 0.32930735, 0.3326355, 0.23520689, 0.26945683, 0.46416044, 0.33557725, 0.32970443, 0.23722802, 0.34273505, 0.3713404, 0.24920635, 0.33215654, 0.23859788, 0.33350065, 0.25100973, 0.27431974, 0.33370054, 0.24036117, 0.34397495, 0.33289647, 0.33363095, 0.47587994, 0.33103308, 0.24856357, 0.23815286, 0.34278214, 0.23811357, 0.25155437, 0.34292743, 0.33374742, 0.37921312], "duration": [1060, 957, 1047, 5375, 1011, 926, 1017, 1008, 847, 5369, 928, 928, 5966, 941, 984, 969, 5775, 999, 997, 938, 994, 992, 988, 985, 1014, 995, 915, 929, 996, 916, 958, 904, 5842, 996, 915, 1000, 968, 998, 1032, 1005, 5358, 915, 1036, 921, 920, 920, 5772, 1000, 998, 941]}