{"avg": [0.53333336, 0.52666664, 0.5133333, 0.5133333, 0.50666666, 0.5133333, 0.52, 0.52666664, 0.52, 0.5133333, 0.5133333, 0.50666666, 0.50666666, 0.49333334, 0.48666668, 0.48666668, 0.49333334, 0.48666668, 0.5, 0.5, 0.5, 0.48666668, 0.48, 0.48, 0.46666667], "std": [0.4988875, 0.49928862, 0.4998223, 0.4998223, 0.4999556, 0.4998223, 0.49959975, 0.49928865, 0.49959975, 0.4998223, 0.4998223, 0.4999556, 0.4999556, 0.4999556, 0.4998223, 0.4998223, 0.4999556, 0.4998223, 0.5, 0.5, 0.5, 0.4998223, 0.49959975, 0.49959975, 0.49888754], "var": [0.99333334, 0.98, 0.97333336, 0.96666664, 0.96666664, 0.96, 0.9533333, 0.94, 0.93333334, 0.93333334, 0.92, 0.92, 0.92, 0.9066667, 0.91333336, 0.9, 0.88666666, 0.88666666, 0.88, 0.87333333, 0.8666667, 0.85333335, 0.84, 0.8333333, 0.82666665], "best": [1.0, 1.0, 1.0, 1.0, 1.0, 1.0, 1.0, 1.0, 1.0, 1.0, 1.0, 1.0, 1.0, 1.0, 1.0, 1.0, 1.0, 1.0, 1.0, 1.0, 1.0, 1.0, 1.0, 1.0, 1.0], "duration": [18717, 20083, 19885, 21732, 20060, 21741, 22210, 21992, 22193, 22108, 21990, 20361, 22045, 20526, 20582, 20532, 20453, 16690, 20572, 20639, 20926, 20763, 20737, 20785, 18748]}