{"avg": [0.25952384, 0.2533069, 0.31157407, 0.25582013, 0.2518188, 0.2471164, 0.30222222, 0.255362, 0.29379433, 0.28894493, 0.25882939, 0.25034562, 0.26329365, 0.27116045, 0.31535712, 0.25701368, 0.25224295, 0.26626983, 0.28936967, 0.25334057, 0.2717912, 0.26854673, 0.24811754, 0.27335006, 0.23602831, 0.25691298, 0.28390414, 0.29786837, 0.27750835, 0.2623016, 0.27774584, 0.29147092, 0.2648992, 0.24192472, 0.26285714, 0.28886917, 0.22656624, 0.30029064, 0.2275994, 0.26535216, 0.26861283, 0.2659907, 0.278273, 0.21217358, 0.29852834, 0.2723114, 0.24508834, 0.24354947, 0.27283475, 0.27203223], "std": [0.03560831, 0.1070521, 0.021028515, 0.05002565, 0.025610726, 0.05454343, 0.061396033, 0.07737397, 0.06494499, 0.026124487, 0.047333494, 0.058469385, 0.057483185, 0.040032897, 0.033960585, 0.07703785, 0.07833378, 0.063099414, 0.09063654, 0.026656516, 0.043897077, 0.048989605, 0.04125713, 0.054985862, 0.052417226, 0.053074542, 0.021800948, 0.046889793, 0.04321868, 0.033051852, 0.04949905, 0.020318551, 0.026998477, 0.06294168, 0.055066604, 0.056030467, 0.04576255, 0.046891235, 0.038447388, 0.05729917, 0.04076005, 0.079052135, 0.08629126, 0.08990405, 0.046555214, 0.054658547, 0.055047482, 0.05844291, 0.03196792, 0.054915566], "var": [1.0, 1.0, 1.0, 1.0, 1.0, 1.0, 1.0, 1.0, 1.0, 1.0, 1.0, 1.0, 1.0, 1.0, 1.0, 1.0, 1.0, 1.0, 1.0, 1.0, 1.0, 1.0, 1.0, 1.0, 1.0, 1.0, 1.0, 1.0, 1.0, 1.0, 1.0, 1.0, 1.0, 1.0, 1.0, 1.0, 1.0, 1.0, 1.0, 1.0, 1.0, 1.0, 1.0, 1.0, 1.0, 1.0, 1.0, 1.0, 1.0, 1.0], "best": [0.30476192, 0.45555556, 0.3531746, 0.33201057, 0.28869048, 0.31587306, 0.38531744, 0.38908246, 0.3556231, 0.31456587, 0.30059525, 0.34039938, 0.3541316, 0.31467184, 0.3485119, 0.3992802, 0.3174431, 0.3826531, 0.442674, 0.2939827, 0.34195402, 0.31787667, 0.3170015, 0.3463659, 0.33672488, 0.3538916, 0.3078209, 0.37863252, 0.32933566, 0.31746033, 0.34425285, 0.30727515, 0.3099099, 0.35826477, 0.35170066, 0.39355603, 0.29843572, 0.34187344, 0.30072084, 0.37886906, 0.32977226, 0.3596247, 0.3677489, 0.3532066, 0.39013875, 0.35040292, 0.3044205, 0.34514144, 0.31526917, 0.34003714], "duration": [12603, 12796, 13266, 13582, 12768, 12527, 13471, 12746, 12486, 11356, 12534, 12659, 13117, 12907, 12628, 12390, 12563, 12643, 17488, 11913, 12702, 13182, 12567, 12699, 7834, 12022, 12416, 13101, 12560, 12505, 12111, 12679, 12883, 12786, 13170, 12716, 11995, 12565, 7645, 12573, 12628, 12704, 12758, 12688, 12619, 12513, 12401, 9338, 12610, 13544]}