{"avg": [0.35333332, 0.36166668, 0.34666666, 0.34666666, 0.345, 0.33833334, 0.32666665, 0.32166666, 0.33166668, 0.325, 0.33166668, 0.325, 0.33166668, 0.32833335, 0.32833335, 0.325, 0.33166668, 0.32666665, 0.32666665, 0.32666665, 0.32, 0.315, 0.31666666, 0.31666666, 0.31833333], "std": [0.22395438, 0.22460447, 0.21753672, 0.2287405, 0.23214585, 0.22571494, 0.22350748, 0.21858753, 0.22078775, 0.21937402, 0.21889244, 0.22314039, 0.2150517, 0.22010727, 0.22755341, 0.2268442, 0.22821167, 0.23442608, 0.225364, 0.22536398, 0.22934686, 0.22990935, 0.22298494, 0.22852194, 0.23433718], "var": [0.9866667, 0.9866667, 0.98, 0.98, 0.97333336, 0.96666664, 0.9533333, 0.94, 0.93333334, 0.93333334, 0.9266667, 0.9266667, 0.9266667, 0.92, 0.91333336, 0.91333336, 0.9066667, 0.9, 0.88666666, 0.88, 0.87333333, 0.8666667, 0.86, 0.85333335, 0.84], "best": [0.75, 0.75, 0.75, 0.75, 0.75, 0.75, 0.75, 0.75, 0.75, 0.75, 0.75, 0.75, 0.75, 0.75, 0.75, 0.75, 0.75, 0.75, 0.75, 0.75, 0.75, 0.75, 0.75, 0.75, 0.75], "duration": [35752, 35537, 35393, 35663, 35448, 35424, 35053, 35470, 35616, 35126, 35204, 35217, 35345, 35238, 35634, 34912, 35201, 35397, 34869, 34824, 34790, 34581, 34351, 34167, 34237]}