{"avg": [0.14814815, 0.12348393, 0.124894395, 0.22964251, 0.20229313, 0.16025974, 0.23355672, 0.17661414, 0.22631001, 0.17432094, 0.18492103, 0.21394135, 0.17634805, 0.18047804, 0.2612091, 0.28850707, 0.20401785, 0.25517392, 0.30860895, 0.26952475, 0.21612988, 0.28406668, 0.28964835, 0.24582571, 0.22254387, 0.30691937, 0.30778474, 0.34262788, 0.3815705, 0.37790385, 0.23715335, 0.32438985, 0.24416573, 0.4022141, 0.3472864, 0.31619275, 0.2974848, 0.3220619, 0.26013565, 0.19758174, 0.35318756, 0.29900485, 0.35093084, 0.2990997, 0.39349842, 0.36537775, 0.39088792, 0.4012346, 0.39498624, 0.33003128], "std": [0.18571353, 0.18531275, 0.18528444, 0.1989279, 0.20234774, 0.19636485, 0.19924024, 0.20031275, 0.19967046, 0.20136747, 0.1997797, 0.20175698, 0.2000445, 0.20184922, 0.19481224, 0.18639119, 0.20411672, 0.19776337, 0.17833193, 0.19923931, 0.20392688, 0.19170196, 0.1932824, 0.20598541, 0.20626992, 0.18374364, 0.18581717, 0.1651376, 0.12791814, 0.13858467, 0.21258402, 0.18775451, 0.21562037, 0.1131567, 0.17449243, 0.19152178, 0.20121178, 0.1948626, 0.21801649, 0.2240623, 0.17735402, 0.21215554, 0.18467894, 0.21221529, 0.15510659, 0.17114761, 0.16082975, 0.14784838, 0.14657314, 0.21327206], "var": [1.0, 0.98, 0.94, 0.9, 0.9, 0.9, 0.88, 0.88, 0.88, 0.86, 0.84, 0.82, 0.82, 0.8, 0.8, 0.78, 0.78, 0.78, 0.78, 0.76, 0.76, 0.74, 0.72, 0.7, 0.68, 0.66, 0.66, 0.66, 0.64, 0.64, 0.62, 0.62, 0.58, 0.56, 0.54, 0.58, 0.58, 0.58, 0.56, 0.56, 0.52, 0.5, 0.48, 0.46, 0.42, 0.4, 0.4, 0.4, 0.38, 0.38], "best": [0.3809524, 0.41243386, 0.41105995, 0.41073963, 0.4148322, 0.41774893, 0.41682196, 0.4136851, 0.41717288, 0.41684985, 0.40834093, 0.41330537, 0.41428575, 0.41592777, 0.41835812, 0.42038503, 0.4234127, 0.42311656, 0.42320594, 0.42539683, 0.42858648, 0.4278586, 0.4290476, 0.431182, 0.4332331, 0.43438753, 0.4309524, 0.4355972, 0.438364, 0.44142756, 0.44400796, 0.44507554, 0.44710025, 0.44831088, 0.4511117, 0.45173356, 0.4537747, 0.4548507, 0.4563243, 0.4565687, 0.45775488, 0.45946184, 0.46184063, 0.46428573, 0.466, 0.4681785, 0.46947697, 0.47147965, 0.4733945, 0.4745849], "duration": [1497, 1065, 1095, 1077, 1126, 1073, 1245, 1087, 1178, 990, 1008, 1080, 1266, 1497, 1056, 1077, 1064, 1088, 1089, 1241, 1407, 1104, 1047, 1058, 1050, 1236, 1244, 1052, 1392, 1242, 1074, 1256, 1248, 1090, 1077, 1048, 1076, 1051, 1056, 1104, 1092, 1323, 1081, 1088, 1052, 1423, 1098, 1085, 1043, 1115]}