{"avg": [0.24805553, 0.27957404, 0.28621346, 0.2793975, 0.28068432, 0.28093016, 0.29757887, 0.3085992, 0.3016594, 0.3161967, 0.296884, 0.28399882, 0.30856717, 0.3243121, 0.2914565, 0.28250942, 0.28800428, 0.29709205, 0.2933483, 0.28941825, 0.31078956, 0.30658188, 0.3057129, 0.30734915, 0.320882, 0.3206771, 0.31929857, 0.29432374, 0.3258129, 0.32325143, 0.35029256, 0.3311252, 0.33433956, 0.32802874, 0.32712525, 0.31041968, 0.3192108, 0.33504128, 0.36942765, 0.35291794, 0.3396812, 0.33206007, 0.329301, 0.3666887, 0.3625773, 0.38119286, 0.36518547, 0.36528882, 0.38462225, 0.35730934], "std": [0.08358111, 0.07094504, 0.047984827, 0.048879027, 0.07037692, 0.07276827, 0.04977122, 0.047561564, 0.07388494, 0.06222711, 0.060109552, 0.0436709, 0.062983975, 0.05202306, 0.06761946, 0.06994729, 0.07516704, 0.062560484, 0.053950917, 0.07300727, 0.050695326, 0.07082936, 0.057347674, 0.042575978, 0.056216788, 0.04785681, 0.05612968, 0.07226037, 0.040006753, 0.06412001, 0.042678155, 0.063692115, 0.06662988, 0.08445947, 0.04597459, 0.054013148, 0.046466257, 0.0475049, 0.05024558, 0.05795157, 0.079341374, 0.064203545, 0.0753927, 0.063698664, 0.061229732, 0.07014508, 0.061085653, 0.0661926, 0.062744595, 0.068977825], "var": [0.98, 0.98, 0.98, 0.96, 0.94, 0.94, 0.92, 0.92, 0.88, 0.88, 0.88, 0.86, 0.84, 0.82, 0.82, 0.8, 0.8, 0.8, 0.8, 0.78, 0.78, 0.74, 0.74, 0.74, 0.74, 0.72, 0.7, 0.68, 0.68, 0.68, 0.68, 0.7, 0.7, 0.7, 0.68, 0.7, 0.7, 0.7, 0.68, 0.7, 0.68, 0.64, 0.64, 0.6, 0.62, 0.58, 0.58, 0.54, 0.5, 0.46], "best": [0.41666666, 0.44555557, 0.35027775, 0.34413263, 0.43835977, 0.43943092, 0.38653198, 0.38926554, 0.43790123, 0.43947366, 0.34984937, 0.3449074, 0.43843535, 0.43915093, 0.377193, 0.3918033, 0.43820512, 0.43945456, 0.34965277, 0.3914754, 0.43948475, 0.3934739, 0.39714286, 0.39872846, 0.3988686, 0.43975, 0.4019231, 0.40923664, 0.40346125, 0.4109683, 0.41264156, 0.4390261, 0.4396825, 0.44028315, 0.4169403, 0.3870438, 0.41640767, 0.42833328, 0.42913866, 0.4415439, 0.4303609, 0.42047104, 0.43023518, 0.43509874, 0.43658683, 0.4438708, 0.43594182, 0.44588423, 0.44684863, 0.44791397], "duration": [43018, 39857, 52766, 38050, 49585, 47768, 45705, 38539, 44788, 39767, 37388, 38214, 45756, 39633, 44883, 38482, 38685, 39600, 39041, 38566, 45916, 45838, 39065, 38265, 39500, 39120, 38962, 38443, 38798, 39619, 39264, 39588, 39708, 39101, 38410, 38878, 39153, 39709, 40231, 40087, 39854, 39447, 39959, 40101, 39980, 40095, 39878, 40066, 39626, 39663]}