{"avg": [0.26740742, 0.29762962, 0.302807, 0.29844508, 0.2997633, 0.302989, 0.32045898, 0.32902408, 0.31915227, 0.32596827, 0.32127374, 0.32299215, 0.3452463, 0.33216122, 0.3247884, 0.32868436, 0.34592146, 0.32579473, 0.3579029, 0.35898602, 0.36356264, 0.37111285, 0.36129564, 0.3679528, 0.36887372, 0.39136672, 0.3601128, 0.37914437, 0.35465094, 0.3714328, 0.37823027, 0.39434776, 0.3882257, 0.3639841, 0.3969398, 0.38843662, 0.3909927, 0.41588104, 0.38324687, 0.41862914, 0.35828537, 0.4101878, 0.3843769, 0.42248762, 0.39183098, 0.42784122, 0.41442397, 0.40322638, 0.41280133, 0.40213645], "std": [0.09049171, 0.078303896, 0.049306244, 0.043706022, 0.073673464, 0.0817296, 0.052388594, 0.049192626, 0.08440486, 0.07431089, 0.08076922, 0.08141064, 0.05381986, 0.07395119, 0.084924914, 0.06007113, 0.067227714, 0.061285302, 0.07096713, 0.08557586, 0.076193884, 0.07135609, 0.07059077, 0.060444493, 0.08241326, 0.07334963, 0.05688693, 0.068459734, 0.07371008, 0.07116234, 0.07148855, 0.06392399, 0.06944243, 0.08768237, 0.06535148, 0.07043164, 0.07421248, 0.076652445, 0.06950356, 0.06561159, 0.07100519, 0.07842808, 0.07420076, 0.070175156, 0.06156439, 0.08122425, 0.08965586, 0.09533456, 0.070323646, 0.073571905], "var": [0.98, 0.98, 0.98, 0.96, 0.94, 0.94, 0.92, 0.92, 0.92, 0.9, 0.9, 0.88, 0.88, 0.84, 0.82, 0.8, 0.8, 0.78, 0.76, 0.76, 0.76, 0.74, 0.76, 0.72, 0.7, 0.68, 0.66, 0.66, 0.66, 0.64, 0.68, 0.68, 0.66, 0.66, 0.66, 0.64, 0.64, 0.66, 0.66, 0.66, 0.62, 0.58, 0.56, 0.58, 0.56, 0.56, 0.54, 0.56, 0.54, 0.54], "best": [0.44999996, 0.47888887, 0.37666664, 0.37052152, 0.47169307, 0.47276422, 0.41430977, 0.41704333, 0.47123453, 0.47333333, 0.47357723, 0.47485873, 0.47542953, 0.47580126, 0.47637033, 0.47831237, 0.47874013, 0.4263018, 0.47878787, 0.4812568, 0.4839525, 0.48617646, 0.48816153, 0.48853043, 0.4884747, 0.48938635, 0.44400692, 0.48983178, 0.49056044, 0.4903997, 0.4905405, 0.49136543, 0.49263564, 0.49387944, 0.4949939, 0.4962633, 0.4968281, 0.49786755, 0.50021785, 0.5002385, 0.46162793, 0.50123924, 0.50294113, 0.5029496, 0.504507, 0.50474215, 0.50633734, 0.50805736, 0.5092208, 0.50949043], "duration": [42769, 39557, 52439, 42683, 49564, 47582, 45305, 38953, 38929, 39048, 38642, 38859, 39173, 38588, 45674, 39065, 44771, 44827, 45842, 45544, 52134, 46053, 38796, 39421, 39624, 39433, 45219, 45732, 38979, 39713, 45893, 45565, 39207, 38190, 39109, 39302, 39217, 45961, 39158, 39569, 45460, 52392, 38868, 39747, 39528, 45696, 39370, 39807, 39375, 39600]}