{"avg": [0.25230768, 0.28463814, 0.29203328, 0.28763923, 0.28795493, 0.2868502, 0.30309844, 0.31239104, 0.30399114, 0.30495483, 0.30610356, 0.32575947, 0.28430474, 0.31747708, 0.30404145, 0.32459155, 0.2876927, 0.2870421, 0.32520407, 0.30863783, 0.32700813, 0.35302228, 0.34367245, 0.34919, 0.34891132, 0.34454328, 0.35665062, 0.4003441, 0.3516703, 0.3535921, 0.37623826, 0.37989986, 0.3546235, 0.403235, 0.35207665, 0.3705367, 0.3747381, 0.3850887, 0.40425122, 0.37403914, 0.3862877, 0.36319095, 0.37315467, 0.4019019, 0.40882507, 0.3966336, 0.41269118, 0.4161617, 0.41943124, 0.3935947], "std": [0.08668943, 0.07364097, 0.0491125, 0.042871702, 0.070396446, 0.07552617, 0.056917083, 0.04750054, 0.07995513, 0.072750375, 0.07627023, 0.05667537, 0.069850914, 0.08781126, 0.096711025, 0.06556224, 0.077758186, 0.06742978, 0.047238123, 0.074511744, 0.06619003, 0.051280912, 0.077096015, 0.04384109, 0.06526054, 0.07320308, 0.0765723, 0.064909205, 0.073900245, 0.06630384, 0.06369769, 0.07633602, 0.06435005, 0.06229478, 0.06700946, 0.075699724, 0.053115863, 0.06546063, 0.072790444, 0.08252858, 0.09302901, 0.08775199, 0.096531175, 0.08319094, 0.08389693, 0.07515878, 0.082797706, 0.08125386, 0.08020909, 0.09617055], "var": [0.98, 0.98, 0.98, 0.96, 0.94, 0.94, 0.92, 0.92, 0.92, 0.9, 0.9, 0.88, 0.88, 0.86, 0.86, 0.84, 0.82, 0.82, 0.8, 0.8, 0.78, 0.78, 0.76, 0.76, 0.74, 0.72, 0.7, 0.7, 0.7, 0.7, 0.7, 0.7, 0.7, 0.68, 0.68, 0.66, 0.64, 0.64, 0.6, 0.58, 0.58, 0.54, 0.52, 0.52, 0.5, 0.46, 0.42, 0.4, 0.36, 0.38], "best": [0.42820513, 0.45709404, 0.35957265, 0.35086343, 0.44989824, 0.45096937, 0.3942243, 0.39695784, 0.4491928, 0.45131624, 0.45157912, 0.45287558, 0.38214383, 0.4526496, 0.4546063, 0.45501068, 0.3895241, 0.40354088, 0.45496407, 0.45509037, 0.4460096, 0.45533228, 0.45696703, 0.45808706, 0.4585794, 0.46003845, 0.45328525, 0.46130538, 0.465075, 0.46598777, 0.46684632, 0.4683286, 0.4707316, 0.4714484, 0.47367105, 0.47420514, 0.4752016, 0.476086, 0.47753623, 0.47970054, 0.48090354, 0.48295227, 0.48347494, 0.4851085, 0.48704574, 0.48973998, 0.49122956, 0.49374568, 0.4955332, 0.49771786], "duration": [43073, 39895, 52776, 43064, 50079, 47854, 45896, 38800, 38479, 39547, 38864, 39536, 51749, 45904, 39324, 38184, 39045, 38497, 39939, 39041, 39576, 39541, 39872, 39535, 39311, 40003, 39499, 39925, 38953, 39675, 39930, 40246, 40256, 39978, 47055, 39998, 39393, 40291, 40255, 39556, 40530, 39829, 39653, 40533, 39770, 40133, 54040, 47218, 40180, 47042]}