{"avg": [0.94666666, 0.94666666, 0.94666666, 0.94666666, 0.94666666, 0.94666666, 0.94666666, 0.94666666, 0.94666666, 0.94, 0.94, 0.94, 0.94, 0.94, 0.94, 0.94, 0.94, 0.94, 0.94, 0.94, 0.94, 0.94, 0.94, 0.94, 0.94], "std": [0.22469717, 0.22469717, 0.22469717, 0.22469716, 0.22469717, 0.22469717, 0.22469716, 0.22469716, 0.22469716, 0.23748696, 0.23748696, 0.23748696, 0.23748696, 0.23748696, 0.23748696, 0.23748696, 0.23748696, 0.23748696, 0.23748696, 0.23748696, 0.23748696, 0.23748696, 0.23748696, 0.23748696, 0.23748696], "var": [0.9866667, 0.98, 0.98, 0.97333336, 0.96666664, 0.9533333, 0.9533333, 0.94666666, 0.93333334, 0.9266667, 0.91333336, 0.91333336, 0.91333336, 0.9066667, 0.91333336, 0.9066667, 0.91333336, 0.9066667, 0.9, 0.9066667, 0.9066667, 0.9, 0.8933333, 0.8933333, 0.88], "best": [1.0, 1.0, 1.0, 1.0, 1.0, 1.0, 1.0, 1.0, 1.0, 1.0, 1.0, 1.0, 1.0, 1.0, 1.0, 1.0, 1.0, 1.0, 1.0, 1.0, 1.0, 1.0, 1.0, 1.0, 1.0], "duration": [55944, 55624, 56546, 56867, 55477, 56352, 56858, 56285, 56022, 55348, 55838, 54882, 55030, 57360, 56601, 55811, 56284, 57512, 55724, 55682, 55545, 56564, 56759, 57044, 57096]}