{"avg": [0.26031747, 0.30124718, 0.28433496, 0.31415838, 0.29455227, 0.2870984, 0.3150382, 0.28441358, 0.29263636, 0.3311133, 0.3331678, 0.3417415, 0.32761467, 0.33518285, 0.3063012, 0.32796955, 0.3189268, 0.2777087, 0.32399005, 0.31521943, 0.3184253, 0.3327662, 0.3213858, 0.32285097, 0.32961684, 0.33194062, 0.33629853, 0.31917232, 0.38428858, 0.33598572, 0.3397959, 0.31438404, 0.33188206, 0.34120607, 0.32343873, 0.31803748, 0.33500805, 0.3059938, 0.32001176, 0.34031832, 0.3549699, 0.33846498, 0.34475088, 0.363063, 0.3268855, 0.36695307, 0.37727818, 0.35195836, 0.36435702, 0.36510965], "std": [0.08539034, 0.052320644, 0.052361768, 0.055667993, 0.049501017, 0.04980483, 0.056255065, 0.078069754, 0.069709525, 0.054505974, 0.05560028, 0.030858316, 0.0536282, 0.04895518, 0.06885672, 0.058317333, 0.05172123, 0.07668917, 0.0761517, 0.06712895, 0.05464456, 0.045027945, 0.066584274, 0.08859046, 0.058362473, 0.07158782, 0.089945085, 0.092792235, 0.040962953, 0.064078525, 0.093677945, 0.095266156, 0.06353109, 0.066630945, 0.09441343, 0.099461176, 0.064534046, 0.09612954, 0.0945438, 0.06040402, 0.04453993, 0.06381848, 0.0717816, 0.06778386, 0.08019851, 0.068765186, 0.054444857, 0.06973118, 0.071554646, 0.06349607], "var": [1.0, 1.0, 0.98, 0.98, 0.96, 0.94, 0.92, 0.88, 0.88, 0.86, 0.86, 0.82, 0.82, 0.84, 0.82, 0.82, 0.8, 0.78, 0.76, 0.78, 0.76, 0.76, 0.74, 0.7, 0.7, 0.68, 0.68, 0.68, 0.72, 0.74, 0.76, 0.72, 0.7, 0.7, 0.68, 0.68, 0.66, 0.64, 0.64, 0.62, 0.6, 0.6, 0.6, 0.6, 0.58, 0.56, 0.6, 0.6, 0.62, 0.62], "best": [0.4333333, 0.3847619, 0.36600986, 0.4484848, 0.36252925, 0.35885713, 0.44962963, 0.36384478, 0.39317998, 0.45037034, 0.45143485, 0.37539205, 0.39445746, 0.45170066, 0.39809075, 0.45240173, 0.40079045, 0.3825518, 0.40165034, 0.41382754, 0.40281388, 0.40348327, 0.40392408, 0.40485528, 0.4054148, 0.45314384, 0.453598, 0.38992062, 0.45391703, 0.45540738, 0.45581725, 0.42156222, 0.4565188, 0.40449324, 0.45700756, 0.45730886, 0.40783224, 0.4583045, 0.42425773, 0.40058944, 0.3974266, 0.45792177, 0.40846244, 0.45848036, 0.45889688, 0.45915493, 0.42845353, 0.4301224, 0.4593667, 0.45969892], "duration": [43021, 39726, 42962, 46419, 39340, 45542, 39849, 38306, 38775, 39197, 46220, 39207, 39506, 39644, 45365, 52383, 39652, 39512, 39256, 38856, 39703, 39511, 38930, 40157, 39587, 39509, 40043, 39287, 40127, 38827, 39811, 38924, 38933, 39601, 39676, 38842, 39192, 45960, 52763, 45725, 45853, 39548, 40035, 39650, 39693, 39487, 45919, 38994, 45937, 39310]}