{"avg": [0.25659862, 0.2830023, 0.29008955, 0.28408995, 0.2863707, 0.2913975, 0.30246288, 0.31583413, 0.30225146, 0.31869778, 0.3101811, 0.28889862, 0.31753477, 0.32123926, 0.2997026, 0.31618196, 0.33016133, 0.32425183, 0.3486281, 0.34112245, 0.30861166, 0.317073, 0.33240402, 0.32335046, 0.3446824, 0.3381568, 0.3210691, 0.3573608, 0.342065, 0.35358053, 0.3444312, 0.3398496, 0.33979243, 0.34762487, 0.3546576, 0.36173993, 0.4046029, 0.3470929, 0.36835063, 0.34232214, 0.3506174, 0.37206885, 0.3626928, 0.36045876, 0.38176948, 0.39505607, 0.37825412, 0.36876285, 0.376213, 0.3917869], "std": [0.08566395, 0.074383736, 0.04823852, 0.045673758, 0.07296304, 0.07496799, 0.05038712, 0.04780308, 0.08051485, 0.064750746, 0.07501323, 0.06232737, 0.039992355, 0.061633475, 0.07139104, 0.054518797, 0.040828, 0.049411528, 0.06262666, 0.07307708, 0.05552252, 0.06394099, 0.06929535, 0.074823596, 0.064143404, 0.04737785, 0.05801398, 0.06748973, 0.0552252, 0.06523494, 0.055270325, 0.07194271, 0.058801, 0.06175516, 0.06673261, 0.05371417, 0.04278427, 0.05986111, 0.06822019, 0.06180676, 0.05988129, 0.07681834, 0.049065474, 0.07568066, 0.056504242, 0.061821677, 0.074995935, 0.060879063, 0.074805215, 0.05613216], "var": [0.98, 0.98, 0.98, 0.96, 0.94, 0.94, 0.92, 0.92, 0.92, 0.9, 0.9, 0.88, 0.88, 0.86, 0.84, 0.82, 0.8, 0.8, 0.82, 0.8, 0.78, 0.76, 0.76, 0.74, 0.74, 0.72, 0.74, 0.74, 0.72, 0.7, 0.7, 0.68, 0.68, 0.64, 0.6, 0.62, 0.6, 0.6, 0.62, 0.62, 0.6, 0.6, 0.6, 0.56, 0.54, 0.52, 0.52, 0.54, 0.54, 0.56], "best": [0.42857143, 0.45333335, 0.35891157, 0.3536443, 0.44716552, 0.44808364, 0.39253762, 0.39488068, 0.4467725, 0.44799998, 0.44843206, 0.36212382, 0.37769827, 0.44780222, 0.4487619, 0.44937238, 0.39868233, 0.4015513, 0.44985014, 0.45302108, 0.4541166, 0.41965947, 0.45496368, 0.45582655, 0.45610118, 0.42522088, 0.4561882, 0.45661375, 0.45816556, 0.4583824, 0.45911536, 0.45951897, 0.4306843, 0.45979938, 0.45971164, 0.46091166, 0.4615917, 0.4231774, 0.46290398, 0.46353266, 0.46414176, 0.46438327, 0.46539682, 0.46593723, 0.46650526, 0.46702233, 0.46800694, 0.4696476, 0.46983305, 0.47101107], "duration": [43219, 39984, 52827, 43014, 49934, 47898, 45791, 38847, 38949, 39348, 39100, 38907, 39324, 39034, 45924, 39486, 45581, 45487, 46643, 39077, 51621, 39906, 39227, 39263, 39129, 39127, 39136, 39694, 39431, 45676, 46702, 38871, 39424, 45899, 40152, 46384, 40002, 38752, 46921, 52670, 39611, 39008, 46154, 39411, 40007, 46632, 40324, 40311, 40231, 46689]}