{"avg": [0.45999995, 0.4577777, 0.4577777, 0.45999995, 0.46444443, 0.45777777, 0.45777777, 0.45555547, 0.45555553, 0.45777777, 0.45555553, 0.46222225, 0.4622222, 0.45777777, 0.45999995, 0.45999995, 0.4577777, 0.45999995, 0.4622222, 0.4577777, 0.45111105, 0.45333323, 0.4488888, 0.44888875, 0.451111], "std": [0.22987936, 0.2294813, 0.2294813, 0.22987936, 0.2337985, 0.23584874, 0.23584874, 0.23544042, 0.23544034, 0.23584874, 0.23544034, 0.2397119, 0.2397119, 0.23896886, 0.2362361, 0.2362361, 0.23584874, 0.2362361, 0.23660159, 0.23268682, 0.23455776, 0.23814102, 0.23408337, 0.23722665, 0.23769483], "var": [0.99333334, 0.99333334, 0.9866667, 0.97333336, 0.97333336, 0.96666664, 0.96, 0.9533333, 0.94, 0.93333334, 0.9266667, 0.92, 0.92, 0.91333336, 0.91333336, 0.91333336, 0.91333336, 0.9066667, 0.9, 0.88666666, 0.88666666, 0.88666666, 0.87333333, 0.87333333, 0.88666666], "best": [1.0, 1.0, 1.0, 1.0, 1.0, 1.0, 1.0, 1.0, 1.0, 1.0, 1.0, 1.0, 1.0, 1.0, 1.0, 1.0, 1.0, 1.0, 1.0, 1.0, 1.0, 1.0, 1.0, 1.0, 1.0], "duration": [26798, 26457, 26473, 26721, 27028, 26658, 26560, 25043, 25118, 25085, 25146, 25360, 22289, 21808, 24943, 25011, 26476, 26351, 26465, 26339, 24761, 24790, 24952, 23972, 26899]}