{"avg": [0.0, 0.0, 0.0, 0.0, 0.0, 0.0, 0.0, 0.0, 0.0, 0.0, 0.0, 0.032594334, 0.024554403, 0.02465354, 0.026355227, 0.0, 0.0, 0.030495938, 0.02483183, 0.0, 0.022089947, 0.026549866, 0.0, 0.04692437, 0.022233758, 0.023585437, 0.04459449, 0.05367196, 0.028841974, 0.026941, 0.0, 0.020217758, 0.0, 0.026942907, 0.026957821, 0.023802344, 0.026987512, 0.023816794, 0.09345831, 0.029020097, 0.0, 0.05077997, 0.081389256, 0.02721048, 0.05105472, 0.05842177, 0.029248368, 0.07231739, 0.025683127, 0.051375072], "std": [0.0, 0.0, 0.0, 0.0, 0.0, 0.0, 0.0, 0.0, 0.0, 0.0, 0.0, 0.108103186, 0.09509879, 0.09548276, 0.09861224, 0.0, 0.0, 0.10564101, 0.096173264, 0.0, 0.09107919, 0.09934051, 0.0, 0.12850769, 0.09167214, 0.094341755, 0.12613225, 0.1368372, 0.10399122, 0.100804, 0.0, 0.08812715, 0.0, 0.10081114, 0.100866936, 0.09520938, 0.10097802, 0.09526719, 0.17063075, 0.10463344, 0.0, 0.13435118, 0.16277853, 0.101812296, 0.13507807, 0.14310353, 0.10545647, 0.1562234, 0.09947034, 0.13592567], "var": [0.98, 1.0, 1.0, 0.96, 0.96, 0.94, 0.96, 0.98, 0.96, 0.94, 0.94, 0.94, 0.94, 0.94, 0.92, 0.92, 0.92, 0.92, 0.92, 0.92, 0.9, 0.9, 0.9, 0.9, 0.9, 0.9, 0.94, 0.94, 0.92, 0.92, 0.92, 0.9, 0.88, 0.9, 0.9, 0.88, 0.86, 0.86, 0.84, 0.86, 0.86, 0.86, 0.86, 0.82, 0.84, 0.84, 0.86, 0.82, 0.82, 0.82], "best": [0.0, 0.0, 0.0, 0.0, 0.0, 0.0, 0.0, 0.0, 0.0, 0.0, 0.0, 0.39113203, 0.39287046, 0.39445665, 0.3953284, 0.0, 0.0, 0.39644718, 0.39730927, 0.0, 0.39761904, 0.398248, 0.0, 0.39885715, 0.40020764, 0.40095243, 0.4013504, 0.4025397, 0.40378764, 0.404115, 0.0, 0.40435517, 0.0, 0.4041436, 0.40436733, 0.40463984, 0.40481266, 0.4048855, 0.40498602, 0.40628135, 0.0, 0.40623975, 0.40694627, 0.4081572, 0.40843776, 0.4089524, 0.40947714, 0.40979853, 0.41093004, 0.41100058], "duration": [3680, 3709, 3775, 3664, 3682, 3672, 3730, 3673, 4843, 3705, 4326, 3801, 3702, 3968, 4861, 3675, 3715, 3736, 3670, 3702, 5561, 3718, 3646, 4228, 3632, 3608, 5591, 3683, 3660, 4543, 4372, 4337, 3769, 3708, 3698, 3714, 3714, 3747, 3929, 4143, 3744, 3703, 4095, 3694, 4343, 3763, 5037, 3687, 3647, 4805]}