{"avg": [0.30122453, 0.32803628, 0.33563194, 0.33481884, 0.33094642, 0.33353442, 0.35423514, 0.36109227, 0.35287884, 0.35734108, 0.3540797, 0.3570425, 0.37600312, 0.35909942, 0.35696146, 0.36392847, 0.3841792, 0.36081833, 0.3977857, 0.4005996, 0.412475, 0.40168366, 0.3632574, 0.40870747, 0.39848217, 0.38574585, 0.38625854, 0.39120576, 0.38752404, 0.37921354, 0.3874605, 0.3855787, 0.39350477, 0.37959227, 0.40212762, 0.42630106, 0.41909742, 0.42324084, 0.44312522, 0.43052733, 0.4437791, 0.46663558, 0.4610482, 0.43348622, 0.41064963, 0.44024447, 0.43980265, 0.4727384, 0.4258509, 0.4678641], "std": [0.097427115, 0.08552782, 0.055563264, 0.05014028, 0.079150386, 0.08328855, 0.060504004, 0.05589064, 0.0917749, 0.086477056, 0.08760797, 0.08754546, 0.061933134, 0.08637242, 0.096517496, 0.06473421, 0.07081929, 0.07009937, 0.075686865, 0.09422057, 0.085532606, 0.07130071, 0.06509162, 0.090299025, 0.06347952, 0.08639028, 0.06751355, 0.06636589, 0.07224039, 0.06859554, 0.08524721, 0.063344054, 0.07985615, 0.07147549, 0.0742658, 0.073668465, 0.08348354, 0.08192208, 0.08636074, 0.08462568, 0.07221429, 0.056685057, 0.062988065, 0.07257966, 0.08080248, 0.0624435, 0.08188359, 0.08048535, 0.08318705, 0.079229675], "var": [0.98, 0.98, 0.98, 0.96, 0.94, 0.94, 0.92, 0.92, 0.92, 0.9, 0.9, 0.88, 0.88, 0.84, 0.82, 0.8, 0.8, 0.78, 0.76, 0.76, 0.76, 0.72, 0.72, 0.72, 0.7, 0.7, 0.72, 0.74, 0.72, 0.74, 0.72, 0.7, 0.68, 0.66, 0.64, 0.6, 0.58, 0.56, 0.56, 0.54, 0.54, 0.52, 0.52, 0.52, 0.48, 0.46, 0.46, 0.48, 0.46, 0.46], "best": [0.49999997, 0.52476186, 0.4119728, 0.40670553, 0.5185941, 0.5195122, 0.45784375, 0.46018678, 0.518201, 0.52, 0.520209, 0.52130747, 0.52179676, 0.52211535, 0.52260315, 0.52426773, 0.52485937, 0.46801716, 0.5250749, 0.5273536, 0.5297213, 0.53243697, 0.47645038, 0.5330261, 0.47891158, 0.53366333, 0.482449, 0.534076, 0.53446305, 0.5345315, 0.5348214, 0.53522265, 0.53539276, 0.5353069, 0.5351607, 0.5356248, 0.5366849, 0.5373999, 0.53944457, 0.5416628, 0.5425218, 0.5434007, 0.5443642, 0.54543185, 0.5455357, 0.5457063, 0.54608166, 0.54677415, 0.5480451, 0.54860085], "duration": [42873, 39855, 52725, 42841, 49712, 47755, 45530, 38561, 38422, 39459, 38914, 39255, 39356, 38834, 46179, 39429, 45117, 45373, 46126, 46149, 52794, 39463, 37797, 40125, 45676, 39445, 38326, 39134, 39154, 38958, 39444, 39603, 39580, 45846, 45075, 39683, 39738, 46248, 40155, 46140, 46556, 46070, 40088, 39839, 39603, 39722, 46377, 40145, 39714, 47146]}