{"avg": [0.24805553, 0.27707404, 0.28621346, 0.28534988, 0.282658, 0.28093016, 0.29955253, 0.3085992, 0.3016594, 0.3161967, 0.296884, 0.28634256, 0.30856717, 0.32196835, 0.28911278, 0.28690234, 0.2950299, 0.3053438, 0.28924292, 0.3126594, 0.32323435, 0.28944528, 0.32010368, 0.33219177, 0.29881546, 0.35746288, 0.2942961, 0.27364329, 0.3165196, 0.31739178, 0.31751055, 0.33079717, 0.33164033, 0.31027138, 0.3402695, 0.33704516, 0.32348365, 0.32451254, 0.35015637, 0.35740566, 0.37284124, 0.36157495, 0.3594461, 0.33962578, 0.35322288, 0.34811231, 0.39237872, 0.355515, 0.40291053, 0.38762972], "std": [0.08358111, 0.06985471, 0.047984827, 0.04168662, 0.068068095, 0.07218057, 0.050961293, 0.047561564, 0.07388494, 0.06222711, 0.060109552, 0.039439015, 0.062983975, 0.052830856, 0.070452556, 0.066692695, 0.06956284, 0.056039046, 0.0551943, 0.06098143, 0.04622635, 0.06753396, 0.06400337, 0.054299645, 0.07534055, 0.06273504, 0.064022824, 0.06287675, 0.046048786, 0.06084869, 0.03943974, 0.059594937, 0.06374915, 0.070654504, 0.06395732, 0.050850242, 0.047476605, 0.066366166, 0.06498058, 0.077272415, 0.06898896, 0.067897655, 0.06941125, 0.06742325, 0.06469291, 0.058409363, 0.051716384, 0.08099809, 0.066929504, 0.08488524], "var": [0.98, 0.98, 0.98, 0.96, 0.94, 0.94, 0.92, 0.92, 0.88, 0.88, 0.88, 0.86, 0.84, 0.82, 0.82, 0.8, 0.8, 0.8, 0.82, 0.8, 0.8, 0.78, 0.78, 0.76, 0.74, 0.72, 0.72, 0.74, 0.74, 0.74, 0.74, 0.74, 0.72, 0.72, 0.72, 0.68, 0.68, 0.66, 0.64, 0.6, 0.56, 0.56, 0.58, 0.56, 0.54, 0.52, 0.5, 0.52, 0.54, 0.56], "best": [0.41666666, 0.44555557, 0.35027775, 0.34413263, 0.43835977, 0.43943092, 0.38653198, 0.38926554, 0.43790123, 0.43947366, 0.34984937, 0.3449074, 0.43843535, 0.43915093, 0.377193, 0.3918033, 0.43846154, 0.43981817, 0.34988424, 0.3914754, 0.43990538, 0.3937751, 0.44013408, 0.49269405, 0.44125107, 0.49378672, 0.37621358, 0.39953053, 0.39977273, 0.4946754, 0.4008439, 0.4427891, 0.49584982, 0.44462574, 0.49720147, 0.40332732, 0.36069027, 0.49772468, 0.4981788, 0.4988153, 0.49973753, 0.49230573, 0.5017964, 0.41511628, 0.49446023, 0.4172462, 0.50275147, 0.50371844, 0.5044531, 0.505845], "duration": [43174, 40123, 52800, 42959, 49990, 47840, 45854, 38707, 45151, 40045, 37442, 38828, 46150, 39873, 44826, 38760, 38713, 39820, 39074, 39257, 46354, 39162, 39411, 39947, 39201, 39650, 38730, 37508, 45660, 44887, 38936, 39914, 38346, 38895, 39335, 50438, 39827, 45894, 39727, 39976, 40429, 46807, 52831, 39395, 46041, 52444, 39353, 39294, 40161, 39608]}