{"avg": [0.435, 0.43333334, 0.42833334, 0.42333335, 0.41833332, 0.41833332, 0.42, 0.41333333, 0.40833333, 0.41833332, 0.41333333, 0.41166666, 0.40833333, 0.42, 0.41, 0.41166666, 0.42333335, 0.41, 0.41333333, 0.405, 0.41, 0.405, 0.39833334, 0.40166667, 0.40166667], "std": [0.2149224, 0.21343756, 0.20276551, 0.20604752, 0.2111411, 0.20513548, 0.20477642, 0.20204513, 0.20899892, 0.21310537, 0.19787765, 0.20843996, 0.20497288, 0.20066567, 0.20672043, 0.20843996, 0.20604753, 0.2087263, 0.20813993, 0.21344404, 0.21463147, 0.21731319, 0.2063505, 0.21388593, 0.21582523], "var": [0.99333334, 0.99333334, 0.9866667, 0.98, 0.96666664, 0.9533333, 0.94666666, 0.94666666, 0.93333334, 0.9266667, 0.91333336, 0.91333336, 0.9066667, 0.91333336, 0.9, 0.8933333, 0.8933333, 0.8933333, 0.8933333, 0.88666666, 0.9, 0.88666666, 0.88, 0.87333333, 0.87333333], "best": [1.0, 1.0, 1.0, 1.0, 1.0, 1.0, 1.0, 1.0, 1.0, 1.0, 1.0, 1.0, 1.0, 1.0, 1.0, 1.0, 1.0, 1.0, 1.0, 1.0, 1.0, 1.0, 1.0, 1.0, 1.0], "duration": [30626, 30201, 30301, 30511, 28965, 28842, 27952, 28715, 27989, 30516, 30410, 30513, 28721, 30612, 30307, 28644, 28506, 28510, 28537, 26921, 28824, 29218, 28731, 27487, 28834]}