{"avg": [0.33190477, 0.36226985, 0.36040726, 0.36235422, 0.36025485, 0.36274597, 0.38885283, 0.38426915, 0.3760503, 0.37865964, 0.37904158, 0.36451572, 0.3714845, 0.382285, 0.3629549, 0.39060602, 0.40489078, 0.4219466, 0.41437256, 0.4346232, 0.42789882, 0.40285587, 0.41169497, 0.41816774, 0.4251592, 0.43880576, 0.430751, 0.4284908, 0.43630984, 0.45036644, 0.44350433, 0.4530511, 0.44728965, 0.43876037, 0.42409873, 0.47081652, 0.46789172, 0.4345798, 0.4517986, 0.42170233, 0.4639024, 0.47233462, 0.46759316, 0.4794198, 0.48285785, 0.50115675, 0.4653884, 0.48127487, 0.4916127, 0.51978236], "std": [0.10650978, 0.093096055, 0.062033933, 0.055496503, 0.095000595, 0.09592095, 0.06743153, 0.085389875, 0.048525337, 0.080311, 0.05648232, 0.04667503, 0.08847501, 0.08534034, 0.09085302, 0.08383148, 0.052005634, 0.06731716, 0.05988833, 0.07318948, 0.048500318, 0.05805575, 0.033316344, 0.06311795, 0.030181423, 0.057264723, 0.06925839, 0.05751352, 0.09669839, 0.08889842, 0.07995155, 0.081352316, 0.07508847, 0.07002995, 0.10790289, 0.080881156, 0.079679936, 0.076612644, 0.094664596, 0.08699973, 0.09490434, 0.10226019, 0.07807377, 0.06999445, 0.07045784, 0.06173864, 0.08904144, 0.08614236, 0.07887948, 0.051544566], "var": [0.98, 0.98, 0.98, 0.96, 0.94, 0.94, 0.94, 0.94, 0.92, 0.9, 0.9, 0.9, 0.88, 0.86, 0.84, 0.82, 0.82, 0.82, 0.82, 0.8, 0.8, 0.78, 0.78, 0.74, 0.72, 0.7, 0.68, 0.68, 0.7, 0.72, 0.7, 0.68, 0.68, 0.66, 0.64, 0.66, 0.66, 0.68, 0.68, 0.68, 0.68, 0.68, 0.66, 0.66, 0.68, 0.68, 0.64, 0.62, 0.62, 0.62], "best": [0.55, 0.57166666, 0.44797617, 0.44336733, 0.5662699, 0.56707317, 0.5006133, 0.56739134, 0.49087915, 0.56765735, 0.49376133, 0.44717175, 0.50082123, 0.5660448, 0.5008519, 0.5660173, 0.5044135, 0.56622136, 0.566787, 0.5668919, 0.504424, 0.50599295, 0.45120814, 0.5600446, 0.45337573, 0.56625, 0.5669192, 0.56770074, 0.5679412, 0.56875, 0.57, 0.57278484, 0.5740835, 0.5724359, 0.57298464, 0.57681227, 0.5764015, 0.5165915, 0.57994884, 0.5289617, 0.57741547, 0.5835031, 0.58466256, 0.5794536, 0.5863304, 0.5877493, 0.5843925, 0.5834131, 0.5899799, 0.5906496], "duration": [43127, 40068, 53183, 43061, 45432, 43677, 39721, 38397, 38811, 39120, 38449, 39138, 39230, 38997, 38827, 39301, 45450, 47190, 46586, 40373, 40327, 38591, 39535, 39739, 41210, 46661, 39661, 40449, 40057, 53850, 40010, 39284, 39840, 39903, 46302, 40183, 40040, 41102, 46519, 39480, 40384, 40606, 45935, 40213, 40335, 41595, 39935, 40276, 40022, 40359]}