{"avg": [0.06349207, 0.13253969, 0.13161376, 0.1978836, 0.19580026, 0.13068783, 0.07896826, 0.06525358, 0.09772036, 0.0784127, 0.06537699, 0.19567333, 0.06537115, 0.1964822, 0.065297626, 0.0, 0.06572636, 0.0, 0.13120423, 0.064805195, 0.13095923, 0.19534868, 0.07853423, 0.19532163, 0.19575198, 0.26071158, 0.15732577, 0.06505902, 0.06530962, 0.1301918, 0.13062398, 0.07844974, 0.1309481, 0.0, 0.15656462, 0.06553739, 0.1313588, 0.23495641, 0.13121451, 0.19637896, 0.06556936, 0.065092824, 0.06537453, 0.19605415, 0.2608799, 0.07857509, 0.0, 0.1570058, 0.13050668, 0.098163635], "std": [0.14197257, 0.18746686, 0.18612997, 0.1978865, 0.19580081, 0.18482162, 0.15793651, 0.14591144, 0.16925663, 0.1568254, 0.1461874, 0.19567685, 0.14617434, 0.19648501, 0.14600992, 0.0, 0.14696862, 0.0, 0.1855536, 0.14490883, 0.18520477, 0.1953496, 0.15706846, 0.19532478, 0.19576055, 0.18435393, 0.19268575, 0.14547639, 0.14603676, 0.18412101, 0.18473023, 0.15689948, 0.1851886, 0.0, 0.19175181, 0.14654607, 0.18577038, 0.19184275, 0.1855667, 0.19637936, 0.14661755, 0.14555196, 0.1461819, 0.19605555, 0.18447094, 0.15715018, 0.0, 0.19229607, 0.1845671, 0.1700244], "var": [1.0, 1.0, 1.0, 1.0, 1.0, 1.0, 1.0, 1.0, 1.0, 1.0, 1.0, 1.0, 1.0, 1.0, 1.0, 1.0, 1.0, 1.0, 1.0, 1.0, 1.0, 1.0, 1.0, 1.0, 1.0, 1.0, 1.0, 1.0, 1.0, 1.0, 1.0, 1.0, 1.0, 1.0, 1.0, 1.0, 1.0, 1.0, 1.0, 1.0, 1.0, 1.0, 1.0, 1.0, 1.0, 1.0, 1.0, 1.0, 1.0, 1.0], "best": [0.3809524, 0.40317464, 0.39484128, 0.39761904, 0.3920635, 0.39317462, 0.39484128, 0.39152148, 0.39088145, 0.3920635, 0.39226195, 0.39278033, 0.3922269, 0.3949164, 0.39178574, 0.0, 0.3943582, 0.0, 0.3953755, 0.38883117, 0.39359608, 0.39188135, 0.39267114, 0.39273188, 0.39510107, 0.39267656, 0.39463893, 0.39035413, 0.39185774, 0.3920635, 0.3920635, 0.39224872, 0.39302447, 0.0, 0.39166668, 0.39322436, 0.3951231, 0.392846, 0.3948668, 0.39315477, 0.39341617, 0.39055693, 0.39224717, 0.39291477, 0.39236972, 0.39287546, 0.0, 0.39448252, 0.39327124, 0.39265454], "duration": [409, 339, 329, 329, 341, 348, 338, 365, 365, 337, 346, 352, 331, 327, 338, 324, 328, 337, 333, 339, 333, 340, 330, 328, 329, 333, 336, 348, 357, 368, 348, 348, 368, 364, 333, 343, 332, 349, 341, 410, 358, 342, 1263, 377, 343, 357, 388, 350, 379, 355]}