{"avg": [0.25777778, 0.2896931, 0.29708436, 0.2902818, 0.29136732, 0.29402545, 0.30745852, 0.31193653, 0.31597987, 0.30489457, 0.30796412, 0.30066806, 0.29674825, 0.31484613, 0.306421, 0.28291437, 0.29424283, 0.30970538, 0.33229023, 0.31791544, 0.29346767, 0.32615027, 0.32464653, 0.34907708, 0.34047547], "std": [0.08726752, 0.07409099, 0.04982655, 0.041381273, 0.06961222, 0.073552005, 0.053331554, 0.06677499, 0.047001917, 0.054334205, 0.044365004, 0.05585558, 0.07077075, 0.07075482, 0.056725267, 0.07100021, 0.076263, 0.078685164, 0.057238407, 0.04780393, 0.069426425, 0.081525885, 0.06338073, 0.037760533, 0.047026373], "var": [0.98, 0.98, 0.98, 0.96, 0.94, 0.94, 0.92, 0.92, 0.9, 0.9, 0.86, 0.84, 0.84, 0.84, 0.82, 0.8, 0.8, 0.78, 0.76, 0.76, 0.76, 0.76, 0.76, 0.8, 0.78], "best": [0.4333333, 0.46222222, 0.36396822, 0.3578231, 0.45502642, 0.45609757, 0.40081772, 0.45652172, 0.40556777, 0.4046967, 0.39130434, 0.40519485, 0.3643739, 0.45707318, 0.4058393, 0.40502647, 0.4051224, 0.40569988, 0.40807307, 0.40842986, 0.35160255, 0.4598577, 0.4601173, 0.40793654, 0.4092407], "duration": [43163, 40209, 53072, 43081, 50058, 48043, 39292, 38768, 45284, 39734, 39229, 38762, 39157, 39613, 40066, 38707, 39181, 46263, 39588, 46153, 38804, 38962, 38803, 40527, 39772]}