{"avg": [0.5031057, 0.53278613, 0.537492, 0.53796726, 0.5418194, 0.54873055, 0.5706029, 0.5724272, 0.5750726, 0.5782341, 0.5809902, 0.5851769, 0.58897257, 0.59233385, 0.5977135, 0.60159457, 0.60638887, 0.61008924, 0.61491376, 0.6184207, 0.6229141, 0.6260482, 0.62915385, 0.63197786, 0.63507164, 0.6371437, 0.63915944, 0.64129376, 0.64326835, 0.64509946, 0.64687735, 0.6484607, 0.64987576, 0.6510821, 0.652457, 0.6536916, 0.6548035, 0.6559045, 0.65685254, 0.65788585, 0.6587388, 0.65955234, 0.66040444, 0.6611072, 0.6618503, 0.6625273, 0.66327167, 0.66386026, 0.664572, 0.66522324, 0.6657132, 0.66623807, 0.6667192, 0.66725534, 0.66772485, 0.668267, 0.6687443, 0.6691838, 0.6696281, 0.6699798, 0.6703959, 0.6708162, 0.6712038, 0.67159563, 0.67190933, 0.6722615, 0.67257214, 0.6729038, 0.6732104, 0.6734666, 0.67377096, 0.6740399, 0.6742888, 0.6745693, 0.67485434], "std": [0.1552618, 0.122244455, 0.114619836, 0.117419146, 0.11299793, 0.12737206, 0.002982639, 0.0039374637, 0.0039454265, 0.003902874, 0.0042247474, 0.0036345823, 0.0031991326, 0.0040496127, 0.0035057785, 0.003058327, 0.00462061, 0.0047823074, 0.0023632268, 0.0024491933, 0.00057581346, 0.001321687, 0.0005672432, 0.001496142, 0.0005748254, 0.00067445065, 1.7881393e-07, 1.7881393e-07, 2.3841858e-07, 1.1920929e-07, 0.0, 1.1920929e-07, 5.9604645e-08, 1.1920929e-07, 5.9604645e-08, 1.1920929e-07, 1.1920929e-07, 1.7881393e-07, 1.1920929e-07, 5.9604645e-08, 5.9604645e-08, 1.7881393e-07, 5.9604645e-08, 5.9604645e-08, 1.1920929e-07, 1.7881393e-07, 5.9604645e-08, 5.9604645e-08, 1.1920929e-07, 5.9604645e-08, 5.9604645e-08, 5.9604645e-08, 1.7881393e-07, 0.0, 5.9604645e-08, 1.1920929e-07, 5.9604645e-08, 5.9604645e-08, 0.0, 5.9604645e-08, 1.1920929e-07, 1.7881393e-07, 1.1920929e-07, 5.9604645e-08, 0.0, 1.1920929e-07, 0.0, 1.7881393e-07, 1.7881393e-07, 0.0, 5.9604645e-08, 1.1920929e-07, 1.1920929e-07, 2.3841858e-07, 5.9604645e-08], "var": [1.0, 1.0, 1.0, 0.96, 0.96, 0.96, 0.96, 0.96, 0.96, 0.92, 0.88, 0.84, 0.8, 0.64, 0.6, 0.4, 0.36, 0.32, 0.24, 0.12, 0.12, 0.12, 0.12, 0.08, 0.08, 0.04, 0.04, 0.04, 0.04, 0.04, 0.04, 0.04, 0.04, 0.04, 0.04, 0.04, 0.04, 0.04, 0.04, 0.04, 0.04, 0.04, 0.04, 0.04, 0.04, 0.04, 0.04, 0.04, 0.04, 0.04, 0.04, 0.04, 0.04, 0.04, 0.04, 0.04, 0.04, 0.04, 0.04, 0.04, 0.04, 0.04, 0.04, 0.04, 0.04, 0.04, 0.04, 0.04, 0.04, 0.04, 0.04, 0.04, 0.04, 0.04, 0.04], "best": [0.55102044, 0.564685, 0.5653061, 0.5674706, 0.5690399, 0.7283163, 0.5746509, 0.57719487, 0.57925767, 0.58264244, 0.5860609, 0.5892593, 0.5933107, 0.5975929, 0.60157734, 0.6053425, 0.6094426, 0.61289823, 0.61669666, 0.6200982, 0.6233075, 0.6266238, 0.6293735, 0.63236874, 0.6352071, 0.6373072, 0.6391596, 0.64129394, 0.6432681, 0.64509934, 0.64687735, 0.6484608, 0.6498758, 0.6510822, 0.65245694, 0.6536917, 0.65480363, 0.6559043, 0.6568524, 0.6578859, 0.65873873, 0.65955216, 0.6604045, 0.66110724, 0.6618504, 0.6625275, 0.6632716, 0.6638602, 0.6645721, 0.6652233, 0.66571313, 0.6662381, 0.666719, 0.66725534, 0.6677249, 0.6682669, 0.6687444, 0.66918385, 0.6696281, 0.66997975, 0.67039603, 0.670816, 0.6712039, 0.6715957, 0.67190933, 0.6722616, 0.67257214, 0.6729036, 0.67321056, 0.6734666, 0.673771, 0.67404, 0.6742889, 0.67456955, 0.6748544], "duration": [82785, 62130, 93845, 67276, 68177, 72961, 72662, 77580, 72467, 67251, 87965, 72944, 98489, 83499, 72633, 72385, 67307, 103363, 77610, 67261, 77615, 67580, 88153, 93422, 62769, 88020, 82902, 82803, 87947, 67395, 87973, 87946, 72415, 88286, 77778, 62232, 72400, 68416, 83055, 67717, 93953, 72600, 62070, 88693, 84678, 88097, 67202, 77870, 88039, 62028, 72408, 93414, 98939, 72369, 77592, 83662, 72418, 67224, 62967, 82681, 72387, 104305, 82825, 62069, 82757, 72497, 82904, 82932, 62098, 82970, 84423, 73480, 62219, 93115, 78848]}