{"avg": [0.4980001, 0.5013334, 0.49666673, 0.49733338, 0.49800003, 0.4953334, 0.49466676, 0.49333337, 0.49333343, 0.49066675, 0.49133343, 0.4900001, 0.49133343, 0.49133343, 0.49333343, 0.49266678, 0.4880001, 0.49200016, 0.49466679, 0.48800004, 0.48800018, 0.49066672, 0.4886668, 0.48600012, 0.48400015], "std": [0.13439739, 0.13315986, 0.13136041, 0.1346337, 0.13087912, 0.1292732, 0.131548, 0.13097923, 0.12840907, 0.12876159, 0.1280295, 0.13000001, 0.13462868, 0.13111655, 0.13199325, 0.13119788, 0.12697512, 0.1309045, 0.13255775, 0.13362634, 0.13110812, 0.13132489, 0.13243201, 0.13566129, 0.13320656], "var": [1.0, 0.9866667, 0.9866667, 0.98, 0.97333336, 0.97333336, 0.97333336, 0.97333336, 0.97333336, 0.96, 0.9533333, 0.94666666, 0.93333334, 0.9266667, 0.92, 0.92, 0.92, 0.9066667, 0.9, 0.88666666, 0.87333333, 0.8666667, 0.8666667, 0.86, 0.85333335], "best": [0.9, 0.9, 0.9, 0.9, 0.9, 0.9, 0.9, 0.9, 0.9, 0.9, 0.9, 0.9, 0.9, 0.9, 0.8, 0.9, 0.9, 0.9, 0.9, 0.9, 0.9, 0.9, 0.9, 0.9, 0.9], "duration": [280619, 282151, 281499, 282054, 283169, 285059, 282925, 279990, 283117, 280668, 278170, 277610, 276231, 278227, 276559, 281150, 279876, 277458, 276212, 279817, 276695, 280111, 277461, 276002, 274945]}