{"avg": [0.3352263, 0.3591977, 0.39988658, 0.41730517, 0.4266712, 0.43756956, 0.4522449, 0.4594306, 0.4747581, 0.502425, 0.5136238, 0.51898974, 0.5328114, 0.53253037, 0.5513834, 0.5562302, 0.57824403, 0.607778, 0.6056708, 0.60373384, 0.63380486, 0.65036005, 0.66544497, 0.67302537, 0.6897228, 0.70067805, 0.7050864, 0.70811635, 0.7136804, 0.7142444, 0.7169916, 0.71706766, 0.71944934, 0.71901166, 0.72582114, 0.7208587, 0.7250614, 0.7317846, 0.73359895, 0.73299336, 0.7389996, 0.7403422, 0.7391739, 0.7376898, 0.74162513, 0.742907, 0.7463093, 0.74748206, 0.74578375, 0.74286765, 0.74806905, 0.75124663, 0.7497509, 0.7504183, 0.75139374, 0.7545049, 0.755395, 0.7539508, 0.7568398, 0.7574461, 0.75809455, 0.7563019, 0.7571983, 0.75551707, 0.75356585, 0.75888497, 0.7570033, 0.759734, 0.7549254, 0.75575197, 0.7635498, 0.7550831, 0.7620085, 0.7648718, 0.76529527], "std": [0.101064034, 0.096512005, 0.08820153, 0.05518927, 0.05397808, 0.08925682, 0.05121704, 0.052844927, 0.05406569, 0.036021028, 0.050835755, 0.0381878, 0.04207401, 0.044594433, 0.050368465, 0.04992446, 0.06419717, 0.04420021, 0.06700245, 0.06359421, 0.04309658, 0.04723844, 0.045533445, 0.044131283, 0.031142347, 0.016788866, 0.0110431025, 0.01041531, 0.0009126334, 0.009972234, 0.009981791, 0.014655324, 0.014331387, 0.017462583, 0.010936978, 0.019233117, 0.017139284, 0.009787397, 0.009988463, 0.014080645, 1.7881393e-07, 0.0, 0.010674849, 0.015031433, 0.010430632, 0.010202399, 0.0, 1.1920929e-07, 0.010936975, 0.016495401, 0.010202378, 1.1920929e-07, 0.010674838, 0.010936975, 0.010430623, 1.1920929e-07, 5.9604645e-08, 0.00998846, 5.9604645e-08, 1.1920929e-07, 1.1920929e-07, 0.01067485, 0.009988461, 0.014080619, 0.017139263, 0.010202382, 0.014377621, 0.010674838, 0.017860023, 0.017489206, 0.0, 0.018891161, 0.010674834, 1.1920929e-07, 2.3841858e-07], "var": [1.0, 1.0, 1.0, 1.0, 0.92, 0.96, 1.0, 1.0, 1.0, 0.96, 0.96, 0.96, 1.0, 1.0, 1.0, 1.0, 1.0, 0.92, 0.92, 0.8, 0.8, 0.72, 0.6, 0.52, 0.4, 0.32, 0.24, 0.12, 0.12, 0.12, 0.08, 0.08, 0.08, 0.04, 0.04, 0.04, 0.04, 0.04, 0.04, 0.04, 0.04, 0.04, 0.04, 0.04, 0.04, 0.04, 0.04, 0.04, 0.04, 0.04, 0.04, 0.04, 0.04, 0.04, 0.04, 0.04, 0.04, 0.04, 0.04, 0.04, 0.04, 0.04, 0.04, 0.04, 0.04, 0.04, 0.04, 0.04, 0.04, 0.04, 0.04, 0.04, 0.04, 0.04, 0.04], "best": [0.57551014, 0.58482695, 0.5860544, 0.52494335, 0.5889248, 0.5899402, 0.5911164, 0.5913375, 0.5933451, 0.5950549, 0.5983348, 0.59865177, 0.60182905, 0.6040816, 0.6093949, 0.6112479, 0.6848729, 0.6865848, 0.6890914, 0.691494, 0.6918418, 0.69612044, 0.6988011, 0.7011605, 0.7036332, 0.7063309, 0.70874304, 0.71142703, 0.71403867, 0.71668214, 0.7194642, 0.7220901, 0.7242723, 0.7264282, 0.72839886, 0.7301881, 0.73205847, 0.7338253, 0.7357286, 0.7374462, 0.7389998, 0.7403422, 0.74162275, 0.7428456, 0.7439574, 0.7451333, 0.7463093, 0.74748194, 0.7483617, 0.74925643, 0.7502953, 0.75124675, 0.75219977, 0.7529961, 0.7537262, 0.7545048, 0.75539505, 0.75608015, 0.7568399, 0.757446, 0.75809443, 0.75875074, 0.7593278, 0.7599698, 0.760563, 0.7611114, 0.7616679, 0.7621828, 0.76265895, 0.763099, 0.7635498, 0.76398844, 0.76445735, 0.7648719, 0.7652955], "duration": [92636, 91654, 79431, 79819, 86066, 89830, 102552, 90763, 85163, 80876, 121648, 88350, 107351, 114467, 115190, 83084, 96366, 87958, 95179, 95263, 109121, 94855, 101916, 116019, 108181, 128791, 96541, 129237, 95325, 129518, 102209, 96148, 102627, 88809, 82088, 109388, 143151, 130549, 102072, 116093, 95876, 103016, 82223, 95612, 81963, 109191, 116070, 81603, 88405, 94886, 108695, 81234, 94930, 88131, 101797, 149668, 129084, 102086, 115906, 122525, 95579, 81952, 129681, 95601, 88718, 88798, 95535, 88553, 81980, 95403, 89076, 116079, 96026, 82051, 102405]}