{"avg": [0.013333334, 0.013333334, 0.013333334, 0.013333334, 0.013333334, 0.013333334, 0.013333334, 0.013333334, 0.013333334, 0.013333334, 0.013333334, 0.013333334, 0.013333334, 0.013333334, 0.013333334, 0.013333334, 0.013333334, 0.013333334, 0.013333334, 0.013333334, 0.013333334, 0.013333334, 0.013333334, 0.013333334, 0.013333334], "std": [0.114697605, 0.114697605, 0.114697605, 0.1146976, 0.114697605, 0.114697605, 0.114697605, 0.114697605, 0.1146976, 0.1146976, 0.1146976, 0.1146976, 0.1146976, 0.114697605, 0.114697605, 0.114697605, 0.114697605, 0.114697605, 0.11469761, 0.114697605, 0.114697605, 0.114697605, 0.114697605, 0.114697605, 0.114697605], "var": [0.99333334, 1.0, 0.9866667, 0.98, 0.97333336, 0.96666664, 0.96, 0.96666664, 0.96, 0.9533333, 0.94, 0.9266667, 0.92, 0.91333336, 0.9066667, 0.9, 0.88666666, 0.88666666, 0.88, 0.87333333, 0.8666667, 0.85333335, 0.8466667, 0.84, 0.8466667], "best": [1.0, 1.0, 1.0, 1.0, 1.0, 1.0, 1.0, 1.0, 1.0, 1.0, 1.0, 1.0, 1.0, 1.0, 1.0, 1.0, 1.0, 1.0, 1.0, 1.0, 1.0, 1.0, 1.0, 1.0, 1.0], "duration": [31498, 30848, 31416, 30302, 30915, 30757, 31187, 30540, 31580, 30853, 30642, 33061, 31788, 30918, 32277, 30778, 31880, 31353, 32670, 30969, 31169, 32604, 30700, 31124, 32135]}