{"avg": [0.2015873, 0.19587302, 0.23128042, 0.20179139, 0.22420359, 0.21426485, 0.2069826, 0.27015874, 0.24057375, 0.23708074, 0.25713506, 0.22844711, 0.25073513, 0.21264707, 0.23876286, 0.25665838, 0.23689628, 0.235595, 0.23503344, 0.26834452, 0.25990456, 0.28089058, 0.23473884, 0.24602334, 0.28031582, 0.27852452, 0.27296725, 0.29428798, 0.26493382, 0.27354556, 0.2681756, 0.29632592, 0.2794372, 0.26369065, 0.2915619, 0.30805242, 0.3169423, 0.34686074, 0.28942218, 0.30329946, 0.3098421, 0.33954015, 0.33854038, 0.33157805, 0.32361114, 0.3271631, 0.31868434, 0.34870678, 0.33027628, 0.34704116], "std": [0.10862874, 0.113547504, 0.08476642, 0.102336586, 0.10198397, 0.095260896, 0.08409403, 0.089853846, 0.08760233, 0.081289075, 0.06888154, 0.072051324, 0.07980869, 0.06764179, 0.09230865, 0.057455417, 0.10792835, 0.10025251, 0.114472665, 0.0820238, 0.12831393, 0.10552112, 0.08229017, 0.11076155, 0.10121006, 0.06942389, 0.0723064, 0.0824728, 0.08595806, 0.116473526, 0.08739454, 0.084876336, 0.07734519, 0.101314336, 0.11814014, 0.110808924, 0.09995519, 0.100946, 0.099152274, 0.089115284, 0.08909438, 0.10268031, 0.10856132, 0.11102033, 0.10796658, 0.11897042, 0.10741249, 0.10802125, 0.08544268, 0.118035555], "var": [0.98, 0.98, 0.98, 0.94, 0.94, 0.94, 0.94, 0.94, 0.94, 0.94, 0.92, 0.9, 0.88, 0.86, 0.86, 0.86, 0.84, 0.84, 0.84, 0.82, 0.84, 0.82, 0.82, 0.82, 0.82, 0.8, 0.82, 0.84, 0.82, 0.8, 0.8, 0.8, 0.82, 0.84, 0.84, 0.84, 0.82, 0.84, 0.82, 0.82, 0.82, 0.8, 0.78, 0.8, 0.8, 0.8, 0.8, 0.76, 0.76, 0.72], "best": [0.45238099, 0.48126987, 0.37904763, 0.34968254, 0.47328493, 0.4756266, 0.34835163, 0.47512242, 0.38243565, 0.3509662, 0.3710862, 0.34430826, 0.37936506, 0.37197617, 0.34431645, 0.3595859, 0.47401366, 0.38347933, 0.47379217, 0.47563413, 0.47656396, 0.47740695, 0.38409188, 0.47756824, 0.4784757, 0.38550118, 0.47926006, 0.47914156, 0.47946903, 0.47962737, 0.3788025, 0.47951117, 0.39012802, 0.38397524, 0.47938284, 0.4903123, 0.4818411, 0.49179712, 0.47532904, 0.47601244, 0.4064486, 0.49932447, 0.50009006, 0.49446788, 0.4953202, 0.5005726, 0.50105786, 0.5012628, 0.4781066, 0.4966716], "duration": [8019, 3089, 3043, 17684, 8516, 3083, 2913, 2958, 3361, 2947, 8478, 3046, 3062, 2981, 3003, 7812, 3420, 2900, 2939, 8415, 3035, 3583, 2938, 3482, 7995, 3088, 13755, 8479, 8367, 3048, 3112, 7989, 8394, 7910, 3080, 2992, 7899, 3106, 8462, 12892, 12804, 12861, 8010, 8522, 12895, 8011, 12707, 12884, 22616, 3011]}