{"avg": [0.25350428, 0.28019375, 0.28784978, 0.2881887, 0.28444615, 0.28911272, 0.3012732, 0.31074855, 0.30180186, 0.3057912, 0.30434406, 0.305873, 0.32100943, 0.3117741, 0.30876273, 0.31345996, 0.3250567, 0.31125996, 0.34244266, 0.34484893, 0.35324195, 0.3479808, 0.31073943, 0.3526496, 0.3397828, 0.33375934, 0.33465508, 0.3380307, 0.33318147, 0.32899696, 0.33297658, 0.33306742, 0.34618294, 0.32662603, 0.35017666, 0.36816937, 0.3614134, 0.36246163, 0.38025376, 0.36295387, 0.37486482, 0.40355834, 0.3916473, 0.38127148, 0.35079095, 0.37775046, 0.40566328, 0.4182107, 0.38970476, 0.40852875], "std": [0.082646705, 0.07398241, 0.04722162, 0.037057035, 0.06758672, 0.07243259, 0.048757646, 0.046824057, 0.07876812, 0.073670685, 0.07422817, 0.077061, 0.055679467, 0.07347333, 0.08036618, 0.054685626, 0.06437868, 0.060574077, 0.06429094, 0.08098534, 0.072627746, 0.065562345, 0.05813949, 0.07765961, 0.055680286, 0.074539214, 0.058209773, 0.057084415, 0.061444856, 0.058459662, 0.07448263, 0.054289203, 0.06637091, 0.062344678, 0.061429977, 0.06554757, 0.07504961, 0.07269381, 0.06980948, 0.07464329, 0.07232825, 0.05109343, 0.06407377, 0.060046863, 0.06936477, 0.0640779, 0.06541833, 0.056716625, 0.07496113, 0.060547862], "var": [0.98, 0.98, 0.98, 0.96, 0.94, 0.94, 0.92, 0.92, 0.92, 0.9, 0.9, 0.88, 0.88, 0.84, 0.82, 0.8, 0.8, 0.78, 0.76, 0.76, 0.76, 0.72, 0.72, 0.72, 0.7, 0.7, 0.72, 0.74, 0.72, 0.74, 0.72, 0.7, 0.68, 0.66, 0.64, 0.62, 0.6, 0.58, 0.58, 0.56, 0.56, 0.56, 0.56, 0.56, 0.58, 0.58, 0.56, 0.56, 0.56, 0.56], "best": [0.42051283, 0.44940174, 0.3544444, 0.35086343, 0.44220594, 0.4432771, 0.3916602, 0.39439377, 0.4417474, 0.4438462, 0.4440901, 0.4453716, 0.4459424, 0.44631413, 0.4468832, 0.44882524, 0.44951546, 0.4035292, 0.4497669, 0.4524254, 0.45518777, 0.458356, 0.41336796, 0.4590433, 0.41623935, 0.45978677, 0.42036632, 0.46026817, 0.4607198, 0.46079957, 0.46113786, 0.46160594, 0.46180442, 0.46170422, 0.46153376, 0.46207514, 0.4633119, 0.4641461, 0.4664766, 0.46863714, 0.46970427, 0.4707919, 0.47241974, 0.4737105, 0.47392192, 0.4741623, 0.47473082, 0.47624758, 0.47831985, 0.47940457], "duration": [42805, 39698, 52292, 42636, 49430, 47567, 45287, 38361, 38134, 39155, 38526, 38844, 39183, 38580, 45706, 39205, 44816, 45032, 45650, 45876, 52511, 39425, 37514, 39696, 45353, 39152, 37938, 38899, 38937, 38688, 39014, 39113, 39141, 45415, 44732, 39404, 39470, 45461, 39706, 45623, 46393, 45674, 39272, 39555, 39146, 39371, 46606, 39707, 39711, 46276]}