{"avg": [0.27063495, 0.28138226, 0.26162466, 0.28638768, 0.2900621, 0.26906914, 0.27949, 0.27771384, 0.27312952, 0.3018487, 0.28945643, 0.25085494, 0.26892507, 0.30208653, 0.2956181, 0.29103196, 0.28474623, 0.28369477, 0.2787165, 0.26831126, 0.2874035, 0.29128727, 0.27757147, 0.28564632, 0.29812834, 0.3005691, 0.28932074, 0.2941974, 0.29413483, 0.289692, 0.29880437, 0.3065926, 0.3052713, 0.2983278, 0.2979737, 0.3244721, 0.28168902, 0.29200977, 0.29604658, 0.2917795, 0.28819606, 0.28616065, 0.29445487, 0.32201457, 0.3183968, 0.31932834, 0.3061607, 0.3134988, 0.302715, 0.29563546], "std": [0.065045476, 0.06524912, 0.06678447, 0.038746595, 0.04215817, 0.06928342, 0.048242185, 0.05275566, 0.054660227, 0.037721194, 0.046712104, 0.054038525, 0.044279702, 0.051658064, 0.06260547, 0.07858862, 0.058063854, 0.059516836, 0.06821692, 0.06194444, 0.06825483, 0.049353853, 0.043757074, 0.048166316, 0.03489439, 0.040664602, 0.057812084, 0.042607024, 0.06436272, 0.052302666, 0.050746717, 0.03758765, 0.044964608, 0.058837127, 0.048422497, 0.044391677, 0.0676813, 0.05512284, 0.054615345, 0.059473593, 0.06546188, 0.06768858, 0.03865527, 0.035196137, 0.04827162, 0.04424792, 0.044055652, 0.038236544, 0.05812089, 0.051818524], "var": [0.99333334, 0.9866667, 0.9866667, 0.98, 0.97333336, 0.97333336, 0.96666664, 0.96, 0.96, 0.96, 0.96, 0.9533333, 0.94666666, 0.94666666, 0.94666666, 0.93333334, 0.93333334, 0.93333334, 0.93333334, 0.93333334, 0.9266667, 0.9266667, 0.9266667, 0.92, 0.92, 0.92, 0.9066667, 0.9, 0.88666666, 0.88, 0.88, 0.88, 0.88, 0.87333333, 0.8666667, 0.86, 0.85333335, 0.84, 0.8466667, 0.85333335, 0.8466667, 0.84, 0.84, 0.82666665, 0.82666665, 0.82666665, 0.82666665, 0.82666665, 0.82666665, 0.82666665], "best": [0.39523807, 0.42301586, 0.38137257, 0.38653848, 0.3884058, 0.3738095, 0.3830128, 0.3872222, 0.34378883, 0.35834098, 0.37577522, 0.34436092, 0.31998628, 0.38296297, 0.44449034, 0.4457364, 0.4467391, 0.38299322, 0.4477419, 0.34939024, 0.39617398, 0.37056753, 0.34354094, 0.35996163, 0.38331613, 0.3814043, 0.38251486, 0.36023554, 0.4075735, 0.38423514, 0.36060357, 0.3806492, 0.38548097, 0.39570844, 0.3783476, 0.3858569, 0.44797406, 0.38619423, 0.40774444, 0.4481038, 0.3861314, 0.39631513, 0.38650024, 0.39608338, 0.38695845, 0.3875216, 0.39656422, 0.36251178, 0.4490101, 0.39728215], "duration": [43524, 44179, 42542, 43059, 39270, 39672, 39542, 37723, 38767, 39197, 52400, 42289, 42805, 39575, 44851, 44262, 38009, 40007, 39426, 43489, 45142, 44261, 43953, 38898, 39739, 39297, 38426, 42466, 38717, 49452, 43593, 43704, 39692, 40027, 48110, 43957, 38010, 44186, 40070, 39330, 38614, 39501, 42173, 44302, 44626, 39842, 43608, 43658, 43528, 38969]}