{"avg": [0.24074075, 0.26762962, 0.26450294, 0.2589164, 0.2695767, 0.26636323, 0.2946515, 0.2667165, 0.28314406, 0.26396826, 0.27389792, 0.27232227, 0.26824388, 0.28275898, 0.27279657, 0.29819587, 0.2812141, 0.2807867, 0.2921052, 0.2730393, 0.298517, 0.31158444, 0.30848855, 0.28968912, 0.29421356, 0.31088254, 0.30266887, 0.30624792, 0.3145139, 0.31511113, 0.32372847, 0.30726963, 0.29672676, 0.30559364, 0.32916293, 0.31147757, 0.31853092, 0.32066905, 0.32030538, 0.32954183, 0.337205, 0.33791932, 0.32966575, 0.33110377, 0.3220118, 0.32263795, 0.3543916, 0.3326828, 0.35392684, 0.35093468], "std": [0.07324536, 0.063589305, 0.04493078, 0.04744568, 0.063452676, 0.07124048, 0.040867914, 0.05735184, 0.060339376, 0.03947753, 0.05610861, 0.068549946, 0.070076264, 0.05764554, 0.08091816, 0.048369795, 0.039341833, 0.057692386, 0.028843785, 0.06468332, 0.049875233, 0.046283282, 0.040386874, 0.046104293, 0.05785832, 0.04395924, 0.040368363, 0.0475091, 0.054233957, 0.04054248, 0.039255884, 0.04488693, 0.047858197, 0.04799284, 0.037864305, 0.050822333, 0.0375944, 0.051049568, 0.049298856, 0.051315356, 0.050455038, 0.048130866, 0.054471772, 0.05281304, 0.07560416, 0.07652653, 0.047510102, 0.059416663, 0.049794625, 0.055262946], "var": [0.98, 0.98, 0.98, 0.96, 0.92, 0.9, 0.9, 0.9, 0.9, 0.88, 0.88, 0.86, 0.88, 0.86, 0.86, 0.84, 0.84, 0.84, 0.84, 0.84, 0.82, 0.82, 0.82, 0.84, 0.84, 0.82, 0.8, 0.8, 0.8, 0.76, 0.8, 0.8, 0.76, 0.76, 0.76, 0.76, 0.76, 0.76, 0.76, 0.72, 0.7, 0.7, 0.68, 0.66, 0.64, 0.64, 0.64, 0.64, 0.62, 0.62], "best": [0.38888887, 0.41777778, 0.32666665, 0.32052153, 0.4100529, 0.41111112, 0.36589658, 0.32627118, 0.41037035, 0.3222222, 0.3641599, 0.41011795, 0.3649182, 0.36656132, 0.4098874, 0.4110652, 0.33423424, 0.36987022, 0.33506343, 0.36925316, 0.37098572, 0.41208163, 0.41278097, 0.3725146, 0.37236997, 0.4132086, 0.36715686, 0.37202522, 0.41291633, 0.37357423, 0.37288415, 0.37426534, 0.37477174, 0.37570655, 0.3807547, 0.3770425, 0.38267973, 0.37893316, 0.3793985, 0.37903872, 0.38418666, 0.4118738, 0.38292682, 0.38571784, 0.38708028, 0.38845423, 0.41173008, 0.39139342, 0.39267203, 0.3935161], "duration": [42734, 39502, 52491, 42608, 56330, 42593, 38570, 37686, 38649, 39028, 45029, 39287, 37688, 44764, 38655, 39380, 36912, 44431, 38439, 37674, 38916, 39617, 38963, 44410, 38631, 38671, 38679, 38750, 39533, 45396, 38711, 38812, 39217, 39152, 39258, 45035, 39048, 39548, 38531, 38951, 39608, 39548, 39684, 39715, 39830, 39140, 39818, 39326, 46382, 39685]}