{"avg": [0.27333334, 0.30318516, 0.30748537, 0.30677843, 0.30765802, 0.30854455, 0.32462123, 0.32955554, 0.32857907, 0.31653473, 0.31980446, 0.30924627, 0.310334, 0.32980353, 0.31704375, 0.29188037, 0.3047417, 0.31921718, 0.3464052, 0.3579838, 0.31219283, 0.340677, 0.36474985, 0.32398072, 0.31468776, 0.34328014, 0.34772447, 0.31125098, 0.3411128, 0.33577627, 0.3563011, 0.3410613, 0.3643134, 0.34613883, 0.35107216, 0.3661838, 0.33812284, 0.35148308, 0.34866706, 0.34840482, 0.34222397, 0.36711192, 0.3747586, 0.36539617, 0.37903318, 0.3613384, 0.34827983, 0.34063816, 0.34632847, 0.3692151], "std": [0.090226054, 0.078303896, 0.051755212, 0.045876443, 0.07473447, 0.07781391, 0.057480354, 0.07081267, 0.05090907, 0.052583132, 0.04489758, 0.054599635, 0.07136854, 0.074154854, 0.059575595, 0.06844105, 0.075564526, 0.07938436, 0.056682594, 0.0326098, 0.07721097, 0.08805191, 0.04940085, 0.08565031, 0.0876319, 0.07163424, 0.058893483, 0.07482713, 0.07596276, 0.08106816, 0.059476443, 0.054787707, 0.06213615, 0.06082951, 0.07691263, 0.04321574, 0.06542274, 0.08377889, 0.08201412, 0.06523654, 0.06187468, 0.04735299, 0.06880763, 0.07349004, 0.058035623, 0.07507503, 0.07856075, 0.07522262, 0.068586774, 0.07803076], "var": [0.98, 0.98, 0.98, 0.96, 0.94, 0.94, 0.92, 0.92, 0.9, 0.9, 0.86, 0.84, 0.84, 0.84, 0.82, 0.8, 0.8, 0.78, 0.78, 0.78, 0.8, 0.8, 0.8, 0.76, 0.74, 0.72, 0.72, 0.72, 0.7, 0.7, 0.74, 0.72, 0.72, 0.7, 0.66, 0.68, 0.66, 0.66, 0.64, 0.6, 0.6, 0.6, 0.58, 0.56, 0.58, 0.58, 0.58, 0.56, 0.56, 0.58], "best": [0.45555553, 0.4844444, 0.38222227, 0.3760771, 0.47724864, 0.47831976, 0.41986534, 0.4787439, 0.42461538, 0.40738204, 0.4087647, 0.3840278, 0.3847443, 0.47701892, 0.40940174, 0.3866097, 0.379305, 0.42058083, 0.4258065, 0.4277027, 0.42820513, 0.4750677, 0.47553602, 0.43109247, 0.43179765, 0.4112266, 0.4752563, 0.4343725, 0.43456507, 0.43556547, 0.43548855, 0.43667364, 0.43767536, 0.43954694, 0.47461212, 0.44056377, 0.43231782, 0.44121742, 0.44190636, 0.4426843, 0.44371322, 0.4434533, 0.44476774, 0.44643748, 0.44759127, 0.47482634, 0.4753979, 0.44984126, 0.43133068, 0.4755729], "duration": [42852, 39990, 52711, 42868, 49876, 47855, 39246, 38613, 45036, 39047, 38876, 38099, 38210, 39143, 39348, 38416, 38829, 46005, 39016, 46063, 39056, 45779, 39388, 39178, 38688, 39466, 38767, 44792, 39529, 38968, 39032, 51429, 39500, 39174, 39013, 40000, 39237, 38469, 46407, 39217, 39041, 38873, 39437, 39155, 46112, 39575, 39311, 38931, 39496, 39931]}