{"avg": [0.25777778, 0.2896931, 0.29708436, 0.29300287, 0.29337233, 0.29402545, 0.30863777, 0.320574, 0.31279385, 0.32525286, 0.30525985, 0.29958662, 0.3201743, 0.33420795, 0.3049238, 0.2950869, 0.29211235, 0.3040173, 0.30981463, 0.3247099, 0.3372821, 0.3002331, 0.33793023, 0.3392946, 0.31021902, 0.37121907, 0.30583683, 0.3066965, 0.33446226, 0.33957684, 0.35607776, 0.36449096, 0.33196282, 0.36257023, 0.37051716, 0.35016045, 0.34055084, 0.3709418, 0.35572, 0.3748848, 0.3604505, 0.39234716, 0.37834212, 0.38250852, 0.41137302, 0.37351903, 0.39374128, 0.39796397, 0.34795132, 0.40364432, 0.37169772, 0.41575512, 0.38457045, 0.40129626, 0.4416331, 0.39542857, 0.42024168, 0.40357056, 0.441572, 0.3821581, 0.44508624, 0.41560552, 0.38493866, 0.40417808, 0.43167135, 0.4098045, 0.40431327, 0.390186, 0.41314694, 0.45773426, 0.45233724, 0.4674816, 0.46033823, 0.42798448, 0.43790156], "std": [0.08726752, 0.07409099, 0.04982655, 0.04365753, 0.070916995, 0.073289685, 0.05441407, 0.0491792, 0.07701867, 0.06967578, 0.061064214, 0.04438643, 0.06523052, 0.055016633, 0.070135094, 0.0683831, 0.058399905, 0.041864622, 0.06773999, 0.06352208, 0.04649302, 0.06938125, 0.05761305, 0.057674114, 0.07816714, 0.06465081, 0.07401116, 0.062131185, 0.053856213, 0.0639337, 0.070300505, 0.06674936, 0.071311325, 0.06741333, 0.05535269, 0.078805186, 0.09151074, 0.05167135, 0.06455945, 0.06648754, 0.07862346, 0.052833702, 0.08454742, 0.083657555, 0.049020614, 0.074475616, 0.07609239, 0.079130284, 0.07654376, 0.07829329, 0.08210751, 0.059945952, 0.06240127, 0.06803311, 0.06534945, 0.07068682, 0.062442735, 0.07709158, 0.06948939, 0.09536367, 0.073653474, 0.08282463, 0.09235441, 0.09750162, 0.09197019, 0.09154124, 0.09813464, 0.093600385, 0.09006721, 0.060064055, 0.08109804, 0.06200857, 0.082797915, 0.08945976, 0.09942635], "var": [0.98, 0.98, 0.98, 0.96, 0.94, 0.94, 0.92, 0.92, 0.88, 0.88, 0.88, 0.86, 0.84, 0.82, 0.82, 0.8, 0.8, 0.8, 0.82, 0.8, 0.8, 0.78, 0.78, 0.76, 0.74, 0.72, 0.72, 0.74, 0.72, 0.7, 0.68, 0.68, 0.68, 0.68, 0.64, 0.6, 0.6, 0.58, 0.54, 0.5, 0.48, 0.46, 0.42, 0.42, 0.4, 0.4, 0.42, 0.46, 0.5, 0.52, 0.54, 0.54, 0.54, 0.54, 0.52, 0.52, 0.52, 0.5, 0.48, 0.48, 0.52, 0.52, 0.5, 0.5, 0.5, 0.48, 0.46, 0.48, 0.44, 0.46, 0.46, 0.44, 0.42, 0.44, 0.46], "best": [0.4333333, 0.46222222, 0.36396822, 0.3578231, 0.45502642, 0.45609757, 0.40081772, 0.40355125, 0.45456788, 0.4561403, 0.36167526, 0.36396825, 0.455102, 0.45581758, 0.39028823, 0.40608904, 0.4064652, 0.3587879, 0.4065311, 0.40750977, 0.4545741, 0.40976766, 0.45498082, 0.5103718, 0.45625544, 0.5115749, 0.41582295, 0.41577244, 0.4166342, 0.4179407, 0.5129035, 0.5136978, 0.42482254, 0.5145604, 0.45894077, 0.4299827, 0.51597977, 0.43352973, 0.46025637, 0.46066988, 0.43878627, 0.44074726, 0.5186454, 0.5192938, 0.5202003, 0.46245316, 0.52115965, 0.52179164, 0.46416005, 0.5232572, 0.48129463, 0.49234566, 0.4592273, 0.50904423, 0.52583057, 0.49874282, 0.46760404, 0.52754724, 0.5278807, 0.51830834, 0.5293634, 0.5057911, 0.48892283, 0.52278054, 0.53207105, 0.49144712, 0.5333517, 0.52661616, 0.5342528, 0.5347628, 0.53583527, 0.5370101, 0.5382297, 0.53960943, 0.54018444], "duration": [43043, 39895, 52830, 42932, 49861, 47856, 45792, 38677, 45010, 39839, 37336, 38183, 45883, 39675, 44809, 38575, 38260, 39178, 39635, 39143, 46101, 39016, 39855, 39730, 38862, 39623, 39077, 37559, 39482, 38925, 39617, 39462, 45303, 39139, 39587, 38305, 39368, 38835, 52790, 39588, 38229, 39181, 38791, 46169, 39655, 39908, 39142, 46135, 45071, 39257, 39555, 46322, 45617, 39652, 39344, 38819, 39081, 38749, 46487, 45783, 39325, 39367, 39247, 39241, 39558, 38998, 46199, 38544, 39570, 39146, 39683, 39905, 46315, 38889, 39758]}