{"avg": [0.25968257, 0.2896931, 0.29507932, 0.2930029, 0.29337233, 0.29122433, 0.30663276, 0.320574, 0.30834097, 0.32504535, 0.31609043, 0.29237053, 0.3192668, 0.32884076, 0.29645506, 0.3182347, 0.32568932, 0.32213962, 0.3243648, 0.34033775, 0.32350057, 0.34941572, 0.3469216, 0.3081816, 0.34470585, 0.36661062, 0.35665607, 0.34375286, 0.34455165, 0.34128508, 0.3640806, 0.3612879, 0.3557218, 0.34213778, 0.3579242, 0.36256477, 0.381915, 0.3890036, 0.40042675, 0.36826712, 0.36513972, 0.36223924, 0.38921604, 0.3890271, 0.38003996, 0.3865088, 0.3728129, 0.3681849, 0.37954324, 0.39453566, 0.37419346, 0.4094785, 0.38044214, 0.4005569, 0.40963468, 0.42052048, 0.4197839, 0.4232921, 0.4254053, 0.38746846, 0.4324909, 0.4168344, 0.4342092, 0.40875098, 0.44521078, 0.44957018, 0.43674067, 0.45979008, 0.42837742, 0.43123046, 0.43027478, 0.48429272, 0.42385048, 0.4586533, 0.45897347, 0.45903456, 0.4564914, 0.4559494, 0.43114746, 0.48630548, 0.47369722, 0.46987057, 0.4744773, 0.4742562, 0.47858307, 0.47201365, 0.48145598, 0.47829825, 0.48850363, 0.45782053, 0.47939315, 0.45802814, 0.485958, 0.49529338, 0.4822261, 0.4931636, 0.4843163, 0.5231652, 0.4871052, 0.48912764, 0.45375103, 0.48058954, 0.46571466, 0.49357206, 0.49794808, 0.5388224, 0.49243113, 0.505673, 0.4818314, 0.49893677, 0.5319535, 0.535608, 0.50048184, 0.48737213, 0.5113169, 0.5058566, 0.5312527, 0.47914657, 0.47895557, 0.51532465, 0.5338946, 0.5261777, 0.54127145, 0.51402646, 0.53078955, 0.4986175, 0.5557579, 0.54164565, 0.5549504, 0.53785145, 0.5415107, 0.49356872, 0.545644, 0.53249633, 0.5729897, 0.5037108, 0.531918, 0.5556068, 0.5251361, 0.5856144, 0.57155514, 0.52765924, 0.5265087, 0.5390752, 0.5021155, 0.51180565, 0.5289764, 0.5665755, 0.5828958, 0.5510655], "std": [0.08587052, 0.07409099, 0.048330657, 0.043359715, 0.070916995, 0.07705153, 0.05051663, 0.0491792, 0.08057846, 0.06462788, 0.07530961, 0.063462794, 0.040765252, 0.06397372, 0.08013866, 0.043641604, 0.056612127, 0.05789563, 0.05655938, 0.05105686, 0.057880934, 0.059751187, 0.07162267, 0.07869729, 0.076242074, 0.07009942, 0.07717313, 0.056638077, 0.07288907, 0.05531777, 0.053360425, 0.052582245, 0.06387572, 0.07506288, 0.067062825, 0.06850691, 0.072257325, 0.06866212, 0.060505323, 0.09117393, 0.069767766, 0.06406781, 0.048057735, 0.04928201, 0.07850319, 0.07216883, 0.07944358, 0.09436273, 0.07777601, 0.07448625, 0.0861264, 0.0670851, 0.07132891, 0.06486789, 0.06243293, 0.05214371, 0.06982926, 0.06997082, 0.07120174, 0.08132525, 0.05670206, 0.06455031, 0.07372817, 0.09112742, 0.0652861, 0.055705566, 0.08078055, 0.054518804, 0.09065789, 0.09632906, 0.09651461, 0.025593014, 0.10717667, 0.08036543, 0.077688165, 0.066403896, 0.08450983, 0.0767227, 0.09689477, 0.054156065, 0.073905766, 0.08329321, 0.08449455, 0.07452142, 0.07331841, 0.09380013, 0.07894426, 0.07833266, 0.061811227, 0.09641308, 0.08686628, 0.09623339, 0.075907074, 0.07199099, 0.08582057, 0.07851689, 0.08628558, 0.017840127, 0.09257696, 0.0883651, 0.10523195, 0.097765684, 0.10277439, 0.08973275, 0.08592575, 0.016162425, 0.09912165, 0.09600431, 0.110205814, 0.09330309, 0.066587426, 0.060129132, 0.09972392, 0.104145154, 0.09591904, 0.102948725, 0.06866106, 0.116371535, 0.114018835, 0.09115315, 0.08227422, 0.07244965, 0.067362666, 0.09855917, 0.07156265, 0.12382992, 0.05916312, 0.08998175, 0.07101704, 0.09017846, 0.09924187, 0.12772745, 0.088997275, 0.099612884, 0.033115614, 0.1255744, 0.098941036, 0.075714886, 0.115551, 0.017352287, 0.06414039, 0.11249667, 0.11601618, 0.124591485, 0.13465808, 0.1313065, 0.12965065, 0.09593928, 0.07888764, 0.10978446], "var": [0.98, 0.98, 0.98, 0.96, 0.94, 0.94, 0.92, 0.92, 0.92, 0.9, 0.9, 0.88, 0.88, 0.86, 0.84, 0.82, 0.82, 0.8, 0.82, 0.8, 0.78, 0.74, 0.74, 0.74, 0.7, 0.68, 0.66, 0.68, 0.68, 0.7, 0.68, 0.68, 0.68, 0.68, 0.68, 0.68, 0.66, 0.64, 0.62, 0.62, 0.6, 0.58, 0.54, 0.52, 0.54, 0.54, 0.56, 0.56, 0.56, 0.52, 0.52, 0.52, 0.48, 0.46, 0.48, 0.48, 0.48, 0.46, 0.46, 0.5, 0.5, 0.52, 0.52, 0.48, 0.5, 0.5, 0.46, 0.44, 0.42, 0.4, 0.38, 0.38, 0.36, 0.32, 0.32, 0.28, 0.3, 0.32, 0.32, 0.32, 0.32, 0.32, 0.32, 0.3, 0.3, 0.3, 0.32, 0.3, 0.28, 0.28, 0.26, 0.24, 0.24, 0.22, 0.22, 0.22, 0.22, 0.24, 0.24, 0.24, 0.24, 0.24, 0.22, 0.22, 0.24, 0.26, 0.24, 0.24, 0.24, 0.2, 0.2, 0.2, 0.2, 0.18, 0.18, 0.18, 0.16, 0.16, 0.16, 0.16, 0.16, 0.16, 0.16, 0.16, 0.16, 0.16, 0.16, 0.16, 0.16, 0.16, 0.16, 0.16, 0.16, 0.14, 0.14, 0.14, 0.14, 0.14, 0.12, 0.12, 0.12, 0.12, 0.12, 0.12, 0.12, 0.12, 0.12, 0.12, 0.12, 0.1], "best": [0.4333333, 0.46222222, 0.36396822, 0.3578231, 0.45502642, 0.45609757, 0.40081772, 0.40355125, 0.45456788, 0.45599997, 0.45650408, 0.36771587, 0.38826704, 0.4557692, 0.45688888, 0.36782226, 0.45656165, 0.457373, 0.45809856, 0.45891473, 0.41077137, 0.45920244, 0.46068624, 0.41437963, 0.46290323, 0.4641944, 0.46617404, 0.4529365, 0.46743467, 0.4677037, 0.4677396, 0.46777776, 0.4691482, 0.47011045, 0.47071472, 0.4565476, 0.47418007, 0.47256944, 0.4735923, 0.47463176, 0.4749469, 0.4747412, 0.47889397, 0.47441626, 0.47585034, 0.47509468, 0.47828916, 0.48171893, 0.47751108, 0.4781549, 0.4799659, 0.48473087, 0.4812039, 0.48597753, 0.48366866, 0.48724803, 0.4879481, 0.48316458, 0.49026546, 0.48821178, 0.48700926, 0.48983526, 0.49053538, 0.49198094, 0.49297187, 0.4943894, 0.49562946, 0.49698424, 0.501265, 0.5023698, 0.5036866, 0.5053188, 0.50724506, 0.504244, 0.5098227, 0.5113975, 0.5125813, 0.5142022, 0.515194, 0.51609665, 0.51812583, 0.51961404, 0.5210389, 0.52253157, 0.5236164, 0.51824373, 0.5260284, 0.52751476, 0.5288742, 0.5302723, 0.5256135, 0.5269875, 0.53331, 0.5343035, 0.5357534, 0.53699434, 0.5381688, 0.53931737, 0.5410475, 0.5423277, 0.53949344, 0.543949, 0.544795, 0.5455396, 0.54660493, 0.54745, 0.60099626, 0.60210085, 0.55050623, 0.5513471, 0.5523948, 0.6063207, 0.55473864, 0.55568826, 0.5564261, 0.5574167, 0.6116136, 0.5594115, 0.56, 0.5605357, 0.6148564, 0.56291974, 0.5635965, 0.5648051, 0.5657872, 0.6195267, 0.6203192, 0.62151986, 0.6227309, 0.6238119, 0.6246798, 0.62560016, 0.6260089, 0.62688696, 0.6276081, 0.6286393, 0.5909948, 0.6299301, 0.6307677, 0.6314035, 0.632564, 0.58203846, 0.63426334, 0.634976, 0.6356402, 0.6361186, 0.6366698, 0.63710016, 0.6380047, 0.63869506], "duration": [38265, 40044, 52645, 42820, 49781, 43463, 45825, 38686, 38897, 39310, 38821, 38767, 39252, 38931, 45771, 38895, 38863, 45586, 38468, 38429, 39291, 39207, 39326, 52045, 46280, 40020, 39155, 39845, 39500, 39521, 39497, 39228, 39266, 39730, 46801, 39768, 39935, 40175, 53581, 40088, 39122, 39500, 40119, 40187, 39959, 40122, 46411, 46692, 39560, 40331, 39853, 40262, 39774, 40198, 40180, 46479, 40542, 40353, 40376, 39361, 40594, 40042, 47057, 39732, 40197, 40433, 40204, 40436, 47102, 40487, 46394, 40474, 40441, 40474, 47008, 40402, 47065, 40311, 46645, 47032, 40519, 40474, 40542, 40427, 40397, 47237, 40470, 40500, 40415, 40245, 40499, 40156, 40487, 40423, 40506, 40581, 40596, 40455, 40552, 40420, 40410, 40505, 47106, 40387, 40503, 40651, 40436, 40537, 40304, 40281, 40319, 40575, 40333, 40305, 40467, 47127, 40507, 40536, 40378, 40549, 40648, 40473, 40440, 40339, 40480, 46990, 47377, 47084, 40475, 53851, 39831, 40276, 40448, 40352, 40690, 40540, 40447, 40338, 40423, 40543, 47363, 40558, 47042, 40406, 40453, 47062, 40383, 40489, 40455, 40504]}