{"avg": [0.27499998, 0.34014422, 0.32521555, 0.3226984, 0.33015165, 0.3117647, 0.33407897, 0.3423123, 0.32755455, 0.32500002, 0.32016987, 0.31820217, 0.31508446, 0.31885883, 0.34937462, 0.32085136, 0.3396487, 0.33333787, 0.31566125, 0.3305699, 0.2859956, 0.33146617, 0.36575377, 0.33155268, 0.35263968, 0.37003195, 0.36734122, 0.34712735, 0.35848632, 0.3499434, 0.37858915, 0.35708892, 0.37291026, 0.36153135, 0.3540641, 0.36899397, 0.41182634, 0.38000107, 0.37270445, 0.37398252, 0.3863136, 0.39937505, 0.37963647, 0.40980148, 0.38478974, 0.38369033, 0.43610838, 0.39000347, 0.43942568, 0.40681693], "std": [0.08291562, 0.050431516, 0.060835056, 0.06800082, 0.056958333, 0.07624162, 0.052655425, 0.066936485, 0.07190879, 0.050393548, 0.08347527, 0.057185773, 0.07742218, 0.056078825, 0.06346496, 0.078525506, 0.052018814, 0.06852029, 0.06827771, 0.047223013, 0.08030316, 0.07094124, 0.05740658, 0.07017668, 0.07177739, 0.053850185, 0.05383883, 0.080620475, 0.071350425, 0.044976022, 0.04686228, 0.075775735, 0.06896772, 0.07143052, 0.07393002, 0.071935534, 0.049035445, 0.06627633, 0.07608487, 0.09808293, 0.090513535, 0.058984246, 0.07027704, 0.07504965, 0.07901536, 0.09847679, 0.08358265, 0.08262951, 0.0721265, 0.08464711], "var": [1.0, 0.98, 0.98, 0.96, 0.94, 0.94, 0.92, 0.92, 0.9, 0.9, 0.86, 0.84, 0.84, 0.84, 0.82, 0.82, 0.8, 0.8, 0.8, 0.78, 0.78, 0.78, 0.76, 0.72, 0.68, 0.7, 0.68, 0.66, 0.68, 0.68, 0.66, 0.66, 0.64, 0.62, 0.62, 0.62, 0.6, 0.6, 0.6, 0.62, 0.64, 0.6, 0.6, 0.6, 0.6, 0.62, 0.62, 0.62, 0.6, 0.58], "best": [0.45, 0.490625, 0.38965517, 0.42222223, 0.48728812, 0.4878205, 0.43157896, 0.48738736, 0.3984127, 0.43169016, 0.43375796, 0.3834302, 0.39567566, 0.44427863, 0.4440092, 0.39588743, 0.44715446, 0.48153844, 0.4481752, 0.39948452, 0.42970297, 0.43050316, 0.48128742, 0.48361823, 0.4843324, 0.48603132, 0.48790523, 0.48864734, 0.49088785, 0.4066742, 0.45723686, 0.4923567, 0.49314928, 0.49396038, 0.46163464, 0.46233645, 0.49519926, 0.49674296, 0.49760273, 0.49824998, 0.5, 0.4792126, 0.47780338, 0.48363364, 0.5028509, 0.5033716, 0.5047117, 0.48777625, 0.5193919, 0.5286375], "duration": [48914, 40060, 38916, 39737, 45738, 39331, 39703, 38917, 44553, 38507, 39789, 38644, 38101, 39300, 45048, 38743, 37728, 45536, 36877, 37748, 44732, 39097, 38957, 38353, 38975, 46505, 39126, 39536, 38380, 39950, 39498, 39593, 46181, 39403, 38910, 44735, 39208, 39243, 38550, 44954, 39505, 44481, 40044, 46199, 38351, 38823, 46499, 38080, 39682, 39240]}