{"avg": [0.365, 0.35, 0.34166667, 0.34833333, 0.34666666, 0.34666666, 0.35666665, 0.345, 0.34833333, 0.36166668, 0.34666666, 0.35, 0.33333334, 0.33, 0.335, 0.32166666, 0.32833335, 0.33, 0.32166666, 0.31, 0.31, 0.315, 0.31, 0.31333333, 0.31833333], "std": [0.22477774, 0.2273031, 0.22988518, 0.22711341, 0.22874051, 0.23235507, 0.22793768, 0.22485186, 0.23255213, 0.23190622, 0.22691162, 0.22912888, 0.22298487, 0.227889, 0.2342186, 0.22048546, 0.22571486, 0.2204542, 0.22423315, 0.2173323, 0.22113343, 0.21685238, 0.2154066, 0.22020195, 0.22527154], "var": [0.9866667, 0.98, 0.97333336, 0.96666664, 0.96, 0.9533333, 0.9533333, 0.94, 0.93333334, 0.9266667, 0.91333336, 0.9, 0.9, 0.8933333, 0.88, 0.88, 0.88666666, 0.88, 0.88666666, 0.88, 0.87333333, 0.8666667, 0.85333335, 0.8466667, 0.84], "best": [0.75, 0.75, 0.75, 0.75, 0.75, 0.75, 0.75, 0.75, 0.75, 0.75, 0.75, 0.75, 0.75, 0.75, 0.75, 0.75, 0.75, 0.75, 0.75, 0.75, 0.75, 0.75, 0.75, 0.75, 0.75], "duration": [36052, 35284, 35278, 35086, 35054, 34653, 34805, 34518, 34669, 34753, 34643, 34558, 34140, 34104, 33925, 33486, 33507, 33057, 32624, 32498, 32707, 32892, 33056, 33181, 33167]}