{"avg": [0.33274177, 0.33673024, 0.4104311, 0.48200372, 0.48426527, 0.494488, 0.5557758, 0.55481935, 0.5583868, 0.56743014, 0.5760556, 0.5776683, 0.5806127, 0.58406156, 0.5870819, 0.58921975, 0.5926326, 0.5966257, 0.6004821, 0.6037043, 0.6071379, 0.61092347, 0.613712, 0.6173951, 0.6207904, 0.62380236, 0.6262233, 0.6285547, 0.6314084, 0.6335838, 0.63551927, 0.6377708, 0.6393691, 0.6412623, 0.6425981, 0.64420915, 0.6457224, 0.64690465, 0.64808756, 0.6493768, 0.650492, 0.65135473, 0.65251553, 0.6534806, 0.65452987, 0.6554043, 0.65620166, 0.6570043, 0.6577731, 0.65851045, 0.6593504, 0.65999407, 0.6607049, 0.66129965, 0.66195744, 0.66248107, 0.6630402, 0.66355485, 0.66400325, 0.66450983, 0.6649539, 0.6654291, 0.6658027, 0.6662715, 0.6667049, 0.66714454, 0.667551, 0.66798216, 0.6683817, 0.6687517, 0.66909415, 0.66946036, 0.6697681, 0.6700992, 0.6704514], "std": [0.24411547, 0.24813032, 0.21786034, 0.15135302, 0.15968575, 0.16269705, 0.02423907, 0.026860233, 0.026122142, 0.020377798, 0.0030519844, 0.0038964632, 0.004259759, 0.0031578084, 0.0039261864, 0.0039701937, 0.0040314244, 0.0037711116, 0.003043155, 0.0033117917, 0.0034225718, 0.0025719274, 0.003656244, 0.002328768, 0.0010301627, 0.0010902323, 0.0010907152, 0.0011681214, 1.7881393e-07, 5.9604645e-08, 1.1920929e-07, 5.9604645e-08, 0.0, 5.9604645e-08, 0.0, 1.7881393e-07, 0.0, 1.1920929e-07, 1.1920929e-07, 0.0, 0.0, 1.1920929e-07, 5.9604645e-08, 1.1920929e-07, 1.1920929e-07, 5.9604645e-08, 1.1920929e-07, 5.9604645e-08, 5.9604645e-08, 2.3841858e-07, 0.0, 1.1920929e-07, 5.9604645e-08, 1.1920929e-07, 1.1920929e-07, 5.9604645e-08, 5.9604645e-08, 1.7881393e-07, 5.9604645e-08, 5.9604645e-08, 5.9604645e-08, 0.0, 1.7881393e-07, 5.9604645e-08, 1.1920929e-07, 1.7881393e-07, 5.9604645e-08, 0.0, 0.0, 0.0, 5.9604645e-08, 5.9604645e-08, 5.9604645e-08, 0.0, 1.7881393e-07], "var": [1.0, 1.0, 1.0, 1.0, 0.96, 0.96, 0.96, 0.88, 0.8, 0.84, 0.88, 0.88, 0.88, 0.88, 0.92, 0.88, 0.84, 0.84, 0.72, 0.64, 0.52, 0.4, 0.28, 0.2, 0.12, 0.12, 0.12, 0.04, 0.04, 0.04, 0.04, 0.04, 0.04, 0.04, 0.04, 0.04, 0.04, 0.04, 0.04, 0.04, 0.04, 0.04, 0.04, 0.04, 0.04, 0.04, 0.04, 0.04, 0.04, 0.04, 0.04, 0.04, 0.04, 0.04, 0.04, 0.04, 0.04, 0.04, 0.04, 0.04, 0.04, 0.04, 0.04, 0.04, 0.04, 0.04, 0.04, 0.04, 0.04, 0.04, 0.04, 0.04, 0.04, 0.04, 0.04], "best": [0.55102044, 0.56220055, 0.563645, 0.5644403, 0.5662692, 0.56842303, 0.57130396, 0.57385814, 0.5740128, 0.5789116, 0.5817108, 0.58435374, 0.5865043, 0.590333, 0.59333193, 0.595925, 0.59875566, 0.60187274, 0.6048312, 0.6072864, 0.6103372, 0.61305654, 0.615887, 0.61870533, 0.6212992, 0.6242622, 0.62658364, 0.62891465, 0.6314082, 0.6335837, 0.6355194, 0.63777083, 0.6393691, 0.64126235, 0.6425981, 0.6442093, 0.6457224, 0.6469045, 0.6480877, 0.6493768, 0.650492, 0.6513546, 0.6525156, 0.6534807, 0.65453, 0.6554044, 0.6562018, 0.65700424, 0.65777314, 0.6585107, 0.6593504, 0.65999395, 0.660705, 0.6612995, 0.6619573, 0.662481, 0.6630403, 0.66355467, 0.6640032, 0.6645099, 0.6649538, 0.6654291, 0.66580254, 0.66627157, 0.6667048, 0.66714436, 0.6675509, 0.66798216, 0.6683817, 0.6687517, 0.6690942, 0.6694604, 0.66976804, 0.6700992, 0.6704516], "duration": [24253, 8526, 10399, 4286, 4521, 4249, 3842, 4058, 5428, 7879, 6458, 3790, 4500, 3963, 5002, 5009, 6390, 5465, 3803, 4560, 4742, 4660, 5330, 4367, 7002, 4789, 4431, 5395, 5247, 4470, 4318, 4302, 5096, 4490, 5095, 5380, 4121, 4465, 6109, 4747, 3796, 4761, 4653, 9267, 5463, 4678, 4625, 4648, 4733, 6074, 3999, 3679, 3790, 4873, 4017, 4613, 4225, 3681, 3866, 4216, 5038, 4610, 3701, 5940, 3970, 5016, 4360, 5284, 3722, 4443, 4047, 4046, 4459, 6889, 6741]}