{"avg": [0.26851857, 0.2790013, 0.26585743, 0.27990738, 0.28525144, 0.27360344, 0.28014538, 0.2763823, 0.2790309, 0.2905547, 0.2811166, 0.29685587, 0.27850777, 0.28955615, 0.28688064, 0.25148374, 0.2919322, 0.30971503, 0.29939875, 0.27641028, 0.2905028, 0.30157006, 0.30654016, 0.29095834, 0.31222644, 0.31687057, 0.27106276, 0.30371517, 0.31982216, 0.30419663, 0.2955261, 0.2934216, 0.3021056, 0.3043315, 0.30731612, 0.31179196, 0.30386227, 0.29586118, 0.30806458, 0.3086006, 0.30792204, 0.30654648, 0.3167963, 0.29349458, 0.30727148, 0.3106491, 0.2966665, 0.3310122, 0.31494433, 0.30610812], "std": [0.06682028, 0.06533715, 0.06900998, 0.041619267, 0.03491432, 0.08566853, 0.045725733, 0.04993432, 0.047744084, 0.052274503, 0.061939128, 0.060668997, 0.051747456, 0.06405454, 0.040660992, 0.07109422, 0.05714072, 0.054994106, 0.055992913, 0.056062933, 0.06239287, 0.029624514, 0.030276481, 0.056501213, 0.039727777, 0.052968245, 0.06884215, 0.04297794, 0.045797393, 0.037059657, 0.05740277, 0.03110887, 0.063526325, 0.052817475, 0.043613028, 0.047146726, 0.053130418, 0.054305602, 0.05587851, 0.055425704, 0.050991237, 0.04066757, 0.0281472, 0.055477418, 0.04665235, 0.04438058, 0.0535583, 0.053669393, 0.0589533, 0.047936548], "var": [0.99333334, 0.9866667, 0.9866667, 0.98, 0.97333336, 0.97333336, 0.96666664, 0.96, 0.96, 0.96, 0.9533333, 0.9533333, 0.9533333, 0.9533333, 0.9533333, 0.9533333, 0.94666666, 0.94, 0.93333334, 0.93333334, 0.9266667, 0.9266667, 0.9266667, 0.91333336, 0.91333336, 0.91333336, 0.9, 0.9, 0.8933333, 0.88666666, 0.88666666, 0.88, 0.87333333, 0.8666667, 0.85333335, 0.85333335, 0.8466667, 0.8466667, 0.8466667, 0.8466667, 0.8466667, 0.84, 0.8466667, 0.8466667, 0.8466667, 0.8466667, 0.84, 0.8333333, 0.84, 0.84], "best": [0.39523807, 0.42301586, 0.38137257, 0.38653848, 0.35728088, 0.4468992, 0.35068682, 0.34329364, 0.34064874, 0.40946314, 0.41113845, 0.44572425, 0.38402823, 0.4111673, 0.3526932, 0.38611567, 0.38237414, 0.44684684, 0.44787684, 0.35504243, 0.41051984, 0.35285974, 0.35425606, 0.41065475, 0.39474824, 0.44704977, 0.41098085, 0.3857448, 0.4113538, 0.37981406, 0.4117442, 0.3555378, 0.38067028, 0.38066205, 0.3956168, 0.4468973, 0.38788155, 0.41117784, 0.4116522, 0.4473866, 0.39603403, 0.38598847, 0.39629486, 0.35348675, 0.37121013, 0.39665875, 0.41088262, 0.3971499, 0.44788167, 0.38893738], "duration": [43526, 44524, 42530, 37981, 38819, 39450, 38673, 37954, 50332, 38788, 38152, 39389, 38133, 39351, 43818, 42940, 38894, 39726, 39329, 45680, 50346, 38219, 42552, 39618, 43740, 38337, 38774, 38952, 39273, 48494, 38457, 44216, 39883, 39141, 43407, 44754, 39390, 43495, 39036, 38869, 38976, 39144, 38928, 43792, 38557, 39307, 43862, 39592, 42920, 43504]}