{"avg": [0.062111802, 0.07636483, 0.16470315, 0.17288478, 0.27713484, 0.3647574, 0.48754725, 0.44817019, 0.5767004, 0.706104, 0.70720494, 0.74883807, 0.75438184, 0.7585332, 0.76433516, 0.7706727, 0.7752999, 0.7798398, 0.7839869, 0.7879112, 0.7919314, 0.79526025, 0.7980043, 0.8006356, 0.8030426, 0.80535394, 0.8071963, 0.8092587, 0.81107813, 0.8125419, 0.8141937, 0.8157274, 0.81691444, 0.81814957, 0.8193111, 0.8205063, 0.8216284, 0.8226393, 0.82367814, 0.82453716, 0.82535344, 0.8260936, 0.8268689, 0.82757366, 0.8282463, 0.828829, 0.8294754, 0.8300101, 0.8306569, 0.83117276, 0.83164424, 0.8321464, 0.8325384, 0.8330058, 0.833456, 0.8338491, 0.8342488, 0.8346731, 0.8350822, 0.83544135, 0.8358229, 0.8362239, 0.836563, 0.8368912, 0.8371792, 0.8374882, 0.8377877, 0.8380509, 0.8383468, 0.83860797, 0.83887476, 0.8391094, 0.8393499, 0.83957285, 0.8397787], "std": [0.20126525, 0.22263993, 0.30370408, 0.30927265, 0.35328576, 0.3647689, 0.3447761, 0.3575441, 0.30397218, 0.15795049, 0.16676587, 0.006046617, 0.005064914, 0.006245904, 0.005312636, 0.00353154, 0.0031565086, 0.0026288966, 0.0022836144, 0.0019983384, 1.7881393e-07, 1.1920929e-07, 1.1920929e-07, 5.9604645e-08, 0.0, 2.3841858e-07, 0.0, 1.1920929e-07, 5.9604645e-08, 5.9604645e-08, 0.0, 1.7881393e-07, 0.0, 0.0, 5.9604645e-08, 0.0, 1.1920929e-07, 2.3841858e-07, 5.9604645e-08, 5.9604645e-08, 1.1920929e-07, 1.1920929e-07, 5.9604645e-08, 0.0, 1.1920929e-07, 2.3841858e-07, 0.0, 0.0, 0.0, 1.7881393e-07, 1.7881393e-07, 1.7881393e-07, 2.3841858e-07, 5.9604645e-08, 0.0, 5.9604645e-08, 1.7881393e-07, 1.7881393e-07, 5.9604645e-08, 2.3841858e-07, 1.1920929e-07, 1.7881393e-07, 5.9604645e-08, 0.0, 0.0, 0.0, 0.0, 0.0, 1.7881393e-07, 2.3841858e-07, 0.0, 0.0, 1.1920929e-07, 5.9604645e-08, 1.1920929e-07], "var": [1.0, 1.0, 1.0, 1.0, 1.0, 1.0, 0.92, 0.92, 0.88, 0.88, 0.8, 0.84, 0.88, 0.72, 0.56, 0.44, 0.32, 0.2, 0.12, 0.04, 0.04, 0.04, 0.04, 0.04, 0.04, 0.04, 0.04, 0.04, 0.04, 0.04, 0.04, 0.04, 0.04, 0.04, 0.04, 0.04, 0.04, 0.04, 0.04, 0.04, 0.04, 0.04, 0.04, 0.04, 0.04, 0.04, 0.04, 0.04, 0.04, 0.04, 0.04, 0.04, 0.04, 0.04, 0.04, 0.04, 0.04, 0.04, 0.04, 0.04, 0.04, 0.04, 0.04, 0.04, 0.04, 0.04, 0.04, 0.04, 0.04, 0.04, 0.04, 0.04, 0.04, 0.04, 0.04], "best": [0.71428573, 0.726087, 0.7285714, 0.73058033, 0.73142856, 0.7347709, 0.7377551, 0.7405754, 0.74338627, 0.74787647, 0.75332874, 0.7575873, 0.76151603, 0.76566035, 0.77019274, 0.7739714, 0.777855, 0.7813629, 0.7850932, 0.78854936, 0.79193157, 0.79526013, 0.79800445, 0.80063564, 0.8030426, 0.8053537, 0.8071963, 0.8092588, 0.8110782, 0.81254184, 0.8141937, 0.8157276, 0.81691444, 0.81814957, 0.819311, 0.8205063, 0.8216283, 0.82263905, 0.8236781, 0.8245372, 0.8253533, 0.8260935, 0.82686883, 0.82757366, 0.8282464, 0.8288292, 0.8294754, 0.8300101, 0.8306569, 0.8311726, 0.8316444, 0.8321462, 0.8325382, 0.83300585, 0.833456, 0.833849, 0.83424896, 0.8346733, 0.8350821, 0.8354411, 0.83582276, 0.8362241, 0.83656305, 0.8368912, 0.8371792, 0.8374882, 0.8377877, 0.8380509, 0.83834696, 0.8386082, 0.83887476, 0.8391094, 0.83935004, 0.8395728, 0.8397786], "duration": [1482, 1310, 1382, 1373, 1382, 1389, 1785, 1204, 1753, 1550, 1277, 1277, 1426, 1468, 1654, 1578, 1378, 1698, 1444, 1276, 1280, 1484, 1296, 1366, 1286, 1491, 1713, 1373, 1376, 1457, 1383, 1197, 1479, 1393, 1380, 1474, 1543, 1783, 1281, 1589, 1686, 1407, 1319, 1684, 1306, 1397, 1284, 1868, 1657, 1406, 1670, 1532, 1502, 1690, 1354, 1204, 1862, 1472, 1184, 1685, 1589, 1931, 1459, 1262, 1354, 1203, 1865, 1260, 1355, 1472, 1457, 1283, 1283, 1184, 1279]}