{"avg": [0.2663248, 0.29335615, 0.30174989, 0.2966136, 0.29591715, 0.302989, 0.31341895, 0.3279431, 0.31964582, 0.33247423, 0.3148098, 0.299083, 0.32250953, 0.34173998, 0.3045575, 0.30156583, 0.29606837, 0.31080797, 0.31668818, 0.32883075, 0.3449988, 0.30451423, 0.3454071, 0.34689543, 0.3195597, 0.3795707, 0.3047459, 0.30170467, 0.33674148, 0.32477027, 0.33050057, 0.36472028, 0.3219002, 0.34140995, 0.3706372, 0.35356137, 0.32986963, 0.3443638, 0.3481333, 0.36411494, 0.37828985, 0.34901398, 0.35239294, 0.36947095, 0.35915732, 0.35312882, 0.3745441, 0.3925829, 0.37158883, 0.36640707], "std": [0.08762015, 0.07655655, 0.051983893, 0.04238252, 0.07377435, 0.076609924, 0.051614143, 0.05018132, 0.07895295, 0.07141963, 0.064347446, 0.048112538, 0.06635779, 0.0563688, 0.07344823, 0.07014765, 0.05957685, 0.042814694, 0.06923592, 0.06135143, 0.047386494, 0.07393486, 0.05886891, 0.06090837, 0.07880499, 0.061797146, 0.06849148, 0.06655522, 0.050749697, 0.054532822, 0.080849946, 0.05577074, 0.06660327, 0.053210665, 0.071486615, 0.07502179, 0.07463832, 0.05897181, 0.054466218, 0.081919625, 0.043692008, 0.07285349, 0.056235407, 0.060985643, 0.058687955, 0.060971566, 0.07927014, 0.07748302, 0.056074996, 0.055942956], "var": [0.98, 0.98, 0.98, 0.96, 0.94, 0.94, 0.92, 0.92, 0.88, 0.88, 0.88, 0.86, 0.84, 0.82, 0.82, 0.8, 0.8, 0.8, 0.82, 0.8, 0.8, 0.78, 0.78, 0.76, 0.74, 0.72, 0.72, 0.74, 0.74, 0.72, 0.72, 0.7, 0.66, 0.66, 0.68, 0.64, 0.62, 0.6, 0.6, 0.6, 0.58, 0.56, 0.56, 0.58, 0.6, 0.6, 0.6, 0.58, 0.54, 0.56], "best": [0.44358978, 0.47247866, 0.37239313, 0.366248, 0.4652829, 0.466354, 0.40960893, 0.41234246, 0.46482432, 0.46639678, 0.37196478, 0.36702278, 0.46535847, 0.46607402, 0.39834687, 0.41488025, 0.4152564, 0.36648023, 0.4153223, 0.41630098, 0.46483055, 0.41855887, 0.46523726, 0.5220934, 0.46651188, 0.52329654, 0.3980147, 0.42393765, 0.4242133, 0.37944797, 0.52424294, 0.52473944, 0.42648232, 0.4267665, 0.52514154, 0.46960893, 0.43106064, 0.43146697, 0.4698591, 0.52744657, 0.43408373, 0.43555793, 0.43690777, 0.43785408, 0.43960157, 0.4402053, 0.52877647, 0.52948207, 0.4500804, 0.44464555], "duration": [43124, 39961, 52761, 42985, 49900, 47882, 45875, 38698, 45052, 39841, 37402, 38189, 45933, 39697, 44851, 38763, 38369, 39117, 39768, 39362, 46370, 39192, 39807, 39652, 38853, 39512, 38656, 37481, 52487, 45774, 39446, 39553, 39934, 39064, 46713, 38354, 39770, 39719, 45946, 39788, 46707, 39051, 44657, 38810, 39513, 39331, 39372, 39986, 40040, 39285]}