{"avg": [0.25762963, 0.28429633, 0.28730994, 0.2847943, 0.28765804, 0.28821778, 0.30273968, 0.31196523, 0.30367076, 0.3100159, 0.3058036, 0.305293, 0.30832845, 0.29522434, 0.29394874, 0.31174728, 0.31857213, 0.35504404, 0.33209568, 0.32814074, 0.36080113, 0.33603963, 0.32977003, 0.31864774, 0.3199415, 0.31551883, 0.3653223, 0.3485603, 0.35423744, 0.30897516, 0.3599439, 0.3387037, 0.3761337, 0.35550544, 0.3304776, 0.35144317, 0.36756524, 0.3456041, 0.35151765, 0.36598036, 0.35967922, 0.3678343, 0.3741231, 0.3099185, 0.38910502, 0.34008417, 0.38605383, 0.36158657, 0.37852988, 0.36276686], "std": [0.08218605, 0.07241157, 0.047869913, 0.04051971, 0.06939596, 0.07161646, 0.051448867, 0.047241163, 0.07912481, 0.06944326, 0.0750333, 0.078274906, 0.06613102, 0.06512965, 0.08563484, 0.05214322, 0.06475405, 0.052026734, 0.05442167, 0.067703106, 0.04880197, 0.053254314, 0.059751313, 0.07655446, 0.060167074, 0.062603556, 0.06347173, 0.074266955, 0.06264735, 0.08019475, 0.07642854, 0.076312, 0.051281173, 0.05234429, 0.075087465, 0.06421991, 0.059090674, 0.082628, 0.059949994, 0.067988545, 0.057208966, 0.07689115, 0.061230425, 0.08447672, 0.06563567, 0.0825139, 0.090715535, 0.0782539, 0.059671674, 0.083384916], "var": [0.98, 0.98, 0.98, 0.96, 0.94, 0.94, 0.92, 0.92, 0.92, 0.9, 0.88, 0.86, 0.84, 0.82, 0.82, 0.82, 0.8, 0.8, 0.8, 0.78, 0.8, 0.8, 0.82, 0.82, 0.8, 0.78, 0.76, 0.72, 0.74, 0.7, 0.7, 0.68, 0.68, 0.68, 0.68, 0.66, 0.64, 0.66, 0.64, 0.62, 0.58, 0.58, 0.6, 0.58, 0.58, 0.58, 0.62, 0.62, 0.6, 0.58], "best": [0.42444444, 0.45333335, 0.35666665, 0.35052153, 0.44613755, 0.44720867, 0.3931987, 0.39593223, 0.44567898, 0.44777778, 0.44802168, 0.44930318, 0.4001375, 0.44912395, 0.4112593, 0.40218493, 0.41169965, 0.45021892, 0.40737593, 0.4505314, 0.45215145, 0.4530159, 0.41540828, 0.45338216, 0.45347953, 0.45374754, 0.45406508, 0.45441315, 0.45474747, 0.42139196, 0.45650116, 0.45716047, 0.45791057, 0.43102518, 0.45821634, 0.4321877, 0.458015, 0.45875815, 0.45906845, 0.45908496, 0.43640217, 0.45880976, 0.45883515, 0.41765964, 0.45922288, 0.45989642, 0.46049416, 0.4613557, 0.45652315, 0.46167895], "duration": [42782, 39661, 52338, 42693, 49521, 47628, 45251, 38312, 38161, 39249, 38629, 39166, 38686, 38981, 38551, 43144, 45358, 43743, 43556, 44943, 38928, 45328, 38659, 38986, 38760, 38797, 39113, 39180, 45854, 38224, 43507, 43652, 39431, 38790, 38976, 38838, 39230, 39274, 52493, 45407, 38688, 46034, 38935, 38946, 39398, 45190, 39178, 39250, 45569, 39368]}