{"avg": [0.25714287, 0.28715342, 0.29507932, 0.29572397, 0.2913673, 0.29178455, 0.3098395, 0.31193647, 0.31359893, 0.30235487, 0.3054244, 0.30066806, 0.2991292, 0.3195543, 0.30937463, 0.28295627, 0.3001664, 0.311057, 0.33415157, 0.34371287, 0.29788333, 0.32431665, 0.3480553, 0.31335202, 0.2967657, 0.33387986, 0.3096307, 0.31415224, 0.35209432, 0.34248513, 0.28051853, 0.32755286, 0.3403851, 0.3210043, 0.36752224, 0.34090856, 0.35509583, 0.3467369, 0.35769233, 0.3636379, 0.3475478, 0.35953566, 0.36257952, 0.36554262, 0.3609248, 0.3550968, 0.37670317, 0.3775937, 0.3719932, 0.38100886, 0.38417742, 0.37994546, 0.37885222, 0.38008136, 0.38652214, 0.37646928, 0.4017035, 0.40731362, 0.3969484, 0.38185078, 0.4152036, 0.40079284, 0.38508743, 0.3926679, 0.3713944, 0.4219192, 0.41314268, 0.40295646, 0.41291946, 0.42830417, 0.4396353, 0.4245449, 0.43655756, 0.43519056, 0.4349461, 0.45992684, 0.43203354, 0.43664423, 0.45129797, 0.44577357, 0.46169358, 0.45987585, 0.44118875, 0.45505655, 0.45843554, 0.44355148, 0.44753712, 0.4441393, 0.4444424, 0.4562663, 0.45540473, 0.47228372, 0.47791445, 0.46277753, 0.47542846, 0.46852687, 0.47282818, 0.44330928, 0.4523434, 0.42961693, 0.45403564, 0.43925014, 0.45135543, 0.42983052, 0.45188147, 0.4602181, 0.42878577, 0.45901164, 0.46130785, 0.49105358, 0.48076913, 0.43563688, 0.5104875, 0.49853346, 0.4863013, 0.46952406, 0.4745645, 0.4980398, 0.4749877, 0.46516404, 0.44472665, 0.43992743, 0.492135, 0.50303096, 0.4581843, 0.4615007, 0.43499625, 0.43066704, 0.4136862, 0.44128692, 0.41877785, 0.47459736, 0.46254018, 0.43042955, 0.44333878, 0.459033, 0.43439725, 0.4319826, 0.440431, 0.45456517, 0.43860194, 0.51410866, 0.44373828, 0.50342995, 0.51748604, 0.47290802, 0.50603724, 0.49903858, 0.5029006, 0.4784386], "std": [0.08840571, 0.07461725, 0.048330657, 0.043414567, 0.07330871, 0.07210073, 0.052553214, 0.066584155, 0.04782005, 0.055492885, 0.042984497, 0.058992546, 0.06628327, 0.06410673, 0.055240538, 0.07098762, 0.07072914, 0.08155541, 0.05815847, 0.03417949, 0.06909897, 0.08018914, 0.044193078, 0.070298135, 0.081109405, 0.06633514, 0.04964442, 0.040130384, 0.05081271, 0.044014197, 0.083097816, 0.057126638, 0.035055883, 0.057917453, 0.036501363, 0.04957424, 0.044743314, 0.04788533, 0.063347034, 0.04014316, 0.0502841, 0.044351, 0.048062522, 0.046271674, 0.042040605, 0.052830096, 0.046657294, 0.04626208, 0.05604126, 0.050433498, 0.05314711, 0.052125305, 0.049239535, 0.06821706, 0.053420745, 0.0510151, 0.055764366, 0.036682677, 0.04883165, 0.061513543, 0.055137374, 0.0608717, 0.06627782, 0.05651915, 0.07044481, 0.038646992, 0.06193825, 0.063812025, 0.049954783, 0.049716, 0.033037674, 0.053695507, 0.03508497, 0.052077323, 0.055099636, 0.019014431, 0.06263111, 0.058211647, 0.033079546, 0.049526688, 0.038203545, 0.048928924, 0.076158494, 0.0681136, 0.057450764, 0.06825615, 0.066006936, 0.07917507, 0.07041915, 0.0706722, 0.08075554, 0.052954912, 0.055010237, 0.06881705, 0.051845763, 0.076705895, 0.06395526, 0.09169192, 0.09390138, 0.10042971, 0.08462893, 0.095440224, 0.090773076, 0.10517864, 0.08858527, 0.089105755, 0.10543042, 0.09213774, 0.0926431, 0.057241976, 0.07898796, 0.10364378, 0.017213611, 0.046970956, 0.07348262, 0.09607739, 0.08927727, 0.05944602, 0.09417131, 0.09421707, 0.10813484, 0.110901184, 0.071305424, 0.05768301, 0.101711914, 0.100956805, 0.11501015, 0.1166748, 0.11862614, 0.1150595, 0.117176555, 0.09446114, 0.10391218, 0.120129384, 0.11885939, 0.10662988, 0.11753038, 0.114372864, 0.111137204, 0.10978012, 0.11430749, 0.060165524, 0.11205427, 0.08024286, 0.053473312, 0.10569656, 0.08323171, 0.084304996, 0.082774825, 0.1030338], "var": [0.98, 0.98, 0.98, 0.96, 0.94, 0.94, 0.92, 0.92, 0.9, 0.9, 0.86, 0.84, 0.84, 0.84, 0.82, 0.8, 0.8, 0.78, 0.78, 0.78, 0.78, 0.78, 0.78, 0.76, 0.74, 0.74, 0.74, 0.76, 0.76, 0.78, 0.76, 0.74, 0.78, 0.76, 0.74, 0.7, 0.66, 0.68, 0.68, 0.64, 0.6, 0.62, 0.6, 0.6, 0.6, 0.58, 0.58, 0.58, 0.56, 0.52, 0.5, 0.52, 0.5, 0.5, 0.5, 0.5, 0.46, 0.48, 0.46, 0.44, 0.46, 0.42, 0.42, 0.4, 0.4, 0.36, 0.34, 0.38, 0.38, 0.36, 0.36, 0.34, 0.38, 0.36, 0.36, 0.36, 0.34, 0.34, 0.32, 0.32, 0.3, 0.3, 0.3, 0.3, 0.3, 0.26, 0.28, 0.28, 0.28, 0.26, 0.3, 0.28, 0.28, 0.28, 0.28, 0.28, 0.3, 0.26, 0.26, 0.26, 0.28, 0.32, 0.32, 0.32, 0.32, 0.32, 0.34, 0.32, 0.3, 0.3, 0.3, 0.28, 0.3, 0.3, 0.28, 0.32, 0.32, 0.3, 0.28, 0.28, 0.28, 0.28, 0.28, 0.28, 0.26, 0.26, 0.26, 0.24, 0.26, 0.26, 0.26, 0.28, 0.28, 0.26, 0.26, 0.3, 0.3, 0.3, 0.3, 0.3, 0.3, 0.28, 0.26, 0.26, 0.26, 0.24, 0.26, 0.26, 0.22, 0.18], "best": [0.4333333, 0.46222222, 0.36396822, 0.3578231, 0.45502642, 0.45609757, 0.40081772, 0.45652172, 0.40556777, 0.4046967, 0.39130434, 0.40519485, 0.3631393, 0.45707318, 0.4058393, 0.40502647, 0.4051224, 0.40569988, 0.40807307, 0.40809202, 0.36625457, 0.45965445, 0.45984402, 0.36825395, 0.40832368, 0.4079654, 0.4063888, 0.36987552, 0.40751132, 0.4090774, 0.41001225, 0.41013634, 0.41070008, 0.46021917, 0.4113464, 0.41046754, 0.4118711, 0.41268206, 0.4641583, 0.4141777, 0.41470703, 0.41464472, 0.4150399, 0.41619468, 0.4177769, 0.41876125, 0.4694406, 0.42081818, 0.4705263, 0.4240972, 0.47228512, 0.47327587, 0.42936411, 0.47459564, 0.47549358, 0.4335399, 0.4761423, 0.43573275, 0.4375719, 0.43956205, 0.47905263, 0.48028263, 0.4456059, 0.4465418, 0.48238, 0.44761443, 0.4833974, 0.48454747, 0.45168865, 0.48650718, 0.48726556, 0.48827216, 0.48929095, 0.49038067, 0.49097934, 0.4915959, 0.4651365, 0.4930911, 0.49363264, 0.49446234, 0.49534822, 0.49611548, 0.49746373, 0.49808133, 0.49906492, 0.4998249, 0.5003459, 0.5006598, 0.5012077, 0.5019116, 0.5028524, 0.5036622, 0.504406, 0.5143281, 0.5154593, 0.5166316, 0.5176758, 0.51862353, 0.5191898, 0.51981014, 0.52038825, 0.5210293, 0.52136624, 0.52256566, 0.5230009, 0.5237004, 0.5243592, 0.5247935, 0.52525824, 0.5258084, 0.5268304, 0.5276893, 0.52808017, 0.52901286, 0.52986866, 0.53041, 0.5313739, 0.5321216, 0.53279346, 0.5263719, 0.5335979, 0.53395045, 0.534189, 0.53446794, 0.5351967, 0.5358798, 0.53589654, 0.5364644, 0.5364608, 0.5369481, 0.5373476, 0.5375467, 0.5380472, 0.53862005, 0.53888476, 0.5393954, 0.5398218, 0.53979355, 0.5402255, 0.5404675, 0.54091835, 0.54131764, 0.5420387, 0.5422656, 0.54307324, 0.5438137, 0.54424816, 0.5449262, 0.5454836, 0.54618686], "duration": [38346, 40162, 52930, 42892, 49909, 47896, 39433, 38820, 45129, 39495, 39075, 38464, 38475, 39130, 39733, 38653, 39230, 46430, 39613, 46596, 39243, 46095, 39592, 39925, 39079, 40092, 38889, 45581, 40156, 53360, 38492, 46267, 39859, 45695, 53437, 39777, 39922, 39481, 52819, 40056, 40245, 39675, 47111, 40242, 40033, 53502, 40289, 40384, 45872, 40510, 40074, 46389, 39461, 40479, 40480, 39619, 40531, 40430, 40605, 40174, 40334, 47081, 40211, 41506, 39513, 40559, 40560, 47023, 47053, 40376, 40655, 47122, 40415, 47552, 40544, 40625, 40524, 40408, 40465, 40661, 40653, 40823, 40563, 47186, 40485, 47197, 40523, 40559, 40401, 47507, 40686, 40813, 47547, 40694, 40721, 47294, 47423, 40282, 40409, 40552, 40736, 47270, 67504, 40286, 40530, 40404, 40283, 40442, 40776, 40610, 40583, 40519, 40851, 40843, 47348, 40408, 40721, 40555, 40400, 40486, 40253, 39491, 61052, 40728, 40653, 40786, 40572, 40078, 47338, 40421, 39594, 40504, 40301, 40421, 39748, 47261, 47204, 40496, 39933, 47455, 40423, 40672, 40461, 40629, 40589, 40570, 40747, 40651, 40408, 47212]}