{"avg": [0.2525926, 0.28429633, 0.28730994, 0.28146097, 0.28765804, 0.28599557, 0.30273968, 0.31418747, 0.30463326, 0.32169276, 0.29936415, 0.28668985, 0.31398386, 0.32531905, 0.29661188, 0.29190123, 0.29731053, 0.31430572, 0.3267715, 0.31588075, 0.33059925, 0.3105201, 0.31882796, 0.33834264, 0.31682578, 0.33300835, 0.3255017, 0.32508487, 0.3348715, 0.35242143, 0.32033074, 0.31893256, 0.35037178, 0.3478882, 0.34111962, 0.35922012, 0.35204855, 0.3424775, 0.33894554, 0.3327857, 0.34522521, 0.38904503, 0.34841663, 0.3603677, 0.36638793, 0.38483232, 0.38227287, 0.3605393, 0.39759943, 0.35151735], "std": [0.08530041, 0.07241157, 0.046178613, 0.04762182, 0.07139256, 0.07737338, 0.050596006, 0.048314735, 0.07627777, 0.06348273, 0.059696704, 0.046693444, 0.06403082, 0.051504094, 0.07106961, 0.06803197, 0.06511352, 0.054436997, 0.04058254, 0.066739865, 0.049035896, 0.062991284, 0.048158966, 0.041505937, 0.055241995, 0.054750733, 0.06335023, 0.06404116, 0.046729743, 0.043396786, 0.05745492, 0.07947936, 0.039717577, 0.07162669, 0.042451993, 0.049705256, 0.0610678, 0.06949381, 0.06555166, 0.089842714, 0.09614417, 0.0546085, 0.09148636, 0.089486435, 0.07289679, 0.07439423, 0.09015831, 0.074588254, 0.07219772, 0.093483254], "var": [0.98, 0.98, 0.98, 0.96, 0.94, 0.94, 0.92, 0.92, 0.88, 0.88, 0.88, 0.86, 0.84, 0.82, 0.82, 0.8, 0.78, 0.78, 0.76, 0.72, 0.72, 0.72, 0.68, 0.66, 0.68, 0.66, 0.62, 0.6, 0.62, 0.62, 0.62, 0.64, 0.62, 0.58, 0.58, 0.58, 0.62, 0.6, 0.62, 0.6, 0.6, 0.58, 0.54, 0.52, 0.48, 0.48, 0.5, 0.46, 0.46, 0.46], "best": [0.42444444, 0.45333335, 0.35666665, 0.35052153, 0.44613755, 0.44720867, 0.3931987, 0.39593223, 0.44567898, 0.44725144, 0.3540562, 0.35666668, 0.44621313, 0.4469287, 0.38330412, 0.39860663, 0.4461111, 0.44723234, 0.39873567, 0.3999785, 0.44756106, 0.40262333, 0.40432587, 0.40541556, 0.39561272, 0.44735086, 0.40982628, 0.4478161, 0.44857213, 0.41221026, 0.41498256, 0.4493767, 0.4162092, 0.4512252, 0.4196433, 0.42051563, 0.45554388, 0.4507812, 0.45141008, 0.4582208, 0.45984927, 0.45996583, 0.4524645, 0.46305558, 0.46495357, 0.46663547, 0.46810332, 0.45462885, 0.47090855, 0.47299123], "duration": [43134, 40666, 53214, 38162, 49878, 48018, 45921, 38811, 45005, 39977, 37397, 38422, 46077, 39830, 44950, 38661, 38808, 46502, 45714, 39161, 45270, 46012, 39723, 39168, 39438, 39452, 38303, 39073, 39639, 39223, 38721, 39747, 45424, 46442, 39340, 39239, 39132, 39653, 39604, 39496, 39770, 39973, 39379, 39437, 39398, 39571, 39764, 46164, 40191, 39890]}