{"avg": [0.22312926, 0.25491157, 0.25779808, 0.25762182, 0.25678483, 0.25918517, 0.27285483, 0.2769796, 0.27246928, 0.25172848, 0.2888335, 0.25175107, 0.2823592, 0.26157293, 0.27789444, 0.29624128, 0.26665145, 0.30662817, 0.2870751, 0.30810496, 0.29313746, 0.2835079, 0.2799572, 0.29532006, 0.29871032, 0.29416484, 0.3095841, 0.3113555, 0.29219404, 0.2969349, 0.31136832, 0.3098197, 0.31215334, 0.30341217, 0.29306224, 0.3123287, 0.30938908, 0.3212406, 0.29926863, 0.34640118, 0.32409778, 0.32335976, 0.3177159, 0.34601298, 0.3336611, 0.32446015, 0.3116913, 0.317739, 0.33881325, 0.3465086], "std": [0.07319172, 0.063218124, 0.04261332, 0.03582289, 0.06047614, 0.06307608, 0.05037525, 0.05874398, 0.03850074, 0.059367497, 0.03423621, 0.06099803, 0.06775926, 0.044819757, 0.068616584, 0.044730313, 0.03755739, 0.03744766, 0.042720165, 0.058023203, 0.046234883, 0.050490435, 0.042575847, 0.036199275, 0.03971524, 0.055773415, 0.0469465, 0.04572565, 0.043806177, 0.032443877, 0.0632196, 0.04834862, 0.042676285, 0.05907577, 0.05502499, 0.049522772, 0.06711468, 0.036300164, 0.08534833, 0.041906234, 0.051434707, 0.05749654, 0.07629608, 0.040277276, 0.053906623, 0.06941361, 0.0644219, 0.062490556, 0.052104335, 0.060100798], "var": [0.98, 0.98, 0.98, 0.96, 0.94, 0.94, 0.92, 0.94, 0.92, 0.9, 0.88, 0.86, 0.84, 0.82, 0.8, 0.78, 0.76, 0.8, 0.8, 0.8, 0.8, 0.78, 0.78, 0.76, 0.78, 0.76, 0.74, 0.72, 0.7, 0.7, 0.68, 0.68, 0.68, 0.66, 0.66, 0.64, 0.62, 0.64, 0.62, 0.64, 0.6, 0.56, 0.54, 0.52, 0.52, 0.48, 0.48, 0.44, 0.44, 0.46], "best": [0.37142855, 0.40857142, 0.3210204, 0.3131195, 0.3993197, 0.40069684, 0.35207176, 0.40124223, 0.358179, 0.3399417, 0.34179237, 0.32294157, 0.39813015, 0.3252364, 0.39725763, 0.3983725, 0.33165282, 0.3983131, 0.36440787, 0.39957142, 0.4018653, 0.40295267, 0.3669033, 0.3584959, 0.3671202, 0.4036258, 0.40464547, 0.40510923, 0.37026638, 0.3421138, 0.4056592, 0.37312222, 0.40682855, 0.37555787, 0.37757033, 0.4071166, 0.37973788, 0.38196215, 0.40813223, 0.40860415, 0.3880866, 0.40956074, 0.41071966, 0.4116864, 0.39390403, 0.41337898, 0.4142857, 0.41457528, 0.39905378, 0.41545], "duration": [43129, 39959, 53069, 43020, 49996, 48051, 39399, 38914, 51721, 39278, 38950, 38942, 39353, 45632, 39468, 44031, 45928, 39884, 39590, 44812, 39145, 44426, 38891, 39397, 39542, 40026, 60813, 40219, 39631, 39920, 39950, 39882, 40045, 39221, 38851, 39635, 39315, 39391, 57938, 39740, 38945, 57409, 39521, 46513, 45897, 44650, 45745, 44692, 39471, 39870]}