{"avg": [0.49933338, 0.49933338, 0.5000001, 0.50000006, 0.4953334, 0.494, 0.49, 0.4880001, 0.4886668, 0.48933345, 0.49400008, 0.49200007, 0.49066675, 0.49400005, 0.49333337, 0.4933335, 0.4886668, 0.49266678, 0.48800018, 0.4893335, 0.48600015, 0.48800018, 0.48600012, 0.4820001, 0.4853335], "std": [0.1324118, 0.13441062, 0.13316655, 0.13366623, 0.12927319, 0.13024591, 0.13000001, 0.12592067, 0.12834163, 0.12917511, 0.13227749, 0.12988198, 0.13383904, 0.13427833, 0.13046926, 0.13299954, 0.13343504, 0.13470791, 0.13412435, 0.13423693, 0.13712762, 0.1351148, 0.13809654, 0.13859779, 0.13970757], "var": [1.0, 0.9866667, 0.9866667, 0.98, 0.97333336, 0.97333336, 0.96666664, 0.96666664, 0.96, 0.96, 0.96, 0.96, 0.94666666, 0.94, 0.94, 0.94, 0.94, 0.93333334, 0.9266667, 0.91333336, 0.9066667, 0.9066667, 0.91333336, 0.9066667, 0.9066667], "best": [0.9, 0.9, 0.9, 0.9, 0.8, 0.8, 0.8, 0.7, 0.7, 0.7, 0.8, 0.8, 0.8, 0.8, 0.8, 0.8, 0.8, 0.8, 0.8, 0.8, 0.8, 0.8, 0.8, 0.8, 0.8], "duration": [274469, 274588, 274855, 274860, 274014, 274532, 273727, 274864, 272402, 274174, 274658, 275722, 275188, 275234, 275371, 274651, 272495, 271357, 269250, 269949, 268570, 269158, 269940, 268512, 270808]}