{"avg": [0.24805553, 0.27957404, 0.28423977, 0.27999273, 0.282658, 0.28313604, 0.30109692, 0.30066666, 0.30002004, 0.29421994, 0.2891149, 0.28949594, 0.28607115, 0.30119282, 0.29845402, 0.27213007, 0.28636736, 0.31175083, 0.32168633, 0.33125705, 0.2865919, 0.31268874, 0.3301852, 0.29903322, 0.2882643, 0.3242708, 0.30542523, 0.29118708, 0.30069542, 0.29671618, 0.32141724, 0.3325563, 0.32627752, 0.31647682, 0.31468022, 0.30926472, 0.35232234, 0.30945835, 0.34009326, 0.34044603, 0.34232646, 0.33202696, 0.34730974, 0.35434556, 0.36180356, 0.3574304, 0.3310106, 0.3398728, 0.35436323, 0.33169755], "std": [0.08358111, 0.07094504, 0.04656202, 0.03977084, 0.068068095, 0.07015609, 0.053810626, 0.06671437, 0.03957512, 0.052585386, 0.042981308, 0.05677371, 0.06427819, 0.06960753, 0.05284076, 0.068414606, 0.07511549, 0.07249116, 0.05659817, 0.03326609, 0.06617878, 0.076966606, 0.046475776, 0.07541571, 0.07930754, 0.06319876, 0.058928415, 0.06746712, 0.0771675, 0.07490924, 0.07513151, 0.051139798, 0.04605787, 0.07407006, 0.07996644, 0.07316095, 0.04246962, 0.060234994, 0.054341994, 0.055863313, 0.057406306, 0.06631897, 0.06552179, 0.050420985, 0.06069999, 0.056579262, 0.060330514, 0.06601526, 0.06368269, 0.056396104], "var": [0.98, 0.98, 0.98, 0.96, 0.94, 0.94, 0.92, 0.92, 0.9, 0.9, 0.86, 0.84, 0.84, 0.84, 0.82, 0.8, 0.8, 0.78, 0.78, 0.78, 0.78, 0.8, 0.8, 0.78, 0.76, 0.76, 0.76, 0.76, 0.76, 0.76, 0.76, 0.78, 0.74, 0.72, 0.7, 0.66, 0.64, 0.64, 0.66, 0.7, 0.68, 0.7, 0.7, 0.7, 0.72, 0.72, 0.68, 0.7, 0.68, 0.68], "best": [0.41666666, 0.44555557, 0.35027775, 0.34413263, 0.43835977, 0.43943092, 0.38653198, 0.43985507, 0.3744872, 0.390411, 0.3782091, 0.3909091, 0.35068342, 0.44040653, 0.39155355, 0.39074075, 0.3908367, 0.39141417, 0.39390683, 0.3939189, 0.35277775, 0.44308946, 0.44327486, 0.35475025, 0.3941283, 0.39376625, 0.39459684, 0.3946443, 0.39419952, 0.39424515, 0.39502165, 0.39560673, 0.39572477, 0.43523386, 0.44603026, 0.39791667, 0.4368962, 0.3994203, 0.44864634, 0.43882045, 0.43996271, 0.40264797, 0.4514736, 0.44324923, 0.45265317, 0.44524983, 0.40679613, 0.40653953, 0.45493993, 0.4071708], "duration": [43145, 40061, 52835, 42894, 49916, 47900, 39108, 38805, 45249, 39403, 38902, 38301, 38224, 39101, 39705, 38692, 39120, 46889, 40109, 47020, 39659, 46057, 39477, 39702, 38844, 39916, 38914, 39298, 38959, 38909, 45924, 53119, 39747, 46155, 39356, 39396, 39595, 39634, 46504, 40155, 39941, 46484, 46445, 46534, 39701, 40023, 39119, 39351, 46337, 38511]}