{"avg": [0.36666667, 0.38666666, 0.35333332, 0.37333333, 0.38666666, 0.38666666, 0.34, 0.28666666, 0.33333334, 0.34, 0.34, 0.36, 0.33333334, 0.34666666, 0.36666667, 0.35333332, 0.36666667, 0.33333334, 0.34666666, 0.35333332, 0.33333334, 0.32, 0.33333334, 0.36, 0.34], "std": [0.4818947, 0.48698643, 0.47800493, 0.4836895, 0.4869864, 0.4869864, 0.47370902, 0.45220464, 0.4714043, 0.47370902, 0.473709, 0.48000005, 0.4714043, 0.47590864, 0.4818947, 0.47800487, 0.4818947, 0.4714043, 0.47590864, 0.47800496, 0.4714043, 0.46647617, 0.4714043, 0.48000005, 0.47370905], "var": [0.9866667, 0.98, 0.98, 0.97333336, 0.96666664, 0.9533333, 0.94, 0.94, 0.93333334, 0.93333334, 0.93333334, 0.94, 0.93333334, 0.92, 0.9066667, 0.91333336, 0.91333336, 0.9, 0.8933333, 0.8933333, 0.88, 0.88, 0.88666666, 0.88, 0.87333333], "best": [1.0, 1.0, 1.0, 1.0, 1.0, 1.0, 1.0, 1.0, 1.0, 1.0, 1.0, 1.0, 1.0, 1.0, 1.0, 1.0, 1.0, 1.0, 1.0, 1.0, 1.0, 1.0, 1.0, 1.0, 1.0], "duration": [8274, 8115, 8343, 8092, 8038, 8086, 8410, 8253, 8423, 8266, 8283, 8368, 8288, 8338, 8378, 8441, 8407, 8467, 8330, 8446, 8394, 8430, 8314, 8403, 8304]}