{"avg": [0.26790476, 0.28262097, 0.28282002, 0.28541845, 0.27973524, 0.27465713, 0.27198637, 0.26472571, 0.26573026, 0.2619609, 0.26185682, 0.2585761, 0.25597045, 0.25578797, 0.25666472, 0.25488523, 0.2563517, 0.25423634, 0.25297204, 0.2508405, 0.24893323, 0.24861842, 0.24801119, 0.24760133, 0.24671318, 0.24659571, 0.24147838, 0.24436401, 0.24496096, 0.24400131, 0.24159372, 0.24005091, 0.24189004, 0.24186222, 0.24207844, 0.24180342, 0.24062443, 0.24173361, 0.23868385, 0.23959053, 0.23420618, 0.2344614, 0.23558955, 0.23401487, 0.23381758, 0.23692101, 0.23007837, 0.23009723, 0.22910699, 0.22869912], "std": [0.06473257, 0.06463917, 0.06614827, 0.06630271, 0.06838173, 0.06734371, 0.06833083, 0.06697656, 0.065309785, 0.06327715, 0.064444035, 0.06562322, 0.06353335, 0.06319062, 0.06210173, 0.062209602, 0.061149634, 0.060625084, 0.060590506, 0.062132005, 0.06082441, 0.059320033, 0.05976622, 0.061434787, 0.06248645, 0.0587743, 0.05200521, 0.05133068, 0.0515727, 0.050915893, 0.051240794, 0.05276864, 0.053080097, 0.05206093, 0.053621527, 0.052310124, 0.053090207, 0.054909304, 0.05256764, 0.04942414, 0.050947905, 0.049617533, 0.051163804, 0.04994063, 0.049789596, 0.05276224, 0.052975666, 0.05336158, 0.052907296, 0.053144675], "var": [1.0, 1.0, 0.98, 0.98, 0.98, 0.98, 0.96, 0.96, 0.94, 0.9, 0.9, 0.9, 0.9, 0.88, 0.84, 0.82, 0.8, 0.82, 0.84, 0.86, 0.88, 0.88, 0.9, 0.92, 0.9, 0.88, 0.86, 0.86, 0.84, 0.84, 0.84, 0.86, 0.84, 0.82, 0.82, 0.8, 0.82, 0.8, 0.8, 0.82, 0.82, 0.82, 0.82, 0.8, 0.8, 0.8, 0.8, 0.82, 0.82, 0.84], "best": [0.4333333, 0.44999996, 0.45066667, 0.45066667, 0.45066667, 0.45066667, 0.45066667, 0.4165714, 0.41632143, 0.41597882, 0.4157714, 0.41554114, 0.41534922, 0.4151868, 0.41495237, 0.41474918, 0.4145714, 0.41437533, 0.4142381, 0.41411528, 0.41400477, 0.413873, 0.4137229, 0.41355693, 0.41340473, 0.41329142, 0.32069233, 0.32054323, 0.32042858, 0.32034484, 0.3202, 0.32008603, 0.31997916, 0.3198788, 0.31980392, 0.31729525, 0.31720373, 0.3690296, 0.31705263, 0.31697437, 0.3169, 0.3098258, 0.33525395, 0.30988705, 0.3100368, 0.33821586, 0.33833957, 0.3384863, 0.33882144, 0.33912924], "duration": [98847, 98911, 98291, 98522, 99136, 98388, 99433, 99869, 100083, 101283, 99488, 98215, 98158, 98466, 99118, 98776, 96657, 97220, 99015, 95486, 96452, 96703, 94162, 89788, 85704, 92323, 94776, 92796, 91248, 92856, 93418, 95449, 94093, 95661, 97016, 93607, 94308, 94188, 93634, 95009, 91582, 92891, 93617, 90668, 90555, 90526, 90684, 87640, 89642, 90167]}