{"avg": [0.26866665, 0.28641716, 0.28929618, 0.2924813, 0.29530475, 0.29836842, 0.29833278, 0.29951617, 0.303965, 0.30892423, 0.3065208, 0.30815932, 0.30781603, 0.30636287, 0.30360574, 0.3063491, 0.30937666, 0.31124616, 0.309318, 0.3088791, 0.31194827, 0.31541267, 0.31858456, 0.31724557, 0.3225054, 0.32291237, 0.32378983, 0.32710344, 0.3263181, 0.323798, 0.32836688, 0.3294067, 0.32814598, 0.32526848, 0.32712877, 0.32865936, 0.33276752, 0.3322364, 0.33119938, 0.33960748, 0.33743113, 0.33969265, 0.3391473, 0.33640411, 0.3409645, 0.34403324, 0.34786424, 0.3468868, 0.34555924, 0.34428918], "std": [0.06532729, 0.05993171, 0.059060782, 0.059154335, 0.057602834, 0.056177065, 0.056022137, 0.05630689, 0.05654276, 0.048640143, 0.050631862, 0.04710927, 0.053428743, 0.055763908, 0.054894548, 0.056886323, 0.05448107, 0.048589367, 0.05547502, 0.05347665, 0.053842798, 0.04945948, 0.048007347, 0.050918844, 0.044588298, 0.04508431, 0.04645901, 0.045169566, 0.04436723, 0.04914926, 0.047173563, 0.048113108, 0.053730015, 0.055550117, 0.05420838, 0.05422842, 0.051014386, 0.05241151, 0.05215755, 0.050459843, 0.05118893, 0.051758546, 0.05276631, 0.051300086, 0.05160404, 0.051526275, 0.052542362, 0.04916603, 0.049819835, 0.054611154], "var": [1.0, 1.0, 1.0, 1.0, 1.0, 1.0, 0.98, 0.94, 0.92, 0.9, 0.9, 0.9, 0.9, 0.92, 0.9, 0.86, 0.84, 0.88, 0.88, 0.86, 0.84, 0.8, 0.8, 0.78, 0.74, 0.74, 0.72, 0.74, 0.72, 0.72, 0.74, 0.74, 0.74, 0.74, 0.72, 0.7, 0.72, 0.7, 0.7, 0.7, 0.72, 0.74, 0.74, 0.7, 0.66, 0.66, 0.68, 0.7, 0.7, 0.7], "best": [0.4333333, 0.44999996, 0.44999996, 0.44999996, 0.45016667, 0.4504, 0.41412696, 0.45161903, 0.452, 0.4522963, 0.4526, 0.45290908, 0.4533333, 0.4536923, 0.45395234, 0.45417777, 0.454375, 0.45454898, 0.45477775, 0.41695738, 0.45506665, 0.4551746, 0.4552727, 0.45533332, 0.4554722, 0.45562664, 0.45574358, 0.4558765, 0.45595238, 0.45602298, 0.45608887, 0.45619354, 0.45624998, 0.456303, 0.45635292, 0.45638093, 0.45638886, 0.45641437, 0.4564561, 0.45656407, 0.45666668, 0.45678046, 0.45688888, 0.4188815, 0.45706058, 0.45715556, 0.4572464, 0.45733333, 0.4574305, 0.4575238], "duration": [99700, 101373, 97314, 102498, 101644, 102346, 102023, 106378, 106175, 105657, 103609, 103904, 103124, 102980, 106136, 104447, 101567, 102221, 101643, 101685, 105611, 105546, 106024, 106255, 107851, 108872, 110097, 109341, 109315, 107994, 112350, 108409, 108388, 107689, 108177, 107996, 107890, 108489, 107080, 107314, 107016, 106488, 103078, 103256, 102893, 103036, 103338, 107488, 107797, 107158]}