{"avg": [0.25952384, 0.2596561, 0.30522487, 0.25582013, 0.2518188, 0.25346562, 0.30222222, 0.255362, 0.29379433, 0.29180208, 0.25248018, 0.2794547, 0.2670168, 0.2957958, 0.26594248, 0.2560262, 0.25335577, 0.2558957, 0.31291208, 0.24763347, 0.2527641, 0.28031483, 0.30960566, 0.26988304, 0.29749915, 0.2912972, 0.28558815, 0.2915649, 0.30658925, 0.27166003, 0.25514048, 0.24107938, 0.25739598, 0.2368836, 0.24527211, 0.27320936, 0.24728167, 0.24428797, 0.23499346, 0.28345737, 0.26851967, 0.26603782, 0.24260461, 0.24188429, 0.3220972, 0.26901832, 0.23834682, 0.25073272, 0.29245457, 0.31906027], "std": [0.03560831, 0.10886468, 0.029261597, 0.05002565, 0.025610726, 0.06230851, 0.061396033, 0.07737397, 0.06494499, 0.027027253, 0.043722548, 0.05987493, 0.052665167, 0.035735264, 0.043680057, 0.05220026, 0.09546594, 0.04123635, 0.044089645, 0.047033396, 0.075877674, 0.05374064, 0.0398533, 0.05731635, 0.0324318, 0.03830699, 0.035153583, 0.052994035, 0.02320941, 0.043144822, 0.040570673, 0.03915493, 0.04366241, 0.043684762, 0.016534043, 0.06965201, 0.078790925, 0.05600227, 0.06393645, 0.08763021, 0.044630513, 0.056335352, 0.038225275, 0.044856288, 0.051015135, 0.041025452, 0.042739768, 0.025523568, 0.04667046, 0.03962725], "var": [1.0, 1.0, 1.0, 1.0, 1.0, 1.0, 1.0, 1.0, 1.0, 1.0, 1.0, 1.0, 1.0, 1.0, 1.0, 1.0, 1.0, 1.0, 1.0, 1.0, 1.0, 1.0, 1.0, 1.0, 1.0, 1.0, 1.0, 1.0, 1.0, 1.0, 1.0, 1.0, 1.0, 1.0, 1.0, 1.0, 1.0, 1.0, 1.0, 1.0, 1.0, 1.0, 1.0, 1.0, 1.0, 1.0, 1.0, 1.0, 1.0, 1.0], "best": [0.30476192, 0.45555556, 0.3531746, 0.33201057, 0.28869048, 0.34079364, 0.38531744, 0.38908246, 0.3556231, 0.31456587, 0.30059525, 0.3504608, 0.3541316, 0.34845558, 0.3394048, 0.31755263, 0.44197723, 0.30986395, 0.382326, 0.30199137, 0.34195402, 0.34426227, 0.36469492, 0.39749375, 0.34272012, 0.3382266, 0.3389467, 0.35225883, 0.35273364, 0.34444442, 0.31568146, 0.30232805, 0.3130502, 0.30234358, 0.26955783, 0.37893865, 0.3951231, 0.32968923, 0.3305155, 0.3971726, 0.34103522, 0.3286521, 0.29348683, 0.30720046, 0.4046869, 0.30613554, 0.31345913, 0.29530838, 0.38976884, 0.35778454], "duration": [12544, 12671, 13189, 13464, 12731, 12508, 13322, 12776, 12478, 13000, 12417, 12636, 17370, 13129, 13381, 12464, 13992, 11985, 12722, 12614, 12052, 12725, 12577, 9215, 12741, 13465, 12911, 12573, 12468, 12634, 12908, 12982, 13033, 12704, 8083, 13333, 12613, 9352, 12717, 13356, 12074, 12466, 12054, 11960, 13175, 12020, 12045, 12076, 12744, 12683]}