{"avg": [0.25589743, 0.28258693, 0.28784975, 0.2830605, 0.2863355, 0.28911272, 0.30127317, 0.31286016, 0.30079523, 0.31484124, 0.30577767, 0.2917888, 0.3144264, 0.32104078, 0.3095709, 0.30055302, 0.31683135, 0.2932477, 0.31143415, 0.3088629, 0.34315062, 0.33466107, 0.31701112, 0.30593136, 0.30409324, 0.36374423, 0.3728542, 0.37575054, 0.3376588, 0.3557705, 0.33357808, 0.32111305, 0.33593023, 0.33398607, 0.3332495, 0.34656876, 0.35240644, 0.37278196, 0.3536082, 0.34736148, 0.3377471, 0.34815165, 0.34133115, 0.3574872, 0.39802468, 0.36161098, 0.34515417, 0.40870118, 0.37322944, 0.4005114], "std": [0.08142497, 0.07175855, 0.04678185, 0.04715986, 0.06722732, 0.07243259, 0.050278492, 0.047853213, 0.07850679, 0.06719841, 0.071748614, 0.059052147, 0.040018864, 0.0620141, 0.0649434, 0.06645633, 0.04937929, 0.076725565, 0.07180303, 0.093995064, 0.061488494, 0.0623392, 0.056166988, 0.066045456, 0.06926677, 0.05813797, 0.058750313, 0.06453618, 0.061527945, 0.06403803, 0.10713416, 0.047030963, 0.05625961, 0.07821063, 0.053077362, 0.07815201, 0.09313738, 0.06293936, 0.08661963, 0.08730589, 0.076951444, 0.09853248, 0.080664605, 0.075482875, 0.06592532, 0.07770016, 0.086040504, 0.06321501, 0.0860747, 0.06571985], "var": [0.98, 0.98, 0.98, 0.96, 0.94, 0.94, 0.92, 0.92, 0.92, 0.9, 0.9, 0.88, 0.88, 0.86, 0.84, 0.84, 0.82, 0.84, 0.82, 0.82, 0.82, 0.8, 0.8, 0.78, 0.74, 0.74, 0.7, 0.7, 0.68, 0.7, 0.68, 0.68, 0.64, 0.62, 0.64, 0.62, 0.6, 0.62, 0.6, 0.58, 0.58, 0.58, 0.56, 0.52, 0.5, 0.46, 0.48, 0.44, 0.42, 0.44], "best": [0.42051283, 0.44940174, 0.3544444, 0.35086343, 0.44220594, 0.4432771, 0.3916602, 0.39439377, 0.4417474, 0.4431795, 0.4436836, 0.3607562, 0.37837696, 0.44294873, 0.4440684, 0.4448826, 0.44567752, 0.44665906, 0.4478178, 0.44838354, 0.44955894, 0.45098317, 0.45121458, 0.45124635, 0.4033599, 0.4508851, 0.45254537, 0.454319, 0.45506105, 0.4567033, 0.45788872, 0.4155277, 0.4591023, 0.45933712, 0.4598839, 0.45971775, 0.46019256, 0.46168932, 0.46209535, 0.46564946, 0.46655217, 0.4675108, 0.46413362, 0.46880218, 0.46970332, 0.47076926, 0.471627, 0.47221076, 0.47389862, 0.47481322], "duration": [43109, 40135, 52825, 43092, 50021, 47928, 45788, 38600, 38894, 39548, 38829, 38849, 39452, 38883, 39167, 38597, 45598, 38998, 39153, 38427, 46299, 39236, 39013, 47206, 39573, 39598, 40138, 46448, 46080, 39895, 39482, 38065, 39146, 39641, 39167, 45965, 39755, 39076, 39985, 39501, 39056, 53191, 52684, 45932, 47376, 46221, 38997, 40099, 39974, 47138]}