{"avg": [0.27499998, 0.34014422, 0.32209054, 0.3226984, 0.32752004, 0.31764704, 0.33407897, 0.33897895, 0.32443976, 0.32926136, 0.30840072, 0.30252087, 0.2914485, 0.296886, 0.32284176, 0.34401083, 0.3191235, 0.335522, 0.3248123, 0.34492752, 0.32198516, 0.3213213, 0.33031067, 0.35900548, 0.3628721, 0.37067014, 0.36405903, 0.34580395, 0.35460228, 0.35210717, 0.37447634, 0.3423929, 0.34968188, 0.37196547, 0.3710237, 0.38630238, 0.37425202, 0.37341052, 0.40293157, 0.37436292, 0.363545, 0.38089404, 0.38820937, 0.37955943, 0.3583971, 0.41450363, 0.43150634, 0.40797138, 0.42956918, 0.38305625], "std": [0.08660254, 0.050431516, 0.059692338, 0.06800082, 0.06065681, 0.07290741, 0.052655425, 0.06629938, 0.0677847, 0.07424501, 0.07716993, 0.06796182, 0.07971748, 0.056134224, 0.06912882, 0.07506149, 0.08209344, 0.054139797, 0.07202784, 0.0446604, 0.065088, 0.072254956, 0.08092997, 0.07286572, 0.06044976, 0.08404948, 0.06893934, 0.06662757, 0.092487514, 0.08579856, 0.06876291, 0.08981477, 0.092534296, 0.07181345, 0.104300514, 0.068757154, 0.085464194, 0.09897954, 0.072563894, 0.08367347, 0.084949784, 0.07217402, 0.08188185, 0.0849752, 0.10511756, 0.07626578, 0.076801874, 0.095248565, 0.072112314, 0.089195445], "var": [1.0, 0.98, 0.98, 0.96, 0.94, 0.94, 0.92, 0.92, 0.92, 0.9, 0.88, 0.88, 0.88, 0.9, 0.9, 0.86, 0.84, 0.84, 0.82, 0.82, 0.8, 0.8, 0.78, 0.76, 0.76, 0.74, 0.76, 0.78, 0.78, 0.76, 0.76, 0.76, 0.74, 0.74, 0.7, 0.7, 0.7, 0.74, 0.76, 0.78, 0.74, 0.72, 0.68, 0.64, 0.62, 0.62, 0.6, 0.56, 0.52, 0.54], "best": [0.45, 0.490625, 0.38965517, 0.42222223, 0.48728812, 0.4878205, 0.43157896, 0.48738736, 0.3984127, 0.48916084, 0.39874214, 0.4, 0.37198952, 0.3729064, 0.39631337, 0.48448274, 0.42948207, 0.3988764, 0.48480564, 0.3986622, 0.42866242, 0.39969605, 0.48497108, 0.48936462, 0.45172414, 0.4877215, 0.49004853, 0.494, 0.49170452, 0.49118942, 0.4599147, 0.49423867, 0.49522862, 0.49594593, 0.49756554, 0.49945354, 0.50017726, 0.50301725, 0.5022651, 0.5050489, 0.5070523, 0.5002318, 0.50689393, 0.508651, 0.5096017, 0.5104312, 0.5119728, 0.5142189, 0.51566577, 0.5175192], "duration": [54194, 40062, 39203, 40191, 46239, 39527, 39849, 39011, 50887, 46183, 38076, 38875, 39046, 39603, 39269, 46047, 39115, 39282, 38308, 39667, 44855, 38505, 39234, 39840, 39170, 39988, 39393, 38960, 39390, 39579, 39467, 39139, 39368, 46205, 39951, 38469, 39558, 39180, 44807, 38927, 39177, 38821, 59377, 52478, 51154, 38986, 39961, 39539, 40406, 39398]}