{"avg": [0.50066674, 0.50066674, 0.5020001, 0.50066674, 0.50066674, 0.49800003, 0.49666673, 0.49400008, 0.49200007, 0.49400008, 0.49000016, 0.48333338, 0.48533344, 0.48666677, 0.48733348, 0.4846668, 0.48666677, 0.4846668, 0.48266682, 0.4800002, 0.4826668, 0.48533344, 0.48133346, 0.4846668, 0.48533344], "std": [0.1324118, 0.13291432, 0.13538592, 0.13241181, 0.13735436, 0.13636722, 0.13535962, 0.13575959, 0.132926, 0.13575959, 0.13552369, 0.13876432, 0.13632636, 0.1334999, 0.13480686, 0.13403311, 0.13449495, 0.13502423, 0.13453457, 0.13466008, 0.13353981, 0.13583645, 0.13778566, 0.13698497, 0.13534477], "var": [1.0, 0.99333334, 0.9866667, 0.98, 0.96666664, 0.97333336, 0.97333336, 0.96, 0.9533333, 0.96, 0.94666666, 0.93333334, 0.93333334, 0.93333334, 0.92, 0.92, 0.91333336, 0.9, 0.9066667, 0.9, 0.9, 0.9, 0.8933333, 0.88, 0.88], "best": [0.9, 0.9, 0.9, 0.9, 0.9, 0.9, 0.9, 0.9, 0.8, 0.9, 0.9, 0.9, 0.9, 0.9, 0.9, 0.9, 0.9, 0.9, 0.9, 0.9, 0.9, 0.9, 0.9, 0.9, 0.9], "duration": [274286, 273977, 275342, 271943, 273665, 274569, 273826, 275207, 277191, 278883, 281129, 287015, 271023, 274409, 274233, 272221, 271860, 270772, 270739, 268991, 268097, 269835, 269226, 268843, 267851]}