{"avg": [0.27333334, 0.30059257, 0.3074854, 0.30677843, 0.3097048, 0.30854455, 0.32338294, 0.33425277, 0.32396707, 0.32557145, 0.32682928, 0.3285477, 0.34802407, 0.33510244, 0.32408467, 0.33340463, 0.33783028, 0.3639453, 0.3443263, 0.36964703, 0.35065883, 0.3595416, 0.36936957, 0.3409756, 0.35824895, 0.3393107, 0.35894066, 0.37706357, 0.38150367, 0.37326157, 0.39882517, 0.37819186, 0.37107086, 0.37528792, 0.3894462, 0.41272482, 0.35495883, 0.38597184, 0.40307274, 0.40772462, 0.37721416, 0.37445137, 0.4018552, 0.36927333, 0.40170577, 0.3865803, 0.41188827, 0.42724767, 0.42530894, 0.40954834], "std": [0.08942431, 0.080631115, 0.049509406, 0.045876443, 0.074347176, 0.07781391, 0.06007945, 0.050195772, 0.085240014, 0.0776959, 0.08076922, 0.08141064, 0.056438047, 0.078927055, 0.09375482, 0.053327076, 0.06112516, 0.066047005, 0.07310202, 0.06153762, 0.06961864, 0.066224106, 0.07057953, 0.062211104, 0.06392607, 0.042066634, 0.066194296, 0.0535737, 0.07214334, 0.07332939, 0.06729016, 0.07745696, 0.06218021, 0.06192162, 0.07071357, 0.07157303, 0.070920706, 0.08029334, 0.046237815, 0.07652078, 0.07000675, 0.07332772, 0.07936853, 0.09330924, 0.08507155, 0.08814175, 0.08046342, 0.09073545, 0.06783639, 0.06992522], "var": [0.98, 0.98, 0.98, 0.96, 0.94, 0.94, 0.92, 0.92, 0.92, 0.9, 0.9, 0.88, 0.88, 0.84, 0.82, 0.78, 0.76, 0.76, 0.76, 0.74, 0.72, 0.72, 0.68, 0.68, 0.66, 0.64, 0.62, 0.6, 0.62, 0.64, 0.66, 0.64, 0.62, 0.6, 0.6, 0.62, 0.64, 0.6, 0.62, 0.6, 0.6, 0.62, 0.62, 0.6, 0.56, 0.56, 0.54, 0.52, 0.5, 0.48], "best": [0.45555553, 0.4844444, 0.38222227, 0.3760771, 0.47724864, 0.47831976, 0.41986534, 0.42259887, 0.47679007, 0.47888887, 0.47913277, 0.48041427, 0.48098508, 0.48135683, 0.48192587, 0.42761508, 0.4440945, 0.48343655, 0.4839243, 0.48441458, 0.48484197, 0.48575756, 0.48636213, 0.48758897, 0.4882616, 0.40379894, 0.48930344, 0.44661894, 0.4893497, 0.49119028, 0.49476698, 0.49668732, 0.49498558, 0.49511877, 0.49569285, 0.49673557, 0.49885938, 0.50093704, 0.5004466, 0.50114375, 0.50351524, 0.5062532, 0.5066161, 0.50755554, 0.50524104, 0.5070407, 0.509803, 0.5107638, 0.5120984, 0.5114569], "duration": [43254, 40142, 52865, 42963, 50024, 47962, 46011, 39119, 38602, 39779, 39259, 39449, 39775, 39502, 46688, 39289, 38728, 39882, 39496, 39358, 46694, 39603, 39936, 38790, 40462, 39791, 39590, 39607, 40151, 46750, 53371, 53044, 39496, 39084, 40413, 46793, 39223, 40468, 40030, 40351, 40114, 39849, 39965, 40166, 40200, 39652, 39298, 54041, 40360, 39869]}