{"avg": [0.26031747, 0.2896931, 0.2930743, 0.2902818, 0.2893623, 0.29626632, 0.30663276, 0.320574, 0.31279385, 0.32525286, 0.30525985, 0.2972057, 0.31779337, 0.33182698, 0.30252457, 0.29977196, 0.30318558, 0.32044098, 0.33528993, 0.3220263, 0.3346818, 0.3086026, 0.338207, 0.35398394, 0.33321738, 0.34337026, 0.35440776, 0.34281105, 0.35268018, 0.3512276, 0.31816444, 0.3141497, 0.3636701, 0.3298334, 0.34371883, 0.34915304, 0.363295, 0.34901524, 0.32200447, 0.3379922, 0.3619653, 0.35994625, 0.36264727, 0.36850318, 0.34879562, 0.3891868, 0.3687729, 0.37829995, 0.36805567, 0.39274627, 0.38635153, 0.3538631, 0.39474958, 0.40050763, 0.40496033, 0.41829, 0.38583994, 0.405855, 0.36951506, 0.38774744, 0.4117989, 0.4168904, 0.41769126, 0.418063, 0.42314142, 0.40616044, 0.41177174, 0.40247053, 0.42433804, 0.43968517, 0.40671042, 0.45424423, 0.4197296, 0.41236484, 0.44728884, 0.4370039, 0.4127886, 0.42619744, 0.45597786, 0.41605294, 0.42151055, 0.4179296, 0.44988728, 0.41902938, 0.46442094, 0.43760788, 0.42040762, 0.4459742, 0.4354835, 0.4230444, 0.46375084, 0.47813484, 0.48576263, 0.431337, 0.5048204, 0.45275262, 0.42775208, 0.48000595, 0.45249438, 0.4536763], "std": [0.08539034, 0.07409099, 0.048427258, 0.041381273, 0.07199143, 0.07465063, 0.05051663, 0.0491792, 0.07701867, 0.06967578, 0.061064214, 0.041816387, 0.06372091, 0.052661356, 0.068094, 0.06756326, 0.06630276, 0.05288251, 0.041451655, 0.06466026, 0.0504367, 0.070778735, 0.053324487, 0.04864701, 0.040434744, 0.053489298, 0.05122032, 0.050108023, 0.05831163, 0.056324992, 0.060970746, 0.07513223, 0.056322306, 0.07278042, 0.05676147, 0.06511311, 0.06638564, 0.061548192, 0.07728227, 0.0837823, 0.061079044, 0.056384686, 0.06011316, 0.06625008, 0.07346595, 0.06096511, 0.07846407, 0.07106207, 0.057712194, 0.066409, 0.074169874, 0.07263326, 0.06544244, 0.05358683, 0.056226682, 0.04774242, 0.076066926, 0.08248814, 0.07116111, 0.07403457, 0.065579705, 0.06561518, 0.0724149, 0.08143999, 0.074727796, 0.07923272, 0.08877832, 0.07774733, 0.081469834, 0.07024741, 0.087022476, 0.072184, 0.088445865, 0.09636782, 0.06937696, 0.08636939, 0.08477115, 0.07736378, 0.065634504, 0.09065824, 0.087559745, 0.095165856, 0.08093905, 0.10031269, 0.06776202, 0.095091894, 0.10751712, 0.09107525, 0.09966467, 0.10446324, 0.09474772, 0.07892205, 0.06557482, 0.10475129, 0.057215054, 0.10771076, 0.1031945, 0.0844533, 0.100595675, 0.09828262], "var": [0.98, 0.98, 0.98, 0.96, 0.94, 0.94, 0.92, 0.92, 0.88, 0.88, 0.88, 0.86, 0.84, 0.82, 0.82, 0.8, 0.78, 0.78, 0.76, 0.72, 0.74, 0.74, 0.74, 0.76, 0.76, 0.74, 0.72, 0.72, 0.74, 0.74, 0.74, 0.72, 0.76, 0.74, 0.72, 0.68, 0.7, 0.7, 0.66, 0.68, 0.66, 0.64, 0.66, 0.64, 0.64, 0.6, 0.58, 0.6, 0.6, 0.56, 0.54, 0.54, 0.5, 0.52, 0.56, 0.52, 0.5, 0.5, 0.52, 0.48, 0.44, 0.46, 0.44, 0.42, 0.42, 0.4, 0.38, 0.36, 0.36, 0.38, 0.38, 0.38, 0.36, 0.36, 0.34, 0.3, 0.28, 0.26, 0.26, 0.26, 0.26, 0.3, 0.3, 0.3, 0.28, 0.26, 0.26, 0.26, 0.24, 0.22, 0.22, 0.22, 0.18, 0.18, 0.18, 0.16, 0.14, 0.14, 0.14, 0.14], "best": [0.4333333, 0.46222222, 0.36396822, 0.3578231, 0.45502642, 0.45609757, 0.40081772, 0.40355125, 0.45456788, 0.4561403, 0.36167526, 0.35859787, 0.455102, 0.45581758, 0.39028823, 0.40622565, 0.45487177, 0.45599997, 0.4063547, 0.4075975, 0.4561403, 0.41024235, 0.45636702, 0.44433805, 0.40408865, 0.4283251, 0.4306251, 0.44586754, 0.4582034, 0.44719735, 0.42581615, 0.4261421, 0.4585621, 0.46185932, 0.44817558, 0.44853017, 0.46321866, 0.44965056, 0.44152823, 0.46480665, 0.46499923, 0.44190475, 0.45213032, 0.45321307, 0.46739292, 0.4655446, 0.46707872, 0.45812342, 0.46957287, 0.47054765, 0.47182086, 0.46292683, 0.47203174, 0.46418068, 0.4655193, 0.46673226, 0.47533298, 0.47564018, 0.4807286, 0.47150016, 0.47248673, 0.48289883, 0.48403418, 0.4852713, 0.4879841, 0.48932418, 0.49041185, 0.48197177, 0.49170578, 0.49358022, 0.4950076, 0.49694517, 0.49887607, 0.5003788, 0.5018949, 0.50354004, 0.5048937, 0.50308794, 0.49799642, 0.50712365, 0.50801486, 0.5090457, 0.50984496, 0.5113318, 0.5122953, 0.50999004, 0.5150799, 0.50838286, 0.5171848, 0.5185, 0.519411, 0.52152485, 0.52292097, 0.5242694, 0.5251581, 0.5270022, 0.52816933, 0.5288318, 0.53061885, 0.53176546], "duration": [43014, 39594, 52432, 42669, 49501, 47526, 45329, 38388, 44546, 39593, 37155, 37944, 45538, 39235, 44515, 38309, 38410, 46213, 45232, 38792, 44747, 45451, 39447, 38984, 39232, 38982, 38594, 38819, 39396, 39173, 38455, 38472, 39579, 39496, 39153, 38968, 39145, 39707, 38947, 39453, 39995, 39511, 39260, 39748, 39694, 39665, 39803, 39581, 39466, 39949, 39907, 39021, 39433, 46523, 39645, 40235, 40221, 40494, 40189, 39710, 39962, 39827, 39884, 39939, 39335, 39856, 39311, 46177, 39362, 39971, 46363, 39923, 39834, 40033, 39806, 39729, 39783, 39762, 39779, 39801, 46562, 39706, 46258, 39915, 39985, 39809, 39267, 39840, 39935, 39917, 46608, 40010, 39925, 39804, 40073, 40030, 39858, 40062, 39847, 39910]}