{"avg": [0.25128207, 0.29413924, 0.3004329, 0.31185186, 0.31931216, 0.29736993, 0.29321566, 0.2956364, 0.31432095, 0.303548, 0.30757052, 0.3112701, 0.321698, 0.33728448, 0.29913276, 0.29027405, 0.30443028, 0.31383622, 0.35000613, 0.31488386, 0.33941373, 0.3258432, 0.34187907, 0.32413015, 0.3036896, 0.29213527, 0.31498966, 0.31666395, 0.2937144, 0.33660495, 0.2819907, 0.32581884, 0.35152096, 0.3269714, 0.3332876, 0.32827193, 0.3278185, 0.32306755, 0.28395483, 0.29977795, 0.34950078, 0.31032604, 0.33166465, 0.3469093, 0.32511818, 0.3530955, 0.3163283, 0.32254252, 0.3282628, 0.31727988], "std": [0.09048879, 0.034050353, 0.08314884, 0.03042692, 0.07492037, 0.04770821, 0.06551943, 0.07310652, 0.05140724, 0.06161061, 0.05874276, 0.04197894, 0.06569119, 0.06630538, 0.04659927, 0.064064704, 0.071610466, 0.03162756, 0.050019473, 0.039640572, 0.0526594, 0.045107238, 0.06088045, 0.0353723, 0.058153357, 0.0643032, 0.073223785, 0.05943375, 0.04368182, 0.051524386, 0.06845416, 0.052664507, 0.058968138, 0.047881518, 0.035720367, 0.057250254, 0.07681983, 0.05964581, 0.072992325, 0.085943826, 0.044624545, 0.07728026, 0.07123798, 0.042035874, 0.078696795, 0.05206873, 0.045399204, 0.049526658, 0.08766577, 0.077609584], "var": [1.0, 0.98, 0.98, 0.96, 0.96, 0.94, 0.92, 0.92, 0.92, 0.92, 0.9, 0.88, 0.88, 0.88, 0.88, 0.88, 0.88, 0.88, 0.86, 0.86, 0.86, 0.84, 0.82, 0.82, 0.82, 0.82, 0.82, 0.82, 0.82, 0.8, 0.8, 0.8, 0.8, 0.8, 0.78, 0.78, 0.8, 0.82, 0.82, 0.82, 0.82, 0.82, 0.8, 0.8, 0.78, 0.78, 0.76, 0.76, 0.76, 0.76], "best": [0.4333333, 0.33882785, 0.4611111, 0.3466667, 0.4598485, 0.3564241, 0.34888396, 0.4564444, 0.38770762, 0.45532644, 0.39210758, 0.3612187, 0.45374677, 0.45539567, 0.3930621, 0.39448938, 0.4561403, 0.36373624, 0.45578584, 0.3711963, 0.4563748, 0.39792058, 0.45648536, 0.37739047, 0.40030897, 0.35749426, 0.4000505, 0.4006941, 0.37305763, 0.45460317, 0.36761323, 0.44538644, 0.45542744, 0.4565543, 0.40042588, 0.45666668, 0.40936506, 0.45771143, 0.35609362, 0.39971855, 0.4191244, 0.38512442, 0.45748898, 0.45620072, 0.3870691, 0.45685068, 0.3866532, 0.37852457, 0.39873627, 0.38977537], "duration": [36638, 25854, 26600, 26443, 26791, 26247, 26751, 26918, 30892, 26570, 26121, 25961, 26453, 26620, 24850, 25772, 26753, 26199, 26691, 25971, 26681, 32950, 26661, 38559, 26516, 25603, 25780, 26105, 25680, 32817, 25994, 35605, 26607, 31792, 26308, 26037, 31095, 26078, 25168, 26001, 31160, 26055, 26582, 33003, 26292, 26738, 26034, 25650, 26270, 31910]}