{"avg": [0.1952381, 0.2288254, 0.23134084, 0.22904518, 0.2323517, 0.22927344, 0.2439717, 0.2531299, 0.2479723, 0.25675684, 0.24334893, 0.23353176, 0.25436863, 0.26381192, 0.2422071, 0.23593387, 0.24272344, 0.25025472, 0.2389983, 0.23060012, 0.26564297, 0.24039239, 0.27370086, 0.2785329, 0.2642107, 0.27425453, 0.25696823, 0.2607131, 0.273474, 0.2765515, 0.2802846, 0.28164876, 0.28293124, 0.2696563, 0.2743172, 0.27355418, 0.29005584, 0.28870964, 0.30219623, 0.28180048, 0.2968998, 0.30496392, 0.31771946, 0.283034, 0.30622998, 0.29367247, 0.34674904, 0.32080457, 0.31907436, 0.33438957], "std": [0.06404275, 0.055207532, 0.037554443, 0.03331735, 0.053235415, 0.05968255, 0.045288645, 0.038077332, 0.05961913, 0.05437083, 0.047046166, 0.039223716, 0.051353015, 0.043563712, 0.054297887, 0.053527735, 0.057391, 0.04660745, 0.044491585, 0.074376926, 0.043692347, 0.058841124, 0.048364006, 0.037764065, 0.062202383, 0.045062605, 0.059801575, 0.06258394, 0.059096467, 0.054957017, 0.042768303, 0.051008962, 0.040609114, 0.08285642, 0.06297786, 0.070280306, 0.083172604, 0.060828067, 0.049561683, 0.041585386, 0.062062223, 0.06275664, 0.056518666, 0.05672872, 0.056482196, 0.06850271, 0.04701562, 0.0656355, 0.059794277, 0.057761695], "var": [0.98, 0.98, 0.98, 0.96, 0.94, 0.94, 0.92, 0.92, 0.88, 0.88, 0.88, 0.86, 0.84, 0.82, 0.82, 0.8, 0.8, 0.82, 0.82, 0.8, 0.8, 0.78, 0.76, 0.76, 0.74, 0.72, 0.72, 0.72, 0.72, 0.72, 0.7, 0.66, 0.68, 0.68, 0.64, 0.62, 0.62, 0.6, 0.62, 0.58, 0.56, 0.58, 0.56, 0.54, 0.52, 0.5, 0.48, 0.48, 0.5, 0.5], "best": [0.325, 0.3683333, 0.2888095, 0.27959183, 0.35753968, 0.35914633, 0.31551227, 0.3196126, 0.35685185, 0.35921052, 0.28816694, 0.2888095, 0.35765305, 0.3587264, 0.3068609, 0.3234192, 0.3576923, 0.35972726, 0.28821924, 0.32292742, 0.3601735, 0.32743117, 0.36063218, 0.3617123, 0.36266404, 0.3634131, 0.36274272, 0.3647887, 0.36397725, 0.34632698, 0.36445147, 0.36510202, 0.35221726, 0.3668738, 0.3674721, 0.36856884, 0.36970899, 0.37070447, 0.37198997, 0.3650781, 0.3718254, 0.372678, 0.37356278, 0.375188, 0.37584305, 0.37878153, 0.37987638, 0.38369545, 0.38650483, 0.38848847], "duration": [43044, 40284, 53048, 42973, 49803, 43383, 45775, 38639, 44900, 39955, 37588, 38423, 46032, 39821, 44858, 38793, 38915, 39886, 39426, 38480, 45927, 39596, 38806, 39990, 39312, 39701, 39444, 38484, 46095, 46082, 40158, 46546, 40355, 39374, 39592, 39778, 40035, 39287, 39834, 40044, 40212, 39367, 66526, 39329, 40059, 40259, 52673, 39569, 39692, 46290]}