{"avg": [0.25523812, 0.30196825, 0.2888142, 0.2658706, 0.30546907, 0.28118032, 0.28559908, 0.2886151, 0.3159874, 0.2885397, 0.28292817, 0.294175, 0.29769978, 0.2983033, 0.28130338, 0.3120137, 0.32536995, 0.3232399, 0.31893823, 0.3205362, 0.3023191, 0.33499774, 0.34123188, 0.32153445, 0.35157263, 0.33754134, 0.32482773, 0.32288772, 0.35707203, 0.3259026, 0.3460493, 0.35423508, 0.35149157, 0.34046778, 0.35053626, 0.373945, 0.3514324, 0.36757746, 0.3589954, 0.35865402, 0.3537571, 0.36675203, 0.35795528, 0.3686803, 0.36257508, 0.3676222, 0.36718753, 0.3906106, 0.3991523, 0.39446688, 0.3811214, 0.35601035, 0.39556375, 0.39815542, 0.38594753, 0.4050902, 0.42520624, 0.4228271, 0.4383797, 0.3987374, 0.40423697, 0.44666174, 0.44684878, 0.4281667, 0.39148408, 0.3869351, 0.42815766, 0.42509788, 0.4154073, 0.43224365, 0.44141573, 0.44763944, 0.46522194, 0.449431, 0.40880093, 0.47122696, 0.44124132, 0.48834234, 0.46287417, 0.48641664, 0.45675325, 0.48648626, 0.50321376, 0.48794025, 0.52682084, 0.521827, 0.4955916, 0.49861816, 0.49798065, 0.49529707, 0.47284254, 0.5185814, 0.52559626, 0.51183426, 0.52516747, 0.50836414, 0.50363064, 0.5377102, 0.5172458, 0.51575094], "std": [0.08711032, 0.07669692, 0.055352796, 0.07216001, 0.06889033, 0.07350723, 0.055695638, 0.05183244, 0.059135247, 0.066470794, 0.067283556, 0.043475457, 0.06255382, 0.049988963, 0.06553488, 0.06233546, 0.034880366, 0.048928488, 0.07623162, 0.05673271, 0.043208294, 0.048431434, 0.04039199, 0.036290824, 0.053753566, 0.044766843, 0.055320077, 0.059106838, 0.047611788, 0.074361555, 0.030185081, 0.043451663, 0.049561664, 0.07080862, 0.049571652, 0.046143703, 0.04444688, 0.066131905, 0.052326523, 0.07353387, 0.06637615, 0.066133775, 0.08831438, 0.097779326, 0.073180094, 0.0920372, 0.07000245, 0.052699424, 0.076316975, 0.06619944, 0.08784257, 0.08966767, 0.06937068, 0.09510842, 0.06441899, 0.05179115, 0.07182338, 0.07950915, 0.069925435, 0.082827605, 0.081948265, 0.061481915, 0.0835426, 0.08473766, 0.0910065, 0.09791673, 0.057297718, 0.086228795, 0.09016655, 0.076879136, 0.091814116, 0.09400597, 0.092980646, 0.0857687, 0.096786246, 0.05500515, 0.10204497, 0.04441276, 0.069258064, 0.067757905, 0.10700905, 0.07626969, 0.04190982, 0.070281565, 0.030836688, 0.037910484, 0.07974517, 0.08479031, 0.080626905, 0.10582448, 0.11728842, 0.07476851, 0.07206278, 0.08745201, 0.090311185, 0.09734726, 0.10540789, 0.07059044, 0.08750431, 0.10264121], "var": [0.98, 0.98, 0.98, 0.98, 0.98, 0.98, 0.98, 0.98, 0.96, 0.94, 0.92, 0.9, 0.9, 0.88, 0.86, 0.84, 0.84, 0.84, 0.84, 0.84, 0.82, 0.82, 0.8, 0.8, 0.8, 0.8, 0.8, 0.8, 0.82, 0.78, 0.76, 0.76, 0.76, 0.76, 0.74, 0.72, 0.7, 0.7, 0.68, 0.64, 0.66, 0.66, 0.62, 0.6, 0.6, 0.62, 0.62, 0.64, 0.64, 0.6, 0.62, 0.62, 0.6, 0.6, 0.62, 0.6, 0.6, 0.56, 0.56, 0.54, 0.52, 0.54, 0.52, 0.5, 0.48, 0.46, 0.42, 0.4, 0.38, 0.4, 0.38, 0.38, 0.38, 0.34, 0.32, 0.3, 0.28, 0.26, 0.26, 0.26, 0.24, 0.24, 0.24, 0.24, 0.22, 0.22, 0.2, 0.16, 0.18, 0.18, 0.18, 0.14, 0.14, 0.14, 0.14, 0.14, 0.14, 0.14, 0.14, 0.14], "best": [0.4333333, 0.46222222, 0.3474603, 0.35845995, 0.4546448, 0.45641026, 0.3846902, 0.36059412, 0.45510754, 0.36404762, 0.35898614, 0.36410466, 0.45354608, 0.38776842, 0.39458874, 0.45441595, 0.39768544, 0.39868024, 0.45736158, 0.4586399, 0.34757355, 0.4585117, 0.45920542, 0.4010421, 0.45996472, 0.46136364, 0.40242133, 0.40325287, 0.46235827, 0.4633844, 0.4042082, 0.46481478, 0.4659377, 0.4668586, 0.4680247, 0.46894482, 0.47086248, 0.47114512, 0.47274736, 0.47360215, 0.47536686, 0.47619045, 0.4772272, 0.47869012, 0.48090473, 0.48143992, 0.48296702, 0.48413977, 0.53525436, 0.4872322, 0.48828712, 0.48967075, 0.49021032, 0.49206161, 0.49386883, 0.4945017, 0.5438695, 0.4976059, 0.5472472, 0.5015313, 0.5029381, 0.5510724, 0.50601757, 0.5082, 0.5100623, 0.51068085, 0.5111005, 0.55772686, 0.5136434, 0.51460433, 0.5603761, 0.56159574, 0.5628888, 0.5208009, 0.5223643, 0.5660504, 0.567706, 0.5259896, 0.5281056, 0.52982175, 0.5318086, 0.5333074, 0.535864, 0.53793275, 0.5781987, 0.5419753, 0.5442819, 0.58243877, 0.5475714, 0.5846314, 0.5856211, 0.5864964, 0.5876041, 0.5551117, 0.5897107, 0.5908391, 0.5598425, 0.56123376, 0.56284857, 0.5943822], "duration": [43172, 39892, 45213, 43881, 46575, 39194, 39666, 38996, 45657, 39375, 45945, 39021, 51004, 45889, 39226, 38878, 39162, 39285, 39419, 39122, 39356, 39624, 39080, 45245, 39610, 39076, 39042, 38966, 46866, 46112, 40530, 39460, 53531, 52571, 38795, 40139, 38591, 40210, 39605, 40169, 39752, 38890, 46287, 40479, 39717, 40177, 45918, 39840, 40623, 40537, 40394, 38205, 53047, 39846, 39610, 46532, 40105, 46970, 40643, 40235, 46384, 40575, 40655, 47369, 40448, 40149, 40550, 40565, 40391, 47089, 40728, 40479, 40518, 47248, 39729, 40575, 40434, 40644, 41512, 40925, 40732, 47440, 40822, 40643, 47514, 40826, 40485, 40691, 40090, 40738, 47438, 40818, 40646, 40634, 40545, 40591, 40635, 40616, 40580, 47457]}