{"avg": [0.24555555, 0.28883332, 0.2825817, 0.26313955, 0.29645613, 0.27319804, 0.28692317, 0.27688837, 0.3142236, 0.2979547, 0.29171422, 0.2750233, 0.29120076, 0.29871473, 0.31961757, 0.30561212, 0.2927847, 0.31759632, 0.30926654, 0.2888244, 0.3067472, 0.33745775, 0.32661253, 0.31617194, 0.33722153, 0.3291879, 0.34091875, 0.34813935, 0.36739466, 0.34715572, 0.36397168, 0.35655606, 0.3217154, 0.35528642, 0.3518185, 0.34821105, 0.3734119, 0.33380026, 0.3640008, 0.33680162, 0.3896107, 0.36733553, 0.40090057, 0.35872433, 0.34061667, 0.33513373, 0.36637536, 0.34986657, 0.37728846, 0.3801011], "std": [0.08342309, 0.07237947, 0.054789472, 0.06417216, 0.0643263, 0.06405291, 0.062048595, 0.05013955, 0.040637374, 0.05550401, 0.06501933, 0.059586056, 0.051945496, 0.042178713, 0.060715273, 0.068047784, 0.046883356, 0.048045695, 0.068505466, 0.06440903, 0.07187131, 0.052799404, 0.063659124, 0.05748891, 0.056650966, 0.054097485, 0.0569928, 0.073127866, 0.055305537, 0.03996651, 0.05839243, 0.06113637, 0.057251345, 0.06278045, 0.06366936, 0.06813314, 0.062104445, 0.06814644, 0.07506412, 0.06512226, 0.06409321, 0.063481964, 0.05277001, 0.07746659, 0.07350913, 0.06106335, 0.06372072, 0.07254425, 0.06929698, 0.058935184], "var": [0.98, 0.98, 0.98, 0.98, 0.98, 0.98, 0.98, 0.98, 0.98, 0.96, 0.94, 0.92, 0.92, 0.9, 0.88, 0.86, 0.84, 0.84, 0.82, 0.82, 0.8, 0.8, 0.78, 0.78, 0.76, 0.74, 0.7, 0.68, 0.66, 0.66, 0.66, 0.64, 0.64, 0.62, 0.64, 0.62, 0.62, 0.62, 0.64, 0.66, 0.64, 0.66, 0.66, 0.68, 0.68, 0.68, 0.68, 0.66, 0.66, 0.68], "best": [0.41666666, 0.44555557, 0.3613889, 0.34476948, 0.4385246, 0.4401709, 0.42567205, 0.34659782, 0.4403226, 0.42804372, 0.3442204, 0.34484124, 0.42795047, 0.39187396, 0.43976745, 0.4312681, 0.3457831, 0.43196538, 0.40621296, 0.3817761, 0.4292735, 0.43021795, 0.43223682, 0.385643, 0.43963334, 0.40187076, 0.44264707, 0.451346, 0.45337164, 0.44841313, 0.44916305, 0.451447, 0.40981182, 0.4537109, 0.45980394, 0.4561962, 0.46144903, 0.45918116, 0.46364918, 0.4647721, 0.46533546, 0.46733955, 0.46851853, 0.47108135, 0.4577709, 0.47231677, 0.46768954, 0.46837768, 0.4685606, 0.47379085], "duration": [42824, 39780, 44869, 43573, 46571, 38971, 39713, 38782, 51663, 40164, 38897, 39489, 52561, 39405, 38938, 46047, 38527, 39874, 39560, 38776, 39683, 39589, 39215, 39369, 39776, 39586, 40330, 39809, 40330, 40100, 40092, 39570, 45520, 39352, 39736, 45948, 39583, 39392, 40181, 45518, 47148, 39629, 40191, 46419, 39224, 44646, 39777, 39480, 39933, 39883]}