{"avg": [0.2669524, 0.2841143, 0.2822543, 0.28231618, 0.27847478, 0.28333223, 0.2844121, 0.28533334, 0.28726432, 0.28746778, 0.2853341, 0.28914824, 0.2914397, 0.29168555, 0.2909457, 0.28809163, 0.2874147, 0.2886054, 0.287554, 0.2893217, 0.28634435, 0.2889962, 0.289228, 0.29122227, 0.28997517, 0.29158133, 0.28957132, 0.289992, 0.28779194, 0.29315203, 0.29514506, 0.2959528, 0.2966614, 0.30042654, 0.2941657, 0.29120687, 0.28648347, 0.28778526, 0.28715107, 0.29129076, 0.28924668, 0.29156494, 0.28906128, 0.29223794, 0.29677224, 0.30020657, 0.30150148, 0.30274108, 0.30249402, 0.30086476], "std": [0.065896295, 0.06343291, 0.06423866, 0.06280986, 0.06444957, 0.0636317, 0.06429233, 0.06554512, 0.06302402, 0.063231945, 0.06258312, 0.06678695, 0.061930668, 0.06052743, 0.059987627, 0.05786056, 0.057776384, 0.05794189, 0.058853682, 0.056995153, 0.05884294, 0.056910142, 0.053861696, 0.057086878, 0.05767051, 0.06069194, 0.05918522, 0.06166238, 0.06039827, 0.060744066, 0.0590076, 0.058674246, 0.058054045, 0.06074104, 0.06698161, 0.06404101, 0.06492768, 0.06778774, 0.067256, 0.067295656, 0.06892103, 0.06838132, 0.06880621, 0.07352094, 0.0733512, 0.07438228, 0.07532121, 0.073313326, 0.07102202, 0.071959935], "var": [1.0, 0.98, 1.0, 1.0, 1.0, 1.0, 1.0, 0.98, 0.98, 0.98, 0.96, 0.96, 0.94, 0.94, 0.96, 0.94, 0.94, 0.96, 0.92, 0.9, 0.88, 0.9, 0.9, 0.9, 0.9, 0.9, 0.86, 0.82, 0.84, 0.84, 0.84, 0.82, 0.86, 0.84, 0.84, 0.82, 0.8, 0.8, 0.82, 0.8, 0.78, 0.78, 0.8, 0.82, 0.8, 0.78, 0.78, 0.78, 0.76, 0.74], "best": [0.4333333, 0.44999996, 0.4493333, 0.4491111, 0.449, 0.44893333, 0.449, 0.44895235, 0.44891664, 0.44881478, 0.44866666, 0.44854546, 0.449, 0.4493846, 0.44971427, 0.45004442, 0.44991663, 0.44984314, 0.44977775, 0.44975436, 0.44976664, 0.44971427, 0.44966665, 0.44968116, 0.44969442, 0.44967997, 0.4498974, 0.45007408, 0.45016667, 0.45025286, 0.4503111, 0.4503871, 0.45047915, 0.45052525, 0.4505686, 0.45060953, 0.4177566, 0.45070267, 0.45077193, 0.45083758, 0.4509, 0.45097557, 0.45104763, 0.45801774, 0.458171, 0.4583323, 0.45850107, 0.45204255, 0.45241666, 0.45268026], "duration": [97627, 100865, 100664, 99932, 98068, 97714, 95995, 97264, 96818, 100634, 100709, 99103, 99158, 100869, 100843, 100185, 100637, 99227, 99636, 99643, 101630, 101864, 98106, 100579, 100889, 100050, 99715, 97190, 96252, 97164, 99372, 98939, 98393, 97471, 96799, 94762, 93341, 93215, 93228, 93213, 91742, 94035, 95215, 96383, 94513, 94007, 95608, 95068, 97426, 98534]}