{"avg": [0.26715505, 0.29570398, 0.3063801, 0.32075495, 0.3271273, 0.3265225, 0.34195197, 0.35163933, 0.36822605, 0.38962394, 0.38365275, 0.40159744, 0.4075945, 0.4160083, 0.42329702, 0.43147576, 0.45569476, 0.46534914, 0.47748134, 0.48933822, 0.49392992, 0.49942905, 0.520766, 0.5217538, 0.5237825, 0.5043924, 0.54054147, 0.55273676, 0.53271127, 0.5561782, 0.5506381, 0.55273557, 0.5604556, 0.57306147, 0.58971727, 0.592339, 0.5971619, 0.5846585, 0.56992435, 0.5750254, 0.5972804, 0.5541818, 0.5828693, 0.59414595, 0.59497595, 0.5978484, 0.5874734, 0.59873176, 0.59476763, 0.57651126], "std": [0.06708221, 0.064814776, 0.05979835, 0.060567364, 0.05946951, 0.054206308, 0.046314433, 0.053231917, 0.054156408, 0.048285034, 0.061012868, 0.059627865, 0.0670401, 0.07380111, 0.06653979, 0.07793913, 0.075352505, 0.08010599, 0.08389509, 0.08786915, 0.09333833, 0.100053534, 0.088673145, 0.09730312, 0.10190221, 0.12011198, 0.09736914, 0.08875686, 0.11469374, 0.09740749, 0.10882383, 0.11137034, 0.10490428, 0.09894586, 0.07988463, 0.08413883, 0.08110176, 0.10483113, 0.12350681, 0.119722836, 0.095367, 0.14088956, 0.12127657, 0.109127656, 0.11095797, 0.1116078, 0.12498238, 0.11647961, 0.121570855, 0.13785537], "var": [0.92, 0.84, 0.78, 0.8, 0.74, 0.74, 0.72, 0.58, 0.56, 0.56, 0.56, 0.5, 0.48, 0.46, 0.4, 0.32, 0.26, 0.24, 0.16, 0.14, 0.1, 0.06, 0.06, 0.06, 0.06, 0.08, 0.08, 0.06, 0.06, 0.06, 0.08, 0.04, 0.04, 0.04, 0.04, 0.04, 0.04, 0.04, 0.04, 0.04, 0.04, 0.04, 0.04, 0.04, 0.04, 0.04, 0.04, 0.04, 0.04, 0.04], "best": [0.4333333, 0.45213675, 0.45757577, 0.4591036, 0.46149066, 0.4628524, 0.4623249, 0.46308243, 0.46499476, 0.46805552, 0.47341666, 0.47800454, 0.48333332, 0.4883301, 0.49434415, 0.5001128, 0.5063694, 0.5151968, 0.524285, 0.5313199, 0.54072666, 0.54873645, 0.55510753, 0.5624082, 0.56905514, 0.5752016, 0.5789559, 0.5840213, 0.5892308, 0.59293634, 0.5974055, 0.6013093, 0.6048374, 0.6080442, 0.61212116, 0.61597973, 0.6196161, 0.62314683, 0.62603885, 0.6279326, 0.6300021, 0.6325519, 0.6338155, 0.63576615, 0.6378927, 0.6398502, 0.64185876, 0.64339954, 0.6450526, 0.6465911], "duration": [164563, 167620, 193162, 189244, 194879, 162402, 200640, 175938, 189585, 196013, 207376, 165827, 165702, 166410, 192327, 160138, 213151, 173507, 153393, 187041, 193396, 160328, 173811, 173597, 179617, 146262, 153712, 187243, 167072, 200771, 180019, 160159, 173880, 173910, 180547, 187450, 187372, 213777, 146978, 160197, 160580, 226715, 200437, 200326, 180637, 180536, 153546, 173851, 193619, 160186]}