{"avg": [0.275, 0.3062407, 0.3149415, 0.309457, 0.31357908, 0.30960664, 0.33025426, 0.33801097, 0.32554114, 0.3330119, 0.33131644, 0.33500198, 0.3548693, 0.34163833, 0.32507676, 0.3458101, 0.34565178, 0.37003502, 0.34510008, 0.37020507, 0.3540461, 0.3543648, 0.37284833, 0.3600395, 0.35690492, 0.34901047, 0.3844527, 0.38411948, 0.3880213, 0.39475426, 0.41104487, 0.40800333, 0.3698266, 0.37575397, 0.38388836, 0.40324664, 0.37282988, 0.3999623, 0.4012267, 0.37816742, 0.41299927, 0.43016565, 0.41130075, 0.41348824, 0.44136783, 0.414029, 0.4644603, 0.4208463, 0.43769497, 0.4237369], "std": [0.09473403, 0.082243174, 0.05136826, 0.04789607, 0.078136094, 0.08373796, 0.056359638, 0.051709983, 0.08881729, 0.0824054, 0.08448129, 0.08591688, 0.0581454, 0.080604225, 0.095630154, 0.049297966, 0.06874496, 0.06855435, 0.08128164, 0.068032, 0.073280215, 0.054070674, 0.07415857, 0.07379316, 0.06970044, 0.07726179, 0.07584578, 0.073576786, 0.08566591, 0.07535792, 0.09480208, 0.074109495, 0.07506396, 0.08988479, 0.10321912, 0.10066025, 0.06750543, 0.07949506, 0.059196554, 0.07666387, 0.08492222, 0.07567066, 0.0654537, 0.1016495, 0.07848584, 0.08276317, 0.084598795, 0.08824256, 0.07648533, 0.0799168], "var": [0.98, 0.98, 0.98, 0.96, 0.94, 0.94, 0.92, 0.92, 0.92, 0.9, 0.9, 0.88, 0.88, 0.84, 0.82, 0.78, 0.76, 0.76, 0.78, 0.76, 0.74, 0.74, 0.72, 0.74, 0.7, 0.68, 0.66, 0.66, 0.64, 0.64, 0.64, 0.68, 0.68, 0.66, 0.66, 0.66, 0.62, 0.58, 0.56, 0.56, 0.54, 0.54, 0.54, 0.54, 0.5, 0.52, 0.5, 0.5, 0.48, 0.48], "best": [0.46666667, 0.49555555, 0.3919444, 0.3857993, 0.48835978, 0.4894309, 0.42819867, 0.4309322, 0.4879012, 0.49, 0.4902439, 0.4915254, 0.49209622, 0.49246797, 0.49303702, 0.4359484, 0.49383202, 0.49429986, 0.49479905, 0.495302, 0.49574015, 0.44974747, 0.4963071, 0.49749303, 0.49910393, 0.5002571, 0.5013267, 0.5026253, 0.50509894, 0.50581306, 0.5078891, 0.5097309, 0.51172966, 0.5120978, 0.5132583, 0.5144769, 0.51619387, 0.5161494, 0.51717, 0.5172395, 0.51767516, 0.5187888, 0.5184117, 0.52032644, 0.52185076, 0.52389044, 0.52496535, 0.5277551, 0.5284824, 0.52995235], "duration": [43227, 40089, 52982, 42987, 50080, 48018, 45725, 38605, 38512, 40009, 39441, 39326, 39606, 38920, 46344, 38999, 38348, 39389, 39114, 39131, 46283, 39096, 39562, 38774, 39812, 38705, 39533, 53299, 39696, 39900, 39813, 53086, 39502, 39601, 39576, 40394, 39451, 39835, 38949, 39398, 39917, 39993, 39933, 40131, 40526, 40124, 40292, 39845, 46956, 40157]}