{"avg": [0.26582634, 0.25902992, 0.2844797, 0.2721807, 0.29713327, 0.3049071, 0.28659523, 0.27074713, 0.2949195, 0.30989063, 0.32343704, 0.31618705, 0.2939307, 0.30263734, 0.29919234, 0.29957306, 0.3123899, 0.29088283, 0.3092324, 0.29943624, 0.31321555, 0.30429, 0.32237673, 0.33891547, 0.31275705, 0.30746147, 0.32183212, 0.3199755, 0.31180134, 0.32383558, 0.31298053, 0.31034234, 0.2984871, 0.3450979, 0.33111134, 0.3323016, 0.3231256, 0.33263105, 0.30227217, 0.33212516, 0.34085208, 0.35906348, 0.32792455, 0.28840828, 0.32075003, 0.30860144, 0.34530005, 0.34668687, 0.33022228, 0.30562812], "std": [0.05272956, 0.07231985, 0.04967504, 0.03832107, 0.07831382, 0.048742745, 0.066714, 0.06489264, 0.05333129, 0.08303007, 0.062279254, 0.053548448, 0.042493563, 0.041320577, 0.07482258, 0.0665407, 0.046671838, 0.07470711, 0.07717609, 0.042794097, 0.07027586, 0.05744049, 0.079956375, 0.047975916, 0.03859041, 0.036551964, 0.050468527, 0.08140105, 0.04351047, 0.05805007, 0.08323771, 0.057060663, 0.068190865, 0.08185079, 0.08245477, 0.079738386, 0.046170115, 0.042693652, 0.08186969, 0.0753884, 0.07635841, 0.05504559, 0.08574587, 0.10538539, 0.04427783, 0.08398138, 0.068513215, 0.05212426, 0.10110728, 0.07398195], "var": [1.0, 1.0, 0.9866667, 0.97333336, 0.96, 0.96, 0.96, 0.96, 0.96, 0.93333334, 0.92, 0.9066667, 0.9066667, 0.9066667, 0.8933333, 0.8933333, 0.8933333, 0.9066667, 0.92, 0.92, 0.9066667, 0.9066667, 0.9066667, 0.8933333, 0.88, 0.8666667, 0.8666667, 0.85333335, 0.84, 0.84, 0.84, 0.82666665, 0.85333335, 0.84, 0.82666665, 0.81333333, 0.81333333, 0.81333333, 0.8, 0.7733333, 0.7733333, 0.7866667, 0.7866667, 0.7866667, 0.7733333, 0.7733333, 0.7733333, 0.76, 0.76, 0.76], "best": [0.34761906, 0.44117644, 0.35859787, 0.3544351, 0.44492754, 0.44796744, 0.35628572, 0.3961823, 0.3803344, 0.4481982, 0.45112476, 0.4236499, 0.39931974, 0.36774483, 0.4221252, 0.45120966, 0.39805934, 0.42317805, 0.45247746, 0.38607824, 0.4629694, 0.45434573, 0.45519125, 0.4565445, 0.36835793, 0.36954677, 0.45612404, 0.45624998, 0.40635943, 0.45729163, 0.42634413, 0.4577172, 0.4002242, 0.45778587, 0.45891058, 0.46011493, 0.42848384, 0.40225324, 0.4603903, 0.46054527, 0.46090224, 0.4617302, 0.46216473, 0.46265173, 0.40206504, 0.4626005, 0.46662927, 0.46324345, 0.4633962, 0.46408364], "duration": [46544, 42902, 38893, 47316, 47944, 45170, 39356, 38045, 39936, 39890, 40275, 38326, 43024, 43393, 46114, 49813, 39669, 39476, 51968, 43677, 39477, 45369, 39296, 39195, 39567, 38608, 39485, 39393, 37275, 39480, 45313, 39082, 45650, 40253, 38653, 39229, 46505, 39536, 39711, 40124, 40357, 40364, 39313, 38837, 40100, 39492, 39363, 39318, 40322, 44259]}