{"avg": [0.2577778, 0.28715342, 0.29307437, 0.29572397, 0.2913673, 0.28730273, 0.28989294, 0.30724362, 0.30117217, 0.30163953, 0.30899328, 0.28580293, 0.33842137, 0.3021942, 0.31145212, 0.31023702, 0.30179402, 0.33759743, 0.3293608, 0.33177853, 0.33003145, 0.33616486, 0.34031248, 0.33117348, 0.34645227, 0.34640583, 0.35185394, 0.35312137, 0.34261796, 0.35254848, 0.36319926, 0.36865425, 0.36438978, 0.3525326, 0.37137917, 0.36380872, 0.34809673, 0.36441243, 0.3843444, 0.37589014, 0.38245657, 0.35225257, 0.4189767, 0.3953195, 0.37151092, 0.39659485, 0.43012708, 0.41568565, 0.3946895, 0.38650993], "std": [0.08344195, 0.07461725, 0.05048646, 0.043414567, 0.07330871, 0.07341335, 0.05278826, 0.06239098, 0.054479837, 0.042905074, 0.05126079, 0.055815637, 0.0485913, 0.054053016, 0.07929567, 0.04081872, 0.06102048, 0.059187304, 0.05375931, 0.032272074, 0.06002301, 0.05090203, 0.0637392, 0.06549662, 0.06312239, 0.05810718, 0.07034512, 0.06991932, 0.061671354, 0.051845852, 0.058011625, 0.06602718, 0.058761075, 0.06553571, 0.07114674, 0.06525374, 0.058206864, 0.05262804, 0.059253164, 0.06333982, 0.059360232, 0.0786917, 0.0660949, 0.061989088, 0.07603435, 0.060115337, 0.05301936, 0.05660787, 0.08708128, 0.07600758], "var": [0.98, 0.98, 0.98, 0.96, 0.94, 0.94, 0.92, 0.92, 0.9, 0.9, 0.88, 0.86, 0.86, 0.86, 0.84, 0.82, 0.82, 0.78, 0.78, 0.76, 0.74, 0.74, 0.74, 0.74, 0.76, 0.76, 0.74, 0.74, 0.74, 0.72, 0.7, 0.72, 0.7, 0.7, 0.7, 0.68, 0.7, 0.7, 0.68, 0.66, 0.62, 0.62, 0.6, 0.56, 0.54, 0.54, 0.54, 0.56, 0.52, 0.54], "best": [0.4333333, 0.46222222, 0.36396822, 0.3578231, 0.45502642, 0.45609757, 0.3848966, 0.45536232, 0.45692304, 0.38786694, 0.389441, 0.35566315, 0.45532644, 0.38985804, 0.45506606, 0.39128968, 0.4049834, 0.45579973, 0.45757577, 0.39013043, 0.45796645, 0.45893574, 0.45969436, 0.4606979, 0.46145, 0.4622561, 0.46356967, 0.46509433, 0.46659055, 0.46754965, 0.4686567, 0.4706004, 0.47289157, 0.47417474, 0.4750314, 0.4764957, 0.4617522, 0.46212718, 0.47867563, 0.4806557, 0.48181817, 0.48268533, 0.48363724, 0.4869242, 0.48825812, 0.48950353, 0.4909722, 0.4934151, 0.4953654, 0.4972113], "duration": [43304, 40126, 53506, 43541, 50645, 48114, 39305, 39550, 46738, 38999, 45844, 39805, 39888, 46062, 39597, 46411, 38068, 40024, 40082, 38290, 40572, 53549, 40352, 39513, 38821, 40215, 39614, 40033, 40148, 39162, 40698, 40863, 40787, 40821, 39968, 47610, 40274, 40843, 53796, 40459, 40746, 40157, 40703, 40624, 39903, 40374, 40675, 40568, 40534, 40223]}