{"avg": [0.36666667, 0.39333335, 0.36666667, 0.38666666, 0.37333333, 0.35333332, 0.34666666, 0.32666665, 0.33333334, 0.34666666, 0.36, 0.35333332, 0.37333333, 0.34666666, 0.36666667, 0.35333332, 0.35333332, 0.33333334, 0.34666666, 0.34666666, 0.34666666, 0.33333334, 0.30666667, 0.32666665, 0.32], "std": [0.4818947, 0.4884897, 0.4818947, 0.48698643, 0.4836895, 0.47800496, 0.47590867, 0.4689942, 0.4714043, 0.4759086, 0.48, 0.47800496, 0.4836895, 0.4759086, 0.4818947, 0.478005, 0.478005, 0.4714043, 0.47590864, 0.4759086, 0.47590864, 0.4714043, 0.46110952, 0.46899417, 0.46647617], "var": [0.99333334, 0.98, 0.97333336, 0.97333336, 0.97333336, 0.96666664, 0.96, 0.9533333, 0.94, 0.94, 0.93333334, 0.93333334, 0.9266667, 0.92, 0.91333336, 0.9066667, 0.9066667, 0.9, 0.8933333, 0.88666666, 0.88, 0.87333333, 0.8666667, 0.86, 0.8466667], "best": [1.0, 1.0, 1.0, 1.0, 1.0, 1.0, 1.0, 1.0, 1.0, 1.0, 1.0, 1.0, 1.0, 1.0, 1.0, 1.0, 1.0, 1.0, 1.0, 1.0, 1.0, 1.0, 1.0, 1.0, 1.0], "duration": [8257, 7830, 7832, 7805, 8015, 7825, 8634, 7880, 7777, 8003, 7874, 7961, 7885, 7984, 7961, 7798, 7874, 7780, 7828, 7833, 7958, 7983, 7983, 8069, 7807]}