{"avg": [0.26031747, 0.27374998, 0.30259332, 0.26964286, 0.2922175, 0.28174722, 0.27471712, 0.30453125, 0.30637416, 0.28669757, 0.29622832, 0.29395735, 0.3198887, 0.3021964, 0.29719248, 0.30347306, 0.30004436, 0.3215087, 0.29189166, 0.32160234, 0.28142187, 0.29967597, 0.29957315, 0.30351686, 0.32671762, 0.32926163, 0.3216925, 0.307997, 0.30128527, 0.34042123, 0.32846797, 0.31255472, 0.3046036, 0.3180023, 0.31602597, 0.29249853, 0.31371763, 0.3213357, 0.3124115, 0.3111162, 0.343706, 0.31633988, 0.31539437, 0.33263636, 0.34976858, 0.3572892, 0.35907897, 0.32355908, 0.34960172, 0.37485966], "std": [0.08539034, 0.053553224, 0.06076216, 0.059132792, 0.046028897, 0.06390936, 0.056038275, 0.05462063, 0.05354032, 0.07056723, 0.038680784, 0.043795735, 0.06910133, 0.037393354, 0.07856129, 0.059105143, 0.047146887, 0.06674462, 0.06675563, 0.059967443, 0.0533335, 0.06528313, 0.05582431, 0.05288097, 0.05102178, 0.056726664, 0.0713465, 0.06245199, 0.0744567, 0.053484675, 0.05582808, 0.06757588, 0.08014338, 0.07725528, 0.058509573, 0.075718984, 0.081247285, 0.0747546, 0.0893662, 0.07981308, 0.067965165, 0.05455933, 0.048395686, 0.063898385, 0.07028194, 0.059148706, 0.054017268, 0.081624515, 0.058999605, 0.048786946], "var": [0.98, 0.98, 0.98, 0.98, 0.98, 0.98, 0.98, 0.96, 0.96, 0.96, 0.94, 0.94, 0.92, 0.9, 0.9, 0.9, 0.88, 0.86, 0.84, 0.84, 0.82, 0.8, 0.8, 0.78, 0.78, 0.8, 0.8, 0.8, 0.78, 0.78, 0.78, 0.78, 0.76, 0.76, 0.74, 0.72, 0.74, 0.72, 0.72, 0.72, 0.7, 0.68, 0.68, 0.68, 0.66, 0.64, 0.62, 0.6, 0.6, 0.6], "best": [0.4333333, 0.35396823, 0.44946232, 0.35744047, 0.38635394, 0.3894678, 0.3558699, 0.44871795, 0.3898629, 0.45057473, 0.35, 0.35428035, 0.4517182, 0.35974026, 0.4532738, 0.45397487, 0.3990476, 0.45485854, 0.40058073, 0.45621562, 0.35739502, 0.40169063, 0.38786182, 0.38849953, 0.45549783, 0.45597014, 0.4565947, 0.45770112, 0.4581121, 0.45833334, 0.45838508, 0.4589846, 0.45899418, 0.4593496, 0.45951512, 0.36337447, 0.40438554, 0.4598993, 0.40592125, 0.460138, 0.46035194, 0.40705976, 0.36726454, 0.46082124, 0.46118203, 0.46223453, 0.46296296, 0.4635843, 0.46373436, 0.46412215], "duration": [42842, 42555, 46620, 45147, 45370, 50190, 38430, 39213, 39193, 39168, 42600, 38455, 38850, 38436, 39621, 38832, 38786, 43206, 39438, 51975, 43888, 45292, 38765, 39159, 39582, 48164, 38851, 38336, 37588, 45449, 39687, 39539, 38431, 38415, 51974, 39509, 39470, 39167, 39113, 45555, 43364, 44588, 37633, 38493, 39107, 39640, 59330, 39453, 39397, 46384]}