{"avg": [0.25230768, 0.28207406, 0.29203328, 0.28159526, 0.28997922, 0.29137513, 0.30314198, 0.3198737, 0.30766025, 0.29551223, 0.3067447, 0.30679157, 0.30748993, 0.32197422, 0.31046864, 0.30122533, 0.31383228, 0.32501054, 0.32070902, 0.29849592, 0.31600025, 0.33333337, 0.29164165, 0.30667546, 0.33755666, 0.33855808, 0.3067458, 0.33615145, 0.33432895, 0.3244515, 0.31081897, 0.31789404, 0.3339499, 0.35382256, 0.3331593, 0.318524, 0.34589183, 0.34296393, 0.3451918, 0.33574864, 0.3441996, 0.34599254, 0.35969526, 0.3319492, 0.32955363, 0.36389816, 0.3272765, 0.3388629, 0.3607758, 0.3804388], "std": [0.08668943, 0.07414595, 0.0491125, 0.045626048, 0.07003455, 0.07533798, 0.05728593, 0.0642661, 0.049782548, 0.06332539, 0.042579766, 0.063798666, 0.069765165, 0.045203883, 0.049065724, 0.04401163, 0.048772775, 0.049784176, 0.051047076, 0.07427477, 0.063388005, 0.04834622, 0.06418926, 0.052067768, 0.031018652, 0.06359128, 0.08157148, 0.048685707, 0.04791903, 0.07165058, 0.075659454, 0.076331995, 0.04889136, 0.04457232, 0.04497553, 0.07811289, 0.050260223, 0.06599851, 0.05377067, 0.05376697, 0.047526225, 0.054807305, 0.056310046, 0.08393432, 0.08041215, 0.05115353, 0.06135434, 0.05505578, 0.053227585, 0.069885425], "var": [0.98, 0.98, 0.98, 0.96, 0.94, 0.94, 0.92, 0.94, 0.92, 0.9, 0.88, 0.86, 0.88, 0.88, 0.88, 0.88, 0.88, 0.84, 0.86, 0.84, 0.86, 0.86, 0.82, 0.82, 0.86, 0.9, 0.9, 0.9, 0.9, 0.9, 0.9, 0.88, 0.86, 0.84, 0.84, 0.84, 0.82, 0.8, 0.8, 0.8, 0.8, 0.78, 0.76, 0.76, 0.76, 0.72, 0.74, 0.7, 0.72, 0.7], "best": [0.42820513, 0.45709404, 0.35957265, 0.35086343, 0.44989824, 0.45096937, 0.3942243, 0.4508138, 0.39897433, 0.39787495, 0.3833572, 0.39808777, 0.45105734, 0.4526496, 0.40017018, 0.39146355, 0.3634195, 0.4002714, 0.45337757, 0.45380425, 0.39671922, 0.45327976, 0.3923587, 0.3836678, 0.39242092, 0.399359, 0.45440707, 0.40036204, 0.40083173, 0.3933756, 0.40075955, 0.401256, 0.40222356, 0.45668653, 0.40297416, 0.4033989, 0.4041622, 0.4577596, 0.458249, 0.45865384, 0.4038783, 0.4076923, 0.45799553, 0.4047152, 0.4606324, 0.4610703, 0.410706, 0.40962145, 0.41194668, 0.46158144], "duration": [43051, 39930, 52780, 38021, 49871, 47770, 39365, 38679, 45148, 44308, 53592, 39425, 51916, 45818, 45353, 38417, 38715, 38783, 39657, 39116, 38636, 38801, 38868, 45798, 39165, 39091, 39639, 39163, 39065, 39150, 46773, 45823, 46770, 39539, 39121, 39027, 39748, 39725, 46046, 39123, 39592, 39981, 39573, 39445, 39298, 46083, 38956, 39512, 40014, 40277]}