{"avg": [0.49800003, 0.49933344, 0.49800003, 0.4953334, 0.49400008, 0.49466676, 0.49, 0.49066675, 0.48600006, 0.4840001, 0.4853334, 0.4840001, 0.4820001, 0.4813334, 0.4866667, 0.48066676, 0.4833335, 0.48133346, 0.4826668, 0.48200008, 0.48133346, 0.48066676, 0.4826668, 0.4766668, 0.47800013], "std": [0.12778631, 0.13291433, 0.13340169, 0.13283408, 0.13378091, 0.1350489, 0.12793228, 0.12129666, 0.12963016, 0.13118939, 0.12721984, 0.12758261, 0.12600003, 0.12669474, 0.13199325, 0.13251248, 0.13034138, 0.12826364, 0.13152775, 0.12965083, 0.12929896, 0.12997264, 0.12948442, 0.12982897, 0.1350901], "var": [1.0, 0.9866667, 0.9866667, 0.98, 0.97333336, 0.97333336, 0.96666664, 0.96, 0.96666664, 0.96, 0.94666666, 0.93333334, 0.9266667, 0.91333336, 0.91333336, 0.9066667, 0.9, 0.8933333, 0.8933333, 0.88666666, 0.88666666, 0.88666666, 0.88, 0.87333333, 0.86], "best": [0.9, 0.9, 0.9, 0.9, 0.8, 0.8, 0.8, 0.7, 0.7, 0.7, 0.7, 0.7, 0.7, 0.7, 0.8, 0.7, 0.7, 0.7, 0.7, 0.8, 0.7, 0.7, 0.8, 0.7, 0.7], "duration": [281739, 280150, 282852, 283102, 282397, 281252, 277565, 279780, 282357, 283731, 287539, 287916, 287758, 288331, 286083, 286784, 287066, 288124, 287794, 284350, 283031, 283519, 280513, 284955, 284200]}