{"avg": [0.25428572, 0.28068933, 0.29008952, 0.28408995, 0.28819668, 0.2893567, 0.30575526, 0.30832654, 0.30515113, 0.29562387, 0.29747418, 0.29306406, 0.29023528, 0.3085391, 0.29891035, 0.27647367, 0.2846504, 0.30634612, 0.32512614, 0.32878774, 0.28986704, 0.31722337, 0.31221303, 0.28910562, 0.30486906, 0.29626158, 0.3222737, 0.3160708, 0.30646244, 0.32070315, 0.3329768, 0.34148607, 0.3117613, 0.35167038, 0.3236492, 0.32658148, 0.3387854, 0.3447477, 0.33699435, 0.32687715, 0.33810812, 0.33441028, 0.35726884, 0.35633713, 0.3471782, 0.34693018, 0.35712528, 0.3398651, 0.3539238, 0.35731268], "std": [0.08749939, 0.07644533, 0.049774554, 0.041146796, 0.07064829, 0.0736766, 0.054745484, 0.06632597, 0.048575208, 0.048951298, 0.041685104, 0.054224804, 0.06687046, 0.069541, 0.051786594, 0.06637263, 0.07092089, 0.06781371, 0.052548945, 0.03245008, 0.07094496, 0.07940546, 0.047349792, 0.08430937, 0.07684858, 0.06269836, 0.05676942, 0.06689694, 0.082128406, 0.072066434, 0.052037198, 0.051490095, 0.07754912, 0.043708455, 0.084170215, 0.08016181, 0.057713054, 0.052986216, 0.04676779, 0.059415944, 0.062911026, 0.08846143, 0.07378945, 0.05829045, 0.045558233, 0.046297878, 0.062480167, 0.07829551, 0.05083803, 0.054716326], "var": [0.98, 0.98, 0.98, 0.96, 0.94, 0.94, 0.92, 0.92, 0.9, 0.9, 0.86, 0.84, 0.84, 0.84, 0.82, 0.8, 0.8, 0.78, 0.78, 0.78, 0.8, 0.8, 0.8, 0.76, 0.74, 0.76, 0.72, 0.72, 0.68, 0.7, 0.72, 0.74, 0.74, 0.76, 0.76, 0.76, 0.74, 0.74, 0.76, 0.74, 0.76, 0.76, 0.72, 0.7, 0.7, 0.68, 0.64, 0.62, 0.6, 0.58], "best": [0.42857143, 0.45333335, 0.35891157, 0.3536443, 0.44716552, 0.44808364, 0.39253762, 0.4484472, 0.3966091, 0.37911656, 0.38030168, 0.36045918, 0.36107332, 0.44696862, 0.38084772, 0.36267227, 0.35641107, 0.3931509, 0.39763004, 0.39925537, 0.39968604, 0.44529614, 0.40023872, 0.40152064, 0.40268794, 0.3815213, 0.4035116, 0.4048353, 0.40619317, 0.40714288, 0.40789938, 0.44402027, 0.40992317, 0.40972883, 0.44532394, 0.41160598, 0.42746693, 0.4131251, 0.41410586, 0.41481358, 0.44654375, 0.4471249, 0.44745836, 0.44819018, 0.41849303, 0.4186748, 0.449449, 0.44979367, 0.42067772, 0.45034912], "duration": [43116, 40027, 52874, 42871, 49823, 47876, 39472, 38722, 45075, 39072, 38879, 37995, 38189, 39035, 39557, 38555, 38992, 46084, 39051, 46211, 38582, 46058, 38572, 39816, 38260, 38517, 40291, 45833, 38965, 38975, 38592, 39247, 40036, 40300, 39172, 38548, 38899, 39290, 39925, 39930, 44144, 39173, 39396, 39702, 45086, 39504, 40459, 46176, 40028, 46511]}