{"avg": [0.26031747, 0.2896931, 0.29708436, 0.29300287, 0.2913673, 0.29178455, 0.30663276, 0.320574, 0.31279385, 0.32525286, 0.30798092, 0.2972057, 0.3201743, 0.33182698, 0.3049238, 0.2882148, 0.28225517, 0.29559508, 0.30501866, 0.33540726, 0.33484453, 0.31541705, 0.31727436, 0.32563114, 0.31065962, 0.3247019, 0.3383683, 0.30768648, 0.32730877, 0.33976173, 0.34583145, 0.33858827, 0.3191184, 0.3131351, 0.3412811, 0.32396883, 0.33067396, 0.31863943, 0.3377498, 0.3311016, 0.3405685, 0.33319613, 0.36064813, 0.35457164, 0.3490401, 0.3510877, 0.36745504, 0.3869761, 0.38700536, 0.38860068], "std": [0.08539034, 0.07409099, 0.04982655, 0.04365753, 0.07330871, 0.07210073, 0.056599353, 0.0491792, 0.07701867, 0.06967578, 0.06272913, 0.044997226, 0.06523052, 0.06008574, 0.070135094, 0.07338597, 0.063515276, 0.052239712, 0.069024876, 0.07267486, 0.04785852, 0.07315265, 0.06985576, 0.031235544, 0.07091486, 0.07483171, 0.06577101, 0.07264345, 0.061500657, 0.032787737, 0.056930657, 0.039833248, 0.044211745, 0.07289381, 0.05869376, 0.06540263, 0.07244215, 0.048914257, 0.05851427, 0.073444135, 0.07645467, 0.09215223, 0.06995904, 0.057512473, 0.0850669, 0.08505334, 0.052857324, 0.06514659, 0.06881672, 0.05976896], "var": [0.98, 0.98, 0.98, 0.96, 0.94, 0.94, 0.92, 0.92, 0.88, 0.88, 0.88, 0.86, 0.84, 0.82, 0.82, 0.8, 0.8, 0.8, 0.82, 0.8, 0.8, 0.78, 0.8, 0.76, 0.74, 0.76, 0.74, 0.72, 0.72, 0.7, 0.7, 0.68, 0.66, 0.64, 0.66, 0.66, 0.64, 0.64, 0.6, 0.58, 0.6, 0.6, 0.58, 0.56, 0.54, 0.5, 0.52, 0.52, 0.52, 0.5], "best": [0.4333333, 0.46222222, 0.36396822, 0.3578231, 0.45502642, 0.45609757, 0.40081772, 0.40355125, 0.45456788, 0.4561403, 0.36353984, 0.36396825, 0.455102, 0.45581758, 0.39028823, 0.40608904, 0.4064652, 0.3587879, 0.45474538, 0.4554098, 0.45625654, 0.40846244, 0.4565134, 0.38941944, 0.41043624, 0.41168287, 0.45639157, 0.4575545, 0.45806935, 0.4153069, 0.4591808, 0.41667643, 0.36889264, 0.41747856, 0.45940408, 0.41875434, 0.45961198, 0.41959396, 0.4596111, 0.4598815, 0.4598746, 0.46037543, 0.4611111, 0.4622028, 0.4624586, 0.46318474, 0.46363223, 0.46426344, 0.4659269, 0.46730605], "duration": [43222, 40188, 53295, 43017, 50053, 47902, 45977, 38878, 45180, 40153, 37657, 38380, 45977, 39912, 45020, 38674, 38418, 39472, 39582, 39387, 45606, 38679, 39488, 39577, 39425, 38892, 46303, 39223, 44876, 34214, 39579, 45072, 38390, 38412, 38879, 38032, 39552, 38818, 52541, 45781, 46206, 39405, 38799, 46553, 39833, 46229, 39486, 40212, 40238, 40563]}