{"avg": [0.26031747, 0.30812696, 0.29011342, 0.2901515, 0.27163842, 0.29180342, 0.2954795, 0.29932615, 0.294292, 0.32268694, 0.28972983, 0.30444252, 0.29627845, 0.3037218, 0.29842567, 0.28728953, 0.30733123, 0.30567917, 0.30461368, 0.31238273, 0.34461716, 0.30827042, 0.32163593, 0.31943482, 0.32048002, 0.29070768, 0.31259063, 0.32850653, 0.3184036, 0.34512344, 0.3461161, 0.31443605, 0.34226328, 0.3147531, 0.32704493, 0.3583963, 0.33229327, 0.32443988, 0.35858276, 0.32565048, 0.33926794, 0.34777874, 0.35385674, 0.36430746, 0.33594584, 0.36307612, 0.34768945, 0.35385814, 0.34804848, 0.36334756], "std": [0.08539034, 0.05777426, 0.042493183, 0.0607121, 0.061776083, 0.06460375, 0.042298887, 0.044780232, 0.04693042, 0.060633548, 0.040427152, 0.049626194, 0.05310952, 0.042925946, 0.04663895, 0.054045536, 0.051843643, 0.066148885, 0.05815544, 0.05820459, 0.057873037, 0.06625675, 0.04631258, 0.050084434, 0.05532171, 0.06400419, 0.04493337, 0.0625037, 0.05297954, 0.054298118, 0.06799127, 0.042619836, 0.06373716, 0.05917705, 0.05385156, 0.057635732, 0.04774324, 0.048153616, 0.053024583, 0.050670173, 0.054257955, 0.057774298, 0.048084315, 0.0503771, 0.058692593, 0.069708124, 0.0651085, 0.059476744, 0.049631905, 0.058592714], "var": [0.98, 0.98, 0.98, 0.98, 0.98, 0.96, 0.92, 0.9, 0.9, 0.92, 0.92, 0.92, 0.9, 0.88, 0.86, 0.84, 0.82, 0.82, 0.8, 0.78, 0.78, 0.76, 0.74, 0.72, 0.68, 0.66, 0.66, 0.64, 0.64, 0.62, 0.6, 0.56, 0.56, 0.54, 0.5, 0.5, 0.48, 0.48, 0.46, 0.46, 0.46, 0.46, 0.46, 0.42, 0.38, 0.36, 0.36, 0.38, 0.38, 0.38], "best": [0.4333333, 0.46222222, 0.34857145, 0.3587662, 0.34439063, 0.45090088, 0.35296297, 0.38683736, 0.36345336, 0.44844124, 0.3597431, 0.38937727, 0.36278465, 0.39119408, 0.39214507, 0.36109734, 0.39250293, 0.39460564, 0.4465686, 0.44750288, 0.4483333, 0.39908364, 0.39925638, 0.4005352, 0.40180716, 0.36190477, 0.40222383, 0.44821134, 0.40421546, 0.448307, 0.4488069, 0.36447117, 0.4495587, 0.4074522, 0.4080825, 0.45021725, 0.41138044, 0.4121758, 0.45022675, 0.41333017, 0.45072696, 0.45086613, 0.45107362, 0.4512974, 0.45189503, 0.45210996, 0.4527391, 0.45362318, 0.41779384, 0.45379278], "duration": [42954, 39247, 39062, 47711, 38914, 38834, 39499, 39686, 38943, 38949, 42732, 39576, 38727, 39541, 39193, 37695, 39244, 38915, 39749, 39670, 39887, 39381, 39200, 38895, 38700, 38009, 38721, 39148, 38935, 53237, 39250, 38755, 39766, 39121, 43828, 40142, 50602, 45518, 39750, 38917, 43498, 39392, 39637, 39382, 38922, 40015, 50547, 44030, 43891, 39606]}