{"avg": [0.94666666, 0.94666666, 0.94666666, 0.94666666, 0.94666666, 0.94666666, 0.94666666, 0.94666666, 0.94666666, 0.94, 0.94, 0.94, 0.94, 0.94, 0.94, 0.94, 0.94, 0.94, 0.94, 0.94, 0.94, 0.94, 0.94, 0.94, 0.94], "std": [0.22469717, 0.22469717, 0.22469717, 0.22469716, 0.22469717, 0.22469717, 0.22469716, 0.22469716, 0.22469716, 0.23748696, 0.23748696, 0.23748696, 0.23748696, 0.23748696, 0.23748696, 0.23748696, 0.23748696, 0.23748696, 0.23748696, 0.23748696, 0.23748696, 0.23748696, 0.23748696, 0.23748696, 0.23748696], "var": [0.9866667, 0.98, 0.98, 0.97333336, 0.96666664, 0.9533333, 0.9533333, 0.94666666, 0.93333334, 0.9266667, 0.91333336, 0.91333336, 0.91333336, 0.9066667, 0.91333336, 0.9066667, 0.91333336, 0.9066667, 0.9, 0.9066667, 0.9066667, 0.9, 0.8933333, 0.8933333, 0.88], "best": [1.0, 1.0, 1.0, 1.0, 1.0, 1.0, 1.0, 1.0, 1.0, 1.0, 1.0, 1.0, 1.0, 1.0, 1.0, 1.0, 1.0, 1.0, 1.0, 1.0, 1.0, 1.0, 1.0, 1.0, 1.0], "duration": [37726, 37663, 37457, 36645, 36794, 36579, 36191, 37274, 36410, 38278, 36611, 36938, 37072, 36517, 37914, 36568, 37726, 37038, 37981, 36771, 36712, 36416, 35874, 36787, 36842]}