{"avg": [0.25777778, 0.28715342, 0.29507938, 0.29572397, 0.29537734, 0.29402545, 0.30863774, 0.31833312, 0.30946973, 0.31332654, 0.31181094, 0.3136084, 0.33424854, 0.31922942, 0.31679517, 0.3212499, 0.33518386, 0.3212722, 0.34892035, 0.35136092, 0.36455414, 0.3588095, 0.31591344, 0.3612699, 0.34990996, 0.3417035, 0.34468257, 0.3438671, 0.34139705, 0.33686018, 0.34370393, 0.3328593, 0.35672536, 0.3533335, 0.3839224, 0.38191333, 0.3711731, 0.38151574, 0.3861015, 0.33959323, 0.38191897, 0.3916185, 0.42273796, 0.37666667, 0.39389983, 0.39115456, 0.382793, 0.42257175, 0.4109874, 0.42758936], "std": [0.08726752, 0.07637929, 0.04873721, 0.043414567, 0.0705064, 0.073289685, 0.050620116, 0.04808029, 0.080868416, 0.075852305, 0.076668784, 0.08231038, 0.05137784, 0.075628735, 0.082947746, 0.056216814, 0.06477185, 0.05706056, 0.06356898, 0.08083959, 0.07499102, 0.06609386, 0.06031019, 0.080014035, 0.05891987, 0.076664396, 0.057497602, 0.058146227, 0.063176386, 0.060280554, 0.07427528, 0.053790182, 0.052857544, 0.060808893, 0.0682812, 0.072505586, 0.07241234, 0.07822072, 0.06995345, 0.063034035, 0.081234515, 0.093232974, 0.069736086, 0.07749503, 0.08040351, 0.08447282, 0.07841724, 0.07504078, 0.08452246, 0.07917434], "var": [0.98, 0.98, 0.98, 0.96, 0.94, 0.94, 0.92, 0.92, 0.92, 0.9, 0.9, 0.88, 0.88, 0.84, 0.82, 0.8, 0.8, 0.78, 0.76, 0.76, 0.76, 0.72, 0.72, 0.72, 0.7, 0.7, 0.72, 0.74, 0.72, 0.74, 0.72, 0.7, 0.68, 0.66, 0.66, 0.62, 0.6, 0.6, 0.56, 0.56, 0.56, 0.54, 0.52, 0.54, 0.52, 0.48, 0.44, 0.44, 0.42, 0.4], "best": [0.4333333, 0.46222222, 0.36396822, 0.3578231, 0.45502642, 0.45609757, 0.40081772, 0.40355125, 0.45456788, 0.45666668, 0.45691058, 0.45819208, 0.45876288, 0.4591346, 0.45970368, 0.46164572, 0.46233594, 0.4126867, 0.4625874, 0.46524587, 0.46800825, 0.47117648, 0.42252544, 0.47186378, 0.42539683, 0.47260725, 0.42952383, 0.47308865, 0.47354028, 0.47362006, 0.47395834, 0.47442642, 0.47442922, 0.4747148, 0.475, 0.47687685, 0.47843823, 0.47868478, 0.48013243, 0.4818572, 0.48155692, 0.48267075, 0.48534524, 0.4878037, 0.48830238, 0.48940027, 0.49083447, 0.49163327, 0.49372545, 0.49521366], "duration": [43196, 40029, 52747, 43040, 49868, 47964, 45764, 38870, 38395, 39561, 39067, 39292, 39642, 39107, 46478, 39561, 45358, 45392, 46283, 46500, 53165, 39819, 37959, 40095, 45876, 39711, 38362, 39213, 39240, 39059, 39382, 38692, 39160, 39564, 40169, 46431, 39677, 39887, 46553, 38871, 40485, 53377, 40529, 40345, 39641, 39943, 53464, 40282, 40116, 40223]}