{"avg": [0.24805553, 0.27957404, 0.28423977, 0.2826713, 0.28068432, 0.28313604, 0.29560515, 0.3085992, 0.3016594, 0.3108396, 0.296884, 0.28399882, 0.30622342, 0.32196835, 0.28911278, 0.28690234, 0.29502994, 0.3053438, 0.2914488, 0.3095344, 0.32573432, 0.2871015, 0.32010368, 0.32984802, 0.3011592, 0.35746288, 0.2942961, 0.27632183, 0.3165196, 0.31739172, 0.32219806, 0.3331409, 0.33414033, 0.31548944, 0.3421186, 0.32982743, 0.320335, 0.31645674, 0.33467782, 0.32283425, 0.30971265, 0.35119823, 0.34172007, 0.37477678, 0.328222, 0.34214422, 0.35653606, 0.31680924, 0.37115452, 0.3603272], "std": [0.08358111, 0.07094504, 0.046902236, 0.04201569, 0.06680872, 0.07390629, 0.05445213, 0.047561564, 0.07388494, 0.06432773, 0.060109552, 0.04037083, 0.063843444, 0.052830856, 0.07059831, 0.066692695, 0.0680395, 0.056039046, 0.056796566, 0.062226597, 0.045363665, 0.06737158, 0.06400337, 0.054760776, 0.074272774, 0.06273504, 0.064022824, 0.06453685, 0.043607038, 0.06291188, 0.037345137, 0.057005584, 0.06329179, 0.06965856, 0.0434602, 0.05644879, 0.055831272, 0.06366888, 0.0645518, 0.07420246, 0.08356925, 0.07243306, 0.07177294, 0.05832138, 0.06303694, 0.073877744, 0.062368166, 0.06869354, 0.066780075, 0.074896574], "var": [0.98, 0.98, 0.98, 0.96, 0.94, 0.94, 0.92, 0.92, 0.88, 0.88, 0.88, 0.86, 0.84, 0.82, 0.82, 0.8, 0.8, 0.8, 0.82, 0.8, 0.8, 0.78, 0.78, 0.76, 0.74, 0.72, 0.72, 0.74, 0.74, 0.74, 0.74, 0.74, 0.72, 0.7, 0.72, 0.72, 0.72, 0.7, 0.72, 0.74, 0.72, 0.72, 0.74, 0.7, 0.66, 0.66, 0.64, 0.62, 0.62, 0.62], "best": [0.41666666, 0.44555557, 0.35027775, 0.34413263, 0.43835977, 0.43943092, 0.38653198, 0.38926554, 0.43790123, 0.43947366, 0.34984937, 0.3449074, 0.43843535, 0.43915093, 0.377193, 0.3918033, 0.43846154, 0.43981817, 0.34988424, 0.3914754, 0.43990538, 0.3937751, 0.44013408, 0.49269405, 0.44125107, 0.49378672, 0.37621358, 0.39953053, 0.39977273, 0.4946754, 0.4008439, 0.4427891, 0.49584982, 0.44462574, 0.40254974, 0.40387177, 0.43302464, 0.40531734, 0.4063439, 0.40842786, 0.44374344, 0.49733332, 0.44436905, 0.49847364, 0.44503853, 0.44525823, 0.44548178, 0.43990514, 0.49951372, 0.500562], "duration": [42955, 39824, 52681, 42894, 49656, 47929, 45613, 38694, 44963, 39773, 37281, 38240, 45996, 39737, 44753, 38560, 38657, 39950, 39085, 39144, 46053, 39075, 39258, 39609, 38722, 39406, 38578, 37325, 45460, 44716, 38926, 39626, 37999, 38868, 39719, 38192, 39378, 38285, 44437, 39178, 39209, 39396, 39334, 39634, 38934, 39864, 39889, 45631, 39704, 39638]}