{"avg": [0.26031747, 0.28715342, 0.29708436, 0.29300287, 0.29337233, 0.29626632, 0.31064278, 0.320574, 0.30834097, 0.32504535, 0.31609043, 0.2990932, 0.32470894, 0.32884076, 0.30424494, 0.32332337, 0.33672887, 0.32956365, 0.35763535, 0.35126075, 0.3159699, 0.3339227, 0.32929114, 0.32750243, 0.34732383, 0.31800354, 0.35967693, 0.34549153, 0.3338875, 0.34051368, 0.34800857, 0.34827477, 0.33975476, 0.36716706, 0.34443498, 0.35573992, 0.39311257, 0.36528587, 0.3412449, 0.3593895, 0.34942618, 0.39605844, 0.38333926, 0.35958782, 0.37530604, 0.4094531, 0.38542873, 0.38325024, 0.39128727, 0.39799118], "std": [0.08539034, 0.07461725, 0.04982655, 0.04365753, 0.070916995, 0.07465063, 0.052799568, 0.0491792, 0.08057846, 0.06462788, 0.07530961, 0.063063435, 0.04230329, 0.06397372, 0.07350731, 0.054515664, 0.042113975, 0.046676442, 0.06417026, 0.07129052, 0.060027838, 0.0719589, 0.06925363, 0.07494097, 0.07857548, 0.05767532, 0.05921014, 0.08645404, 0.07047981, 0.07031165, 0.06820527, 0.08241777, 0.07493394, 0.07472854, 0.09349927, 0.07917918, 0.06868592, 0.08087869, 0.0864232, 0.07986213, 0.09704406, 0.087075405, 0.08458423, 0.11773479, 0.08550073, 0.09018412, 0.06328774, 0.08213312, 0.0773122, 0.06308634], "var": [0.98, 0.98, 0.98, 0.96, 0.94, 0.94, 0.92, 0.92, 0.92, 0.9, 0.9, 0.88, 0.88, 0.86, 0.84, 0.82, 0.8, 0.8, 0.82, 0.8, 0.78, 0.8, 0.78, 0.78, 0.78, 0.78, 0.8, 0.8, 0.78, 0.78, 0.78, 0.78, 0.74, 0.72, 0.68, 0.68, 0.7, 0.72, 0.7, 0.72, 0.7, 0.68, 0.68, 0.66, 0.66, 0.64, 0.62, 0.62, 0.58, 0.58], "best": [0.4333333, 0.46222222, 0.36396822, 0.3578231, 0.45502642, 0.45609757, 0.40081772, 0.40355125, 0.45456788, 0.45599997, 0.45650408, 0.36771587, 0.38826704, 0.4557692, 0.45688888, 0.4576011, 0.40798652, 0.4113337, 0.4581585, 0.46218577, 0.4633437, 0.46398807, 0.46572235, 0.46684682, 0.4677893, 0.42765474, 0.46866503, 0.4708428, 0.47254038, 0.47288135, 0.47318244, 0.4747534, 0.4750159, 0.47602227, 0.47757685, 0.4791228, 0.47980657, 0.48217055, 0.4835491, 0.44599923, 0.48548055, 0.48658657, 0.48924574, 0.49097815, 0.49257195, 0.4935337, 0.4929942, 0.49671915, 0.4982884, 0.49974844], "duration": [43222, 39826, 52686, 42876, 49796, 47799, 45826, 38587, 38874, 39306, 38829, 38629, 39320, 38701, 45738, 39467, 45681, 45575, 46534, 39291, 44563, 39765, 51743, 39183, 39034, 38778, 59278, 38980, 45201, 38829, 52627, 46343, 39558, 39318, 45938, 38870, 39892, 39565, 39903, 39816, 39923, 53628, 46819, 40147, 40078, 46882, 40220, 39680, 40070, 39830]}