{"avg": [0.22095238, 0.25491157, 0.25951663, 0.25762182, 0.25678483, 0.25726438, 0.27081403, 0.2769796, 0.27628532, 0.26874197, 0.26648328, 0.25929788, 0.25939628, 0.27747697, 0.26681134, 0.24700342, 0.24997404, 0.2748933, 0.29129073, 0.3017913, 0.2629771, 0.28509164, 0.30279157, 0.2747199, 0.26578522, 0.28836966, 0.29430217, 0.26294047, 0.2812022, 0.2823214, 0.2980508, 0.29532057, 0.31229582, 0.29484338, 0.32154498, 0.3158838, 0.30909878, 0.31793502, 0.28643784, 0.30454528, 0.3240448, 0.33030704, 0.3258205, 0.32744625, 0.32718077, 0.33185917, 0.3034489, 0.3069822, 0.31168675, 0.33039856], "std": [0.07480074, 0.063218124, 0.042004675, 0.039367944, 0.06364104, 0.061991684, 0.04699093, 0.059211656, 0.04257703, 0.045060646, 0.038301058, 0.048166696, 0.060734708, 0.062069196, 0.048616942, 0.059334297, 0.06089919, 0.059231244, 0.048287388, 0.027698709, 0.06432838, 0.0733669, 0.045671094, 0.07151316, 0.07364481, 0.059453033, 0.04891263, 0.06540438, 0.0673049, 0.07361239, 0.062115155, 0.062625125, 0.05381886, 0.064048275, 0.034308117, 0.052086893, 0.040930238, 0.05830618, 0.05481014, 0.057447363, 0.056443166, 0.044728387, 0.043700237, 0.041211773, 0.050355338, 0.05000894, 0.038409986, 0.052945618, 0.05442432, 0.0591366], "var": [0.98, 0.98, 0.98, 0.96, 0.94, 0.94, 0.92, 0.92, 0.9, 0.9, 0.86, 0.84, 0.84, 0.84, 0.82, 0.8, 0.8, 0.78, 0.78, 0.78, 0.8, 0.82, 0.82, 0.78, 0.76, 0.74, 0.74, 0.74, 0.74, 0.74, 0.72, 0.68, 0.7, 0.68, 0.7, 0.72, 0.7, 0.68, 0.7, 0.7, 0.7, 0.7, 0.68, 0.66, 0.66, 0.62, 0.62, 0.6, 0.56, 0.58], "best": [0.37142855, 0.40857142, 0.3210204, 0.3131195, 0.3993197, 0.40069684, 0.35207176, 0.40124223, 0.358179, 0.34214425, 0.34392193, 0.32334182, 0.32426304, 0.3990244, 0.34474096, 0.3266614, 0.31726965, 0.35299164, 0.35971037, 0.36214837, 0.36279437, 0.39664632, 0.39724308, 0.36626652, 0.36718103, 0.34697586, 0.39686495, 0.37051827, 0.37077346, 0.39649233, 0.372135, 0.3973029, 0.39832097, 0.39919868, 0.3784909, 0.4000261, 0.3651173, 0.3912153, 0.3920841, 0.39282194, 0.40298948, 0.38567615, 0.39525673, 0.3960459, 0.39685544, 0.40704137, 0.35372257, 0.3985327, 0.39313993, 0.39835295], "duration": [43227, 40643, 53108, 42909, 49825, 47795, 39262, 38686, 45120, 39139, 38866, 38136, 38322, 39000, 40044, 38656, 38932, 46074, 39041, 46218, 39119, 46083, 39530, 39843, 38610, 39452, 38884, 44936, 39409, 53029, 41351, 45998, 40183, 39327, 39793, 40202, 39583, 39573, 39345, 39625, 39383, 39552, 39610, 40175, 39809, 40145, 38195, 39498, 45141, 39715]}