{"avg": [0.20740743, 0.22645502, 0.24867727, 0.2636357, 0.2558592, 0.2631065, 0.25787562, 0.24288768, 0.26616138, 0.2615126, 0.26908872, 0.26245683, 0.2913724, 0.291192, 0.27101135, 0.2596065, 0.26837403, 0.29593807, 0.27242815, 0.3252189, 0.30958253, 0.25122705, 0.31540942, 0.25513855, 0.27502552, 0.3300128, 0.25280762, 0.3153175, 0.29399675, 0.30587062, 0.31193513, 0.34736618, 0.32208672, 0.29129842, 0.30811617, 0.33983895, 0.34114373, 0.33515468, 0.37519473, 0.3394289, 0.36257547, 0.39663318, 0.3694958, 0.32155284, 0.37113735, 0.39160421, 0.36652935, 0.41332406, 0.3861569, 0.31662616], "std": [0.13672516, 0.11620191, 0.120080024, 0.09737622, 0.07794567, 0.12046379, 0.102033146, 0.113360055, 0.09388128, 0.11737391, 0.1001208, 0.100030415, 0.08794372, 0.08777673, 0.13927832, 0.12370353, 0.10096223, 0.09488487, 0.07294524, 0.11370546, 0.09124459, 0.1396326, 0.08263396, 0.14352758, 0.077968195, 0.075958066, 0.09729007, 0.11821319, 0.115710445, 0.11838969, 0.09028594, 0.08133927, 0.10639286, 0.10014232, 0.12500854, 0.09403804, 0.10923702, 0.09089797, 0.08329629, 0.12048618, 0.08046754, 0.072954126, 0.10602658, 0.08192022, 0.05666818, 0.06469023, 0.1161638, 0.09743791, 0.100587204, 0.11335893], "var": [0.98, 0.98, 0.98, 0.94, 0.94, 0.92, 0.9, 0.9, 0.88, 0.88, 0.88, 0.88, 0.88, 0.86, 0.86, 0.84, 0.84, 0.8, 0.82, 0.78, 0.76, 0.78, 0.8, 0.8, 0.76, 0.76, 0.74, 0.74, 0.74, 0.74, 0.7, 0.7, 0.68, 0.66, 0.62, 0.62, 0.62, 0.58, 0.6, 0.56, 0.58, 0.6, 0.56, 0.54, 0.54, 0.54, 0.58, 0.58, 0.6, 0.6], "best": [0.47619048, 0.5050794, 0.50095236, 0.3389418, 0.36672047, 0.4958252, 0.36776698, 0.49574175, 0.50400794, 0.5071252, 0.35307017, 0.5084308, 0.4931365, 0.49431014, 0.5084932, 0.509623, 0.37015876, 0.5103841, 0.35078788, 0.5111274, 0.49388865, 0.51366264, 0.51415306, 0.5146623, 0.37363872, 0.5143725, 0.3691896, 0.5156545, 0.51433724, 0.514784, 0.5151736, 0.51568335, 0.5246032, 0.5256837, 0.517636, 0.51626104, 0.5165079, 0.5172383, 0.51955086, 0.519092, 0.52146274, 0.52275294, 0.5224125, 0.52356964, 0.5335738, 0.52408415, 0.53409743, 0.5356392, 0.5362367, 0.5271648], "duration": [2688, 2354, 2579, 12356, 12505, 7543, 12406, 2370, 7834, 12418, 7351, 2590, 7623, 2583, 7537, 3281, 7819, 2353, 17115, 2541, 7388, 2526, 7872, 2543, 7418, 7499, 7375, 7878, 12331, 7923, 22154, 12493, 17197, 22068, 7394, 12320, 12423, 13220, 17649, 17700, 22190, 17761, 17370, 27943, 17385, 12318, 31921, 12501, 17702, 17315]}