{"avg": [0.21798943, 0.22645502, 0.24867727, 0.27270597, 0.24452129, 0.2631065, 0.25787562, 0.24288768, 0.26616138, 0.2615126, 0.26908872, 0.26245683, 0.2913724, 0.291192, 0.26124334, 0.27321196, 0.26837403, 0.29593807, 0.27242815, 0.3252189, 0.30958253, 0.26029733, 0.31540942, 0.26490656, 0.27502552, 0.3178028, 0.25280762, 0.3153175, 0.28341475, 0.31633046, 0.31114587, 0.3577525, 0.3321981, 0.28074262, 0.3183708, 0.33643797, 0.31690717, 0.36108747, 0.34271193, 0.39238703, 0.37219435, 0.4065695, 0.43077302, 0.38874677, 0.39155534, 0.41340616, 0.37144366, 0.41599756, 0.39610022, 0.46279126], "std": [0.12598372, 0.11620191, 0.120080024, 0.095593415, 0.07538164, 0.12046379, 0.102033146, 0.113360055, 0.09388128, 0.11737391, 0.1001208, 0.100030415, 0.08794372, 0.08777673, 0.1403208, 0.123291686, 0.10096223, 0.09488487, 0.07294524, 0.11370546, 0.09124459, 0.13969915, 0.08263396, 0.14341302, 0.077968195, 0.08398568, 0.09729007, 0.11821319, 0.11722932, 0.11601016, 0.0899417, 0.09299938, 0.11664299, 0.10104141, 0.1352939, 0.09361561, 0.094543725, 0.10426889, 0.13545795, 0.09309257, 0.08998033, 0.07882444, 0.10035868, 0.09889018, 0.07919403, 0.08485574, 0.13713987, 0.10575859, 0.13306637, 0.09094372], "var": [0.98, 0.98, 0.98, 0.94, 0.94, 0.92, 0.9, 0.9, 0.88, 0.88, 0.88, 0.88, 0.88, 0.86, 0.86, 0.84, 0.84, 0.8, 0.82, 0.78, 0.76, 0.78, 0.8, 0.8, 0.76, 0.76, 0.74, 0.74, 0.76, 0.76, 0.72, 0.72, 0.7, 0.68, 0.64, 0.66, 0.64, 0.66, 0.68, 0.64, 0.62, 0.64, 0.62, 0.6, 0.6, 0.6, 0.58, 0.54, 0.54, 0.54], "best": [0.47619048, 0.5050794, 0.50095236, 0.3389418, 0.36672047, 0.4958252, 0.36776698, 0.49574175, 0.50400794, 0.5071252, 0.35307017, 0.5084308, 0.4931365, 0.49431014, 0.5084932, 0.509623, 0.37015876, 0.5103841, 0.35078788, 0.5111274, 0.49388865, 0.51366264, 0.51415306, 0.5146623, 0.37363872, 0.5143725, 0.3691896, 0.5156545, 0.51433724, 0.514784, 0.5151016, 0.5255466, 0.52643245, 0.52515984, 0.5283564, 0.51589066, 0.37353072, 0.52938175, 0.52724373, 0.53111535, 0.5320136, 0.53313214, 0.5339416, 0.5361034, 0.53762025, 0.5392756, 0.5408049, 0.5423172, 0.5427444, 0.5448085], "duration": [7578, 2388, 2555, 12319, 7406, 7399, 12224, 2445, 7832, 12264, 7322, 2443, 7414, 2506, 7412, 8123, 7853, 2408, 17248, 2581, 7442, 2564, 7873, 2478, 7439, 2589, 7295, 7790, 7371, 7989, 12347, 12316, 17220, 17130, 7611, 7421, 17244, 22097, 17280, 27804, 27095, 22485, 27001, 22001, 26978, 27077, 27009, 17219, 22130, 26986]}