{"avg": [0.25777778, 0.30927438, 0.30055058, 0.30394757, 0.29707488, 0.31038234, 0.30349183, 0.30355766, 0.29792115, 0.29661608, 0.301617, 0.322158, 0.33800945, 0.32254344, 0.3220334, 0.33042356, 0.33496183, 0.3496643, 0.34791034, 0.37125847, 0.36931646, 0.35851696, 0.36613926, 0.34827083, 0.3727315, 0.38704026, 0.36013168, 0.39891535, 0.41015735, 0.41574588, 0.41360462, 0.41132566, 0.42133588, 0.4093629, 0.42679033, 0.41460896, 0.42586678, 0.44874528, 0.429518, 0.45875585, 0.43689933, 0.45303622, 0.4395175, 0.5026824, 0.46987587, 0.4717833, 0.48803976, 0.47924945, 0.504387, 0.48125112], "std": [0.08726752, 0.05683859, 0.046592858, 0.051680785, 0.07317496, 0.050785474, 0.074038595, 0.04212131, 0.06840257, 0.070417374, 0.08816485, 0.061347, 0.069655135, 0.058145106, 0.05490367, 0.038558047, 0.058938444, 0.04905454, 0.0464319, 0.050244506, 0.0665278, 0.052641015, 0.048569586, 0.03992043, 0.04649759, 0.0537323, 0.04197429, 0.04873093, 0.06029286, 0.057341408, 0.062422603, 0.065176286, 0.064962186, 0.052007694, 0.07112753, 0.07004916, 0.07740198, 0.060110893, 0.0565691, 0.050819896, 0.059357747, 0.05665849, 0.0578342, 0.04102915, 0.062055543, 0.049153123, 0.063303016, 0.054432005, 0.049440242, 0.061711155], "var": [1.0, 1.0, 0.98, 0.96, 0.96, 0.94, 0.94, 0.94, 0.9, 0.88, 0.88, 0.84, 0.84, 0.82, 0.78, 0.76, 0.76, 0.76, 0.76, 0.74, 0.7, 0.72, 0.7, 0.68, 0.68, 0.7, 0.72, 0.72, 0.7, 0.7, 0.74, 0.74, 0.78, 0.78, 0.76, 0.74, 0.7, 0.68, 0.68, 0.66, 0.64, 0.64, 0.6, 0.58, 0.56, 0.58, 0.56, 0.54, 0.52, 0.52], "best": [0.4333333, 0.46222222, 0.36141217, 0.36790892, 0.45573768, 0.37454212, 0.3788247, 0.38377425, 0.37296465, 0.38605687, 0.4511677, 0.4152491, 0.45243242, 0.41961908, 0.39585254, 0.39697528, 0.41572002, 0.45483458, 0.42073736, 0.5089569, 0.5098003, 0.45858896, 0.44502166, 0.40702316, 0.51297075, 0.5089255, 0.4578013, 0.5151587, 0.5157526, 0.5174955, 0.5302198, 0.5218024, 0.5234653, 0.5251141, 0.52608186, 0.527855, 0.53863096, 0.53172123, 0.5345057, 0.53607005, 0.54457635, 0.539933, 0.548962, 0.543575, 0.5505446, 0.5492291, 0.55172735, 0.5546184, 0.5569386, 0.5602215], "duration": [42986, 39218, 45184, 42639, 43750, 39767, 39164, 39471, 39575, 44060, 39067, 37933, 38933, 57320, 39210, 44794, 39310, 39689, 37710, 45831, 46722, 46748, 45673, 39317, 39581, 38870, 39733, 39804, 39215, 40328, 39960, 39919, 39610, 40110, 46363, 39625, 46503, 46981, 40016, 40449, 39509, 40266, 40342, 40586, 40487, 47065, 47172, 47146, 40419, 40224]}