{"avg": [0.21957673, 0.19801588, 0.27083334, 0.2563492, 0.21240081, 0.14362435, 0.25650793, 0.2298103, 0.18506418, 0.36957985, 0.19636244, 0.19504182, 0.12200826, 0.22442086, 0.2492758, 0.1933278, 0.20837648, 0.27520788, 0.222965, 0.25265995, 0.21391626, 0.16181803, 0.24643107, 0.22464496, 0.28612348, 0.24050356, 0.20177862, 0.17821531, 0.29706547, 0.17311509, 0.22067596, 0.13945504, 0.24671388, 0.2524391, 0.214161, 0.2361723, 0.17622115, 0.15876594, 0.20847897, 0.26865909, 0.28121808, 0.19687022, 0.18622482, 0.1987626, 0.25357875, 0.1990403, 0.22300291, 0.18382826, 0.29377732, 0.34009203], "std": [0.063767046, 0.14925402, 0.07046296, 0.07801391, 0.092294745, 0.066045195, 0.08193108, 0.15702924, 0.001361907, 0.11665732, 0.104651965, 0.11380099, 0.08645692, 0.11792389, 0.08701703, 0.05701213, 0.1173126, 0.06430451, 0.0698364, 0.06546684, 0.1514086, 0.09103923, 0.07453384, 0.0868045, 0.06774796, 0.0729223, 0.057947777, 0.09493883, 0.1092175, 0.09570164, 0.11509939, 0.07221871, 0.121856995, 0.08817211, 0.074747, 0.077843904, 0.092070624, 0.14678946, 0.12467858, 0.12037567, 0.12577093, 0.10441526, 0.111541055, 0.0535865, 0.068882264, 0.114273556, 0.07664154, 0.12237844, 0.048665278, 0.113022305], "var": [1.0, 1.0, 1.0, 1.0, 1.0, 1.0, 1.0, 1.0, 1.0, 1.0, 1.0, 1.0, 1.0, 1.0, 1.0, 1.0, 1.0, 1.0, 1.0, 1.0, 1.0, 1.0, 1.0, 1.0, 1.0, 1.0, 1.0, 1.0, 1.0, 1.0, 1.0, 1.0, 1.0, 1.0, 1.0, 1.0, 1.0, 1.0, 1.0, 1.0, 1.0, 1.0, 1.0, 1.0, 1.0, 1.0, 1.0, 1.0, 1.0, 1.0], "best": [0.31746033, 0.49841273, 0.33134922, 0.365873, 0.36448416, 0.18682541, 0.33134922, 0.48432055, 0.18736915, 0.50121385, 0.31289682, 0.32982594, 0.19077964, 0.3314243, 0.35962304, 0.31399038, 0.34673914, 0.3276644, 0.3283578, 0.33079368, 0.3315408, 0.30896434, 0.35675845, 0.36098585, 0.3280119, 0.31308156, 0.31240407, 0.32686207, 0.49038804, 0.32857144, 0.32742202, 0.18701059, 0.34162164, 0.3303748, 0.36162135, 0.31385928, 0.315758, 0.32810196, 0.32999858, 0.3296627, 0.5036577, 0.31189802, 0.32792866, 0.31126472, 0.32769656, 0.31248474, 0.33091947, 0.32705444, 0.32772604, 0.502229], "duration": [855, 767, 876, 5270, 846, 732, 836, 834, 670, 5273, 752, 762, 5597, 756, 834, 865, 5603, 845, 831, 786, 830, 838, 820, 828, 847, 838, 750, 742, 832, 754, 741, 734, 5690, 834, 738, 828, 743, 821, 845, 837, 5273, 743, 819, 754, 749, 742, 5598, 864, 818, 781]}