{"avg": [0.04, 0.04, 0.04, 0.04, 0.04, 0.04, 0.033333335, 0.033333335, 0.033333335, 0.026666667, 0.026666667, 0.02, 0.02, 0.02, 0.02, 0.02, 0.026666667, 0.026666667, 0.026666667, 0.026666667, 0.026666667, 0.033333335, 0.04, 0.04, 0.04], "std": [0.19595912, 0.19595912, 0.19595912, 0.19595912, 0.19595912, 0.19595912, 0.17950542, 0.17950542, 0.17950542, 0.16110735, 0.16110735, 0.13999999, 0.13999999, 0.13999999, 0.13999999, 0.13999999, 0.16110724, 0.16110724, 0.16110724, 0.16110724, 0.16110724, 0.17950547, 0.19595918, 0.19595918, 0.19595918], "var": [0.99333334, 0.99333334, 0.98, 0.98, 0.97333336, 0.96666664, 0.96666664, 0.96, 0.9533333, 0.94, 0.93333334, 0.92, 0.9066667, 0.9066667, 0.9, 0.8933333, 0.8933333, 0.8933333, 0.8933333, 0.8933333, 0.8933333, 0.8933333, 0.8933333, 0.88666666, 0.88], "best": [1.0, 1.0, 1.0, 1.0, 1.0, 1.0, 1.0, 1.0, 1.0, 1.0, 1.0, 1.0, 1.0, 1.0, 1.0, 1.0, 1.0, 1.0, 1.0, 1.0, 1.0, 1.0, 1.0, 1.0, 1.0], "duration": [4745, 4668, 4725, 4927, 4666, 4708, 4742, 4716, 4711, 4663, 4638, 4946, 4676, 4688, 4760, 4717, 4785, 4714, 4628, 4694, 4662, 4732, 4661, 4691, 4720]}