{"avg": [0.26051283, 0.29592025, 0.30377418, 0.29936084, 0.29996577, 0.302989, 0.31544328, 0.32568064, 0.31616077, 0.32026005, 0.31874254, 0.32276592, 0.336394, 0.32655546, 0.3184697, 0.33073565, 0.34029052, 0.33063802, 0.3563735, 0.3615371, 0.370309, 0.36411154, 0.3274691, 0.3692308, 0.36255145, 0.3496343, 0.35021675, 0.35690778, 0.34877035, 0.3447628, 0.34629312, 0.34897596, 0.35964975, 0.3418882, 0.3665929, 0.38566494, 0.3781914, 0.37514067, 0.3955406, 0.37969598, 0.39190334, 0.42373478, 0.40679497, 0.3985034, 0.36694935, 0.39519903, 0.42426062, 0.43725318, 0.40339178, 0.42712685], "std": [0.09244435, 0.07603299, 0.05097117, 0.04467767, 0.072676405, 0.076609924, 0.05264236, 0.049053647, 0.082883954, 0.0776413, 0.07855932, 0.07963495, 0.060343202, 0.07714995, 0.08508942, 0.05603785, 0.06415408, 0.057031404, 0.06959798, 0.08451431, 0.07491927, 0.068663344, 0.060393635, 0.08121346, 0.054887857, 0.07756314, 0.059947446, 0.05686209, 0.06404387, 0.060810354, 0.07516985, 0.053909827, 0.07074663, 0.0648765, 0.06406381, 0.068242654, 0.077964805, 0.07469827, 0.07521466, 0.07846899, 0.07546624, 0.053306617, 0.0706797, 0.062400114, 0.072063334, 0.066200934, 0.068723306, 0.06565834, 0.07509607, 0.062179517], "var": [0.98, 0.98, 0.98, 0.96, 0.94, 0.94, 0.92, 0.92, 0.92, 0.9, 0.9, 0.88, 0.88, 0.84, 0.82, 0.8, 0.8, 0.78, 0.76, 0.76, 0.74, 0.7, 0.7, 0.7, 0.68, 0.68, 0.7, 0.72, 0.7, 0.72, 0.7, 0.7, 0.68, 0.66, 0.64, 0.62, 0.6, 0.58, 0.58, 0.56, 0.56, 0.56, 0.56, 0.56, 0.58, 0.58, 0.56, 0.54, 0.54, 0.54], "best": [0.44358978, 0.47247866, 0.37239313, 0.366248, 0.4652829, 0.466354, 0.40960893, 0.41234246, 0.46482432, 0.46692312, 0.46716702, 0.46844852, 0.46901932, 0.46939108, 0.46996012, 0.47190216, 0.47232994, 0.42160094, 0.47237766, 0.4748466, 0.4776455, 0.48084465, 0.43159756, 0.48140338, 0.43453255, 0.48220363, 0.4386325, 0.4827335, 0.48320544, 0.48330304, 0.48365924, 0.48414305, 0.48422906, 0.48414743, 0.48399568, 0.48455575, 0.48580813, 0.4866571, 0.48900437, 0.49117818, 0.4922596, 0.49336147, 0.49500135, 0.49630293, 0.49652538, 0.49677435, 0.49735174, 0.49887648, 0.5009582, 0.5018372], "duration": [38251, 40073, 52749, 42996, 49794, 47951, 45843, 38747, 38451, 39723, 39045, 39230, 39750, 38960, 46195, 39538, 45239, 45544, 46168, 46392, 53023, 39893, 37939, 40048, 45830, 39630, 38407, 39175, 39304, 39207, 39595, 39552, 39508, 45998, 45114, 39977, 39942, 45925, 40223, 45910, 46821, 46418, 39828, 40235, 39524, 39670, 47199, 40430, 40301, 47383]}