{"avg": [0.51020426, 0.49563953, 0.5210482, 0.5230897, 0.4988218, 0.52668285, 0.52929956, 0.51051486, 0.53802115, 0.5159329, 0.5214664, 0.5526577, 0.5580879, 0.562939, 0.5664713, 0.5701496, 0.5748428, 0.5770417, 0.58010954, 0.58308923, 0.5854696, 0.5880322, 0.59108776, 0.59343356, 0.59645814, 0.59756726, 0.5998405, 0.6017364, 0.6035375, 0.60529715, 0.6070115, 0.6083957, 0.6098321, 0.61111665, 0.6124446, 0.6135807, 0.61470705, 0.61582017, 0.6168708, 0.6179074, 0.6186781, 0.6195355, 0.62035155, 0.62120056, 0.6219724, 0.6226425, 0.6232843, 0.6239894, 0.6245477, 0.62516755, 0.6256812, 0.62617683, 0.6266547, 0.62713975, 0.6275843, 0.6281023, 0.62855726, 0.62899595, 0.6294587, 0.6298468, 0.63029647, 0.6307107, 0.6310766, 0.6314795, 0.63183683, 0.63212013, 0.63242626, 0.6327382, 0.6330411, 0.63332087, 0.63363355, 0.63391024, 0.63416666, 0.63442826, 0.634719], "std": [1.7881393e-07, 0.110843524, 0.0017705869, 0.0024555363, 0.11450468, 0.0043335194, 0.0051740697, 0.10898523, 0.006493593, 0.11861748, 0.119741775, 0.0061395164, 0.0027747669, 0.0037047062, 0.0037409263, 0.0036293122, 0.0018351559, 0.0016786366, 0.0015853387, 0.0016583175, 0.0018258662, 0.0018970844, 0.0018630436, 0.0014269137, 0.0007372865, 0.0014591827, 0.00076888944, 1.1920929e-07, 5.9604645e-08, 0.0, 1.1920929e-07, 5.9604645e-08, 5.9604645e-08, 1.7881393e-07, 5.9604645e-08, 0.0, 1.1920929e-07, 1.7881393e-07, 5.9604645e-08, 5.9604645e-08, 0.0, 5.9604645e-08, 1.7881393e-07, 0.0, 1.1920929e-07, 0.0, 0.0, 1.7881393e-07, 1.7881393e-07, 1.7881393e-07, 1.7881393e-07, 0.0, 0.0, 1.1920929e-07, 1.1920929e-07, 0.0, 0.0, 0.0, 5.9604645e-08, 1.1920929e-07, 2.3841858e-07, 5.9604645e-08, 2.3841858e-07, 2.3841858e-07, 5.9604645e-08, 0.0, 0.0, 5.9604645e-08, 1.1920929e-07, 5.9604645e-08, 5.9604645e-08, 0.0, 5.9604645e-08, 2.3841858e-07, 5.9604645e-08], "var": [1.0, 1.0, 1.0, 1.0, 1.0, 1.0, 0.92, 0.88, 0.88, 0.8, 0.8, 0.68, 0.68, 0.56, 0.56, 0.52, 0.56, 0.44, 0.4, 0.36, 0.28, 0.24, 0.12, 0.12, 0.12, 0.08, 0.04, 0.04, 0.04, 0.04, 0.04, 0.04, 0.04, 0.04, 0.04, 0.04, 0.04, 0.04, 0.04, 0.04, 0.04, 0.04, 0.04, 0.04, 0.04, 0.04, 0.04, 0.04, 0.04, 0.04, 0.04, 0.04, 0.04, 0.04, 0.04, 0.04, 0.04, 0.04, 0.04, 0.04, 0.04, 0.04, 0.04, 0.04, 0.04, 0.04, 0.04, 0.04, 0.04, 0.04, 0.04, 0.04, 0.04, 0.04, 0.04], "best": [0.5102041, 0.5238687, 0.5241651, 0.5269452, 0.53163266, 0.5340585, 0.53632015, 0.5409807, 0.5457522, 0.5505102, 0.5544501, 0.5584486, 0.56166637, 0.56637055, 0.56976, 0.57347584, 0.5766453, 0.57949984, 0.5827665, 0.58522207, 0.5875936, 0.590269, 0.59230804, 0.59442407, 0.5966627, 0.59817404, 0.6000269, 0.60173655, 0.60353744, 0.60529715, 0.6070114, 0.60839576, 0.60983217, 0.6111168, 0.6124445, 0.6135807, 0.6147072, 0.61582035, 0.61687076, 0.61790735, 0.6186781, 0.61953557, 0.6203514, 0.62120056, 0.6219725, 0.6226425, 0.6232843, 0.6239896, 0.62454754, 0.62516737, 0.6256814, 0.62617683, 0.6266547, 0.6271396, 0.62758416, 0.6281023, 0.62855726, 0.62899595, 0.6294588, 0.62984693, 0.63029623, 0.6307108, 0.63107634, 0.63147974, 0.6318368, 0.63212013, 0.63242626, 0.63273823, 0.63304096, 0.6333209, 0.6336335, 0.63391024, 0.6341666, 0.6344285, 0.6347191], "duration": [9402, 8052, 8675, 12582, 7968, 9886, 10504, 10590, 12479, 13145, 8024, 8411, 9481, 8094, 8799, 7617, 8897, 9134, 12118, 8737, 9246, 9259, 8104, 8214, 7493, 9370, 8326, 11307, 10978, 9826, 7404, 11214, 9264, 9225, 9068, 11891, 10883, 9137, 9354, 8707, 13335, 9359, 12473, 8850, 9290, 8651, 9927, 8667, 9740, 9198, 8371, 10130, 9420, 8812, 11767, 7415, 11755, 15304, 8862, 11874, 8069, 12946, 7597, 8768, 9368, 9060, 8946, 9939, 10474, 11915, 9506, 9075, 8785, 11855, 8389]}