{"avg": [0.2684762, 0.28534856, 0.28641713, 0.28777084, 0.286021, 0.29123852, 0.29026443, 0.2888381, 0.29111406, 0.28884637, 0.2868508, 0.28342423, 0.28441018, 0.28753945, 0.29024097, 0.2933586, 0.29112738, 0.28897586, 0.29011968, 0.29078475, 0.29179257, 0.2901829, 0.28837526, 0.29516077, 0.29629847, 0.29555187, 0.29437417, 0.2977053, 0.2997867, 0.29935458, 0.3015298, 0.3046594, 0.30351582, 0.30615407, 0.30470574, 0.3066058, 0.3098789, 0.30529463, 0.30312225, 0.30683085, 0.3051534, 0.30666983, 0.3020143, 0.30674264, 0.31476516, 0.310548, 0.3138804, 0.31615222, 0.31652966, 0.3119129], "std": [0.0652634, 0.06370249, 0.0643656, 0.06367246, 0.063072726, 0.05829174, 0.057716914, 0.05880136, 0.050586827, 0.051649623, 0.050621055, 0.05067905, 0.05508229, 0.05465451, 0.058695722, 0.05852095, 0.057732787, 0.054505326, 0.053708676, 0.05391468, 0.054823168, 0.0545008, 0.04835086, 0.058267485, 0.05811524, 0.058833566, 0.05940828, 0.058431335, 0.0587507, 0.059455726, 0.061007448, 0.06125212, 0.059177257, 0.06101866, 0.060496, 0.06045194, 0.06434356, 0.059530813, 0.05823028, 0.056066167, 0.058663547, 0.057089537, 0.059632022, 0.05858381, 0.059252042, 0.059452903, 0.061543047, 0.063371904, 0.06324053, 0.06523598], "var": [0.98, 0.96, 0.96, 0.96, 0.94, 0.96, 0.96, 0.94, 0.94, 0.94, 0.96, 0.94, 0.9, 0.88, 0.88, 0.88, 0.9, 0.9, 0.9, 0.88, 0.84, 0.82, 0.82, 0.78, 0.78, 0.8, 0.8, 0.8, 0.76, 0.76, 0.76, 0.76, 0.74, 0.72, 0.7, 0.7, 0.7, 0.7, 0.72, 0.7, 0.72, 0.72, 0.74, 0.72, 0.72, 0.74, 0.72, 0.7, 0.72, 0.72], "best": [0.4333333, 0.44999996, 0.45033333, 0.45088887, 0.45099998, 0.45119998, 0.4513333, 0.45142856, 0.45141664, 0.45148146, 0.45146665, 0.4515151, 0.45149997, 0.452, 0.45238093, 0.45315555, 0.4538333, 0.45439216, 0.45448148, 0.4545263, 0.45459998, 0.45466664, 0.45469698, 0.45472464, 0.45519444, 0.45557332, 0.45589742, 0.4561975, 0.45649996, 0.45694253, 0.45731112, 0.45780644, 0.45949998, 0.45989898, 0.46037254, 0.46085712, 0.4613333, 0.46198198, 0.46247366, 0.4628718, 0.46319997, 0.46349594, 0.4637619, 0.46227905, 0.46445453, 0.46487406, 0.46528983, 0.46574464, 0.46624997, 0.4667755], "duration": [97012, 99711, 99960, 99447, 100282, 101884, 99923, 97207, 97302, 99355, 97490, 97175, 98255, 96730, 97671, 97883, 96634, 96772, 97179, 97555, 97378, 97082, 98147, 98465, 97244, 99807, 99798, 101169, 100516, 100088, 101702, 97902, 97904, 95997, 96597, 97595, 96319, 95930, 95790, 97546, 96169, 96798, 96498, 97720, 96308, 95746, 97879, 97527, 92916, 92440]}