{"avg": [0.33309674, 0.360566, 0.37704086, 0.4026554, 0.40796986, 0.4233328, 0.4597391, 0.43333307, 0.45180607, 0.459433, 0.49410227, 0.49097615, 0.49221972, 0.5128285, 0.53119, 0.53999525, 0.5524846, 0.5773774, 0.5819758, 0.58730537, 0.6060524, 0.6162189, 0.6486875, 0.64864755, 0.64247674, 0.6650736, 0.6578927, 0.65367734, 0.6606297, 0.6632612, 0.6665038, 0.6789139, 0.6853508, 0.68555415, 0.6858391, 0.6926237, 0.6972841, 0.70220226, 0.70239615, 0.70209086, 0.7012334, 0.7086417, 0.7074297, 0.7118694, 0.71138597, 0.71755534, 0.712576, 0.71837103, 0.7167212, 0.72123504, 0.7188951, 0.7281368, 0.7217752, 0.72289455, 0.72152436, 0.71958345, 0.72651553, 0.73219216, 0.7355005, 0.73440194, 0.72683275, 0.733985, 0.7367432, 0.73580086, 0.73113, 0.734976, 0.7357528, 0.74318415, 0.73095846, 0.7400083, 0.7399948, 0.73640007, 0.73744684, 0.7399892, 0.7431213], "std": [0.102843255, 0.07837309, 0.09904311, 0.08810231, 0.09205642, 0.054559253, 0.05279316, 0.058300514, 0.05891635, 0.07201732, 0.049897924, 0.0634851, 0.05593918, 0.06337778, 0.06370942, 0.06993126, 0.0715607, 0.048406873, 0.04714258, 0.058659576, 0.055582616, 0.044819757, 0.03498204, 0.032178167, 0.040490817, 0.023686858, 0.036230896, 0.0345392, 0.03845404, 0.030161697, 0.036805805, 0.025564251, 0.018173404, 0.022070479, 0.022068191, 0.016108023, 0.014887602, 0.009981317, 0.0143359685, 0.017042136, 0.01996814, 0.0143776545, 0.017860023, 0.014693873, 0.0171393, 0.01067487, 0.018891161, 0.0143776545, 0.017860048, 0.014080657, 0.018253634, 5.9604645e-08, 0.01748923, 0.01748923, 0.019591857, 0.021507395, 0.0171393, 0.010430634, 1.1920929e-07, 0.009787419, 0.020202681, 0.014080639, 0.010937001, 0.013801039, 0.019591853, 0.016808555, 0.016808556, 1.1920929e-07, 0.021568058, 0.014080657, 0.01503147, 0.01923314, 0.018891161, 0.017139303, 0.014080657], "var": [1.0, 1.0, 1.0, 1.0, 1.0, 1.0, 1.0, 1.0, 1.0, 1.0, 1.0, 1.0, 1.0, 1.0, 1.0, 0.96, 0.96, 0.96, 0.96, 0.92, 0.8, 0.8, 0.8, 0.88, 0.88, 0.92, 0.92, 0.92, 0.8, 0.72, 0.64, 0.6, 0.44, 0.4, 0.28, 0.2, 0.2, 0.12, 0.12, 0.04, 0.04, 0.04, 0.04, 0.04, 0.04, 0.04, 0.04, 0.04, 0.04, 0.04, 0.04, 0.04, 0.04, 0.04, 0.04, 0.04, 0.04, 0.04, 0.04, 0.04, 0.04, 0.04, 0.04, 0.04, 0.04, 0.04, 0.04, 0.04, 0.04, 0.04, 0.04, 0.04, 0.04, 0.04, 0.04], "best": [0.57551014, 0.47054127, 0.58265305, 0.58376914, 0.585643, 0.5378514, 0.5876586, 0.51447123, 0.5390091, 0.5890319, 0.5893818, 0.66185665, 0.5889248, 0.66457945, 0.66595286, 0.66780347, 0.6694814, 0.6707346, 0.6723096, 0.674332, 0.6813525, 0.677551, 0.68525165, 0.68628305, 0.68781334, 0.68864965, 0.6895302, 0.684836, 0.68665457, 0.6882757, 0.6902388, 0.69226676, 0.6943404, 0.6963796, 0.6985887, 0.70069927, 0.7030984, 0.70515305, 0.7074934, 0.709572, 0.7115449, 0.7133064, 0.7151634, 0.7167675, 0.7183832, 0.72000444, 0.7214815, 0.7230357, 0.7244547, 0.72568756, 0.72705823, 0.7281367, 0.729122, 0.73024136, 0.73132026, 0.7323608, 0.73351246, 0.73452437, 0.73550063, 0.736443, 0.7374806, 0.73843783, 0.73932123, 0.74006003, 0.7409261, 0.7416549, 0.74243194, 0.74318427, 0.7438478, 0.7444609, 0.7451506, 0.7457296, 0.7463524, 0.7469862, 0.74757415], "duration": [99066, 90341, 92257, 118684, 93153, 99896, 102064, 114896, 102175, 114996, 96052, 81623, 88656, 82159, 119658, 103690, 96238, 95342, 96396, 95599, 142615, 123017, 127576, 138455, 113216, 142952, 140384, 90387, 98503, 120600, 104806, 113932, 101218, 107812, 100991, 99329, 113338, 120668, 84503, 92849, 85810, 107728, 92594, 97644, 89570, 102822, 103482, 92735, 93046, 107352, 85257, 86136, 136602, 107683, 107667, 126207, 89941, 133205, 118467, 111722, 111311, 97354, 97440, 97241, 90468, 118020, 111180, 97596, 105995, 112568, 97733, 90428, 105207, 104397, 98090]}