{"avg": [0.25777778, 0.2896931, 0.30139685, 0.2979612, 0.271648, 0.27558443, 0.30263653, 0.31343418, 0.3084952, 0.3035059, 0.30133834, 0.3148088, 0.33530954, 0.31374556, 0.3462467, 0.30577174, 0.3410244, 0.30434385, 0.32357082, 0.3207837, 0.31935814, 0.33654517, 0.34010118, 0.34316146, 0.33300516, 0.34116858, 0.34413943, 0.34946373, 0.38538435, 0.36682212, 0.34505773, 0.37085542, 0.39932653, 0.40988663, 0.41503444, 0.38431033, 0.41917688, 0.4144174, 0.39992166, 0.4219983, 0.42341608, 0.41772413, 0.43999526, 0.443907, 0.4353944, 0.43178058, 0.43653867, 0.44678602, 0.43833956, 0.4691065], "std": [0.08726752, 0.07409099, 0.03552673, 0.06449933, 0.08176677, 0.06897139, 0.055603236, 0.053583913, 0.077714905, 0.07705914, 0.051779613, 0.051800333, 0.064274006, 0.079749584, 0.04045976, 0.085451074, 0.073121645, 0.08203577, 0.04897836, 0.07592951, 0.10149872, 0.06400341, 0.06534416, 0.075183585, 0.09032558, 0.07955878, 0.09033392, 0.07466607, 0.07040435, 0.06032317, 0.0629235, 0.07219035, 0.060237985, 0.057432286, 0.054477006, 0.099192895, 0.05107401, 0.064449556, 0.06532397, 0.06090647, 0.071167566, 0.061075665, 0.043039832, 0.04737174, 0.048703894, 0.054734465, 0.0630939, 0.047807224, 0.04807043, 0.033811826], "var": [1.0, 1.0, 1.0, 1.0, 0.98, 0.98, 0.98, 0.98, 0.98, 0.98, 0.98, 0.98, 0.96, 0.98, 0.98, 0.98, 0.98, 0.98, 0.98, 0.98, 0.98, 0.98, 0.98, 0.98, 0.96, 0.96, 0.96, 0.96, 0.96, 0.96, 0.96, 0.96, 0.96, 0.98, 0.98, 0.94, 0.94, 0.92, 0.92, 0.9, 0.86, 0.82, 0.82, 0.82, 0.82, 0.78, 0.76, 0.76, 0.76, 0.76], "best": [0.4333333, 0.46222222, 0.36396822, 0.35915342, 0.3623016, 0.3852814, 0.38845754, 0.4487654, 0.45134404, 0.439579, 0.37547466, 0.41933444, 0.4520947, 0.44143566, 0.42517635, 0.44097742, 0.45346937, 0.4554707, 0.40373418, 0.45702946, 0.45903227, 0.46121398, 0.46293017, 0.46431258, 0.46540537, 0.46303973, 0.46749583, 0.4674641, 0.46875, 0.47115096, 0.47186145, 0.47217572, 0.4739689, 0.47782123, 0.48026562, 0.48025832, 0.48312387, 0.4833914, 0.4760611, 0.4873829, 0.48903155, 0.49005207, 0.49183154, 0.49031293, 0.49621543, 0.49374998, 0.4937037, 0.5016803, 0.5035508, 0.5046562], "duration": [42949, 39957, 39438, 47610, 44574, 39208, 38858, 39642, 39896, 38811, 39709, 39341, 40052, 38302, 38790, 45446, 39964, 39064, 52537, 39921, 40050, 46706, 39313, 39590, 45815, 39285, 39387, 39482, 39825, 40062, 39125, 39769, 40013, 47180, 39548, 40099, 46261, 40120, 39660, 47205, 40352, 40215, 39970, 47211, 47099, 40331, 40512, 53613, 40387, 40520]}