{"avg": [0.36574075, 0.38974363, 0.37280625, 0.35068747, 0.38355044, 0.38643572, 0.4009996, 0.40450323, 0.41623166, 0.39794642, 0.4228676, 0.39015406, 0.39823115, 0.4157517, 0.41587394, 0.3976032, 0.38601187, 0.4112218, 0.41173464, 0.42970943, 0.39950225, 0.42499027, 0.41942793, 0.42162982, 0.45577574, 0.43135, 0.42204535, 0.44033024, 0.4244666, 0.44101182, 0.41735294, 0.45497993, 0.4486365, 0.41588202, 0.410456, 0.42947873, 0.4249142, 0.4326562, 0.44682267, 0.39257553, 0.45241, 0.46863744, 0.42103922, 0.43553856, 0.4156083, 0.4382898, 0.443806, 0.41156086, 0.45320505, 0.42366245], "std": [0.08968654, 0.08245518, 0.07193638, 0.08066138, 0.08001644, 0.068993956, 0.05768719, 0.06265666, 0.06760296, 0.06486851, 0.074671544, 0.08241332, 0.058490656, 0.04844029, 0.06568911, 0.05795051, 0.06764748, 0.050684363, 0.063650146, 0.07843489, 0.06359749, 0.058203433, 0.042525176, 0.08661333, 0.05370316, 0.068024844, 0.048138686, 0.041388202, 0.062144183, 0.053765755, 0.073095895, 0.07288015, 0.05713987, 0.07312377, 0.08179352, 0.06635047, 0.09105121, 0.06668639, 0.074115604, 0.08488213, 0.059617694, 0.07142691, 0.096728146, 0.09513955, 0.11578741, 0.06709961, 0.08850781, 0.076530024, 0.08419603, 0.08507473], "var": [1.0, 0.98, 0.94, 0.9, 0.9, 0.9, 0.92, 0.92, 0.92, 0.9, 0.9, 0.9, 0.9, 0.9, 0.9, 0.88, 0.86, 0.86, 0.84, 0.84, 0.82, 0.82, 0.82, 0.8, 0.8, 0.82, 0.82, 0.86, 0.84, 0.84, 0.84, 0.84, 0.82, 0.8, 0.8, 0.8, 0.78, 0.78, 0.76, 0.76, 0.72, 0.7, 0.74, 0.74, 0.7, 0.7, 0.7, 0.7, 0.7, 0.7], "best": [0.47619048, 0.50767195, 0.50522274, 0.49746707, 0.5002342, 0.49783552, 0.49611804, 0.4984127, 0.49922574, 0.5009524, 0.506105, 0.51030815, 0.48611954, 0.50935715, 0.51014686, 0.49677017, 0.51546174, 0.50153905, 0.50319165, 0.5205973, 0.4975883, 0.498652, 0.49724314, 0.5143655, 0.5214988, 0.52248204, 0.51630485, 0.51079065, 0.52336174, 0.5228865, 0.49673066, 0.52457535, 0.52665526, 0.5278346, 0.52978647, 0.5130518, 0.53082174, 0.53130543, 0.5321927, 0.5326386, 0.533402, 0.5351488, 0.53620064, 0.5369806, 0.5383226, 0.5391587, 0.53919464, 0.5111133, 0.5408598, 0.5422929], "duration": [44023, 32890, 32931, 33007, 32967, 32922, 32980, 32955, 43912, 38478, 33000, 33038, 32961, 32920, 38484, 32960, 32949, 32998, 32913, 32962, 38490, 32926, 32996, 32984, 32967, 32977, 32937, 32944, 43965, 32996, 38539, 32926, 32999, 33057, 32978, 32934, 33080, 33108, 32954, 32926, 33036, 32902, 43970, 32963, 32909, 32963, 38457, 32933, 32949, 32995]}