{"avg": [0.31055903, 0.26655772, 0.3291435, 0.41963112, 0.5873617, 0.5450893, 0.72802836, 0.69509727, 0.7319277, 0.73457444, 0.73815936, 0.74133146, 0.74400926, 0.748574, 0.7535791, 0.75760454, 0.7607746, 0.76482695, 0.76857334, 0.77447397, 0.7782135, 0.7826824, 0.78580797, 0.7887097, 0.7919533, 0.7941415, 0.7967053, 0.7991183, 0.8011511, 0.8029539, 0.804987, 0.8068733, 0.80848, 0.8101951, 0.8115347, 0.81304437, 0.8144005, 0.81551355, 0.81672376, 0.81781757, 0.8187618, 0.8196619, 0.8204783, 0.8213004, 0.82212466, 0.8229122, 0.82362956, 0.82441884, 0.82510746, 0.8257368, 0.8263715, 0.82703793, 0.8275946, 0.82813066, 0.82862264, 0.8291224, 0.8296288, 0.83009416, 0.83061045, 0.8310863, 0.83152467, 0.83196837, 0.8323973, 0.832793, 0.83319443, 0.83356494, 0.8339415, 0.83424073, 0.8345959, 0.8349406, 0.8352898, 0.83558446, 0.83588517, 0.83616436, 0.83643603], "std": [0.35409176, 0.34900662, 0.3605624, 0.3578652, 0.28492227, 0.31471747, 0.002856102, 0.15545045, 0.0032721632, 0.0031124386, 0.003379192, 0.003606075, 0.005486597, 0.004937299, 0.004062417, 0.004612744, 0.00622903, 0.0070016016, 0.007625626, 0.002570245, 0.002639782, 0.0013154668, 0.0012936977, 0.0013349409, 5.9604645e-08, 0.0013881488, 5.9604645e-08, 1.7881393e-07, 2.3841858e-07, 1.1920929e-07, 1.1920929e-07, 0.0, 1.1920929e-07, 0.0, 1.7881393e-07, 0.0, 1.7881393e-07, 1.1920929e-07, 5.9604645e-08, 5.9604645e-08, 0.0, 2.3841858e-07, 5.9604645e-08, 5.9604645e-08, 2.3841858e-07, 0.0, 2.3841858e-07, 1.1920929e-07, 5.9604645e-08, 1.1920929e-07, 5.9604645e-08, 0.0, 1.7881393e-07, 0.0, 2.3841858e-07, 5.9604645e-08, 5.9604645e-08, 1.1920929e-07, 1.1920929e-07, 0.0, 5.9604645e-08, 1.1920929e-07, 1.1920929e-07, 5.9604645e-08, 1.7881393e-07, 1.7881393e-07, 0.0, 0.0, 1.1920929e-07, 1.1920929e-07, 2.3841858e-07, 2.3841858e-07, 5.9604645e-08, 5.9604645e-08, 5.9604645e-08], "var": [1.0, 1.0, 1.0, 1.0, 1.0, 1.0, 1.0, 1.0, 1.0, 0.96, 0.96, 0.88, 0.84, 0.88, 0.76, 0.64, 0.52, 0.4, 0.28, 0.24, 0.16, 0.12, 0.08, 0.08, 0.08, 0.04, 0.04, 0.04, 0.04, 0.04, 0.04, 0.04, 0.04, 0.04, 0.04, 0.04, 0.04, 0.04, 0.04, 0.04, 0.04, 0.04, 0.04, 0.04, 0.04, 0.04, 0.04, 0.04, 0.04, 0.04, 0.04, 0.04, 0.04, 0.04, 0.04, 0.04, 0.04, 0.04, 0.04, 0.04, 0.04, 0.04, 0.04, 0.04, 0.04, 0.04, 0.04, 0.04, 0.04, 0.04, 0.04, 0.04, 0.04, 0.04, 0.04], "best": [0.71428573, 0.72484475, 0.72789115, 0.7272321, 0.7306368, 0.73282963, 0.7339862, 0.7341872, 0.7379518, 0.7405775, 0.74423075, 0.7477444, 0.75132483, 0.7549573, 0.75949115, 0.7629766, 0.7666811, 0.7701669, 0.7735464, 0.7767263, 0.7801529, 0.78336096, 0.78634924, 0.7892705, 0.7919534, 0.7946324, 0.79670537, 0.79911846, 0.80115086, 0.802954, 0.80498713, 0.8068733, 0.80848014, 0.8101951, 0.8115345, 0.81304437, 0.8144003, 0.81551343, 0.8167238, 0.8178176, 0.8187618, 0.8196617, 0.8204784, 0.82130045, 0.8221249, 0.8229122, 0.8236298, 0.8244187, 0.8251074, 0.8257367, 0.82637155, 0.82703793, 0.8275944, 0.82813066, 0.8286224, 0.82912236, 0.82962877, 0.8300943, 0.8306106, 0.8310863, 0.8315247, 0.8319685, 0.83239716, 0.83279294, 0.83319426, 0.8335651, 0.8339415, 0.83424073, 0.83459604, 0.8349405, 0.83528954, 0.8355842, 0.8358852, 0.8361643, 0.836436], "duration": [3621, 3102, 3285, 2854, 4714, 3113, 3509, 3104, 4605, 3280, 3574, 3079, 3272, 3838, 3660, 3067, 4075, 3858, 4456, 2870, 3320, 3152, 3392, 3394, 3352, 4219, 3890, 3385, 3353, 5259, 3120, 3836, 3294, 3333, 3590, 4073, 3222, 4283, 3585, 3321, 3302, 3158, 4072, 4221, 2872, 3667, 4549, 3365, 4223, 3358, 3878, 4957, 3821, 3181, 3984, 3734, 3311, 3675, 3421, 3889, 3318, 3677, 3889, 3262, 2883, 3351, 2826, 4444, 3637, 3617, 3832, 3307, 3378, 3842, 3052]}