{"avg": [0.2188889, 0.2546667, 0.2548148, 0.25605822, 0.27215022, 0.23544833, 0.26956657, 0.27436832, 0.2687544, 0.2655144, 0.28019258, 0.28877348, 0.27473253, 0.2846485, 0.29113156, 0.29606122, 0.29058048, 0.2994188, 0.31264773, 0.27759778, 0.31032178, 0.29509068, 0.29389718, 0.30190334, 0.29451668, 0.32534367, 0.31602126, 0.32781664, 0.31665063, 0.31342947, 0.31800902, 0.33114085, 0.34294435, 0.31444874, 0.33538082, 0.3295407, 0.34028205, 0.3458462, 0.3304369, 0.34167123, 0.31324813, 0.36154065, 0.32135388, 0.33670068, 0.35195363, 0.34252942, 0.36104584, 0.3526569, 0.3570333, 0.3466339], "std": [0.07205965, 0.06573823, 0.05266037, 0.062802576, 0.054866515, 0.07156311, 0.05332495, 0.048497394, 0.041791495, 0.04255585, 0.045493893, 0.037918266, 0.072729886, 0.062251654, 0.05690294, 0.048969112, 0.065036945, 0.038128834, 0.041861705, 0.068982795, 0.037529472, 0.05755951, 0.054427195, 0.049192004, 0.060422637, 0.03903444, 0.05885729, 0.040869165, 0.054367777, 0.06357003, 0.055589776, 0.04613192, 0.052147083, 0.06541903, 0.054559447, 0.058870904, 0.044896625, 0.04875397, 0.04985727, 0.055697944, 0.06508483, 0.044032104, 0.0632656, 0.04852284, 0.044962395, 0.05831558, 0.052517436, 0.04758555, 0.057177562, 0.05968955], "var": [0.98, 0.98, 0.98, 0.94, 0.94, 0.94, 0.94, 0.94, 0.92, 0.9, 0.92, 0.9, 0.9, 0.86, 0.86, 0.86, 0.86, 0.82, 0.8, 0.78, 0.78, 0.76, 0.76, 0.78, 0.78, 0.74, 0.72, 0.68, 0.68, 0.68, 0.68, 0.66, 0.64, 0.68, 0.66, 0.66, 0.64, 0.64, 0.62, 0.64, 0.62, 0.6, 0.62, 0.58, 0.58, 0.56, 0.58, 0.56, 0.56, 0.54], "best": [0.33888888, 0.3677778, 0.30222222, 0.31407407, 0.3603578, 0.3612573, 0.3656288, 0.36194184, 0.36265936, 0.3364198, 0.33777776, 0.3659596, 0.34937927, 0.36150792, 0.3679568, 0.3627193, 0.36433104, 0.36542735, 0.368101, 0.36798397, 0.36861566, 0.3734722, 0.3746877, 0.3725039, 0.37383947, 0.3754009, 0.37684265, 0.37810925, 0.38022837, 0.38254145, 0.3837607, 0.38552782, 0.385743, 0.38853288, 0.3868134, 0.3896534, 0.39226964, 0.38949546, 0.39074072, 0.393639, 0.3965915, 0.3969213, 0.3989195, 0.3930805, 0.3941853, 0.39573202, 0.40181077, 0.4242096, 0.4249816, 0.40473518], "duration": [42888, 39648, 38328, 37648, 50326, 39938, 39038, 39339, 39098, 42966, 44038, 39596, 45157, 39965, 45851, 39292, 39215, 45657, 39448, 39630, 46632, 50143, 39139, 39428, 39258, 39543, 46568, 39575, 50366, 51796, 40291, 39480, 39355, 39140, 39134, 39585, 39638, 39730, 39644, 39643, 38831, 39652, 39050, 46206, 39345, 58965, 52327, 44524, 44222, 39612]}