{"avg": [0.43333334, 0.43333334, 0.42333335, 0.435, 0.425, 0.43666667, 0.43, 0.41166666, 0.42333335, 0.42833334, 0.42333335, 0.43166667, 0.43, 0.425, 0.43333334, 0.43, 0.42166665, 0.425, 0.43166667, 0.42833334, 0.43166667, 0.43, 0.425, 0.43166667, 0.42833334], "std": [0.20949683, 0.20344265, 0.2080599, 0.21297492, 0.2015564, 0.21445021, 0.20840664, 0.20440291, 0.20604753, 0.20481013, 0.20805989, 0.20185944, 0.20639765, 0.20766555, 0.21538088, 0.20840664, 0.20643131, 0.2136, 0.21192905, 0.21858752, 0.20594639, 0.21625601, 0.21164036, 0.21388607, 0.20883928], "var": [0.99333334, 0.9866667, 0.9866667, 0.98, 0.98, 0.97333336, 0.97333336, 0.98, 0.97333336, 0.97333336, 0.97333336, 0.97333336, 0.96, 0.94666666, 0.9533333, 0.94666666, 0.94, 0.9266667, 0.92, 0.91333336, 0.9, 0.88666666, 0.88, 0.8666667, 0.86], "best": [1.0, 1.0, 1.0, 1.0, 1.0, 1.0, 1.0, 1.0, 1.0, 1.0, 1.0, 1.0, 1.0, 1.0, 1.0, 1.0, 1.0, 1.0, 1.0, 1.0, 1.0, 1.0, 1.0, 1.0, 1.0], "duration": [28693, 29943, 29963, 28685, 27734, 27596, 28824, 30369, 28669, 29214, 28934, 27089, 26276, 24403, 25938, 26365, 24350, 24635, 26023, 26011, 26340, 25968, 26114, 26180, 26370]}