{"avg": [0.26031747, 0.2896931, 0.2894392, 0.27927342, 0.29510206, 0.2725179, 0.3229726, 0.29735553, 0.29726657, 0.27341688, 0.28834346, 0.2825481, 0.29618686, 0.29938835, 0.34140298, 0.33021593, 0.31431878, 0.31966096, 0.30600184, 0.32164052, 0.3192786, 0.32348683, 0.31038725, 0.3193781, 0.31597647, 0.34639925, 0.30631584, 0.30795836, 0.31549773, 0.31474832, 0.3164253, 0.32194152, 0.3142969, 0.3175905, 0.3453019, 0.34448338, 0.33134842, 0.31276268, 0.3229825, 0.33371258, 0.33699167, 0.33671576, 0.3483989, 0.3347104, 0.32804313, 0.3379225, 0.35701713, 0.35932776, 0.3458602, 0.33535862], "std": [0.08539034, 0.07409099, 0.06523176, 0.06181695, 0.03474108, 0.07740605, 0.04926147, 0.03893084, 0.04227617, 0.06968984, 0.061919793, 0.03181732, 0.045013838, 0.05788971, 0.056802906, 0.03564148, 0.036324907, 0.041599568, 0.049213015, 0.04126858, 0.060137674, 0.05697113, 0.051410068, 0.055046003, 0.040601384, 0.052243665, 0.08643109, 0.078089155, 0.056060556, 0.051699, 0.09085575, 0.051483132, 0.05298996, 0.050717056, 0.05804971, 0.052248076, 0.05654206, 0.052652385, 0.07836493, 0.055463605, 0.05764865, 0.061651383, 0.060504995, 0.057145733, 0.051179774, 0.057321496, 0.048160907, 0.057284772, 0.059920944, 0.06316976], "var": [0.98, 0.96, 0.96, 0.94, 0.92, 0.92, 0.9, 0.88, 0.9, 0.88, 0.88, 0.88, 0.84, 0.82, 0.82, 0.82, 0.8, 0.78, 0.78, 0.78, 0.76, 0.74, 0.74, 0.72, 0.72, 0.72, 0.7, 0.72, 0.7, 0.7, 0.72, 0.72, 0.7, 0.68, 0.66, 0.68, 0.68, 0.68, 0.64, 0.62, 0.58, 0.54, 0.5, 0.5, 0.5, 0.5, 0.52, 0.5, 0.5, 0.48], "best": [0.4333333, 0.46222222, 0.36396822, 0.35767195, 0.3570635, 0.45225224, 0.45492423, 0.36162734, 0.3631961, 0.35914788, 0.36357784, 0.31766608, 0.36331168, 0.3864373, 0.45323622, 0.38940093, 0.3643671, 0.39142856, 0.39306378, 0.39365077, 0.3950489, 0.39755186, 0.4521084, 0.39736518, 0.36755535, 0.45258465, 0.453042, 0.40072897, 0.40086374, 0.40162733, 0.40226007, 0.40304518, 0.37125218, 0.40316188, 0.4032085, 0.4515723, 0.40567935, 0.40677848, 0.4071264, 0.40862095, 0.4091121, 0.4110582, 0.41242233, 0.41457474, 0.41541076, 0.44983113, 0.45014164, 0.41647485, 0.4184767, 0.42010233], "duration": [42980, 39863, 39070, 43711, 38704, 38329, 40287, 38155, 38309, 39528, 39013, 39826, 38841, 39297, 40120, 39811, 39269, 39722, 38265, 45523, 45906, 39228, 38716, 38953, 38684, 38847, 39371, 39142, 45321, 39519, 39433, 46211, 39372, 38818, 39922, 39744, 39125, 39193, 46031, 39635, 39116, 40026, 39761, 39879, 39219, 39751, 39542, 40090, 46121, 39618]}