{"avg": [0.25777778, 0.2896931, 0.304254, 0.28780952, 0.29148677, 0.2772106, 0.29663643, 0.303941, 0.31810048, 0.29388225, 0.30025858, 0.30654237, 0.3062323, 0.30650726, 0.35795498, 0.3077003, 0.3264202, 0.31182134, 0.33891943, 0.3443988, 0.3298324, 0.3236099, 0.3439309, 0.3468594, 0.34087068, 0.35093284, 0.3561767, 0.33861753, 0.35535535, 0.32829657, 0.32667592, 0.33671445, 0.35039306, 0.34643543, 0.34051535, 0.36950853, 0.3675972, 0.35765442, 0.3383979, 0.34398118, 0.36316848, 0.37501267, 0.37425095, 0.3857296, 0.36334246, 0.3757789, 0.36663768, 0.39732885, 0.37580302, 0.3856232], "std": [0.08726752, 0.07409099, 0.037216675, 0.06918184, 0.065005034, 0.05825715, 0.043845806, 0.06565689, 0.05386324, 0.08283727, 0.055531986, 0.05658918, 0.047994856, 0.050279345, 0.03912481, 0.045581765, 0.050194073, 0.08563305, 0.059768945, 0.045836844, 0.04032343, 0.052510362, 0.05317411, 0.054960474, 0.06457916, 0.0639906, 0.050211098, 0.061474133, 0.046124246, 0.05010554, 0.05214719, 0.05105283, 0.048217665, 0.05491779, 0.04619995, 0.054381315, 0.04849604, 0.06477443, 0.06194717, 0.069573715, 0.057232495, 0.04680493, 0.046579856, 0.06662399, 0.07866862, 0.06958662, 0.0733129, 0.028599557, 0.07375155, 0.058326993], "var": [1.0, 1.0, 0.98, 0.94, 0.92, 0.92, 0.9, 0.9, 0.88, 0.88, 0.86, 0.82, 0.84, 0.84, 0.84, 0.82, 0.8, 0.78, 0.78, 0.78, 0.78, 0.78, 0.8, 0.8, 0.82, 0.8, 0.8, 0.8, 0.8, 0.8, 0.8, 0.78, 0.8, 0.78, 0.78, 0.78, 0.78, 0.74, 0.76, 0.76, 0.74, 0.72, 0.76, 0.76, 0.76, 0.76, 0.74, 0.78, 0.78, 0.78], "best": [0.4333333, 0.46222222, 0.36396822, 0.36582008, 0.36785713, 0.3869841, 0.35148147, 0.44999996, 0.45197737, 0.45358023, 0.3640492, 0.36006883, 0.3642199, 0.387509, 0.45255813, 0.39081183, 0.45242047, 0.453048, 0.45470083, 0.4434174, 0.39350507, 0.3885093, 0.4553571, 0.45637393, 0.46022713, 0.46144593, 0.45878938, 0.44789246, 0.40863994, 0.42535043, 0.39890507, 0.4100752, 0.4247619, 0.42548743, 0.4116726, 0.45749688, 0.45864975, 0.46545318, 0.44950756, 0.4600111, 0.46028137, 0.46461293, 0.4652799, 0.46239245, 0.46180657, 0.46714768, 0.4636662, 0.43568802, 0.46675655, 0.47397915], "duration": [43161, 39915, 39522, 43115, 38964, 49390, 39169, 39361, 43398, 43044, 39737, 38733, 43889, 52749, 39820, 39870, 38201, 39561, 39618, 40012, 45692, 39657, 39442, 39403, 39155, 39977, 39550, 39038, 40201, 44876, 38281, 39474, 39858, 39321, 38899, 39963, 39851, 39717, 39930, 39729, 39636, 40167, 39879, 40292, 39634, 40068, 40462, 40262, 46992, 40243]}