{"avg": [0.19787045, 0.27345386, 0.32169867, 0.34972575, 0.38671342, 0.44305506, 0.44317937, 0.46303207, 0.5096099, 0.52449197, 0.55021477, 0.5512103, 0.5684048, 0.63122445, 0.6567844, 0.6529876, 0.6615947, 0.67180526, 0.675738, 0.66217524, 0.67069113, 0.68369687, 0.6932503, 0.6832216, 0.69270617, 0.68439573, 0.67045, 0.7051046, 0.69368917, 0.70242465, 0.71002626, 0.70642495, 0.70160955, 0.702724, 0.71181583, 0.7192806, 0.7100468, 0.7174866, 0.72474974, 0.72015357, 0.71487546, 0.7231029, 0.73055464, 0.71905684, 0.733093, 0.7284172, 0.7295769, 0.7365162, 0.7375276, 0.73859304, 0.7273675, 0.74050146, 0.7356517, 0.7370179, 0.7303558, 0.7286578, 0.73259264, 0.7288403, 0.73862845, 0.7345602, 0.7409956, 0.74802476, 0.74229354, 0.7439602, 0.74347895, 0.73877335, 0.75098413, 0.75146604, 0.74610406, 0.7524385, 0.752927, 0.7411121, 0.74796665, 0.7484166, 0.7485622], "std": [0.13134944, 0.14145231, 0.1484104, 0.1376838, 0.14186488, 0.10732982, 0.114759795, 0.10139639, 0.10399138, 0.11460624, 0.09889016, 0.105992265, 0.09747273, 0.0784749, 0.043639105, 0.05372848, 0.044166174, 0.027684797, 0.024083547, 0.0529312, 0.048917882, 0.026821734, 0.0015814006, 0.03717888, 0.026946884, 0.041203514, 0.053878814, 0.0010803001, 0.03757887, 0.02654311, 0.0030248316, 0.025994023, 0.036706686, 0.037667297, 0.025493953, 0.0010716522, 0.035086766, 0.025456658, 0.0006545258, 0.0266455, 0.037531245, 0.02668713, 0.0, 0.03757866, 1.7881393e-07, 0.026076593, 0.026076598, 1.1920929e-07, 1.1920929e-07, 5.9604645e-08, 0.036734696, 0.0, 0.026076594, 0.024971163, 0.03757864, 0.0404962, 0.036734693, 0.042021364, 0.02964019, 0.03673471, 0.027342476, 5.9604645e-08, 0.027342474, 0.024971172, 0.027342476, 0.035944108, 0.0, 1.1920929e-07, 0.026076589, 5.9604645e-08, 1.1920929e-07, 0.036734696, 0.026076594, 0.026076594, 0.026687155], "var": [1.0, 1.0, 1.0, 1.0, 1.0, 1.0, 1.0, 1.0, 1.0, 1.0, 1.0, 1.0, 1.0, 1.0, 1.0, 0.96, 0.88, 0.84, 0.84, 0.84, 0.88, 0.72, 0.76, 0.68, 0.6, 0.52, 0.68, 0.64, 0.64, 0.56, 0.44, 0.44, 0.4, 0.28, 0.2, 0.16, 0.12, 0.12, 0.12, 0.08, 0.04, 0.04, 0.04, 0.04, 0.04, 0.04, 0.04, 0.04, 0.04, 0.04, 0.04, 0.04, 0.04, 0.04, 0.04, 0.04, 0.04, 0.04, 0.04, 0.04, 0.04, 0.04, 0.04, 0.04, 0.04, 0.04, 0.04, 0.04, 0.04, 0.04, 0.04, 0.04, 0.04, 0.04, 0.04], "best": [0.4642857, 0.48952976, 0.49454203, 0.4963329, 0.65323126, 0.660582, 0.664117, 0.6655976, 0.66749364, 0.668921, 0.67129123, 0.67350537, 0.675188, 0.6764421, 0.67764413, 0.67995316, 0.6819135, 0.68402636, 0.68540114, 0.6881075, 0.6911415, 0.69330883, 0.6950144, 0.69752216, 0.700264, 0.70261014, 0.7036532, 0.7063724, 0.7082892, 0.7100439, 0.7117397, 0.71328, 0.71503764, 0.71670955, 0.71820647, 0.7199636, 0.7215563, 0.72330725, 0.72501385, 0.7264945, 0.72791964, 0.7292255, 0.73055464, 0.7319463, 0.73309284, 0.7342481, 0.7354077, 0.7365163, 0.7375275, 0.738593, 0.7396123, 0.74050146, 0.74148244, 0.7423417, 0.7432453, 0.74396384, 0.74483746, 0.74553806, 0.74628145, 0.746805, 0.7474402, 0.7480248, 0.74873817, 0.7492841, 0.74992365, 0.75043535, 0.75098413, 0.75146616, 0.75193495, 0.7524384, 0.7529271, 0.753357, 0.75379753, 0.75424737, 0.75468475], "duration": [16513, 14200, 16414, 12223, 12734, 14368, 15033, 11347, 15166, 14974, 12872, 11473, 15286, 17241, 20696, 15773, 23178, 15989, 19571, 19415, 16783, 16515, 17195, 15361, 19156, 18007, 23219, 15512, 16450, 17739, 15913, 22533, 14244, 15361, 18911, 14521, 15722, 19456, 15599, 14555, 14552, 20727, 16418, 14162, 15995, 21633, 18744, 20524, 20314, 15784, 15833, 17157, 17013, 25700, 14147, 21607, 20164, 15976, 18282, 17049, 17897, 17731, 15288, 15392, 17312, 19543, 16578, 15384, 20630, 18752, 18333, 15902, 14061, 15050, 13727]}