{"avg": [0.25421247, 0.29413924, 0.3004329, 0.31185186, 0.31922802, 0.29725555, 0.2928842, 0.29972294, 0.31043494, 0.3069175, 0.30738536, 0.30788395, 0.32602435, 0.30586675, 0.27067566, 0.28175104, 0.3323182, 0.3309024, 0.30532736, 0.28561553, 0.32524323, 0.33538783, 0.3310855, 0.31929904, 0.34475854, 0.27965793, 0.32831764, 0.31447044, 0.321168, 0.32440916, 0.32584095, 0.32591492, 0.30059925, 0.349409, 0.30569613, 0.34358412, 0.3482472, 0.35006744, 0.34116313, 0.3411543, 0.3540592, 0.34265876, 0.3574796, 0.33774254, 0.3471478, 0.3622758, 0.35167933, 0.3693799, 0.31593186, 0.35904258], "std": [0.088606834, 0.034050353, 0.08314884, 0.023556802, 0.074950464, 0.047809016, 0.065201774, 0.06676482, 0.049731284, 0.063596256, 0.058764104, 0.039110046, 0.057322834, 0.08662699, 0.06966819, 0.05474692, 0.062762514, 0.058399238, 0.07190729, 0.047303174, 0.04181167, 0.03577733, 0.03830969, 0.06894534, 0.049770746, 0.06691941, 0.044550702, 0.05133074, 0.04434177, 0.04635648, 0.040074244, 0.033963308, 0.050443675, 0.059567865, 0.09145241, 0.05354128, 0.037406683, 0.039427094, 0.06855106, 0.051608063, 0.050989274, 0.062280934, 0.06262624, 0.061471146, 0.060413696, 0.063124485, 0.043743722, 0.059990298, 0.034491874, 0.0603178], "var": [1.0, 0.98, 0.98, 0.96, 0.96, 0.94, 0.92, 0.92, 0.92, 0.92, 0.9, 0.88, 0.86, 0.86, 0.86, 0.88, 0.88, 0.88, 0.86, 0.86, 0.86, 0.84, 0.84, 0.84, 0.84, 0.84, 0.84, 0.84, 0.84, 0.82, 0.82, 0.82, 0.82, 0.8, 0.78, 0.76, 0.76, 0.76, 0.78, 0.76, 0.76, 0.76, 0.74, 0.74, 0.76, 0.74, 0.74, 0.74, 0.72, 0.72], "best": [0.4333333, 0.33882785, 0.4611111, 0.3466667, 0.4598485, 0.3564241, 0.34888396, 0.4564444, 0.38693246, 0.45532644, 0.39118168, 0.3508878, 0.45374677, 0.4561151, 0.3462315, 0.36340222, 0.45497075, 0.45586076, 0.39059958, 0.3718002, 0.39155146, 0.39282596, 0.39374375, 0.454, 0.4553846, 0.35872427, 0.40344945, 0.39606133, 0.37213346, 0.39640212, 0.39721859, 0.37392965, 0.36075202, 0.45430708, 0.4555858, 0.45641026, 0.4043548, 0.4569514, 0.45737568, 0.45882818, 0.45925924, 0.4596096, 0.46059942, 0.4618946, 0.46249998, 0.4630612, 0.42657542, 0.46510413, 0.38205406, 0.46566603], "duration": [36515, 25794, 26581, 26280, 26627, 26132, 26537, 31052, 30760, 26451, 25982, 25912, 26484, 26194, 24991, 25418, 26275, 26067, 26015, 25583, 26110, 32612, 26102, 32099, 32977, 25629, 26426, 25656, 25978, 32865, 25118, 26136, 25407, 26538, 25197, 25864, 26360, 26087, 26240, 26209, 26644, 26352, 26535, 26383, 26207, 26553, 26085, 26692, 25155, 26384]}