{"avg": [0.27555555, 0.2773122, 0.27748147, 0.26993197, 0.31524852, 0.2795869, 0.27863157, 0.30765593, 0.2808469, 0.30763054, 0.29997715, 0.29213434, 0.32100993, 0.29270712, 0.32700807, 0.27674147, 0.33651644, 0.31424612, 0.33213878, 0.31398475, 0.31683064, 0.32551336, 0.32374376, 0.30301598, 0.35325092, 0.31430689, 0.32633856, 0.3505333, 0.30285713, 0.34568217, 0.32512048, 0.31403673, 0.3125305, 0.33722666, 0.3318247, 0.3242562, 0.3235967, 0.3329625, 0.35309452, 0.32814726, 0.3558433, 0.3512099, 0.3264087, 0.36222076, 0.34683874, 0.3555812, 0.36566538, 0.37378135, 0.36964688, 0.3589554], "std": [0.049330104, 0.062245633, 0.06804791, 0.07229895, 0.03914026, 0.04501721, 0.06982498, 0.05631717, 0.08099546, 0.07384334, 0.07527769, 0.0643025, 0.040823855, 0.07430411, 0.046054855, 0.06642517, 0.05017967, 0.041878525, 0.03985566, 0.050872296, 0.07550585, 0.070616454, 0.070281014, 0.061717995, 0.047313854, 0.0921893, 0.06318232, 0.05675741, 0.06862804, 0.054464858, 0.05086803, 0.061230913, 0.059706338, 0.070771754, 0.05486777, 0.08791957, 0.07876081, 0.08873114, 0.07403913, 0.08067289, 0.05488156, 0.061634187, 0.08751122, 0.08048495, 0.07259157, 0.053209264, 0.07758234, 0.0625706, 0.064488515, 0.08280935], "var": [0.98, 0.98, 0.98, 0.94, 0.92, 0.9, 0.88, 0.9, 0.9, 0.88, 0.88, 0.88, 0.86, 0.84, 0.84, 0.82, 0.84, 0.82, 0.82, 0.82, 0.8, 0.8, 0.8, 0.78, 0.78, 0.8, 0.82, 0.82, 0.82, 0.82, 0.82, 0.82, 0.82, 0.8, 0.78, 0.76, 0.76, 0.74, 0.7, 0.7, 0.68, 0.68, 0.66, 0.66, 0.66, 0.64, 0.66, 0.66, 0.66, 0.64], "best": [0.34285712, 0.3784127, 0.385873, 0.36137566, 0.3645682, 0.34181345, 0.44583333, 0.36397126, 0.36899045, 0.44806764, 0.44967318, 0.35813496, 0.39835167, 0.38639453, 0.45148668, 0.3599958, 0.45247933, 0.37348774, 0.38711485, 0.37699783, 0.40288222, 0.40379766, 0.4555224, 0.40697327, 0.45705128, 0.4578947, 0.4596801, 0.46092233, 0.3868433, 0.46152684, 0.41268107, 0.41245344, 0.38643634, 0.41382277, 0.4131939, 0.463227, 0.46410725, 0.4651327, 0.46586344, 0.4667225, 0.4139057, 0.4171958, 0.46723512, 0.46792737, 0.42959437, 0.43092835, 0.4701977, 0.4714615, 0.47268203, 0.47361663], "duration": [37997, 43353, 39183, 39320, 38941, 38469, 49434, 51213, 38813, 38903, 39495, 38075, 39124, 39617, 45248, 38440, 46561, 38992, 38922, 38818, 52382, 39732, 39860, 39242, 39217, 39705, 39712, 39991, 39770, 39525, 46418, 39441, 38636, 39294, 38818, 39334, 46794, 39405, 46927, 39361, 39738, 39699, 39580, 40198, 40026, 39841, 40013, 39838, 40163, 40417]}