{"avg": [0.06349207, 0.19695769, 0.0, 0.26291886, 0.19580026, 0.26063493, 0.07896826, 0.0, 0.09772036, 0.0784127, 0.06537699, 0.26122633, 0.06537115, 0.1964822, 0.13087302, 0.0, 0.06572636, 0.0, 0.1967262, 0.1307215, 0.13095923, 0.13030834, 0.07853423, 0.19532163, 0.2612824, 0.26071158, 0.078927785, 0.19571126, 0.06530962, 0.1301918, 0.06534392, 0.1571217, 0.06550408, 0.0, 0.15656462, 0.06553739, 0.19678324, 0.23489383, 0.06540338, 0.32688493, 0.19641824, 0.065092824, 0.06537453, 0.13094918, 0.2608799, 0.15694506, 0.13077869, 0.07889651, 0.13050668, 0.098163635], "std": [0.14197257, 0.19701861, 0.0, 0.18592519, 0.19580081, 0.18430454, 0.15793651, 0.0, 0.16925663, 0.1568254, 0.1461874, 0.18471995, 0.14617434, 0.19648501, 0.18508303, 0.0, 0.14696862, 0.0, 0.19672889, 0.18487814, 0.18520477, 0.18428467, 0.15706846, 0.19532478, 0.1847646, 0.18435393, 0.15785557, 0.19571416, 0.14603676, 0.18412101, 0.14611344, 0.19243433, 0.14647157, 0.0, 0.19175181, 0.14654607, 0.19678482, 0.19179167, 0.14624642, 0.14618988, 0.19641845, 0.14555196, 0.1461819, 0.18519011, 0.18447094, 0.19221793, 0.18495388, 0.15779302, 0.1845671, 0.1700244], "var": [1.0, 1.0, 1.0, 1.0, 1.0, 1.0, 1.0, 1.0, 1.0, 1.0, 1.0, 1.0, 1.0, 1.0, 1.0, 1.0, 1.0, 1.0, 1.0, 1.0, 1.0, 1.0, 1.0, 1.0, 1.0, 1.0, 1.0, 1.0, 1.0, 1.0, 1.0, 1.0, 1.0, 1.0, 1.0, 1.0, 1.0, 1.0, 1.0, 1.0, 1.0, 1.0, 1.0, 1.0, 1.0, 1.0, 1.0, 1.0, 1.0, 1.0], "best": [0.3809524, 0.40317464, 0.0, 0.39761904, 0.3920635, 0.39317462, 0.39484128, 0.0, 0.39088145, 0.3920635, 0.39226195, 0.39331797, 0.3922269, 0.3949164, 0.3934524, 0.0, 0.3943582, 0.0, 0.3953755, 0.39549783, 0.39359608, 0.39188135, 0.39267114, 0.39273188, 0.39510107, 0.39267656, 0.39463893, 0.39355922, 0.39185774, 0.3920635, 0.3920635, 0.3933598, 0.39302447, 0.0, 0.39166668, 0.39322436, 0.3951231, 0.392846, 0.3924203, 0.39315477, 0.39341617, 0.39055693, 0.39224717, 0.39291477, 0.39236972, 0.39287546, 0.3946631, 0.39448252, 0.39327124, 0.39265454], "duration": [368, 350, 346, 350, 349, 349, 331, 345, 349, 361, 344, 379, 346, 351, 340, 351, 348, 333, 340, 364, 359, 357, 331, 329, 331, 356, 338, 348, 330, 327, 344, 380, 346, 350, 354, 350, 355, 353, 347, 364, 340, 336, 361, 346, 331, 330, 333, 352, 345, 344]}