{"avg": [0.2742857, 0.26924604, 0.30729645, 0.27398533, 0.2721261, 0.30010962, 0.29252848, 0.3014978, 0.30038834, 0.30088288, 0.2966879, 0.27552652, 0.30110207, 0.2864491, 0.2826234, 0.2910308, 0.29634967, 0.3009314, 0.26680413, 0.31164488, 0.29576588, 0.29436487, 0.30066693, 0.31198058, 0.3224164, 0.2960279, 0.32101876, 0.2963351, 0.31675568, 0.30014005, 0.31337067, 0.32342258, 0.34382963, 0.35442868, 0.32987398, 0.34255692, 0.32988158, 0.33975852, 0.30823287, 0.33362257, 0.3371482, 0.3336243, 0.33984163, 0.3492053, 0.33844692, 0.3441533, 0.35204947, 0.35055065, 0.3698575, 0.36178792], "std": [0.054399766, 0.0422869, 0.05915227, 0.03718574, 0.066895545, 0.07617298, 0.07159475, 0.039379437, 0.0632255, 0.06842938, 0.043015707, 0.039233696, 0.044743218, 0.052415773, 0.08254431, 0.023780381, 0.047944695, 0.066034056, 0.078093864, 0.037892886, 0.06792043, 0.059633605, 0.05363668, 0.058258716, 0.06348257, 0.05460248, 0.052342728, 0.05343616, 0.06575508, 0.06364376, 0.052765485, 0.03844715, 0.046241093, 0.052910622, 0.0631905, 0.06236436, 0.056761418, 0.053558692, 0.058473755, 0.047433533, 0.06416985, 0.06789683, 0.05227029, 0.066316955, 0.064501, 0.05775689, 0.0686973, 0.075491615, 0.048252232, 0.07810804], "var": [1.0, 0.9866667, 0.97333336, 0.96, 0.94666666, 0.93333334, 0.92, 0.92, 0.93333334, 0.93333334, 0.93333334, 0.92, 0.92, 0.9066667, 0.92, 0.92, 0.9066667, 0.8933333, 0.88, 0.8666667, 0.88, 0.88, 0.88, 0.8666667, 0.85333335, 0.82666665, 0.8, 0.7866667, 0.7733333, 0.7866667, 0.7733333, 0.7733333, 0.76, 0.76, 0.7866667, 0.7866667, 0.8, 0.81333333, 0.81333333, 0.82666665, 0.82666665, 0.81333333, 0.8, 0.7866667, 0.8, 0.7866667, 0.7866667, 0.7733333, 0.76, 0.74666667], "best": [0.34761906, 0.3352381, 0.43870965, 0.31965554, 0.35907736, 0.44583333, 0.44747472, 0.3833944, 0.39935064, 0.40092683, 0.36378065, 0.35750914, 0.36411738, 0.3654485, 0.3642857, 0.32417288, 0.36453822, 0.44559523, 0.38669232, 0.36380342, 0.36216605, 0.37013113, 0.3633598, 0.4462621, 0.44670048, 0.3976598, 0.44800934, 0.36279693, 0.4483008, 0.38600317, 0.44868684, 0.3861421, 0.44895634, 0.4498465, 0.45116696, 0.45143023, 0.4530045, 0.45330033, 0.40713134, 0.45360503, 0.45397553, 0.45450923, 0.4551506, 0.45595065, 0.45671296, 0.4571687, 0.45792493, 0.45946527, 0.46050632, 0.46117306], "duration": [39907, 37356, 38972, 43397, 38706, 46540, 44837, 52626, 39318, 46883, 43753, 38634, 46005, 45602, 39124, 43053, 44021, 43842, 38924, 43957, 38740, 48223, 45812, 38365, 39706, 43749, 39226, 39737, 39938, 43487, 43605, 39905, 39978, 40159, 38193, 39386, 44164, 40155, 39263, 39575, 40430, 52751, 44595, 43845, 40226, 46720, 40581, 46436, 39626, 40076]}