{"avg": [0.26031747, 0.30812696, 0.2928345, 0.2901515, 0.27163842, 0.29180342, 0.29786047, 0.29932615, 0.294292, 0.32268694, 0.28972983, 0.30444252, 0.29881814, 0.30118212, 0.3008066, 0.28728953, 0.30188903, 0.30806014, 0.30715337, 0.30945235, 0.3423763, 0.31065136, 0.32944882, 0.31019726, 0.30921534, 0.29671225, 0.3214212, 0.32857716, 0.330422, 0.33601576, 0.30224553, 0.32538107, 0.3207969, 0.3073849, 0.31322333, 0.33598962, 0.30619276, 0.33749834, 0.3531358, 0.3258544, 0.30599865, 0.3331836, 0.34044027, 0.34706023, 0.34419212, 0.35064414, 0.34971, 0.33542648, 0.34840924, 0.35518155], "std": [0.08539034, 0.05777426, 0.04251061, 0.0607121, 0.061776083, 0.06460375, 0.04058111, 0.047718715, 0.043750796, 0.060633548, 0.040427152, 0.049626194, 0.04956135, 0.04489737, 0.04658013, 0.054045536, 0.053179964, 0.06742126, 0.057971604, 0.058624092, 0.058385994, 0.06499957, 0.037056364, 0.06050028, 0.05182229, 0.06265813, 0.040546004, 0.046330746, 0.04820255, 0.046456844, 0.078441605, 0.039242927, 0.052504733, 0.06876856, 0.05627607, 0.047637343, 0.059407685, 0.044567972, 0.05305106, 0.07778785, 0.073238626, 0.043769147, 0.059126295, 0.06025943, 0.05491452, 0.04849362, 0.08202154, 0.051122103, 0.057001382, 0.053278636], "var": [0.98, 0.98, 0.98, 0.98, 0.98, 0.96, 0.92, 0.9, 0.9, 0.92, 0.92, 0.92, 0.9, 0.88, 0.86, 0.84, 0.82, 0.82, 0.8, 0.78, 0.78, 0.76, 0.74, 0.74, 0.72, 0.72, 0.68, 0.68, 0.66, 0.64, 0.6, 0.6, 0.58, 0.56, 0.54, 0.54, 0.54, 0.52, 0.52, 0.52, 0.52, 0.54, 0.52, 0.5, 0.5, 0.5, 0.48, 0.46, 0.46, 0.46], "best": [0.4333333, 0.46222222, 0.34857145, 0.3587662, 0.34439063, 0.45090088, 0.35296297, 0.38683736, 0.35776225, 0.44844124, 0.3597431, 0.38937727, 0.36278465, 0.39119408, 0.39214507, 0.36109734, 0.39250293, 0.39460564, 0.4465686, 0.44750288, 0.4483333, 0.39908364, 0.39925638, 0.4485714, 0.4008242, 0.40093246, 0.40133667, 0.4013164, 0.4020613, 0.4488493, 0.40310606, 0.36600915, 0.40354732, 0.4041771, 0.4042559, 0.44811437, 0.4055302, 0.40545273, 0.44838348, 0.44866773, 0.44888887, 0.40816748, 0.4490936, 0.44980332, 0.4504803, 0.45131084, 0.45164832, 0.41005576, 0.45219874, 0.4523196], "duration": [43054, 39310, 38827, 47659, 38902, 38885, 39598, 39755, 39052, 39008, 42869, 39614, 38792, 39491, 39348, 37730, 39306, 38942, 39773, 39927, 39880, 39534, 45883, 38381, 45171, 39478, 45698, 39081, 39401, 39444, 38787, 38862, 46009, 38369, 52442, 38937, 38736, 52449, 39056, 39547, 38816, 38996, 45729, 46596, 45551, 39547, 39840, 39525, 39414, 39915]}