{"avg": [0.27333334, 0.30318516, 0.31157893, 0.30400065, 0.30765802, 0.31083214, 0.32338294, 0.33425277, 0.32396707, 0.32557145, 0.32469255, 0.33312285, 0.34524632, 0.33510244, 0.32955027, 0.3373346, 0.35343784, 0.33439395, 0.36587945, 0.3644141, 0.37120643, 0.37454417, 0.3698641, 0.3734451, 0.37135872, 0.39456153, 0.37114435, 0.38581324, 0.36535236, 0.38663453, 0.3860123, 0.40084782, 0.39139107, 0.37473315, 0.40608588, 0.3938921, 0.39377528, 0.42686117, 0.3863386, 0.42176735, 0.36708012, 0.42032623, 0.39247605, 0.4256792, 0.40022805, 0.43390626, 0.42087278, 0.41407064, 0.42560175, 0.4147222], "std": [0.090226054, 0.078303896, 0.05231647, 0.04416276, 0.07473447, 0.07890176, 0.06007945, 0.050195772, 0.085240014, 0.08350123, 0.081273146, 0.080871895, 0.061777484, 0.078927055, 0.08767785, 0.05851935, 0.06602559, 0.06466465, 0.0699444, 0.085975915, 0.076141916, 0.07264506, 0.069719575, 0.060469005, 0.08520301, 0.076226406, 0.06108427, 0.07456604, 0.06788525, 0.07059584, 0.07026835, 0.06406012, 0.066154346, 0.083250195, 0.06655393, 0.07056367, 0.07727982, 0.07369877, 0.0669274, 0.06948558, 0.07940517, 0.07703202, 0.07375657, 0.06976002, 0.058017313, 0.07361146, 0.07987752, 0.09813647, 0.06328153, 0.068572864], "var": [0.98, 0.98, 0.98, 0.96, 0.94, 0.94, 0.92, 0.92, 0.92, 0.9, 0.9, 0.88, 0.88, 0.84, 0.82, 0.8, 0.8, 0.78, 0.76, 0.76, 0.76, 0.74, 0.76, 0.72, 0.7, 0.68, 0.66, 0.64, 0.64, 0.62, 0.66, 0.66, 0.64, 0.64, 0.62, 0.6, 0.6, 0.62, 0.62, 0.62, 0.58, 0.54, 0.52, 0.54, 0.52, 0.54, 0.52, 0.54, 0.54, 0.54], "best": [0.45555553, 0.4844444, 0.38222227, 0.3760771, 0.47724864, 0.47831976, 0.41986534, 0.42259887, 0.47679007, 0.47888887, 0.49024388, 0.48041427, 0.48098508, 0.48135683, 0.48192587, 0.4838679, 0.48455814, 0.43173432, 0.4848096, 0.4874681, 0.49012724, 0.4923202, 0.49427417, 0.49462363, 0.4945444, 0.49543944, 0.4493238, 0.49584603, 0.49655846, 0.49638352, 0.49651185, 0.4973226, 0.4985788, 0.49981165, 0.5009157, 0.50217474, 0.5027297, 0.5037598, 0.47821352, 0.5061119, 0.4670284, 0.50709826, 0.5086928, 0.508697, 0.51015645, 0.51038975, 0.5118929, 0.51334804, 0.5148629, 0.51525825], "duration": [43091, 39954, 53069, 42945, 50017, 47899, 45919, 39273, 38463, 39752, 39205, 39239, 39762, 38806, 46162, 39576, 45094, 45494, 46129, 45917, 52794, 46459, 39159, 39975, 40198, 39740, 45735, 45988, 39208, 40067, 46158, 46172, 39790, 38415, 39923, 40261, 39674, 46652, 39727, 40044, 45995, 53088, 39260, 40242, 39924, 46224, 39918, 39989, 39887, 40154]}