{"avg": [0.2663248, 0.29335615, 0.30377418, 0.29936084, 0.29996577, 0.30525142, 0.31544328, 0.3279431, 0.31964582, 0.3352215, 0.31206256, 0.30629453, 0.32250953, 0.34173998, 0.311769, 0.30396965, 0.31291455, 0.32095036, 0.3100433, 0.29739946, 0.3400135, 0.31193283, 0.3506207, 0.35245833, 0.3347714, 0.3441194, 0.33115232, 0.35174155, 0.37103394, 0.355221, 0.33406797, 0.33929294, 0.34140134, 0.3316489, 0.33990017, 0.33257914, 0.3340949, 0.35676515, 0.35011572, 0.34186187, 0.32504392, 0.35396352, 0.33903262, 0.3527196, 0.3506031, 0.3818332, 0.37994096, 0.36798438, 0.37992227, 0.38182932], "std": [0.08762015, 0.07510576, 0.05097117, 0.04467767, 0.072676405, 0.0748955, 0.053012546, 0.05018132, 0.07895295, 0.06658981, 0.06374441, 0.0453098, 0.06635779, 0.060835432, 0.071847506, 0.07132564, 0.07313909, 0.060321856, 0.05877825, 0.08988118, 0.05630496, 0.07299645, 0.062019654, 0.053697664, 0.078397125, 0.055991355, 0.06733015, 0.068763755, 0.061182514, 0.05438905, 0.07182645, 0.081364356, 0.06958677, 0.065544404, 0.07715357, 0.05219338, 0.07695756, 0.05596719, 0.07642495, 0.07714466, 0.079801634, 0.05483949, 0.09801724, 0.078182444, 0.065348685, 0.05710601, 0.059611674, 0.09141443, 0.090233035, 0.07453154], "var": [0.98, 0.98, 0.98, 0.96, 0.94, 0.94, 0.92, 0.92, 0.88, 0.88, 0.88, 0.86, 0.84, 0.82, 0.82, 0.8, 0.8, 0.82, 0.82, 0.8, 0.8, 0.78, 0.76, 0.76, 0.74, 0.76, 0.74, 0.7, 0.7, 0.7, 0.66, 0.62, 0.66, 0.66, 0.64, 0.6, 0.6, 0.6, 0.58, 0.58, 0.54, 0.56, 0.56, 0.56, 0.56, 0.58, 0.54, 0.54, 0.54, 0.5], "best": [0.44358978, 0.47247866, 0.37239313, 0.366248, 0.4652829, 0.466354, 0.40960893, 0.41234246, 0.46482432, 0.46639678, 0.37196478, 0.37239316, 0.46535847, 0.46607402, 0.39834687, 0.41488025, 0.46538463, 0.4667413, 0.37249824, 0.41455233, 0.46703878, 0.41755486, 0.46734455, 0.46806467, 0.46869913, 0.4691985, 0.4262898, 0.46979132, 0.4710935, 0.4715608, 0.43060157, 0.47201514, 0.43333337, 0.43484917, 0.43563914, 0.43668854, 0.43674007, 0.4715486, 0.4718591, 0.4720914, 0.44427243, 0.43905023, 0.47186804, 0.44551003, 0.4420974, 0.44714507, 0.47157332, 0.47184673, 0.4727894, 0.47420993], "duration": [43011, 40022, 52821, 42840, 49940, 47824, 45805, 38827, 45010, 39884, 37468, 38239, 46002, 39757, 44943, 38626, 38767, 39919, 39286, 38446, 46085, 39528, 38729, 39827, 39080, 45601, 45868, 46340, 39597, 39287, 38702, 38891, 39059, 39349, 39504, 39350, 39561, 39894, 39420, 39122, 46113, 52873, 39276, 52698, 39874, 39910, 40031, 39543, 39996, 39777]}