{"avg": [0.3330967, 0.37285715, 0.40343446, 0.41948625, 0.44117463, 0.48020163, 0.5004544, 0.5076808, 0.523669, 0.5459069, 0.58852476, 0.5892412, 0.5966017, 0.629943, 0.6352211, 0.6534997, 0.6654037, 0.6913346, 0.6969781, 0.70094365, 0.7122673, 0.7136303, 0.7206492, 0.7181035, 0.7167249, 0.7211227, 0.7276975, 0.7315347, 0.73591334, 0.7356856, 0.73974985, 0.7352719, 0.74314666, 0.7425378, 0.7461116, 0.74264574, 0.74421495, 0.7498367, 0.7485674, 0.7492688, 0.7527113, 0.7536221, 0.7519952, 0.75090224, 0.7535821, 0.7567527, 0.7575113, 0.75247383, 0.7565477, 0.7594442, 0.7600282, 0.7539938, 0.76126397, 0.7597274, 0.7601991, 0.7604991, 0.75672746, 0.7638928, 0.76431936, 0.76021856, 0.76065946, 0.76308924, 0.75891584, 0.7662942, 0.7617477, 0.7603081, 0.7624534, 0.7653401, 0.7631019, 0.7660765, 0.7686264, 0.7637566, 0.76427877, 0.7694482, 0.7672635], "std": [0.101353414, 0.09208603, 0.07849595, 0.1010617, 0.09576704, 0.06610538, 0.05750572, 0.06037138, 0.06711501, 0.068846084, 0.051062394, 0.07252015, 0.06748576, 0.057358533, 0.057169765, 0.065316476, 0.06807872, 0.024368322, 0.022228127, 0.023359632, 0.011211193, 0.016600931, 0.0030546929, 0.027403329, 0.031138683, 0.020644577, 0.016910246, 0.009988464, 5.9604645e-08, 0.009988474, 1.1920929e-07, 0.016198495, 1.7881393e-07, 0.009787419, 5.9604645e-08, 0.014693891, 0.014080657, 1.1920929e-07, 0.010202404, 0.010937001, 0.0, 5.9604645e-08, 0.010430648, 0.013801043, 0.010674865, 1.1920929e-07, 1.1920929e-07, 0.01578074, 0.010202403, 1.1920929e-07, 1.1920929e-07, 0.016808553, 5.9604645e-08, 0.009988475, 0.010202392, 0.010674856, 0.016808532, 1.7881393e-07, 0.0, 0.014080656, 0.014080656, 0.010674865, 0.017139304, 1.7881393e-07, 0.014693894, 0.016808553, 0.014693889, 0.010430649, 0.014693891, 0.010202407, 1.1920929e-07, 0.01503147, 0.014693895, 0.0, 0.010674865], "var": [1.0, 1.0, 1.0, 1.0, 1.0, 1.0, 1.0, 1.0, 1.0, 0.96, 0.88, 0.8, 0.68, 0.68, 0.56, 0.52, 0.48, 0.44, 0.32, 0.24, 0.16, 0.16, 0.08, 0.08, 0.08, 0.08, 0.04, 0.04, 0.04, 0.04, 0.04, 0.04, 0.04, 0.04, 0.04, 0.04, 0.04, 0.04, 0.04, 0.04, 0.04, 0.04, 0.04, 0.04, 0.04, 0.04, 0.04, 0.04, 0.04, 0.04, 0.04, 0.04, 0.04, 0.04, 0.04, 0.04, 0.04, 0.04, 0.04, 0.04, 0.04, 0.04, 0.04, 0.04, 0.04, 0.04, 0.04, 0.04, 0.04, 0.04, 0.04, 0.04, 0.04, 0.04, 0.04], "best": [0.57551014, 0.58482695, 0.5861414, 0.5889168, 0.5888106, 0.6655496, 0.6683674, 0.60029733, 0.67450774, 0.67758274, 0.6804294, 0.68413097, 0.68756735, 0.6917251, 0.6954325, 0.6988951, 0.7029762, 0.7058219, 0.7096055, 0.71258765, 0.7244749, 0.7187642, 0.72165436, 0.7243904, 0.72702014, 0.72908866, 0.7315769, 0.7336642, 0.7359134, 0.7378152, 0.7397497, 0.74139446, 0.7431465, 0.7445788, 0.7461115, 0.7475438, 0.74866754, 0.74983656, 0.75079393, 0.7518468, 0.7527113, 0.7536222, 0.75432736, 0.75516146, 0.7560311, 0.7567526, 0.75751144, 0.7582362, 0.7587743, 0.75944406, 0.7600283, 0.760673, 0.761264, 0.76185685, 0.76242554, 0.7629482, 0.7634064, 0.76389265, 0.76431936, 0.7646712, 0.76511234, 0.7655382, 0.7659129, 0.766294, 0.76664585, 0.76698726, 0.76735145, 0.7676725, 0.76799995, 0.76830286, 0.7686265, 0.7689124, 0.7691769, 0.7694482, 0.76971245], "duration": [113615, 99598, 124007, 116451, 88346, 110501, 111793, 105345, 105512, 127518, 106986, 92000, 129810, 116053, 87072, 93467, 94024, 100614, 93317, 100598, 94009, 93626, 122904, 87339, 130570, 101625, 101065, 130050, 87127, 94138, 109199, 116528, 115725, 130282, 129786, 108316, 108150, 100482, 136356, 100864, 108739, 86947, 94252, 100880, 93274, 115408, 101215, 86836, 93990, 86434, 108419, 151192, 115304, 122651, 107786, 86840, 114697, 86400, 86216, 100884, 108326, 108728, 108791, 101727, 110509, 102940, 95765, 103000, 94417, 93570, 107732, 86146, 100607, 114619, 84923]}