{"avg": [0.18055554, 0.18280424, 0.23776458, 0.25899473, 0.2097553, 0.14164022, 0.2136508, 0.17425473, 0.16522291, 0.29894492, 0.1671627, 0.21358167, 0.109442115, 0.2207958, 0.20562501, 0.14769287, 0.1746463, 0.20907031, 0.217674, 0.2242208, 0.1961823, 0.15520428, 0.20674852, 0.23456557, 0.26495948, 0.24645595, 0.1732072, 0.1676333, 0.2573829, 0.16385582, 0.19951196, 0.12822224, 0.18719006, 0.19212165, 0.2014626, 0.19582838, 0.1504275, 0.1989269, 0.20840617, 0.2532986, 0.24550378, 0.16578557, 0.15778567, 0.18355095, 0.27209726, 0.17046887, 0.18596588, 0.17827271, 0.25475615, 0.2815603], "std": [0.07415965, 0.14786395, 0.011447152, 0.093992315, 0.077225074, 0.07653476, 0.086329415, 0.118226096, 0.04095371, 0.09164707, 0.050601564, 0.0782774, 0.08485983, 0.07657863, 0.063365236, 0.042943053, 0.11174589, 0.048325535, 0.07641479, 0.06507615, 0.10978413, 0.08434664, 0.053270515, 0.11425392, 0.050715577, 0.039620504, 0.040054455, 0.10430574, 0.052046344, 0.08846414, 0.104852125, 0.01786308, 0.092255965, 0.066382155, 0.052533202, 0.080758594, 0.09765582, 0.1341761, 0.08145985, 0.07546709, 0.13333769, 0.10119196, 0.08530356, 0.07755059, 0.042424083, 0.09283832, 0.051261976, 0.116750985, 0.06494264, 0.058158144], "var": [1.0, 1.0, 1.0, 1.0, 1.0, 1.0, 1.0, 1.0, 1.0, 1.0, 1.0, 1.0, 1.0, 1.0, 1.0, 1.0, 1.0, 1.0, 1.0, 1.0, 1.0, 1.0, 1.0, 1.0, 1.0, 1.0, 1.0, 1.0, 1.0, 1.0, 1.0, 1.0, 1.0, 1.0, 1.0, 1.0, 1.0, 1.0, 1.0, 1.0, 1.0, 1.0, 1.0, 1.0, 1.0, 1.0, 1.0, 1.0, 1.0, 1.0], "best": [0.32142857, 0.4746032, 0.25198415, 0.3738095, 0.33392859, 0.23841272, 0.3472222, 0.3652729, 0.23611957, 0.378198, 0.23750001, 0.34569892, 0.23746501, 0.3436937, 0.27232143, 0.23859358, 0.3586439, 0.24829932, 0.34423077, 0.32930735, 0.3326355, 0.23520689, 0.26945683, 0.46416044, 0.33557725, 0.32970443, 0.23700726, 0.34273505, 0.3713404, 0.24920635, 0.33215654, 0.1433598, 0.2582883, 0.25100973, 0.27431974, 0.33370054, 0.33559927, 0.34397495, 0.33289647, 0.33363095, 0.47587994, 0.33103308, 0.24856357, 0.33110598, 0.3320585, 0.23811357, 0.25155437, 0.34292743, 0.33374742, 0.37921312], "duration": [1049, 968, 1043, 5392, 1082, 976, 1004, 1047, 862, 5366, 938, 940, 5798, 928, 992, 985, 5862, 1046, 961, 938, 1032, 988, 988, 994, 1042, 1000, 904, 905, 976, 897, 948, 896, 5852, 1016, 902, 990, 908, 1000, 1019, 991, 5401, 950, 1028, 911, 927, 908, 5798, 1021, 993, 974]}