{"avg": [0.23296294, 0.25614816, 0.2697661, 0.25451085, 0.28012568, 0.2613262, 0.23845486, 0.28161764, 0.26627144, 0.25407153, 0.2889398, 0.2760847, 0.2741837, 0.26550192, 0.27921748, 0.30209613, 0.2732118, 0.29397976, 0.32395822, 0.2864902, 0.2841987, 0.30776143, 0.32777253, 0.30701092, 0.3118927, 0.32259896, 0.31811732, 0.31220165, 0.2905055, 0.28752795, 0.33000204, 0.3088742, 0.30612016, 0.30684528, 0.31654617, 0.30070567, 0.32969567, 0.316979, 0.2974848, 0.31023127, 0.32614174, 0.3516247, 0.33219263, 0.34838232, 0.34364042, 0.32042542, 0.34608835, 0.31009412, 0.3246913, 0.36815172], "std": [0.093809776, 0.080396004, 0.050945032, 0.047491197, 0.060551956, 0.08505242, 0.063447855, 0.0606008, 0.068180196, 0.067575656, 0.040614393, 0.0845253, 0.09313668, 0.083629444, 0.06614238, 0.057615962, 0.047170427, 0.057050496, 0.05415833, 0.0601347, 0.03934899, 0.054193, 0.07191817, 0.047253367, 0.06374968, 0.061445273, 0.062367212, 0.07943522, 0.057323754, 0.0709534, 0.08216108, 0.059271593, 0.057418853, 0.042438585, 0.08795945, 0.10625063, 0.078103736, 0.090850495, 0.11295863, 0.09397097, 0.091199964, 0.06215152, 0.09440066, 0.101010084, 0.07750705, 0.11352361, 0.07925383, 0.090793476, 0.07509541, 0.09319218], "var": [0.98, 0.98, 0.98, 0.96, 0.96, 0.94, 0.92, 0.92, 0.9, 0.88, 0.86, 0.84, 0.84, 0.8, 0.76, 0.76, 0.78, 0.78, 0.8, 0.78, 0.78, 0.8, 0.78, 0.8, 0.78, 0.8, 0.8, 0.82, 0.8, 0.78, 0.8, 0.8, 0.8, 0.78, 0.78, 0.76, 0.74, 0.76, 0.76, 0.76, 0.72, 0.76, 0.74, 0.7, 0.68, 0.64, 0.64, 0.6, 0.62, 0.62], "best": [0.42222223, 0.4511111, 0.3544444, 0.33990932, 0.44391534, 0.44585094, 0.30972224, 0.4451389, 0.35529718, 0.3179604, 0.354375, 0.4429841, 0.44363844, 0.44170693, 0.44399402, 0.44384006, 0.35468748, 0.44473144, 0.44599843, 0.44484517, 0.3548287, 0.44732141, 0.45149514, 0.38203502, 0.45007253, 0.45505556, 0.45675746, 0.45748457, 0.359135, 0.4529525, 0.45835665, 0.45963717, 0.4552268, 0.39435962, 0.45555556, 0.4602318, 0.45788655, 0.46254024, 0.46003318, 0.4639698, 0.46465123, 0.4625704, 0.46725234, 0.46449983, 0.47010013, 0.4709902, 0.47238052, 0.4684889, 0.4589019, 0.4735632], "duration": [43147, 40080, 53105, 38159, 43606, 39786, 39050, 45536, 51464, 44473, 59486, 38976, 38386, 39161, 45633, 39498, 39032, 46162, 46608, 39081, 46682, 39359, 44156, 39574, 45517, 39772, 38835, 39321, 38791, 38523, 39974, 39429, 45866, 45524, 39732, 39932, 39168, 39503, 39840, 39964, 39617, 39968, 46245, 47081, 46439, 53512, 39907, 39584, 39525, 39849]}