{"avg": [0.2637607, 0.29592025, 0.29972562, 0.29936084, 0.29794145, 0.2984641, 0.31544328, 0.32568064, 0.31616077, 0.3175128, 0.31874254, 0.32050347, 0.3418885, 0.32655546, 0.3212169, 0.32867363, 0.34029052, 0.32596084, 0.35877195, 0.35923642, 0.3749614, 0.36176282, 0.32532278, 0.374359, 0.35758066, 0.34930423, 0.3522833, 0.35153493, 0.3713729, 0.3594052, 0.35446772, 0.34890452, 0.37791058, 0.37762573, 0.35320577, 0.38072804, 0.39284676, 0.3794188, 0.41937837, 0.3542443, 0.36169466, 0.40384918, 0.4100719, 0.38455078, 0.41798833, 0.4049018, 0.4140771, 0.4426325, 0.43013686, 0.42263514], "std": [0.08954003, 0.07603299, 0.049507353, 0.04467767, 0.071344405, 0.07777611, 0.053012546, 0.049053647, 0.082883954, 0.08132624, 0.07855932, 0.08266801, 0.052500974, 0.07714995, 0.08567838, 0.057278197, 0.06658292, 0.06317342, 0.067767486, 0.083740965, 0.075311705, 0.07166608, 0.060515832, 0.07738417, 0.059790082, 0.07276471, 0.058367174, 0.060360692, 0.07131214, 0.06337344, 0.08424475, 0.07479633, 0.06584153, 0.06702964, 0.07114214, 0.078377955, 0.07514785, 0.07157279, 0.05504061, 0.082951, 0.07103027, 0.081391245, 0.07356564, 0.11522073, 0.07924182, 0.068445936, 0.09126965, 0.06346842, 0.08276993, 0.08084669], "var": [0.98, 0.98, 0.98, 0.96, 0.94, 0.94, 0.92, 0.92, 0.92, 0.9, 0.9, 0.88, 0.88, 0.84, 0.82, 0.8, 0.8, 0.78, 0.76, 0.76, 0.76, 0.72, 0.72, 0.72, 0.7, 0.7, 0.72, 0.74, 0.72, 0.72, 0.7, 0.72, 0.68, 0.66, 0.66, 0.64, 0.62, 0.6, 0.56, 0.58, 0.56, 0.54, 0.54, 0.52, 0.5, 0.5, 0.5, 0.48, 0.44, 0.44], "best": [0.44358978, 0.47247866, 0.37239313, 0.366248, 0.4652829, 0.466354, 0.40960893, 0.41234246, 0.46482432, 0.46692312, 0.46716702, 0.46844852, 0.46901932, 0.46939108, 0.46996012, 0.47190216, 0.47259238, 0.4214779, 0.47284386, 0.47550234, 0.4782647, 0.4814329, 0.43131664, 0.48212025, 0.43418804, 0.4828637, 0.43831503, 0.48334512, 0.48379672, 0.4847367, 0.48497868, 0.48562756, 0.4859903, 0.48718926, 0.4879725, 0.4883345, 0.48945224, 0.49115214, 0.4925412, 0.4942607, 0.4942167, 0.49409947, 0.4955138, 0.49660003, 0.4980788, 0.5004333, 0.50103265, 0.5030081, 0.50516874, 0.50682], "duration": [42717, 39531, 52264, 42645, 49590, 47596, 45432, 38344, 38287, 39053, 38568, 38816, 39304, 38585, 45756, 39088, 44799, 45002, 45703, 45659, 52446, 39227, 37595, 39545, 45333, 39184, 37882, 38735, 39099, 38228, 39477, 38530, 39026, 39105, 39108, 45579, 39058, 39099, 46399, 38782, 38352, 39520, 39265, 45958, 39813, 39122, 39368, 39752, 39918, 39630]}