{"avg": [0.25428572, 0.2830023, 0.29191554, 0.28161183, 0.28819668, 0.2893567, 0.30575526, 0.30832654, 0.3073195, 0.29793683, 0.3005679, 0.29868883, 0.29313114, 0.3086436, 0.29985225, 0.27947283, 0.28909978, 0.30767983, 0.32881626, 0.33730435, 0.29359546, 0.3179274, 0.3423591, 0.30054358, 0.2934562, 0.32490262, 0.30448908, 0.3109559, 0.3335781, 0.3338903, 0.312471, 0.33562538, 0.35633358, 0.33507812, 0.3494307, 0.34192753, 0.33771846, 0.339287, 0.34425634, 0.35121307, 0.34695306, 0.35524195, 0.3467664, 0.35668927, 0.32900432, 0.36947227, 0.3562029, 0.34717476, 0.36319956, 0.38138512], "std": [0.08749939, 0.074383736, 0.049195353, 0.040539674, 0.07165504, 0.07404931, 0.054745484, 0.06632597, 0.045560706, 0.052671857, 0.041504588, 0.057514224, 0.06686231, 0.069582604, 0.06036461, 0.07048267, 0.07564297, 0.08126926, 0.05604544, 0.032908257, 0.0693301, 0.07963136, 0.042103212, 0.07792875, 0.08138426, 0.06724847, 0.044971533, 0.04204935, 0.059676882, 0.051981986, 0.06999174, 0.06648039, 0.043982852, 0.060324524, 0.04213905, 0.042880844, 0.07668181, 0.07973867, 0.05701907, 0.07821856, 0.08695831, 0.058703847, 0.09077402, 0.049103294, 0.054126583, 0.046387166, 0.053394675, 0.073002465, 0.04877542, 0.062142443], "var": [0.98, 0.98, 0.98, 0.96, 0.94, 0.94, 0.92, 0.92, 0.9, 0.9, 0.86, 0.84, 0.84, 0.84, 0.82, 0.8, 0.8, 0.78, 0.78, 0.78, 0.78, 0.8, 0.8, 0.78, 0.76, 0.76, 0.76, 0.76, 0.74, 0.74, 0.76, 0.72, 0.76, 0.74, 0.72, 0.7, 0.68, 0.68, 0.7, 0.68, 0.68, 0.66, 0.62, 0.62, 0.6, 0.62, 0.6, 0.58, 0.56, 0.56], "best": [0.42857143, 0.45333335, 0.35891157, 0.3536443, 0.44716552, 0.44808364, 0.39253762, 0.4484472, 0.3966091, 0.3958625, 0.38030168, 0.39628944, 0.35925928, 0.44891986, 0.39684182, 0.39614514, 0.39622736, 0.39672235, 0.3987565, 0.39877275, 0.3608713, 0.4511324, 0.4512949, 0.36258504, 0.39897132, 0.3986642, 0.39731285, 0.36397496, 0.39847293, 0.45191327, 0.39944187, 0.4521636, 0.45395562, 0.4549323, 0.40300754, 0.4041861, 0.4227023, 0.4595074, 0.45939597, 0.45957047, 0.46145812, 0.46245024, 0.4634199, 0.46508878, 0.4124098, 0.46512192, 0.46591583, 0.4678281, 0.4162615, 0.46982887], "duration": [43128, 40018, 52750, 42857, 49885, 47786, 39151, 38852, 44867, 39335, 38736, 38130, 38186, 38906, 39631, 38575, 39105, 46264, 39426, 46382, 39045, 45918, 39443, 39597, 38920, 39678, 38680, 45367, 39937, 52924, 39437, 46349, 40036, 39742, 39849, 46282, 39303, 39155, 39606, 40049, 39674, 39799, 47001, 46523, 39889, 39793, 45921, 39624, 39998, 53780]}