{"avg": [0.2713889, 0.30124074, 0.3068275, 0.3014213, 0.3004212, 0.30544, 0.32067606, 0.33064142, 0.3229539, 0.32102132, 0.31099394, 0.3200232, 0.33416867, 0.3131372, 0.33339626, 0.31916785, 0.3315809, 0.3319749, 0.33883706, 0.3451299, 0.29758576, 0.357465, 0.32582223, 0.34631017, 0.3325546, 0.3511354, 0.34594345, 0.34302986, 0.3523883, 0.34024465, 0.36630654, 0.32741097, 0.35380068, 0.3639278, 0.3566041, 0.37989128, 0.3633986, 0.37284175, 0.3721111, 0.36991453, 0.3748491, 0.40771392, 0.40172964, 0.37890503, 0.39604622, 0.38862246, 0.3793929, 0.37822297, 0.41500002, 0.37766954], "std": [0.08986701, 0.07792123, 0.05122019, 0.052485354, 0.07548411, 0.07680717, 0.059956368, 0.052432057, 0.080030456, 0.034258373, 0.04847934, 0.04505155, 0.07343675, 0.075848006, 0.07416739, 0.059798345, 0.038568966, 0.048247937, 0.05690316, 0.05566494, 0.07621618, 0.0353482, 0.06412218, 0.03614573, 0.059343252, 0.055641934, 0.06047312, 0.053516623, 0.072894506, 0.07541045, 0.049047533, 0.06804982, 0.041951954, 0.07104473, 0.04876751, 0.04409442, 0.057762545, 0.031729423, 0.061521355, 0.044193316, 0.048286386, 0.034453113, 0.04358691, 0.06225702, 0.062873244, 0.06282241, 0.07320306, 0.055448554, 0.055220824, 0.070518255], "var": [0.98, 0.98, 0.98, 0.96, 0.94, 0.94, 0.92, 0.92, 0.9, 0.9, 0.88, 0.86, 0.84, 0.84, 0.84, 0.82, 0.82, 0.82, 0.8, 0.78, 0.78, 0.8, 0.76, 0.76, 0.74, 0.74, 0.74, 0.74, 0.74, 0.74, 0.72, 0.74, 0.7, 0.68, 0.68, 0.66, 0.64, 0.62, 0.6, 0.58, 0.56, 0.6, 0.62, 0.6, 0.64, 0.6, 0.6, 0.6, 0.62, 0.6], "best": [0.45416665, 0.48305556, 0.37944445, 0.36913264, 0.47585976, 0.4769309, 0.41569865, 0.4184322, 0.4751543, 0.36491227, 0.37474898, 0.41953704, 0.47440472, 0.42212442, 0.47501835, 0.47643498, 0.38008368, 0.42357054, 0.47619665, 0.47667745, 0.42031893, 0.42552853, 0.42607677, 0.396819, 0.4281304, 0.47675, 0.43044874, 0.43171296, 0.47691086, 0.4327097, 0.43742993, 0.47743198, 0.43396616, 0.47721902, 0.43672553, 0.4378623, 0.43996477, 0.4413242, 0.4779444, 0.44370624, 0.44486222, 0.4464468, 0.47757518, 0.4519558, 0.47794223, 0.45566598, 0.47810647, 0.45860216, 0.47850874, 0.46142474], "duration": [43051, 39780, 52902, 37966, 49990, 47933, 45512, 38582, 44764, 38944, 39329, 39591, 51999, 38168, 38750, 45386, 39315, 45646, 45017, 43654, 44113, 38599, 50126, 39558, 39103, 38541, 39044, 38916, 40003, 39426, 38838, 38823, 39180, 45443, 38662, 39316, 38922, 38886, 52416, 39118, 39264, 40077, 52933, 39125, 45902, 39083, 38768, 39329, 39865, 39382]}