{"avg": [0.26630038, 0.2871861, 0.30614108, 0.31102243, 0.30034426, 0.2897723, 0.32502976, 0.30987552, 0.32388023, 0.35948008, 0.3463866, 0.35358143, 0.3505304, 0.35489357, 0.35523817, 0.37220803, 0.37307805, 0.36735094, 0.35505697, 0.3881934, 0.38209996, 0.389766, 0.41674796, 0.4104622, 0.4149846, 0.4270605, 0.4103907, 0.45342463, 0.4592782, 0.45783848, 0.45325816, 0.4828891, 0.48864916, 0.48055533, 0.48823625, 0.53053087, 0.53061724, 0.49770218, 0.4756191, 0.4741134, 0.52935094, 0.5334381, 0.512152, 0.50554246, 0.5322266, 0.5259853, 0.5233168, 0.5173046, 0.5432237, 0.56364834], "std": [0.06954692, 0.0498142, 0.0536862, 0.055379577, 0.059659466, 0.070810735, 0.05824481, 0.07454679, 0.059219424, 0.057894092, 0.067193225, 0.073106214, 0.08670739, 0.06140632, 0.07853225, 0.09012822, 0.06491812, 0.07604149, 0.08308228, 0.08551188, 0.05727764, 0.085756004, 0.06201747, 0.078830875, 0.08593482, 0.0779755, 0.08580647, 0.09120268, 0.07822444, 0.09719553, 0.08825353, 0.07691916, 0.077931345, 0.08354311, 0.097978294, 0.06349002, 0.07898933, 0.11765283, 0.13271895, 0.14013624, 0.11462664, 0.10522081, 0.1248868, 0.13575481, 0.11709701, 0.12791058, 0.13329402, 0.14337245, 0.12851416, 0.10999573], "var": [0.98, 0.94, 0.94, 0.94, 0.9, 0.82, 0.82, 0.82, 0.76, 0.76, 0.78, 0.76, 0.74, 0.78, 0.74, 0.72, 0.68, 0.68, 0.64, 0.62, 0.58, 0.56, 0.54, 0.54, 0.54, 0.48, 0.44, 0.4, 0.34, 0.32, 0.32, 0.32, 0.28, 0.24, 0.22, 0.24, 0.22, 0.2, 0.18, 0.18, 0.18, 0.18, 0.18, 0.16, 0.16, 0.18, 0.16, 0.14, 0.14, 0.1], "best": [0.4333333, 0.36776558, 0.454321, 0.45654008, 0.37738097, 0.38461265, 0.45479167, 0.45666668, 0.45969698, 0.46213332, 0.4661853, 0.46884528, 0.47135726, 0.47364554, 0.5235892, 0.52505726, 0.52764255, 0.47967985, 0.5305305, 0.5315087, 0.48259845, 0.53498226, 0.5372734, 0.54005426, 0.5428431, 0.5457049, 0.548039, 0.5498101, 0.5547201, 0.55817276, 0.56179273, 0.5645918, 0.56910247, 0.5734001, 0.57593876, 0.5797391, 0.58427495, 0.5884921, 0.5919021, 0.59435064, 0.59656906, 0.6002597, 0.6035936, 0.6062271, 0.60861915, 0.61115634, 0.61353946, 0.6157244, 0.61788017, 0.62041014], "duration": [87520, 92424, 94233, 113848, 89943, 84656, 91384, 107337, 97480, 78638, 85302, 98546, 92455, 78499, 86123, 99385, 110443, 86011, 88770, 103738, 98078, 80272, 93967, 95651, 122577, 80668, 87393, 94365, 87601, 80762, 100694, 101447, 101046, 87648, 80847, 80923, 87706, 94588, 100832, 94133, 87499, 82268, 87497, 87588, 81020, 80068, 87551, 87751, 81002, 87741]}