{"avg": [0.23037036, 0.25614816, 0.27181286, 0.2604632, 0.28255624, 0.2636138, 0.2360243, 0.28390524, 0.26627144, 0.25367472, 0.2915324, 0.28472668, 0.27850148, 0.26363394, 0.2834191, 0.3018538, 0.28563493, 0.28919268, 0.3320036, 0.30500427, 0.31675926, 0.27296764, 0.31496596, 0.32533565, 0.31596994, 0.310298, 0.30102003, 0.33497494, 0.3242111, 0.3255923, 0.30377075, 0.33662087, 0.3253652, 0.30527884, 0.29824448, 0.33128622, 0.3522387, 0.33034867, 0.3372763, 0.34908688, 0.3371097, 0.31564698, 0.33479932, 0.3516672, 0.38181037, 0.3241692, 0.3125073, 0.33942017, 0.33863562, 0.35630456], "std": [0.095965244, 0.08213295, 0.051024854, 0.043114446, 0.06025422, 0.08673277, 0.06386217, 0.062247753, 0.068180196, 0.073515564, 0.038947072, 0.08379746, 0.09235705, 0.078709714, 0.07217024, 0.04718137, 0.07169167, 0.073453724, 0.05875705, 0.06720349, 0.06423235, 0.046001237, 0.048516706, 0.06644617, 0.044805005, 0.0562608, 0.0629018, 0.0500192, 0.055283986, 0.07479063, 0.052742254, 0.054708596, 0.082315646, 0.08154044, 0.089496076, 0.07857416, 0.058529325, 0.061490912, 0.08777082, 0.058009077, 0.065316156, 0.09205297, 0.09031047, 0.06077668, 0.06715788, 0.07486359, 0.08938725, 0.06641059, 0.08027377, 0.08960154], "var": [0.98, 0.98, 0.98, 0.96, 0.96, 0.94, 0.92, 0.92, 0.9, 0.88, 0.86, 0.84, 0.84, 0.8, 0.8, 0.78, 0.76, 0.76, 0.76, 0.76, 0.78, 0.76, 0.76, 0.76, 0.74, 0.74, 0.74, 0.76, 0.76, 0.74, 0.74, 0.76, 0.72, 0.72, 0.7, 0.68, 0.68, 0.68, 0.64, 0.66, 0.64, 0.64, 0.66, 0.68, 0.72, 0.72, 0.7, 0.7, 0.7, 0.72], "best": [0.42222223, 0.4511111, 0.3544444, 0.33990932, 0.44391534, 0.44585094, 0.30972224, 0.4451389, 0.35529718, 0.34642315, 0.354375, 0.4429841, 0.44363844, 0.39331722, 0.44414413, 0.39623353, 0.44484127, 0.39781523, 0.44633567, 0.44917974, 0.39914528, 0.32543322, 0.39982185, 0.45064816, 0.40263, 0.39787623, 0.40255475, 0.4033543, 0.40357685, 0.3990802, 0.4002137, 0.4028064, 0.45349714, 0.4042661, 0.4548676, 0.5069572, 0.50745016, 0.45653427, 0.50897294, 0.5104576, 0.40921214, 0.4597416, 0.5123945, 0.46094623, 0.5135866, 0.46283686, 0.46297327, 0.46334243, 0.4638108, 0.5166376], "duration": [43117, 39927, 52598, 42925, 43629, 39522, 39032, 45412, 51253, 39570, 59376, 38805, 37843, 38674, 38913, 39470, 39125, 45606, 39712, 39149, 39125, 39049, 38747, 39256, 45556, 39212, 38272, 39179, 45813, 39091, 45964, 38972, 39563, 45259, 33968, 39550, 39799, 38798, 46138, 39387, 39560, 39652, 46664, 39636, 39168, 38296, 43279, 38548, 39394, 39586]}