{"avg": [0.25128207, 0.27951, 0.28285652, 0.27665025, 0.2781034, 0.28172204, 0.2945256, 0.3048662, 0.29547703, 0.29846522, 0.29980758, 0.2948556, 0.29565445, 0.28863025, 0.29547134, 0.3466266, 0.3143797, 0.3373065, 0.3407957, 0.32531962, 0.32277563, 0.31604308, 0.3302829, 0.33527356, 0.3257969, 0.34023404, 0.31137064, 0.35476956, 0.3489586, 0.3418536, 0.35111395, 0.34451306, 0.3508391, 0.34307444, 0.36197287, 0.35807368, 0.3650464, 0.3409719, 0.384147, 0.39114666, 0.36423826, 0.36688733, 0.3575149, 0.3894838, 0.40820768, 0.3548322, 0.36603874, 0.37189466, 0.3750866, 0.39689353], "std": [0.07973218, 0.06918208, 0.047353428, 0.04638155, 0.06751255, 0.06812516, 0.04870283, 0.046590354, 0.076749995, 0.075433485, 0.07198255, 0.07848191, 0.06787603, 0.06682624, 0.09562355, 0.0696228, 0.036374386, 0.05673873, 0.059361245, 0.06268771, 0.07668206, 0.07160061, 0.058067817, 0.06986486, 0.08601005, 0.07957299, 0.073532894, 0.059627194, 0.066011906, 0.05911916, 0.09374449, 0.09393842, 0.07399561, 0.0522061, 0.06623514, 0.07129045, 0.07454031, 0.08209775, 0.053248547, 0.06609762, 0.06535715, 0.06750593, 0.08536295, 0.08085699, 0.0692344, 0.06867376, 0.08509582, 0.08593871, 0.0704975, 0.081316315], "var": [0.98, 0.98, 0.98, 0.96, 0.94, 0.94, 0.92, 0.92, 0.92, 0.9, 0.88, 0.86, 0.84, 0.82, 0.8, 0.78, 0.74, 0.74, 0.74, 0.72, 0.72, 0.68, 0.68, 0.66, 0.64, 0.64, 0.62, 0.62, 0.6, 0.58, 0.56, 0.54, 0.5, 0.52, 0.56, 0.56, 0.56, 0.6, 0.62, 0.58, 0.58, 0.56, 0.52, 0.5, 0.54, 0.56, 0.54, 0.52, 0.52, 0.5], "best": [0.4128205, 0.4417094, 0.34675217, 0.34060702, 0.4345136, 0.43558475, 0.38396788, 0.38670143, 0.43405506, 0.43615386, 0.43639776, 0.43767926, 0.3909067, 0.4375, 0.4371964, 0.43823716, 0.39717546, 0.44197178, 0.44275007, 0.443939, 0.4038705, 0.40639862, 0.44509718, 0.4458791, 0.44703102, 0.44916138, 0.4136608, 0.45150268, 0.45238507, 0.41799867, 0.45234728, 0.45465586, 0.4559654, 0.424342, 0.45661256, 0.45722523, 0.45828554, 0.45949844, 0.4608227, 0.46220717, 0.46362904, 0.46401644, 0.46443984, 0.46515968, 0.46682048, 0.46845397, 0.46863553, 0.4692895, 0.47087935, 0.47144413], "duration": [42846, 39598, 52414, 37718, 49534, 47563, 45401, 38371, 38117, 39146, 38675, 39024, 38531, 45236, 38736, 39554, 38696, 39230, 39456, 45335, 38614, 38734, 38567, 43675, 46352, 39210, 45105, 39126, 51128, 45147, 46194, 45842, 45892, 38748, 39039, 39408, 38723, 39209, 45783, 39402, 39115, 39321, 39136, 39678, 39724, 39003, 45846, 39619, 39605, 39308]}