{"avg": [0.25776398, 0.32316118, 0.31362018, 0.36473802, 0.37278774, 0.40333092, 0.43023062, 0.4514658, 0.46135765, 0.45721853, 0.50504124, 0.49795055, 0.5049973, 0.52481717, 0.57794183, 0.58531857, 0.59430486, 0.63455427, 0.62097615, 0.63341016, 0.6449772, 0.6626635, 0.6661935, 0.6702246, 0.6682052, 0.66388136, 0.67986906, 0.6768451, 0.68504435, 0.68730855, 0.68340063, 0.6845851, 0.6814282, 0.6942262, 0.6850035, 0.69187087, 0.6986439, 0.6940037, 0.7010203, 0.7021455, 0.6974331, 0.67644876, 0.70528895, 0.6999999, 0.7011317, 0.7013619, 0.7085383, 0.70924187, 0.70995355, 0.71067077, 0.71126276, 0.7042124, 0.7065259, 0.7071487, 0.71357924, 0.7141297, 0.70853853, 0.7151746, 0.7099129, 0.7101222, 0.70446134, 0.71158695, 0.71179754, 0.7180671, 0.71853167, 0.7189807, 0.7193959, 0.7013947, 0.7201178, 0.72044665, 0.7139974, 0.71526414, 0.7153074, 0.71493775, 0.72201276], "std": [0.13449062, 0.13223618, 0.1433107, 0.10610128, 0.10425142, 0.09923114, 0.04395839, 0.06677805, 0.05723873, 0.07062012, 0.07265262, 0.066712186, 0.09284596, 0.09576275, 0.07488196, 0.087327264, 0.08508039, 0.040495295, 0.079877876, 0.074173465, 0.0424686, 0.0033694888, 0.0022620403, 0.002193766, 0.024684839, 0.037701983, 0.0010671593, 0.0260501, 1.1920929e-07, 1.7881393e-07, 0.026076596, 0.027342476, 0.0352016, 1.1920929e-07, 0.034502614, 0.02497116, 5.9604645e-08, 0.026076598, 1.1920929e-07, 0.0, 0.026076594, 0.051314723, 1.1920929e-07, 0.026687142, 0.026076594, 0.027342476, 1.1920929e-07, 0.0, 5.9604645e-08, 1.7881393e-07, 0.0, 0.029640177, 0.026076606, 0.026076596, 5.9604645e-08, 5.9604645e-08, 0.026687132, 1.1920929e-07, 0.026076596, 0.026687138, 0.036734693, 0.025505988, 0.026076607, 0.0, 1.1920929e-07, 5.9604645e-08, 5.9604645e-08, 0.043723054, 1.1920929e-07, 0.0, 0.028048337, 0.026076596, 0.026687142, 0.028048337, 5.9604645e-08], "var": [1.0, 1.0, 1.0, 1.0, 1.0, 1.0, 1.0, 0.92, 0.92, 0.8, 0.84, 0.8, 0.8, 0.8, 0.8, 0.68, 0.72, 0.56, 0.48, 0.44, 0.36, 0.28, 0.2, 0.2, 0.16, 0.08, 0.08, 0.04, 0.04, 0.04, 0.04, 0.04, 0.04, 0.04, 0.04, 0.04, 0.04, 0.04, 0.04, 0.04, 0.04, 0.04, 0.04, 0.04, 0.04, 0.04, 0.04, 0.04, 0.04, 0.04, 0.04, 0.04, 0.04, 0.04, 0.04, 0.04, 0.04, 0.04, 0.04, 0.04, 0.04, 0.04, 0.04, 0.04, 0.04, 0.04, 0.04, 0.04, 0.04, 0.04, 0.04, 0.04, 0.04, 0.04, 0.04], "best": [0.6020408, 0.6113576, 0.61258507, 0.6123705, 0.6143332, 0.6220144, 0.49080065, 0.626307, 0.6293368, 0.62477833, 0.634898, 0.63791114, 0.6411688, 0.6442076, 0.64711475, 0.65037495, 0.65329885, 0.6561656, 0.65895385, 0.6615101, 0.6643128, 0.66688615, 0.6697331, 0.6727223, 0.6753589, 0.67812186, 0.6802822, 0.68284124, 0.68504447, 0.6873087, 0.6892314, 0.69102985, 0.6925597, 0.6942261, 0.6956515, 0.6971946, 0.698644, 0.6998345, 0.7010204, 0.7021455, 0.7032639, 0.7042781, 0.70528907, 0.70612246, 0.70696265, 0.7078066, 0.7085384, 0.70924187, 0.7099536, 0.71067095, 0.71126276, 0.7118656, 0.71235687, 0.71297973, 0.7135793, 0.71412975, 0.7146611, 0.7151745, 0.71574366, 0.7162447, 0.71670616, 0.71715295, 0.7176283, 0.7180671, 0.7185318, 0.71898067, 0.71939594, 0.71976215, 0.7201179, 0.72044665, 0.72080004, 0.72109497, 0.72142994, 0.72174037, 0.7220128], "duration": [21523, 12976, 13226, 10276, 9929, 8700, 8202, 9084, 9941, 7073, 8492, 10659, 6780, 9097, 11533, 8314, 6627, 7110, 7225, 7323, 7606, 7867, 8764, 9467, 9304, 8911, 10210, 7504, 10031, 10463, 8761, 8881, 8573, 8922, 8257, 8987, 8847, 7744, 7673, 8516, 11280, 7732, 7404, 7171, 8773, 8080, 10194, 9350, 9302, 8140, 7742, 9049, 13210, 9492, 11059, 7400, 8256, 7780, 8338, 9161, 7218, 8838, 10288, 7245, 6610, 9587, 7057, 7804, 8855, 8261, 6543, 8881, 7878, 6632, 7298]}