{"avg": [0.11666668, 0.152, 0.15166667, 0.15611112, 0.16410768, 0.14491858, 0.16074863, 0.15336895, 0.15888579, 0.1517002, 0.15806668, 0.18596168, 0.16217548, 0.16942176, 0.16435099, 0.18464684, 0.16749653, 0.18129185, 0.18403122, 0.18815272, 0.17186575, 0.18660453, 0.18923803, 0.19455281, 0.19691381, 0.19138984, 0.195518, 0.19557221, 0.19528474, 0.21035713, 0.17623323, 0.20209888, 0.21497191, 0.19942214, 0.21996856, 0.20651995, 0.20676279, 0.22570635, 0.19043626, 0.2220033, 0.24379882, 0.22162531, 0.21523747, 0.2107424, 0.24346016, 0.22684385, 0.2391173, 0.24079491, 0.21491824, 0.24521627], "std": [0.04537573, 0.0416363, 0.03207076, 0.039614126, 0.03229872, 0.044296756, 0.032451306, 0.034656066, 0.041188903, 0.035397597, 0.031770956, 0.028521268, 0.04017748, 0.035244834, 0.030880919, 0.026208151, 0.031733327, 0.031856187, 0.02928368, 0.033705972, 0.034850486, 0.03849362, 0.036562692, 0.03858726, 0.038350087, 0.050136507, 0.044834293, 0.048681933, 0.046377398, 0.038817115, 0.04920777, 0.044458654, 0.03756065, 0.04691998, 0.036156632, 0.05522576, 0.053202786, 0.02467001, 0.064824596, 0.051187765, 0.025510114, 0.044253387, 0.044763852, 0.05274387, 0.048133787, 0.048789434, 0.040221028, 0.042875845, 0.061282475, 0.048132196], "var": [0.98, 0.98, 0.98, 0.94, 0.94, 0.94, 0.94, 0.94, 0.92, 0.9, 0.9, 0.92, 0.92, 0.88, 0.88, 0.86, 0.84, 0.84, 0.82, 0.82, 0.82, 0.8, 0.78, 0.76, 0.76, 0.76, 0.8, 0.8, 0.8, 0.8, 0.8, 0.76, 0.76, 0.78, 0.8, 0.78, 0.76, 0.74, 0.7, 0.68, 0.68, 0.68, 0.68, 0.68, 0.66, 0.66, 0.66, 0.68, 0.68, 0.66], "best": [0.2, 0.24333334, 0.17833334, 0.2020635, 0.2322034, 0.23355263, 0.22582418, 0.22730307, 0.23079625, 0.19095239, 0.19342858, 0.23272727, 0.22972865, 0.23571429, 0.19746107, 0.22860318, 0.20865442, 0.23691407, 0.2276851, 0.24009852, 0.2257143, 0.24410716, 0.23709199, 0.23613921, 0.23951864, 0.2550333, 0.24255583, 0.25634164, 0.25875574, 0.2592634, 0.24730021, 0.2576797, 0.25969082, 0.2624688, 0.26814017, 0.27038008, 0.2732842, 0.27064446, 0.27507192, 0.27692938, 0.27833065, 0.2758509, 0.28204426, 0.27743798, 0.28266793, 0.28005314, 0.28544456, 0.28647855, 0.28776333, 0.2883355], "duration": [43221, 40060, 39729, 37771, 51209, 39967, 39578, 37863, 39498, 43402, 38851, 39533, 46622, 39086, 39314, 39022, 39796, 53446, 43179, 39679, 46003, 39771, 43181, 39403, 41468, 39379, 46179, 39148, 39642, 39456, 46510, 45867, 40618, 39952, 41644, 39117, 52884, 39889, 38841, 41993, 39379, 39104, 39693, 46544, 40042, 39886, 40185, 39922, 39486, 39811]}