{"avg": [0.26916668, 0.2979074, 0.3052924, 0.29279035, 0.3021756, 0.3020086, 0.317535, 0.33016783, 0.32175744, 0.3376253, 0.3180149, 0.30613428, 0.33200467, 0.34410375, 0.3115086, 0.3069544, 0.31280768, 0.3268182, 0.31399783, 0.3116496, 0.33499125, 0.32520077, 0.32679132, 0.32913405, 0.34258375, 0.34521356, 0.35821006, 0.36613315, 0.3311331, 0.32278442, 0.35095778, 0.33511183, 0.31888226, 0.33520302, 0.34973153, 0.3412887, 0.34527, 0.33192214, 0.34083566, 0.37443367, 0.3612737, 0.37279084, 0.37085724, 0.38040653, 0.37858215, 0.38402343, 0.38801205, 0.35953978, 0.37204725, 0.4010235], "std": [0.086385764, 0.074874714, 0.05107514, 0.050007977, 0.0718252, 0.07376976, 0.058846522, 0.05003965, 0.078328185, 0.06594893, 0.06369087, 0.045937918, 0.06474895, 0.055254944, 0.07098995, 0.07081215, 0.072439745, 0.058836274, 0.060697414, 0.07288478, 0.052223872, 0.077684455, 0.066130035, 0.04443984, 0.060137406, 0.047579695, 0.04817722, 0.061204657, 0.06639186, 0.07178885, 0.06678442, 0.05615168, 0.08599588, 0.07763536, 0.06353348, 0.07081067, 0.07674196, 0.07423623, 0.07518101, 0.05281852, 0.055014625, 0.060709022, 0.04962201, 0.06370312, 0.08622656, 0.06855674, 0.064437464, 0.0791648, 0.0698118, 0.06498275], "var": [0.98, 0.98, 0.98, 0.96, 0.94, 0.94, 0.92, 0.92, 0.88, 0.88, 0.88, 0.86, 0.84, 0.82, 0.82, 0.8, 0.8, 0.8, 0.8, 0.78, 0.78, 0.74, 0.74, 0.74, 0.74, 0.72, 0.72, 0.68, 0.7, 0.7, 0.7, 0.72, 0.7, 0.7, 0.68, 0.68, 0.66, 0.64, 0.62, 0.6, 0.56, 0.52, 0.5, 0.48, 0.44, 0.46, 0.46, 0.46, 0.5, 0.48], "best": [0.4416667, 0.47055557, 0.37111107, 0.36913264, 0.4633598, 0.46443093, 0.41153196, 0.4142655, 0.46290123, 0.4644737, 0.37238955, 0.37111112, 0.46343538, 0.46415094, 0.40219298, 0.41680327, 0.46346155, 0.4648182, 0.37442133, 0.4164754, 0.4651157, 0.41847387, 0.42214283, 0.42372844, 0.42386857, 0.46525002, 0.46562502, 0.43462512, 0.43154624, 0.43837526, 0.4328556, 0.43480793, 0.4350529, 0.44147435, 0.46465304, 0.44340718, 0.43813482, 0.464818, 0.46538147, 0.4463997, 0.4480678, 0.44948158, 0.44523093, 0.46638688, 0.44847083, 0.46736503, 0.45650864, 0.46820822, 0.4684821, 0.4687018], "duration": [42850, 39747, 52637, 37905, 49755, 47880, 45593, 38782, 44880, 39965, 37279, 38269, 45841, 39972, 44744, 38591, 38560, 39762, 39011, 38584, 45939, 45955, 39135, 38191, 39518, 39096, 39109, 38818, 39540, 39304, 39094, 39048, 45868, 53213, 39063, 45015, 38860, 39003, 39617, 39287, 39406, 39423, 51938, 46172, 39810, 45986, 39320, 39643, 39604, 52434]}