{"avg": [0.25777778, 0.28715342, 0.29507938, 0.2902818, 0.29337233, 0.29336274, 0.30990863, 0.30723307, 0.2890322, 0.3176012, 0.3028227, 0.2998846, 0.2900391, 0.30200824, 0.31397584, 0.30065036, 0.29467186, 0.30751362, 0.2784021, 0.3164769, 0.30707118, 0.32198653, 0.3094596, 0.3188351, 0.31567222, 0.30991146, 0.32883087, 0.31033373, 0.30562946, 0.31211957, 0.3337929, 0.3257591, 0.35306418, 0.31470066, 0.31349266, 0.33516267, 0.32356608, 0.307345, 0.33899704, 0.33036187, 0.3389935, 0.3222183, 0.3294409, 0.3530754, 0.3354154, 0.32146698, 0.3495197, 0.35016966, 0.3477844, 0.37254575], "std": [0.08726752, 0.07637929, 0.04873721, 0.041381273, 0.070916995, 0.073451154, 0.0528912, 0.057598002, 0.04343756, 0.036478274, 0.03862631, 0.06895634, 0.057475366, 0.028631, 0.044809453, 0.04252258, 0.0622382, 0.07077984, 0.07866213, 0.044362556, 0.053958967, 0.051918134, 0.07666776, 0.041922245, 0.06375452, 0.062436055, 0.038891863, 0.07226595, 0.078825, 0.069333784, 0.052395806, 0.04885375, 0.040569797, 0.087262765, 0.07894182, 0.055972233, 0.067870945, 0.06373078, 0.08377897, 0.056902166, 0.05655247, 0.07729572, 0.072228335, 0.045378737, 0.06361659, 0.07410073, 0.07235555, 0.06508221, 0.08832477, 0.07795641], "var": [0.98, 0.98, 0.98, 0.96, 0.96, 0.92, 0.92, 0.9, 0.9, 0.9, 0.9, 0.9, 0.88, 0.88, 0.88, 0.88, 0.88, 0.88, 0.86, 0.84, 0.84, 0.84, 0.82, 0.8, 0.8, 0.8, 0.8, 0.8, 0.8, 0.76, 0.78, 0.78, 0.76, 0.76, 0.76, 0.76, 0.78, 0.78, 0.78, 0.8, 0.8, 0.78, 0.78, 0.78, 0.78, 0.78, 0.78, 0.76, 0.74, 0.76], "best": [0.4333333, 0.46222222, 0.36396822, 0.3578231, 0.45502642, 0.45609757, 0.40115443, 0.40383375, 0.35971782, 0.3653737, 0.36193344, 0.45267034, 0.40239295, 0.35718736, 0.45235988, 0.4027631, 0.38867438, 0.40370178, 0.40540454, 0.38988677, 0.3905797, 0.405828, 0.44175825, 0.4070908, 0.44270718, 0.39314577, 0.4087974, 0.45081964, 0.4432226, 0.44438922, 0.41078433, 0.44548976, 0.44600978, 0.4505438, 0.4472548, 0.44861293, 0.44919232, 0.3748159, 0.4509182, 0.449338, 0.4508665, 0.45002213, 0.45048627, 0.45148063, 0.4198734, 0.45229352, 0.45271075, 0.46133772, 0.45551145, 0.45424995], "duration": [42998, 39878, 52741, 42907, 49876, 47773, 46353, 38343, 37140, 39288, 37795, 38459, 39254, 38027, 38978, 38358, 39209, 38139, 38462, 38623, 38662, 39051, 45646, 39150, 38382, 45593, 39352, 38779, 39143, 38661, 38633, 39776, 43949, 38483, 38910, 38760, 39084, 44750, 39507, 39111, 39718, 38812, 39453, 45475, 39131, 39017, 39675, 39908, 46403, 39546]}