{"avg": [0.25523812, 0.28715342, 0.29230574, 0.2877551, 0.2944027, 0.28753504, 0.30201006, 0.32015616, 0.30606467, 0.32477552, 0.30926472, 0.30723223, 0.29678756, 0.30693454, 0.32666454, 0.3273483, 0.30273995, 0.31308764, 0.3445059, 0.33570105, 0.3313495, 0.34466717, 0.3576595, 0.3260888, 0.3338057, 0.3572298, 0.36109692, 0.35082686, 0.38320622, 0.35557097, 0.37500054, 0.35801005, 0.37920004, 0.35007533, 0.38690197, 0.38629484, 0.38748133, 0.39044377, 0.39651567, 0.3629564, 0.38682088, 0.38277948, 0.3614854, 0.3803133, 0.3735597, 0.3876212, 0.41274455, 0.38882667, 0.40895075, 0.39561546], "std": [0.086692825, 0.07315504, 0.048939534, 0.04232786, 0.06911116, 0.07673462, 0.05428439, 0.04936464, 0.081257105, 0.06474267, 0.07481823, 0.03726485, 0.08112043, 0.07646218, 0.087607585, 0.06871645, 0.0716198, 0.05368287, 0.07280334, 0.06789929, 0.061212357, 0.051583968, 0.06675362, 0.069145024, 0.06670496, 0.06521697, 0.06460461, 0.0713488, 0.07166554, 0.092589535, 0.0769981, 0.06638293, 0.062307198, 0.06931287, 0.06456556, 0.07769625, 0.08155815, 0.07632138, 0.07409611, 0.08627264, 0.084461905, 0.074599475, 0.06890936, 0.08228086, 0.07351894, 0.08360625, 0.08227534, 0.08517256, 0.08456879, 0.087426834], "var": [0.98, 0.98, 0.98, 0.96, 0.94, 0.94, 0.92, 0.92, 0.92, 0.9, 0.9, 0.88, 0.88, 0.86, 0.86, 0.84, 0.82, 0.82, 0.8, 0.76, 0.74, 0.74, 0.72, 0.72, 0.72, 0.7, 0.7, 0.68, 0.66, 0.64, 0.62, 0.62, 0.62, 0.6, 0.6, 0.6, 0.56, 0.52, 0.52, 0.54, 0.54, 0.54, 0.52, 0.56, 0.52, 0.54, 0.5, 0.52, 0.52, 0.5], "best": [0.4333333, 0.46222222, 0.36396822, 0.3578231, 0.45555556, 0.45691058, 0.40081772, 0.40355125, 0.45555556, 0.45688888, 0.45731708, 0.36037123, 0.4580756, 0.45825395, 0.45855454, 0.45986107, 0.4055957, 0.40744814, 0.46043828, 0.4628415, 0.46451283, 0.46490195, 0.4659197, 0.4672043, 0.46735215, 0.46765187, 0.46950352, 0.47098482, 0.47274724, 0.4757062, 0.47734427, 0.47906664, 0.47936812, 0.48055032, 0.48136005, 0.48268318, 0.48473895, 0.48696867, 0.4891245, 0.4904686, 0.49179646, 0.49346504, 0.49405646, 0.49374998, 0.49426267, 0.4949467, 0.4960891, 0.49749777, 0.49847093, 0.5004273], "duration": [43452, 40477, 53408, 43459, 50451, 43656, 46230, 39112, 39417, 39540, 39066, 39156, 52155, 45769, 39530, 38228, 39310, 38613, 40180, 52860, 39621, 39327, 40239, 45507, 46128, 39254, 39257, 39867, 47019, 40217, 40561, 39753, 47024, 40023, 40408, 40491, 40324, 40572, 40040, 46435, 40355, 40047, 39897, 40286, 40228, 40439, 40582, 46920, 40880, 40333]}