{"avg": [0.36574075, 0.37509158, 0.37875864, 0.34388477, 0.39545518, 0.38008654, 0.40726545, 0.4018152, 0.42320606, 0.40111968, 0.4323129, 0.40972722, 0.38439083, 0.40083274, 0.4294112, 0.39422753, 0.4212291, 0.43744725, 0.41425338, 0.4078307, 0.42827702, 0.40591076, 0.42856792, 0.42071155, 0.44252676, 0.43393365, 0.40561613, 0.39589256, 0.42590636, 0.43624043, 0.4368783, 0.41634196, 0.43282768, 0.42598784, 0.42406017, 0.42075145, 0.43846643, 0.4356713, 0.4298051, 0.44408357, 0.42962912, 0.4373323, 0.44545764, 0.44333935, 0.44374487, 0.45470998, 0.4604354, 0.44278148, 0.4194607, 0.4625788], "std": [0.08755425, 0.069832385, 0.07751191, 0.07202813, 0.07871928, 0.07734575, 0.059252776, 0.05984012, 0.06752218, 0.059909604, 0.075042866, 0.05984622, 0.042111497, 0.06521125, 0.0403145, 0.048910454, 0.06782677, 0.0522207, 0.0636345, 0.066569895, 0.05232204, 0.0678961, 0.04801667, 0.040482417, 0.051063158, 0.04959047, 0.05656097, 0.058290035, 0.052225623, 0.05520899, 0.05916004, 0.051379636, 0.06293125, 0.08148989, 0.064320594, 0.05920328, 0.04629386, 0.048132744, 0.0572179, 0.048909564, 0.037645202, 0.057146206, 0.046197873, 0.04973105, 0.04648404, 0.05250958, 0.05164552, 0.056088686, 0.08382435, 0.059076525], "var": [1.0, 0.98, 0.94, 0.9, 0.9, 0.9, 0.92, 0.92, 0.94, 0.92, 0.94, 0.94, 0.96, 0.96, 0.96, 0.94, 0.94, 0.9, 0.9, 0.88, 0.86, 0.84, 0.82, 0.84, 0.82, 0.78, 0.78, 0.8, 0.8, 0.78, 0.8, 0.8, 0.8, 0.78, 0.78, 0.76, 0.78, 0.8, 0.78, 0.78, 0.76, 0.76, 0.76, 0.76, 0.76, 0.78, 0.8, 0.78, 0.78, 0.78], "best": [0.47619048, 0.50767195, 0.50522274, 0.49746707, 0.5002342, 0.5012987, 0.49648035, 0.5011154, 0.5008624, 0.5025308, 0.5051213, 0.5095238, 0.45583394, 0.4995074, 0.506298, 0.49889162, 0.5067126, 0.5082612, 0.5084408, 0.50884354, 0.50067806, 0.5095238, 0.50220436, 0.5012141, 0.5031101, 0.5096106, 0.5097732, 0.5099235, 0.50998574, 0.5057292, 0.5075036, 0.5109214, 0.5108761, 0.5065827, 0.5114846, 0.51155335, 0.5049838, 0.51120204, 0.5120055, 0.512265, 0.50099045, 0.5128102, 0.51043844, 0.5092262, 0.50850934, 0.5127208, 0.5124786, 0.51083726, 0.5130841, 0.5148397], "duration": [44112, 32984, 33005, 32854, 32955, 32844, 38306, 32893, 38345, 38371, 32853, 32862, 32900, 32846, 32902, 32913, 32873, 32930, 32891, 32858, 32888, 32874, 32910, 32947, 32980, 38300, 32908, 32825, 32836, 32853, 32891, 38345, 32928, 32942, 32903, 32875, 38384, 32930, 32934, 38340, 33020, 32868, 38320, 38403, 38463, 32994, 32964, 38293, 32854, 32943]}