{"avg": [0.27619046, 0.26539683, 0.27843386, 0.26930463, 0.31414157, 0.27527723, 0.27618444, 0.30329362, 0.27345932, 0.31083736, 0.30142128, 0.27952096, 0.31024334, 0.3107443, 0.3304318, 0.2951374, 0.33739343, 0.31603882, 0.32162923, 0.32376286, 0.3407767, 0.3243386, 0.3422199, 0.3530868, 0.33417165, 0.33349398, 0.33585602, 0.32236794, 0.35216376, 0.33134556, 0.3471331, 0.32967308, 0.3683877, 0.35858256, 0.36209005, 0.34087238, 0.34386802, 0.3323393, 0.35598242, 0.3439539, 0.35049632, 0.33774215, 0.36896342, 0.3739624, 0.37780392, 0.39354387, 0.36462536, 0.3623087, 0.34462774, 0.3911287], "std": [0.04326088, 0.055422787, 0.06462661, 0.06914276, 0.04267152, 0.046392567, 0.07090049, 0.058087137, 0.08255242, 0.07407102, 0.07606955, 0.07332435, 0.038789894, 0.08310271, 0.04391474, 0.054232523, 0.059373353, 0.05073793, 0.06993703, 0.0469652, 0.07223866, 0.05453694, 0.05407636, 0.05231312, 0.07368653, 0.0774267, 0.08022463, 0.04580831, 0.05498785, 0.07668005, 0.06958678, 0.112739384, 0.06830462, 0.08150377, 0.08753445, 0.056983273, 0.086738564, 0.09196518, 0.083532736, 0.08064834, 0.038367808, 0.066481486, 0.059711352, 0.053777292, 0.06733026, 0.06114504, 0.12737398, 0.11677131, 0.06718629, 0.05673551], "var": [0.98, 0.98, 0.98, 0.94, 0.92, 0.9, 0.88, 0.9, 0.9, 0.88, 0.88, 0.88, 0.86, 0.84, 0.82, 0.8, 0.78, 0.78, 0.78, 0.78, 0.78, 0.76, 0.78, 0.78, 0.76, 0.72, 0.7, 0.72, 0.74, 0.72, 0.74, 0.74, 0.7, 0.7, 0.68, 0.68, 0.66, 0.64, 0.62, 0.6, 0.58, 0.6, 0.62, 0.62, 0.6, 0.58, 0.62, 0.66, 0.64, 0.66], "best": [0.34285712, 0.36222222, 0.3847619, 0.35915342, 0.35948348, 0.3409002, 0.44583333, 0.36145553, 0.3676571, 0.44806764, 0.44967318, 0.36785713, 0.3661172, 0.4498299, 0.45179966, 0.35588422, 0.45261705, 0.3725588, 0.45419753, 0.38809523, 0.50963455, 0.45619047, 0.4575301, 0.4578998, 0.45907405, 0.5144377, 0.46113944, 0.39059317, 0.5158805, 0.4799585, 0.46179938, 0.5168396, 0.5180814, 0.5193148, 0.5200852, 0.45209238, 0.52076966, 0.5211347, 0.52154034, 0.5226009, 0.41587564, 0.4541514, 0.52296, 0.4695209, 0.52488595, 0.5264334, 0.5284627, 0.5299567, 0.48867986, 0.5312013], "duration": [42651, 38784, 39113, 39000, 39925, 33622, 49421, 51268, 39153, 39463, 38927, 39389, 38561, 39563, 46763, 39060, 39880, 39149, 38756, 39379, 40061, 53259, 39966, 39575, 39647, 39347, 39555, 39386, 39601, 38876, 46396, 39644, 39876, 39889, 39880, 40026, 39806, 39831, 53744, 39594, 39386, 40074, 40062, 39969, 40010, 40372, 40255, 39485, 39459, 47195]}