{"avg": [0.025396826, 0.0, 0.0, 0.0, 0.0, 0.0, 0.0, 0.02641785, 0.0, 0.0, 0.0, 0.021759648, 0.0, 0.0, 0.024554245, 0.0, 0.0, 0.0, 0.0, 0.0, 0.0, 0.0, 0.0, 0.0, 0.0, 0.0, 0.0, 0.0, 0.0, 0.0, 0.0, 0.0, 0.0, 0.0, 0.0, 0.0, 0.0, 0.0, 0.0, 0.0, 0.0, 0.0, 0.0, 0.0, 0.0, 0.0, 0.0, 0.0, 0.0, 0.0], "std": [0.09502622, 0.0, 0.0, 0.0, 0.0, 0.0, 0.0, 0.09884652, 0.0, 0.0, 0.0, 0.08971733, 0.0, 0.0, 0.09509819, 0.0, 0.0, 0.0, 0.0, 0.0, 0.0, 0.0, 0.0, 0.0, 0.0, 0.0, 0.0, 0.0, 0.0, 0.0, 0.0, 0.0, 0.0, 0.0, 0.0, 0.0, 0.0, 0.0, 0.0, 0.0, 0.0, 0.0, 0.0, 0.0, 0.0, 0.0, 0.0, 0.0, 0.0, 0.0], "var": [1.0, 1.0, 1.0, 1.0, 1.0, 1.0, 1.0, 1.0, 1.0, 1.0, 1.0, 1.0, 1.0, 1.0, 1.0, 1.0, 1.0, 1.0, 1.0, 1.0, 1.0, 1.0, 1.0, 1.0, 1.0, 1.0, 1.0, 1.0, 1.0, 1.0, 1.0, 1.0, 1.0, 1.0, 1.0, 1.0, 1.0, 1.0, 1.0, 1.0, 1.0, 1.0, 1.0, 1.0, 1.0, 1.0, 1.0, 1.0, 1.0, 1.0], "best": [0.3809524, 0.0, 0.0, 0.0, 0.0, 0.0, 0.0, 0.39626774, 0.0, 0.0, 0.0, 0.39167365, 0.0, 0.0, 0.39286792, 0.0, 0.0, 0.0, 0.0, 0.0, 0.0, 0.0, 0.0, 0.0, 0.0, 0.0, 0.0, 0.0, 0.0, 0.0, 0.0, 0.0, 0.0, 0.0, 0.0, 0.0, 0.0, 0.0, 0.0, 0.0, 0.0, 0.0, 0.0, 0.0, 0.0, 0.0, 0.0, 0.0, 0.0, 0.0], "duration": [3759, 3627, 3913, 3635, 3608, 3615, 5075, 3613, 3582, 3616, 3624, 4199, 3669, 4220, 3616, 5118, 3630, 4518, 3651, 3673, 3633, 3647, 4187, 3652, 3630, 5956, 3712, 3712, 4621, 4092, 3656, 3639, 3601, 3631, 3624, 4324, 3700, 3703, 3725, 3667, 3663, 4278, 3629, 3633, 3623, 3622, 3613, 4125, 3745, 4671]}