{"avg": [0.50000006, 0.50066674, 0.49733338, 0.49266672, 0.494, 0.4953334, 0.49466679, 0.49666682, 0.49266678, 0.49466676, 0.4946667, 0.49733344, 0.49400008, 0.49466676, 0.49533346, 0.49266678, 0.49133343, 0.48733342, 0.48733342, 0.48866674, 0.4900001, 0.4853334, 0.4873334, 0.4846667, 0.48333338], "std": [0.13012812, 0.13441063, 0.1336397, 0.13119788, 0.13477388, 0.13630196, 0.13603269, 0.13486621, 0.13618451, 0.13455436, 0.13405804, 0.13901883, 0.13867468, 0.13942094, 0.13727672, 0.13764527, 0.13659509, 0.13579233, 0.13530049, 0.1314213, 0.13650398, 0.13485135, 0.13381414, 0.13649745, 0.12982889], "var": [1.0, 0.9866667, 0.9866667, 0.98, 0.97333336, 0.96666664, 0.9533333, 0.94, 0.93333334, 0.92, 0.92, 0.91333336, 0.9066667, 0.91333336, 0.91333336, 0.9066667, 0.91333336, 0.9066667, 0.8933333, 0.88666666, 0.88666666, 0.88, 0.88, 0.87333333, 0.86], "best": [0.8, 0.9, 0.9, 0.9, 0.9, 0.9, 0.9, 0.9, 0.9, 0.9, 0.9, 0.9, 0.9, 0.9, 0.9, 0.9, 0.9, 0.9, 0.9, 0.8, 0.9, 0.8, 0.9, 0.9, 0.8], "duration": [281097, 279990, 281773, 280538, 279456, 276772, 281102, 280520, 280440, 276937, 275469, 272618, 272761, 273324, 275280, 273746, 273636, 273275, 274051, 275266, 274418, 276229, 275460, 274818, 272999]}