{"avg": [0.48802143, 0.46846938, 0.49442807, 0.46947846, 0.5234209, 0.4992457, 0.5279616, 0.50454295, 0.5346424, 0.5401514, 0.4740035, 0.49997172, 0.55676854, 0.53375745, 0.5680473, 0.57254714, 0.5787518, 0.5821646, 0.585863, 0.5894529, 0.5920851, 0.59534854, 0.5978257, 0.6001193, 0.60267323, 0.60443425, 0.60616463, 0.60769373, 0.60927993, 0.61061573, 0.6122748, 0.613499, 0.6147693, 0.6159057, 0.61692435, 0.61803627, 0.618943, 0.6200231, 0.62078947, 0.6216399, 0.62237155, 0.62314135, 0.6239078, 0.62466806, 0.6253589, 0.6259292, 0.62650466, 0.6270831, 0.62758535, 0.628143, 0.6286529, 0.6291198, 0.62961286, 0.6300228, 0.6305206, 0.6309776, 0.63141656, 0.6317844, 0.63214, 0.6325342, 0.63291425, 0.6332176, 0.6335878, 0.63390064, 0.6342179, 0.6344834, 0.6347818, 0.63507074, 0.63533795, 0.63557327, 0.635826, 0.6360599, 0.6362991, 0.63655305, 0.63677853], "std": [0.104046494, 0.1561661, 0.113452114, 0.1565079, 0.0026040536, 0.11457359, 0.005028766, 0.11587139, 0.0065815104, 0.0077338875, 0.18375926, 0.16234262, 0.008279329, 0.12585925, 0.003575824, 0.003236011, 0.000990377, 0.0011719422, 0.0013412501, 0.0010228552, 0.001413947, 0.0010521681, 0.001129085, 0.0011464297, 5.9604645e-08, 5.9604645e-08, 1.1920929e-07, 0.0, 5.9604645e-08, 0.0, 5.9604645e-08, 5.9604645e-08, 1.1920929e-07, 5.9604645e-08, 0.0, 0.0, 1.1920929e-07, 1.1920929e-07, 0.0, 1.1920929e-07, 5.9604645e-08, 5.9604645e-08, 1.1920929e-07, 5.9604645e-08, 5.9604645e-08, 5.9604645e-08, 5.9604645e-08, 5.9604645e-08, 5.9604645e-08, 5.9604645e-08, 1.1920929e-07, 1.1920929e-07, 0.0, 1.1920929e-07, 1.7881393e-07, 0.0, 5.9604645e-08, 0.0, 1.1920929e-07, 1.1920929e-07, 1.1920929e-07, 1.7881393e-07, 0.0, 0.0, 1.1920929e-07, 5.9604645e-08, 0.0, 5.9604645e-08, 5.9604645e-08, 5.9604645e-08, 5.9604645e-08, 5.9604645e-08, 1.1920929e-07, 5.9604645e-08, 5.9604645e-08], "var": [1.0, 1.0, 1.0, 1.0, 0.96, 0.96, 0.96, 0.88, 0.8, 0.8, 0.8, 0.72, 0.52, 0.44, 0.32, 0.2, 0.2, 0.2, 0.16, 0.16, 0.08, 0.08, 0.08, 0.04, 0.04, 0.04, 0.04, 0.04, 0.04, 0.04, 0.04, 0.04, 0.04, 0.04, 0.04, 0.04, 0.04, 0.04, 0.04, 0.04, 0.04, 0.04, 0.04, 0.04, 0.04, 0.04, 0.04, 0.04, 0.04, 0.04, 0.04, 0.04, 0.04, 0.04, 0.04, 0.04, 0.04, 0.04, 0.04, 0.04, 0.04, 0.04, 0.04, 0.04, 0.04, 0.04, 0.04, 0.04, 0.04, 0.04, 0.04, 0.04, 0.04, 0.04, 0.04], "best": [0.5102041, 0.5238687, 0.52448976, 0.5263038, 0.52810425, 0.5305122, 0.53444296, 0.5388761, 0.5430083, 0.54742414, 0.55230206, 0.55734694, 0.56216764, 0.56682366, 0.5708205, 0.57474244, 0.5794578, 0.5829277, 0.5865983, 0.58979076, 0.5926323, 0.59559, 0.5980848, 0.6003695, 0.6026732, 0.6044343, 0.6061645, 0.60769373, 0.60928, 0.61061573, 0.61227477, 0.61349905, 0.6147694, 0.61590564, 0.61692435, 0.61803627, 0.61894286, 0.6200232, 0.62078947, 0.6216398, 0.6223715, 0.6231414, 0.6239077, 0.624668, 0.62535894, 0.62592924, 0.6265046, 0.6270832, 0.6275853, 0.62814295, 0.628653, 0.6291197, 0.62961286, 0.6300227, 0.6305204, 0.6309776, 0.6314166, 0.6317844, 0.63213986, 0.6325343, 0.6329141, 0.6332174, 0.6335878, 0.63390064, 0.6342178, 0.63448346, 0.6347818, 0.6350707, 0.635338, 0.6355732, 0.63582593, 0.63605994, 0.63629895, 0.6365531, 0.6367785], "duration": [15779, 17429, 16053, 15058, 19854, 14821, 24552, 15672, 20206, 21687, 19787, 27450, 20960, 18591, 16001, 17191, 15442, 18576, 19586, 15668, 19021, 24121, 15454, 19342, 20685, 17355, 16105, 18902, 17495, 19897, 15557, 19858, 20388, 16154, 18809, 18803, 18423, 16455, 19453, 16115, 16730, 22145, 16739, 25975, 17431, 17162, 15822, 17009, 17065, 18812, 22123, 23747, 16866, 18916, 24931, 18443, 21105, 16396, 21378, 15541, 18341, 17861, 16968, 21921, 15568, 20641, 20144, 13947, 15157, 16562, 17110, 17690, 18229, 15912, 19231]}