{"avg": [0.25777778, 0.30124715, 0.29447177, 0.3166221, 0.3003067, 0.2963344, 0.28874192, 0.31502426, 0.32772642, 0.32925737, 0.31499648, 0.309127, 0.3383781, 0.30660895, 0.32126388, 0.3412657, 0.30397087, 0.324719, 0.3205729, 0.34096986, 0.33357063, 0.3553034, 0.34674838, 0.36074278, 0.3494315, 0.3515806, 0.37179932, 0.3436038, 0.3380168, 0.37423488, 0.35636476, 0.3732143, 0.35820603, 0.34742743, 0.36757094, 0.37895483, 0.37784952, 0.37111452, 0.39202517, 0.38292944, 0.3788905, 0.36648616, 0.38271096, 0.3835748, 0.37436342, 0.38259825, 0.39170548, 0.36966917, 0.39102602, 0.37725705], "std": [0.08726752, 0.051722854, 0.057810135, 0.05095001, 0.05252307, 0.04854431, 0.045390185, 0.04517298, 0.04706449, 0.05653329, 0.03698098, 0.043566547, 0.05780717, 0.070332095, 0.08836806, 0.037055295, 0.083409704, 0.06591379, 0.056411393, 0.06373379, 0.07375436, 0.052311428, 0.06600706, 0.047343668, 0.07742451, 0.054096144, 0.049162727, 0.07448885, 0.06797043, 0.056760147, 0.05515605, 0.061416678, 0.066629276, 0.07326618, 0.06497348, 0.04271248, 0.056170817, 0.055187277, 0.04290264, 0.0481786, 0.053293563, 0.06905982, 0.06603003, 0.051885486, 0.0709479, 0.065298654, 0.052074358, 0.062073164, 0.06988815, 0.07751707], "var": [1.0, 1.0, 0.98, 0.98, 0.96, 0.94, 0.92, 0.88, 0.84, 0.86, 0.86, 0.86, 0.86, 0.84, 0.84, 0.82, 0.82, 0.8, 0.76, 0.76, 0.72, 0.74, 0.74, 0.74, 0.74, 0.74, 0.72, 0.72, 0.74, 0.74, 0.72, 0.7, 0.68, 0.64, 0.6, 0.58, 0.56, 0.54, 0.54, 0.54, 0.5, 0.5, 0.5, 0.48, 0.5, 0.52, 0.52, 0.52, 0.5, 0.48], "best": [0.4333333, 0.3847619, 0.39195403, 0.44924238, 0.36143637, 0.3906667, 0.39185187, 0.3930335, 0.4486111, 0.45085156, 0.38377193, 0.36746028, 0.45174953, 0.4034566, 0.4537383, 0.405261, 0.45546448, 0.4063063, 0.4555961, 0.45624283, 0.45806098, 0.45828155, 0.45900497, 0.4607787, 0.46141303, 0.44846448, 0.4631579, 0.464257, 0.40550563, 0.46381378, 0.46564996, 0.46589795, 0.46734276, 0.45244667, 0.46692207, 0.46753407, 0.46786353, 0.46835366, 0.46837023, 0.46892932, 0.46909776, 0.46941796, 0.4699639, 0.4704431, 0.47075936, 0.4707129, 0.4719397, 0.423757, 0.47215474, 0.47300747], "duration": [42823, 39410, 42713, 46039, 39000, 45197, 39240, 45873, 39228, 39223, 39352, 39085, 39533, 45525, 39273, 39549, 39541, 39057, 39031, 39432, 39473, 39152, 46185, 46086, 39149, 39319, 46204, 39363, 39269, 39793, 45902, 39155, 39192, 39160, 39629, 52852, 39694, 39506, 46419, 39647, 46389, 39952, 39710, 39542, 39750, 39760, 39648, 39872, 40018, 46611]}