{"avg": [0.25777778, 0.2896931, 0.28779447, 0.29791665, 0.29156741, 0.30284783, 0.32048562, 0.321704, 0.31250533, 0.27027577, 0.2846297, 0.31416306, 0.30677423, 0.3059418, 0.2906228, 0.28006262, 0.30223718, 0.3031461, 0.29597548, 0.3085979, 0.30985638, 0.31080475, 0.3343355, 0.319569, 0.3347979, 0.31581777, 0.34026992, 0.3531841, 0.35253453, 0.34199756, 0.33714172, 0.32433444, 0.3466091, 0.33730346, 0.32840994, 0.32653853, 0.34534228, 0.34006053, 0.34907007, 0.35187453, 0.323262, 0.32414111, 0.3440898, 0.35584965, 0.36131594, 0.35373655, 0.35057777, 0.3208739, 0.36470246, 0.35487208], "std": [0.08572956, 0.07409099, 0.06592507, 0.055485167, 0.07393477, 0.056105264, 0.0395977, 0.046675395, 0.046214186, 0.06707626, 0.05330521, 0.041508157, 0.042429756, 0.045444492, 0.056937244, 0.05388137, 0.034733694, 0.048334766, 0.049415577, 0.04683313, 0.054597415, 0.06184906, 0.059700947, 0.057978436, 0.066058986, 0.05048866, 0.049366962, 0.057233177, 0.0575798, 0.04463045, 0.07257353, 0.04759943, 0.05986978, 0.042052962, 0.04892248, 0.054979205, 0.053157736, 0.04326449, 0.039616805, 0.055708736, 0.051364813, 0.05047571, 0.054052647, 0.051997855, 0.059735134, 0.04080995, 0.045486204, 0.046093848, 0.04844304, 0.053734142], "var": [0.98, 0.96, 0.92, 0.88, 0.88, 0.88, 0.86, 0.86, 0.88, 0.86, 0.86, 0.86, 0.86, 0.86, 0.86, 0.84, 0.82, 0.82, 0.8, 0.78, 0.74, 0.74, 0.72, 0.72, 0.7, 0.66, 0.68, 0.66, 0.66, 0.66, 0.66, 0.64, 0.62, 0.6, 0.58, 0.58, 0.56, 0.54, 0.56, 0.54, 0.52, 0.52, 0.54, 0.5, 0.48, 0.48, 0.48, 0.5, 0.52, 0.5], "best": [0.4333333, 0.46222222, 0.36396822, 0.36394557, 0.45435897, 0.45555556, 0.38628006, 0.45698002, 0.37113997, 0.3683605, 0.36903298, 0.388747, 0.36773023, 0.3900889, 0.36916506, 0.3696078, 0.3695238, 0.41239858, 0.36853442, 0.38909522, 0.450582, 0.45126644, 0.45170066, 0.45320332, 0.45439067, 0.39028034, 0.455058, 0.45529035, 0.45737326, 0.40674695, 0.4594017, 0.3777119, 0.4598256, 0.40838432, 0.40899274, 0.46152902, 0.46184525, 0.46249998, 0.38460794, 0.4623212, 0.3868742, 0.4251339, 0.46346545, 0.46334323, 0.46336246, 0.39259633, 0.46425256, 0.3952186, 0.46414006, 0.464456], "duration": [44019, 40912, 54038, 51280, 46985, 45186, 40582, 40525, 52987, 39821, 46450, 40769, 40013, 41192, 40533, 39318, 40750, 39334, 40033, 40246, 40317, 40832, 40614, 41014, 40671, 40427, 40750, 41390, 47926, 47720, 40681, 39800, 40984, 41131, 40831, 40126, 40450, 46740, 40126, 40877, 40316, 46772, 40560, 40110, 40341, 40457, 40464, 52840, 40114, 40545]}