{"avg": [0.26805556, 0.298463, 0.3068275, 0.3049927, 0.3004212, 0.307891, 0.3115918, 0.327721, 0.3145185, 0.31317857, 0.32226288, 0.32103378, 0.30865484, 0.3123877, 0.29810962, 0.3453431, 0.3348945, 0.32545176, 0.35760996, 0.31683895, 0.33954, 0.3269449, 0.3524751, 0.32690537, 0.31618476, 0.34793863, 0.37260252, 0.34036276, 0.33248037, 0.366183, 0.36109978, 0.36525953, 0.3842017, 0.37381795, 0.35859615, 0.36835858, 0.35267076, 0.37528798, 0.373565, 0.38729072, 0.37319645, 0.37469423, 0.41170567, 0.4014864, 0.38825378, 0.38432607, 0.3821231, 0.40686896, 0.3875277, 0.38892147], "std": [0.093016155, 0.07891959, 0.05122019, 0.04494384, 0.07548411, 0.075249046, 0.057796754, 0.06395471, 0.05522424, 0.0557732, 0.05367038, 0.07047342, 0.07251841, 0.04972478, 0.09626523, 0.03561689, 0.047725745, 0.05323468, 0.049811434, 0.07142263, 0.05924271, 0.06851527, 0.07632399, 0.08311947, 0.05828311, 0.05000488, 0.0650016, 0.056646805, 0.072847225, 0.06876766, 0.057021707, 0.053917907, 0.056029513, 0.07107182, 0.066190414, 0.068064734, 0.06425064, 0.06570543, 0.06848763, 0.06131292, 0.05896315, 0.06553623, 0.059482522, 0.046834543, 0.07017489, 0.06777395, 0.06427792, 0.07386874, 0.07550049, 0.07857234], "var": [0.98, 0.98, 0.98, 0.96, 0.94, 0.94, 0.92, 0.92, 0.92, 0.9, 0.88, 0.84, 0.84, 0.84, 0.84, 0.86, 0.86, 0.82, 0.84, 0.82, 0.8, 0.78, 0.78, 0.74, 0.74, 0.72, 0.74, 0.74, 0.72, 0.72, 0.7, 0.66, 0.68, 0.68, 0.64, 0.64, 0.62, 0.6, 0.62, 0.62, 0.58, 0.6, 0.6, 0.6, 0.6, 0.58, 0.54, 0.52, 0.52, 0.52], "best": [0.45416665, 0.48305556, 0.37944445, 0.36913264, 0.47585976, 0.4769309, 0.41569865, 0.4767655, 0.42003086, 0.41983333, 0.40558943, 0.4194832, 0.37836292, 0.4216195, 0.4222345, 0.42280427, 0.42490312, 0.42586997, 0.4733796, 0.42993423, 0.47429243, 0.47501257, 0.47600242, 0.43229744, 0.4328111, 0.43249145, 0.4764435, 0.43554965, 0.43675968, 0.47722098, 0.440981, 0.47780052, 0.47811678, 0.47864082, 0.47964594, 0.46271095, 0.4508246, 0.47965014, 0.48019102, 0.481017, 0.45512772, 0.45629486, 0.4867647, 0.4882252, 0.48986292, 0.4757346, 0.49178195, 0.48156703, 0.48186305, 0.46818578], "duration": [38306, 39831, 52967, 43070, 49872, 47790, 45316, 38934, 38728, 38191, 44114, 39044, 44755, 43331, 38692, 38804, 38854, 45744, 39830, 38638, 39436, 39126, 46264, 38472, 37902, 43748, 39250, 46330, 39292, 52742, 39094, 46062, 39756, 46443, 39679, 46960, 39453, 39540, 39983, 39491, 39392, 39556, 40021, 39388, 39855, 39120, 52490, 39420, 39413, 39134]}