{"avg": [0.26813188, 0.3011447, 0.31112045, 0.31691796, 0.33841005, 0.34054872, 0.3645926, 0.38842744, 0.38216755, 0.41596925, 0.4079869, 0.42349303, 0.42658776, 0.43150085, 0.43705586, 0.44687262, 0.4626415, 0.4502547, 0.46381578, 0.47463524, 0.49653885, 0.49891913, 0.5211271, 0.54930335, 0.51515627, 0.55989796, 0.55737233, 0.5248908, 0.5440425, 0.5319306, 0.55779886, 0.5422177, 0.563837, 0.5918954, 0.5863036, 0.61247754, 0.58932734, 0.59619004, 0.5889505, 0.610671, 0.6194598, 0.6395018, 0.61542547, 0.61227787, 0.58445174, 0.5875266, 0.61044014, 0.6215444, 0.59554344, 0.6480848], "std": [0.06789514, 0.063171886, 0.062077194, 0.06714411, 0.07160788, 0.07064292, 0.07714949, 0.06871423, 0.07629106, 0.06587032, 0.088532664, 0.078924775, 0.08057813, 0.081571266, 0.09310436, 0.0978402, 0.09742591, 0.11008668, 0.11418828, 0.11804008, 0.10952098, 0.1207448, 0.1182805, 0.10495382, 0.1370004, 0.10969267, 0.11661064, 0.14746018, 0.13399652, 0.14698258, 0.1367586, 0.14398059, 0.1397743, 0.11845458, 0.12201948, 0.10478334, 0.13125837, 0.12970087, 0.13454603, 0.12367759, 0.12027983, 0.09659154, 0.12630767, 0.13105926, 0.15667757, 0.15582646, 0.13868056, 0.128666, 0.15092187, 0.104177386], "var": [0.92, 0.9, 0.86, 0.84, 0.74, 0.7, 0.68, 0.68, 0.68, 0.64, 0.56, 0.62, 0.62, 0.54, 0.46, 0.38, 0.36, 0.3, 0.24, 0.22, 0.16, 0.16, 0.14, 0.12, 0.12, 0.08, 0.1, 0.1, 0.1, 0.08, 0.08, 0.06, 0.06, 0.08, 0.08, 0.08, 0.06, 0.06, 0.04, 0.04, 0.04, 0.04, 0.04, 0.04, 0.04, 0.04, 0.04, 0.04, 0.04, 0.04], "best": [0.4333333, 0.45213675, 0.5097649, 0.4608333, 0.51719576, 0.46833333, 0.5237308, 0.5300405, 0.48488608, 0.5394688, 0.5442751, 0.5495345, 0.5541063, 0.5578088, 0.56133705, 0.56492275, 0.56930965, 0.5751464, 0.57972544, 0.58487767, 0.58986, 0.59545475, 0.6011633, 0.60735554, 0.61393815, 0.6181818, 0.6232825, 0.6278228, 0.6308669, 0.6342543, 0.63709503, 0.6405243, 0.6429578, 0.6456331, 0.6495091, 0.6526907, 0.6564725, 0.6591465, 0.6614499, 0.66363496, 0.66627854, 0.66881293, 0.67163086, 0.6739083, 0.67605466, 0.67738557, 0.6786585, 0.680381, 0.6820183, 0.68325776], "duration": [165527, 177008, 197250, 181764, 181347, 195836, 187814, 184374, 218141, 166923, 199387, 173062, 168899, 203456, 175097, 182825, 182137, 188797, 188761, 169086, 168816, 196234, 188591, 182720, 161801, 162738, 169866, 175845, 183297, 210022, 203122, 182533, 162466, 202480, 196437, 190068, 210149, 162190, 168542, 162279, 162608, 210240, 176837, 230932, 203273, 168719, 196116, 182802, 229599, 183189]}