{"avg": [0.26251853, 0.29407406, 0.29947367, 0.291461, 0.2915177, 0.3005054, 0.31338295, 0.32346848, 0.3141893, 0.31826982, 0.31674382, 0.30908388, 0.31626493, 0.3134576, 0.3129824, 0.36913192, 0.32617816, 0.34635723, 0.35025987, 0.3393054, 0.36522818, 0.34239706, 0.33866802, 0.36626756, 0.36446667, 0.37112328, 0.37992486, 0.3825504, 0.40491414, 0.3789933, 0.40493074, 0.36391205, 0.38162628, 0.40001902, 0.4203402, 0.42102867, 0.40105602, 0.4211981, 0.42037222, 0.3984914, 0.41989502, 0.3922816, 0.4076375, 0.43642586, 0.3881306, 0.37764147, 0.43221715, 0.43270698, 0.44796595, 0.44432768], "std": [0.08779275, 0.074500985, 0.04948121, 0.050017536, 0.07568252, 0.074876584, 0.05821295, 0.04859922, 0.08165237, 0.07657004, 0.07700154, 0.079750896, 0.06965032, 0.06277145, 0.10148574, 0.068970054, 0.04620474, 0.04769654, 0.0678106, 0.060899127, 0.066579886, 0.070129976, 0.05476732, 0.086543426, 0.06237784, 0.07552803, 0.060559817, 0.06428171, 0.06911257, 0.0696504, 0.06537205, 0.08484934, 0.07328685, 0.07875902, 0.07169108, 0.08205768, 0.08013815, 0.07476977, 0.06987143, 0.09120986, 0.06653878, 0.09431022, 0.09545653, 0.06844467, 0.09520046, 0.08486968, 0.07696648, 0.0894786, 0.08529939, 0.08298051], "var": [0.98, 0.98, 0.98, 0.96, 0.94, 0.94, 0.92, 0.92, 0.92, 0.9, 0.88, 0.86, 0.84, 0.82, 0.8, 0.78, 0.76, 0.76, 0.74, 0.74, 0.76, 0.74, 0.72, 0.7, 0.68, 0.64, 0.62, 0.62, 0.62, 0.6, 0.56, 0.56, 0.52, 0.48, 0.46, 0.46, 0.46, 0.44, 0.44, 0.44, 0.44, 0.44, 0.4, 0.38, 0.36, 0.38, 0.36, 0.34, 0.3, 0.3], "best": [0.43777776, 0.46666667, 0.36777773, 0.36385486, 0.45947087, 0.460542, 0.40653202, 0.40926555, 0.4590123, 0.4611111, 0.461355, 0.42485878, 0.41347083, 0.46245727, 0.46230054, 0.46333334, 0.4197396, 0.42109492, 0.46646532, 0.4668207, 0.4684823, 0.46960506, 0.43044063, 0.4702892, 0.47314763, 0.47219443, 0.47471687, 0.4748234, 0.47500622, 0.47819713, 0.47878194, 0.48145592, 0.48248363, 0.48338184, 0.48536184, 0.4866785, 0.49029076, 0.49200073, 0.49470165, 0.49628446, 0.4975065, 0.49859202, 0.4993277, 0.5008487, 0.502685, 0.5038392, 0.5043531, 0.5060552, 0.5080362, 0.5107507], "duration": [43189, 40123, 52857, 38029, 45026, 47864, 45741, 38841, 38448, 39447, 39036, 39583, 39188, 45813, 39488, 39997, 45913, 43779, 39904, 39156, 39488, 39267, 38898, 46528, 39834, 39815, 46451, 39822, 46548, 46733, 46983, 39684, 39744, 46310, 40241, 40555, 39835, 40308, 46571, 40164, 39462, 40025, 40148, 40530, 39167, 39904, 54080, 40575, 40624, 53342]}