{"avg": [0.171875, 0.1849603, 0.21341893, 0.2101552, 0.22247355, 0.22417201, 0.2282494, 0.21361609, 0.22939824, 0.2329522, 0.22641706, 0.2291957, 0.21214725, 0.28564483, 0.22425742, 0.2168769, 0.23821855, 0.25115612, 0.24732248, 0.26744255, 0.24741055, 0.2596049, 0.2882667, 0.2374138, 0.271934, 0.2693362, 0.2561944, 0.25806484, 0.27993196, 0.26834738, 0.30795294, 0.2649184, 0.35929105, 0.30300754, 0.32709605, 0.33303946, 0.31334186, 0.2883219, 0.23759755, 0.3283342, 0.30495897, 0.34259015, 0.3535932, 0.34223202, 0.33608407, 0.33760995, 0.30913094, 0.33910367, 0.26695696, 0.27119428], "std": [0.12198524, 0.14192419, 0.11271455, 0.103978954, 0.116753384, 0.089034356, 0.10131436, 0.08864059, 0.13103166, 0.09983117, 0.12274912, 0.08928821, 0.072969005, 0.10309987, 0.11705155, 0.09419823, 0.10532219, 0.097988725, 0.09913883, 0.0800923, 0.081268944, 0.091719195, 0.108640894, 0.08172624, 0.09621957, 0.10137171, 0.10341895, 0.12143348, 0.11387789, 0.110555634, 0.07774213, 0.13802604, 0.062903516, 0.1182958, 0.0684453, 0.080135874, 0.11519713, 0.120106496, 0.12962441, 0.095367014, 0.14061543, 0.08518682, 0.09484716, 0.074417435, 0.13370429, 0.11281685, 0.16554701, 0.11044481, 0.144933, 0.16958916], "var": [1.0, 1.0, 1.0, 1.0, 1.0, 0.98, 0.96, 0.96, 0.96, 0.98, 0.96, 0.94, 0.92, 0.92, 0.92, 0.9, 0.9, 0.9, 0.9, 0.86, 0.84, 0.84, 0.84, 0.82, 0.82, 0.82, 0.82, 0.82, 0.82, 0.8, 0.82, 0.8, 0.8, 0.8, 0.78, 0.76, 0.74, 0.74, 0.76, 0.74, 0.72, 0.74, 0.74, 0.72, 0.74, 0.76, 0.74, 0.74, 0.74, 0.76], "best": [0.3452381, 0.38720238, 0.3970814, 0.37857142, 0.37079367, 0.3657509, 0.395846, 0.3702381, 0.365937, 0.39631882, 0.36781874, 0.368435, 0.36446205, 0.39654112, 0.3710097, 0.36821684, 0.39675584, 0.498163, 0.3702381, 0.37179366, 0.39651498, 0.39751926, 0.37342858, 0.37199607, 0.40446118, 0.3728763, 0.3735112, 0.39722967, 0.40044072, 0.39874962, 0.40602303, 0.4026293, 0.4036797, 0.5022941, 0.40742114, 0.40602776, 0.404151, 0.5044526, 0.38151097, 0.40618202, 0.50473934, 0.5061956, 0.5069173, 0.4132136, 0.50990534, 0.5078037, 0.5133542, 0.5123464, 0.41621557, 0.5137389], "duration": [6208, 7239, 6544, 5272, 7597, 7600, 5994, 5894, 6486, 5895, 4861, 6587, 6604, 7593, 7636, 5948, 5942, 6682, 6721, 6735, 7151, 6619, 6557, 5994, 6017, 6482, 6579, 6757, 6858, 6794, 6784, 6839, 6845, 8121, 6361, 6532, 6578, 6726, 5996, 6344, 6267, 6345, 8462, 6315, 7345, 6616, 6694, 6652, 6383, 6358]}