{"avg": [0.2713889, 0.30124074, 0.3068275, 0.3079689, 0.30480716, 0.30544, 0.32067606, 0.33064145, 0.31911933, 0.32565075, 0.323929, 0.32618254, 0.30993074, 0.32828867, 0.3160161, 0.32195258, 0.3287107, 0.3222671, 0.35871273, 0.35556763, 0.36798206, 0.34502596, 0.342928, 0.34437573, 0.3540425, 0.3468879, 0.3880035, 0.34365192, 0.36837643, 0.36292413, 0.32744837, 0.3584888, 0.3761434, 0.37247476, 0.3642157, 0.3691518, 0.37391332, 0.39204878, 0.35390434, 0.3762905, 0.37097913, 0.40276173, 0.39599237, 0.40248445, 0.4165262, 0.4172132, 0.40082565, 0.39580873, 0.40216166, 0.3825669], "std": [0.08986701, 0.07792123, 0.05122019, 0.040755082, 0.074367076, 0.08099943, 0.059956368, 0.05012316, 0.08473436, 0.079133324, 0.08061806, 0.06679079, 0.08027813, 0.0347736, 0.07196392, 0.053459637, 0.05015173, 0.07723639, 0.0356418, 0.06575557, 0.071475804, 0.051985957, 0.05194597, 0.07050779, 0.06305036, 0.08689977, 0.03798894, 0.09914116, 0.06935295, 0.08325814, 0.0944115, 0.07521535, 0.08418861, 0.059932835, 0.072031714, 0.061383996, 0.0739001, 0.07017108, 0.08450882, 0.08072524, 0.077975675, 0.06572737, 0.069393024, 0.07052101, 0.06909741, 0.070227005, 0.07692028, 0.07267741, 0.08166564, 0.08455894], "var": [0.98, 0.98, 0.98, 0.96, 0.94, 0.94, 0.92, 0.92, 0.92, 0.9, 0.88, 0.86, 0.86, 0.86, 0.86, 0.84, 0.82, 0.82, 0.8, 0.76, 0.78, 0.8, 0.78, 0.78, 0.76, 0.76, 0.76, 0.76, 0.76, 0.74, 0.72, 0.74, 0.74, 0.7, 0.66, 0.64, 0.64, 0.64, 0.64, 0.64, 0.64, 0.64, 0.62, 0.58, 0.58, 0.62, 0.62, 0.58, 0.6, 0.58], "best": [0.45416665, 0.48305556, 0.37944445, 0.36913264, 0.47585976, 0.4769309, 0.41569865, 0.4184322, 0.4751543, 0.47727776, 0.47754064, 0.4788371, 0.42143473, 0.37626985, 0.422382, 0.42319444, 0.42216277, 0.47651097, 0.42293832, 0.47711745, 0.47816667, 0.42759803, 0.4289799, 0.4289874, 0.47871447, 0.47916666, 0.4317857, 0.48016056, 0.48173502, 0.43402037, 0.43566737, 0.48211277, 0.48229167, 0.4403409, 0.48241422, 0.48261905, 0.47818288, 0.48295453, 0.4467335, 0.48387912, 0.44736263, 0.4845247, 0.4852351, 0.4534483, 0.48590824, 0.48649266, 0.48862004, 0.48921502, 0.48982254, 0.46030867], "duration": [43101, 39866, 52677, 42901, 49750, 47948, 45800, 38708, 38339, 39577, 38999, 39003, 51970, 45051, 38365, 42928, 43225, 38968, 38799, 65690, 39709, 38807, 39060, 39396, 46334, 39484, 39285, 39852, 46052, 45751, 38618, 39575, 39337, 39488, 39454, 39620, 46334, 39279, 39756, 46583, 45242, 39428, 52192, 39581, 52869, 40280, 40041, 39230, 39385, 39349]}