{"avg": [0.2713889, 0.298463, 0.3046345, 0.29904035, 0.2999826, 0.302989, 0.31848308, 0.33064145, 0.3218971, 0.32862696, 0.323929, 0.32373154, 0.3125349, 0.32828867, 0.3160161, 0.32195258, 0.33131483, 0.3222671, 0.35871273, 0.35140097, 0.36520427, 0.337673, 0.342928, 0.34437573, 0.35159153, 0.3468879, 0.38539934, 0.34669724, 0.36838913, 0.3421383, 0.3399428, 0.3676828, 0.36571416, 0.3760955, 0.37690443, 0.37469253, 0.35362273, 0.3894874, 0.37455246, 0.3684115, 0.38057148, 0.36560833, 0.39630383, 0.40146315, 0.37586865, 0.36085996, 0.37611416, 0.36619118, 0.36393774, 0.37880275], "std": [0.08986701, 0.08030555, 0.05133461, 0.041843653, 0.07634845, 0.07948608, 0.05886141, 0.05012316, 0.08429057, 0.07388733, 0.08061806, 0.07059663, 0.077728756, 0.0347736, 0.07196392, 0.053459637, 0.04410254, 0.07723639, 0.036760867, 0.072140194, 0.07707837, 0.05442828, 0.05194597, 0.06565255, 0.06098482, 0.08689977, 0.03628846, 0.11456026, 0.07460881, 0.109985895, 0.08454187, 0.09236474, 0.095901646, 0.0689056, 0.078628525, 0.081187345, 0.08494831, 0.06478413, 0.08800195, 0.07050483, 0.08999414, 0.103006504, 0.061322365, 0.08941236, 0.11216179, 0.07967152, 0.11489139, 0.13270852, 0.10344362, 0.12948892], "var": [0.98, 0.98, 0.98, 0.96, 0.94, 0.94, 0.92, 0.92, 0.92, 0.9, 0.88, 0.86, 0.86, 0.86, 0.86, 0.84, 0.82, 0.82, 0.8, 0.76, 0.78, 0.8, 0.78, 0.78, 0.76, 0.76, 0.76, 0.74, 0.74, 0.72, 0.72, 0.72, 0.7, 0.68, 0.68, 0.66, 0.66, 0.66, 0.66, 0.62, 0.62, 0.6, 0.6, 0.58, 0.58, 0.58, 0.6, 0.64, 0.64, 0.66], "best": [0.45416665, 0.48305556, 0.37944445, 0.36913264, 0.47585976, 0.4769309, 0.41569865, 0.4184322, 0.4751543, 0.47727776, 0.47754064, 0.4788371, 0.42143473, 0.37626985, 0.422382, 0.42319444, 0.42216277, 0.47651097, 0.42293832, 0.47711745, 0.47816667, 0.42759803, 0.4289799, 0.42585126, 0.47871447, 0.47916666, 0.42932537, 0.48016056, 0.4822524, 0.48286045, 0.48348057, 0.48378876, 0.48456454, 0.48623493, 0.4863336, 0.4875596, 0.48860145, 0.48885593, 0.49041048, 0.4914657, 0.49141237, 0.44864917, 0.45100915, 0.4929748, 0.4938537, 0.49482498, 0.49482152, 0.49576628, 0.497255, 0.4976673], "duration": [42852, 39520, 52389, 42594, 44570, 47479, 45059, 38233, 38096, 39030, 38605, 38579, 51581, 44814, 38074, 42587, 42960, 38626, 38483, 65208, 39478, 38461, 38746, 39007, 45751, 38994, 38854, 38889, 45897, 38765, 38568, 39501, 39220, 39462, 38993, 38966, 38599, 38780, 38880, 45150, 45355, 38639, 38700, 38877, 45515, 39355, 39045, 39143, 39021, 38809]}