{"avg": [0.27333334, 0.30318516, 0.30953217, 0.30677843, 0.3097048, 0.30625698, 0.3246212, 0.32437035, 0.33100963, 0.31912735, 0.3205038, 0.31257284, 0.30855379, 0.3350305, 0.32091314, 0.2973354, 0.31500155, 0.32872897, 0.35067824, 0.3578993, 0.31281385, 0.3398495, 0.36001295, 0.33173826, 0.3135812, 0.35223305, 0.32242832, 0.31985664, 0.35430673, 0.35458827, 0.3342033, 0.35886815, 0.3779341, 0.35919774, 0.38290462, 0.37335497, 0.36989868, 0.3649054, 0.33425057, 0.3792326, 0.36623514, 0.38467735, 0.3671953, 0.37346205, 0.39512038, 0.40349832, 0.399834, 0.37693146, 0.38598552, 0.4077691], "std": [0.090226054, 0.078303896, 0.05072741, 0.045876443, 0.074347176, 0.076314084, 0.05701576, 0.06869075, 0.049623378, 0.056686357, 0.044882327, 0.06235844, 0.067707665, 0.06696053, 0.059965026, 0.07445087, 0.07404332, 0.08640552, 0.060503803, 0.036295485, 0.07302737, 0.0844424, 0.04933235, 0.07486624, 0.086596765, 0.06931454, 0.052173324, 0.046052363, 0.06554692, 0.05729235, 0.07458546, 0.07124204, 0.04790377, 0.06406252, 0.03949738, 0.0893683, 0.08985416, 0.080174774, 0.094722494, 0.060567074, 0.08366757, 0.047897097, 0.09167747, 0.05795527, 0.073056616, 0.063726515, 0.043539368, 0.078214236, 0.06813913, 0.06680202], "var": [0.98, 0.98, 0.98, 0.96, 0.94, 0.94, 0.92, 0.92, 0.9, 0.9, 0.86, 0.84, 0.84, 0.84, 0.82, 0.8, 0.8, 0.78, 0.78, 0.78, 0.78, 0.8, 0.8, 0.78, 0.76, 0.76, 0.76, 0.76, 0.74, 0.74, 0.76, 0.72, 0.72, 0.7, 0.66, 0.66, 0.66, 0.66, 0.64, 0.66, 0.66, 0.62, 0.62, 0.62, 0.58, 0.58, 0.6, 0.62, 0.6, 0.6], "best": [0.45555553, 0.4844444, 0.38222227, 0.3760771, 0.47724864, 0.47831976, 0.41986534, 0.4787439, 0.42461538, 0.42374432, 0.4087647, 0.42424247, 0.3813933, 0.47929537, 0.4248869, 0.42407408, 0.42417002, 0.4247475, 0.4271207, 0.42713964, 0.38450858, 0.48187664, 0.48206624, 0.38650796, 0.4273713, 0.427013, 0.4254364, 0.3881295, 0.42678985, 0.48278764, 0.42792025, 0.4830797, 0.4851704, 0.4862505, 0.43195748, 0.48815894, 0.48977694, 0.43695402, 0.43758392, 0.4924895, 0.49382517, 0.4390609, 0.49383834, 0.4408889, 0.49696818, 0.49921417, 0.44542935, 0.5017512, 0.5030289, 0.50434023], "duration": [43202, 39982, 52844, 43007, 49971, 47819, 39302, 38680, 45147, 39466, 38989, 38296, 38333, 38946, 39790, 38665, 39139, 46355, 39413, 46500, 39072, 45886, 39478, 39602, 38872, 39882, 38824, 45433, 40135, 53131, 39535, 46454, 46622, 39829, 39669, 40054, 39488, 39620, 39538, 40244, 46692, 39638, 40088, 39809, 40145, 40225, 43495, 46327, 40282, 40252]}