{"avg": [0.2663248, 0.29592025, 0.30377418, 0.2966136, 0.29996577, 0.30012324, 0.31746757, 0.32568067, 0.31515417, 0.3294933, 0.3231347, 0.3011402, 0.33219194, 0.3362745, 0.3217997, 0.31747615, 0.33413908, 0.3113174, 0.32931343, 0.35984766, 0.35257483, 0.34770823, 0.32767195, 0.3432197, 0.32290387, 0.3487179, 0.33970174, 0.3583854, 0.34402964, 0.37256128, 0.3769331, 0.3601002, 0.35493392, 0.35088718, 0.37285984, 0.35952792, 0.37853327, 0.3499077, 0.40398172, 0.3717991, 0.37445548, 0.3885489, 0.38652015, 0.4083442, 0.4029733, 0.3556873, 0.3878058, 0.40939775, 0.41063085, 0.41800803], "std": [0.08762015, 0.07603299, 0.05097117, 0.049172107, 0.072676405, 0.080207415, 0.053938236, 0.050222337, 0.08262315, 0.07102004, 0.077179104, 0.06609466, 0.043214004, 0.06522377, 0.06774938, 0.06945597, 0.05051083, 0.082586356, 0.07578304, 0.05876527, 0.08832285, 0.062149487, 0.06434635, 0.06713286, 0.07769747, 0.06362544, 0.07365265, 0.08139558, 0.054117925, 0.082800254, 0.07216382, 0.07179315, 0.06996816, 0.07304794, 0.073825136, 0.071650624, 0.0827293, 0.10686273, 0.075429514, 0.06619127, 0.075500004, 0.1098266, 0.105564415, 0.08180377, 0.08505638, 0.077105194, 0.072656155, 0.07205098, 0.08414371, 0.07463098], "var": [0.98, 0.98, 0.98, 0.96, 0.94, 0.94, 0.92, 0.92, 0.92, 0.9, 0.9, 0.88, 0.88, 0.86, 0.84, 0.84, 0.82, 0.84, 0.82, 0.84, 0.82, 0.8, 0.8, 0.8, 0.78, 0.76, 0.74, 0.72, 0.7, 0.7, 0.7, 0.68, 0.64, 0.64, 0.6, 0.6, 0.58, 0.58, 0.58, 0.58, 0.54, 0.54, 0.54, 0.54, 0.52, 0.5, 0.48, 0.48, 0.48, 0.48], "best": [0.44358978, 0.47247866, 0.37239313, 0.366248, 0.4652829, 0.466354, 0.40960893, 0.41234246, 0.46482432, 0.4662564, 0.46676052, 0.3761408, 0.39632568, 0.46602568, 0.46714532, 0.46795952, 0.46875444, 0.46973598, 0.47077653, 0.4712375, 0.4718856, 0.47426462, 0.4752662, 0.47608745, 0.477012, 0.47700834, 0.47799042, 0.47873986, 0.47883442, 0.48895332, 0.48185873, 0.48425367, 0.484641, 0.48506263, 0.48602542, 0.48675215, 0.48720238, 0.48937985, 0.49050334, 0.4923035, 0.4928443, 0.49390128, 0.4958694, 0.49814418, 0.5006503, 0.50279164, 0.50323164, 0.503933, 0.5052985, 0.50705296], "duration": [43279, 40143, 53024, 43126, 50030, 43390, 45675, 38755, 38940, 39647, 38936, 38884, 39406, 38825, 39157, 38658, 45642, 38739, 39218, 39305, 46800, 39027, 38646, 39891, 38758, 39120, 46301, 39414, 45957, 39962, 39364, 45536, 39502, 39590, 39224, 39432, 39611, 39918, 39957, 40008, 39832, 46410, 52907, 46692, 40573, 45928, 38878, 40168, 39639, 40569]}