{"avg": [0.19885714, 0.23163177, 0.23830576, 0.23180757, 0.23460321, 0.23720023, 0.24961343, 0.2599829, 0.25182322, 0.26356873, 0.24957712, 0.24092066, 0.26134112, 0.2599167, 0.24035008, 0.2550329, 0.26902875, 0.29194573, 0.2643491, 0.2641842, 0.26683834, 0.2606917, 0.27519715, 0.25729084, 0.27888578, 0.24214104, 0.26211652, 0.2849072, 0.28643158, 0.28724775, 0.28200945, 0.2793824, 0.29461053, 0.30803433, 0.26885158, 0.29829004, 0.31097734, 0.29187936, 0.3053532, 0.30907133, 0.31280923, 0.28435916, 0.31809014, 0.26615706, 0.2949434, 0.28523305, 0.30944815, 0.31751105, 0.3001098, 0.33175415], "std": [0.072226405, 0.059293028, 0.03892053, 0.04011718, 0.058374096, 0.061443493, 0.042453323, 0.038381517, 0.062875465, 0.053854246, 0.050810307, 0.040268652, 0.037898064, 0.060670104, 0.063727394, 0.03715731, 0.05681105, 0.036778234, 0.032660283, 0.048489753, 0.046663437, 0.041731894, 0.049969845, 0.041553948, 0.05913109, 0.045733932, 0.06443814, 0.046289016, 0.05236193, 0.05222661, 0.068507954, 0.04666858, 0.063733384, 0.049846735, 0.06316004, 0.042351697, 0.04591537, 0.053879425, 0.059476625, 0.06627851, 0.04753075, 0.08367013, 0.0499444, 0.07706943, 0.067222185, 0.06528501, 0.064571455, 0.05300649, 0.06866872, 0.055715613], "var": [0.98, 0.98, 0.98, 0.96, 0.94, 0.94, 0.92, 0.92, 0.88, 0.88, 0.88, 0.86, 0.86, 0.84, 0.82, 0.82, 0.82, 0.78, 0.76, 0.76, 0.74, 0.74, 0.72, 0.72, 0.68, 0.66, 0.66, 0.66, 0.66, 0.7, 0.66, 0.7, 0.72, 0.7, 0.68, 0.66, 0.64, 0.64, 0.6, 0.6, 0.62, 0.58, 0.58, 0.56, 0.58, 0.58, 0.58, 0.56, 0.58, 0.58], "best": [0.34, 0.37466666, 0.29676193, 0.28938776, 0.36603177, 0.36731708, 0.32098123, 0.3242615, 0.3654815, 0.36736843, 0.29624787, 0.32869843, 0.32897958, 0.36552382, 0.33307207, 0.33346087, 0.36583656, 0.3672059, 0.33924812, 0.36794704, 0.3687697, 0.34028488, 0.36890176, 0.3437727, 0.36878306, 0.31224594, 0.34537816, 0.3462723, 0.36765766, 0.36832243, 0.3774113, 0.3532719, 0.36926073, 0.38037878, 0.35967436, 0.36005622, 0.3725565, 0.38358715, 0.38448107, 0.38589746, 0.37438378, 0.37470323, 0.38788062, 0.3645113, 0.42411608, 0.38909346, 0.37676713, 0.37796247, 0.42711473, 0.42795366], "duration": [38185, 39829, 52691, 37923, 49691, 47742, 45667, 38695, 44834, 39743, 37284, 38813, 39118, 38925, 39333, 45837, 39242, 39597, 38455, 43468, 39002, 45577, 38937, 44900, 39495, 38569, 44185, 52068, 43330, 53268, 46115, 38941, 39604, 51335, 46185, 39264, 44632, 44510, 51408, 39876, 44619, 40038, 44760, 39488, 39220, 38036, 51379, 39716, 44158, 39856]}