{"avg": [0.26031747, 0.28715342, 0.29708436, 0.2902818, 0.2928711, 0.29402545, 0.31064278, 0.320574, 0.31279385, 0.32797393, 0.30525985, 0.29482475, 0.3201743, 0.33182698, 0.3049238, 0.29746783, 0.30610135, 0.3168365, 0.30275834, 0.29979444, 0.32880276, 0.31936395, 0.31263864, 0.31925523, 0.33735293, 0.3332277, 0.33134156, 0.30691454, 0.34455472, 0.34390804, 0.33463812, 0.32902685, 0.3575902, 0.31532708, 0.33513388, 0.32761443, 0.35017323, 0.3482153, 0.34012905, 0.36599845, 0.3345545, 0.36531708, 0.38437423, 0.37091288, 0.35546067, 0.3967407, 0.35677838, 0.3794147, 0.3684468, 0.36721447], "std": [0.08539034, 0.07502672, 0.04982655, 0.041381273, 0.071457215, 0.073289685, 0.052799568, 0.0491792, 0.07701867, 0.06492253, 0.06324563, 0.049345482, 0.06523052, 0.06008574, 0.070135094, 0.06955723, 0.071935296, 0.058153037, 0.058601227, 0.07265852, 0.048339225, 0.07030508, 0.06405388, 0.04388267, 0.05777614, 0.051526602, 0.057923414, 0.06740692, 0.050596636, 0.04904397, 0.05706289, 0.05647569, 0.044442717, 0.07334963, 0.06250069, 0.05731007, 0.060549747, 0.038914558, 0.070758685, 0.054536443, 0.071475975, 0.0598614, 0.054423068, 0.07835358, 0.06480303, 0.06642259, 0.0838134, 0.0789224, 0.0870832, 0.079121746], "var": [0.98, 0.98, 0.98, 0.96, 0.94, 0.94, 0.92, 0.92, 0.88, 0.88, 0.88, 0.86, 0.84, 0.82, 0.82, 0.8, 0.8, 0.8, 0.8, 0.78, 0.78, 0.74, 0.74, 0.74, 0.74, 0.72, 0.7, 0.68, 0.68, 0.68, 0.68, 0.66, 0.62, 0.6, 0.6, 0.6, 0.58, 0.62, 0.62, 0.6, 0.62, 0.64, 0.66, 0.64, 0.6, 0.62, 0.62, 0.62, 0.58, 0.6], "best": [0.4333333, 0.46222222, 0.36396822, 0.3578231, 0.45502642, 0.45609757, 0.40081772, 0.40355125, 0.45456788, 0.4561403, 0.36353984, 0.36396825, 0.455102, 0.45581758, 0.39028823, 0.40608904, 0.4551282, 0.45648482, 0.36370704, 0.40576112, 0.45678234, 0.40786004, 0.41152382, 0.41310498, 0.41324136, 0.457, 0.41628894, 0.4254634, 0.4571106, 0.426675, 0.42850065, 0.421784, 0.42225674, 0.43087468, 0.42380068, 0.42481205, 0.43098602, 0.42709306, 0.43452576, 0.4361349, 0.4316359, 0.43891445, 0.44015038, 0.47490898, 0.44033894, 0.47709337, 0.47839785, 0.45492578, 0.45527592, 0.45556995], "duration": [42938, 39842, 52785, 42934, 44976, 47755, 45703, 38531, 44862, 39800, 37220, 38244, 45880, 39635, 44877, 38490, 38586, 39857, 38930, 38546, 45887, 45859, 39189, 38185, 39681, 39173, 38944, 38357, 39428, 39254, 45227, 39209, 39382, 39824, 38290, 39151, 39025, 39444, 45561, 39423, 39506, 40074, 39008, 39612, 39054, 40139, 39257, 39473, 39430, 39569]}