{"avg": [0.26031747, 0.3186813, 0.28445375, 0.29491404, 0.26825723, 0.32914865, 0.30888888, 0.27323267, 0.27433866, 0.29993647, 0.30173725, 0.33166674, 0.3111074, 0.31126103, 0.34072194, 0.3233724, 0.32778066, 0.3203108, 0.33361834, 0.35107204, 0.32911983, 0.34245333, 0.32853773, 0.33644438, 0.3325849, 0.3624479, 0.36317363, 0.34514093, 0.33568904, 0.3426569, 0.34928197, 0.35995892, 0.36193392, 0.34548727, 0.34548247, 0.3440649, 0.35086268, 0.3425926, 0.36969826, 0.35229248, 0.33339885, 0.36921418, 0.3603339, 0.3625457, 0.3592781, 0.339424, 0.36863923, 0.3601754, 0.36529034, 0.37322357], "std": [0.08539034, 0.051149976, 0.06724993, 0.048736945, 0.07912526, 0.063547984, 0.053105805, 0.052915175, 0.06947669, 0.038803764, 0.06456826, 0.05485436, 0.04698168, 0.042345867, 0.049365137, 0.06727589, 0.054299917, 0.05631255, 0.057097122, 0.05300849, 0.047714, 0.06189724, 0.06371103, 0.04646809, 0.0538411, 0.044170577, 0.06170269, 0.05296707, 0.038055412, 0.07432029, 0.059459206, 0.033667088, 0.06051604, 0.06189896, 0.045152713, 0.04992055, 0.06119712, 0.061251815, 0.06637768, 0.051948294, 0.053448353, 0.0672476, 0.06811336, 0.06595737, 0.06832114, 0.057560153, 0.0641783, 0.054607023, 0.056656882, 0.06532522], "var": [0.98, 0.96, 0.96, 0.96, 0.94, 0.92, 0.94, 0.92, 0.9, 0.9, 0.88, 0.88, 0.84, 0.84, 0.84, 0.84, 0.84, 0.86, 0.86, 0.84, 0.8, 0.8, 0.8, 0.78, 0.8, 0.78, 0.8, 0.84, 0.84, 0.84, 0.82, 0.82, 0.82, 0.82, 0.78, 0.78, 0.78, 0.8, 0.78, 0.78, 0.78, 0.76, 0.72, 0.72, 0.7, 0.7, 0.7, 0.7, 0.72, 0.74], "best": [0.4333333, 0.46222222, 0.35476187, 0.38402116, 0.45300543, 0.45497835, 0.3656832, 0.35718736, 0.3620635, 0.3643386, 0.4533333, 0.45436504, 0.40918556, 0.41022483, 0.41646448, 0.45438597, 0.4550964, 0.38719085, 0.45535278, 0.45743942, 0.41548792, 0.45794392, 0.45998034, 0.41454127, 0.46057346, 0.46066836, 0.4620098, 0.4634281, 0.42440474, 0.46388277, 0.46531913, 0.41855767, 0.46580172, 0.46627906, 0.4189669, 0.42656043, 0.46714115, 0.46735868, 0.4677852, 0.46846995, 0.4241128, 0.46786082, 0.4686005, 0.4693532, 0.47045124, 0.47124645, 0.47123098, 0.47210976, 0.4723759, 0.4724731], "duration": [42992, 39629, 45691, 38945, 50843, 44160, 38775, 38579, 37160, 38847, 43868, 46204, 38930, 38532, 39824, 39090, 38982, 39203, 46333, 39673, 44948, 46362, 39441, 46561, 46064, 46709, 39557, 39023, 38812, 38889, 39596, 40018, 39623, 50510, 44523, 49308, 51127, 45942, 49588, 53788, 48926, 54488, 48970, 44673, 55481, 49461, 62263, 50979, 44237, 44615]}