{"avg": [0.23809524, 0.24425395, 0.22793652, 0.24368858, 0.27608097, 0.19479017, 0.2391572, 0.26185897, 0.29046094, 0.34075466, 0.3187722, 0.2460915, 0.3860972, 0.35870308, 0.36901098, 0.28523195, 0.37237486, 0.2781378, 0.37959743, 0.27395588, 0.3988815, 0.3200983, 0.41493624, 0.29043427, 0.42931625, 0.41913998, 0.40038028, 0.46896964, 0.46906617, 0.37695232, 0.36851102, 0.4316103, 0.4597026, 0.40140978, 0.3847972, 0.42218712, 0.4050772, 0.44066146, 0.41459355, 0.41145113, 0.47086748, 0.46259746, 0.5029833, 0.4621285, 0.37156317, 0.42677754, 0.46914, 0.4958004, 0.5166783, 0.41436917], "std": [0.19518001, 0.19994761, 0.21375567, 0.21227631, 0.20801589, 0.20883302, 0.2123788, 0.2044291, 0.1958118, 0.18440424, 0.19508813, 0.20856409, 0.14957598, 0.17508106, 0.1611672, 0.21266124, 0.16265783, 0.22162493, 0.14717104, 0.22027731, 0.16216463, 0.20614949, 0.14625518, 0.22764617, 0.1211378, 0.1575031, 0.15644848, 0.03670195, 0.025049455, 0.18426575, 0.19932199, 0.17097571, 0.11868337, 0.1941829, 0.20751159, 0.16867657, 0.18458314, 0.16547936, 0.18750557, 0.19230828, 0.12408759, 0.1244904, 0.042010862, 0.12931052, 0.21534684, 0.17827141, 0.13926479, 0.039230708, 0.03292432, 0.20093283], "var": [0.98, 0.98, 0.98, 0.94, 0.92, 0.9, 0.86, 0.86, 0.84, 0.8, 0.8, 0.78, 0.76, 0.76, 0.76, 0.76, 0.74, 0.76, 0.74, 0.72, 0.7, 0.68, 0.64, 0.62, 0.6, 0.6, 0.6, 0.58, 0.58, 0.58, 0.58, 0.56, 0.56, 0.58, 0.54, 0.56, 0.52, 0.5, 0.52, 0.48, 0.48, 0.48, 0.48, 0.52, 0.52, 0.54, 0.52, 0.5, 0.5, 0.5], "best": [0.42857143, 0.4396825, 0.44857144, 0.48063493, 0.49087974, 0.445923, 0.49399352, 0.49574175, 0.4959127, 0.49824563, 0.5006938, 0.4454389, 0.50090957, 0.50316644, 0.5026984, 0.5032458, 0.4985516, 0.50412196, 0.5045113, 0.50491387, 0.50563496, 0.50962967, 0.51144886, 0.5137384, 0.51675826, 0.5183189, 0.5196248, 0.5221452, 0.5236983, 0.52186394, 0.5241934, 0.5260857, 0.5289005, 0.5313968, 0.53314286, 0.5351837, 0.53640556, 0.53764886, 0.54027146, 0.54143876, 0.5429102, 0.5452344, 0.54733855, 0.54871637, 0.5496972, 0.55034304, 0.5517214, 0.5524717, 0.55294603, 0.55485195], "duration": [2030, 1893, 1935, 11732, 11678, 2096, 6687, 6754, 11727, 12090, 11730, 2015, 11639, 11823, 11896, 11822, 16661, 11749, 6854, 11800, 26386, 21473, 21902, 16567, 16452, 31649, 21559, 16684, 16580, 16948, 27165, 26422, 31292, 26209, 26640, 21462, 31677, 31327, 31723, 21570, 31253, 32086, 31114, 11744, 16687, 21526, 26357, 11836, 31310, 21582]}