{"avg": [0.26251855, 0.2934815, 0.30766082, 0.3017784, 0.30707324, 0.30246615, 0.31712568, 0.3322266, 0.32306463, 0.33915308, 0.31222132, 0.30488428, 0.33120608, 0.34573573, 0.31301904, 0.30683288, 0.3136781, 0.32745922, 0.31594232, 0.30870977, 0.336695, 0.33199093, 0.32553315, 0.33021042, 0.34377652, 0.34569964, 0.3423977, 0.3162937, 0.34996888, 0.35009342, 0.3745459, 0.35336232, 0.36263132, 0.3586498, 0.34913877, 0.3491022, 0.33855954, 0.36484435, 0.382392, 0.3971624, 0.37759537, 0.35363168, 0.37653252, 0.36358592, 0.39004648, 0.4108475, 0.38129467, 0.40604657, 0.39418882, 0.37985244], "std": [0.09504556, 0.08110946, 0.05117577, 0.045886848, 0.072886296, 0.08059113, 0.052246828, 0.05071118, 0.08098514, 0.06838173, 0.064681046, 0.045201223, 0.06724678, 0.058221757, 0.072452314, 0.073304616, 0.074030496, 0.060567196, 0.06203733, 0.06964587, 0.05444098, 0.07481337, 0.06667882, 0.045835067, 0.06186537, 0.05141538, 0.059913732, 0.07872911, 0.044107463, 0.06729707, 0.043374904, 0.06955267, 0.07013676, 0.08131307, 0.04958566, 0.049717054, 0.08198102, 0.04536878, 0.058438204, 0.058919784, 0.0541798, 0.089279644, 0.08094601, 0.06308538, 0.06209559, 0.057403553, 0.05441112, 0.05491885, 0.07006868, 0.07757572], "var": [0.98, 0.98, 0.98, 0.96, 0.94, 0.94, 0.92, 0.92, 0.88, 0.88, 0.88, 0.86, 0.84, 0.82, 0.82, 0.8, 0.8, 0.8, 0.8, 0.78, 0.78, 0.74, 0.74, 0.74, 0.74, 0.72, 0.7, 0.68, 0.68, 0.68, 0.66, 0.68, 0.68, 0.68, 0.68, 0.68, 0.64, 0.64, 0.6, 0.64, 0.64, 0.62, 0.6, 0.6, 0.6, 0.58, 0.58, 0.58, 0.6, 0.6], "best": [0.4511111, 0.48000002, 0.37888893, 0.37274376, 0.47280422, 0.47387537, 0.4154209, 0.41815445, 0.47234568, 0.4739181, 0.37627843, 0.37351856, 0.4728798, 0.47359538, 0.40108192, 0.4206922, 0.472906, 0.47426262, 0.37849537, 0.4203643, 0.4745601, 0.4223628, 0.42603174, 0.42761734, 0.4277575, 0.47469446, 0.43081197, 0.44340327, 0.43235016, 0.44513497, 0.4465959, 0.47388205, 0.4745238, 0.47504935, 0.4511695, 0.4398378, 0.45146242, 0.44003832, 0.48539522, 0.48693767, 0.47679678, 0.45566872, 0.47738445, 0.4908378, 0.49122572, 0.49243882, 0.47949257, 0.4942378, 0.48031077, 0.4964755], "duration": [38275, 40053, 52933, 43014, 49856, 47872, 45847, 38877, 44982, 40106, 37526, 38234, 46013, 39681, 44945, 38571, 38684, 40090, 39318, 38773, 46075, 45968, 39315, 38361, 39747, 39314, 39105, 38549, 39069, 39881, 39406, 39788, 39786, 39391, 38626, 40189, 39395, 39574, 53511, 39608, 39980, 39279, 59557, 40049, 39741, 40023, 46814, 40220, 39544, 39983]}