{"avg": [0.26251853, 0.29407406, 0.29947367, 0.29765147, 0.2960791, 0.29606092, 0.31537127, 0.32346848, 0.3141893, 0.31826988, 0.31674382, 0.3113061, 0.31356654, 0.3056613, 0.3158658, 0.3667014, 0.32960474, 0.35934463, 0.36299777, 0.34464723, 0.35239804, 0.34474114, 0.334277, 0.36258623, 0.35832566, 0.3881412, 0.36380187, 0.402715, 0.35246247, 0.37739694, 0.35327202, 0.38248232, 0.36242333, 0.39959744, 0.4036366, 0.4096126, 0.38874882, 0.39574525, 0.36833972, 0.4128365, 0.43934488, 0.41075805, 0.42858705, 0.41514432, 0.44481182, 0.4053254, 0.44455016, 0.42213562, 0.43456727, 0.480695], "std": [0.08779275, 0.074500985, 0.04948121, 0.044405464, 0.07012772, 0.07241295, 0.05155543, 0.04859922, 0.08165237, 0.075624436, 0.07700154, 0.08220552, 0.07302144, 0.07131224, 0.101987936, 0.07011223, 0.039142303, 0.05894769, 0.0613933, 0.068714134, 0.06662806, 0.06800707, 0.05617295, 0.079141825, 0.0837625, 0.06262751, 0.07767698, 0.047434974, 0.08757018, 0.08316252, 0.11412939, 0.06567207, 0.06769022, 0.0697997, 0.075331464, 0.07029751, 0.080436006, 0.07641161, 0.08027289, 0.07008614, 0.056968953, 0.08446651, 0.06083253, 0.074570015, 0.070414945, 0.08166585, 0.06469368, 0.0787984, 0.078122824, 0.021540456], "var": [0.98, 0.98, 0.98, 0.96, 0.94, 0.94, 0.92, 0.92, 0.92, 0.9, 0.88, 0.86, 0.84, 0.82, 0.8, 0.78, 0.74, 0.74, 0.74, 0.72, 0.72, 0.68, 0.7, 0.68, 0.66, 0.66, 0.68, 0.66, 0.66, 0.64, 0.6, 0.6, 0.56, 0.58, 0.54, 0.52, 0.5, 0.48, 0.44, 0.44, 0.46, 0.46, 0.44, 0.4, 0.4, 0.4, 0.38, 0.4, 0.4, 0.4], "best": [0.43777776, 0.46666667, 0.36777773, 0.36385486, 0.45947087, 0.460542, 0.40653202, 0.40926555, 0.4590123, 0.4611111, 0.461355, 0.4626365, 0.41347083, 0.46245727, 0.46215367, 0.4631944, 0.4197396, 0.46692905, 0.4677073, 0.46889627, 0.42643464, 0.4289628, 0.43162346, 0.46982905, 0.47181284, 0.47395155, 0.4764123, 0.47692505, 0.47779277, 0.47864732, 0.48033538, 0.48172334, 0.48360288, 0.48326123, 0.48428366, 0.48696694, 0.49000964, 0.49169767, 0.4932967, 0.49381408, 0.49501732, 0.49675992, 0.497738, 0.4997311, 0.5005619, 0.5026313, 0.50294375, 0.5048009, 0.50579697, 0.50738937], "duration": [43091, 40046, 52889, 42892, 49773, 47878, 45679, 38669, 38326, 39591, 38919, 39503, 38982, 45767, 39315, 39778, 39157, 39508, 39861, 45546, 38928, 39027, 38449, 44186, 46557, 39602, 45579, 39858, 46020, 46478, 39715, 39551, 39442, 39446, 40050, 53287, 39326, 52897, 39027, 39522, 39837, 46744, 39819, 39523, 40266, 46018, 39843, 40093, 40060, 40402]}