{"avg": [0.26923078, 0.28057304, 0.3015485, 0.308863, 0.31948996, 0.30272007, 0.31751618, 0.3220954, 0.30680093, 0.3209771, 0.32857868, 0.34221557, 0.34652713, 0.34463865, 0.34736112, 0.3523348, 0.36487773, 0.37777248, 0.3811762, 0.3545794, 0.36429653, 0.3781198, 0.39559177, 0.36583507, 0.42352098, 0.4118162, 0.3980879, 0.42372566, 0.42019588, 0.41144416, 0.430425, 0.41801748, 0.43282607, 0.40520987, 0.43860778, 0.4162948, 0.43896523, 0.44860905, 0.44713345, 0.45218378, 0.45060322, 0.4394581, 0.46351504, 0.45162702, 0.44042823, 0.45396188, 0.45074782, 0.46395364, 0.46669686, 0.48166144], "std": [0.070596255, 0.061269883, 0.06239946, 0.057397284, 0.03539535, 0.06042009, 0.049845394, 0.058765057, 0.067852795, 0.04768533, 0.053760093, 0.048545886, 0.046303455, 0.052653052, 0.04871963, 0.055078346, 0.049064167, 0.048275508, 0.051923074, 0.07256118, 0.06901284, 0.06638595, 0.06490311, 0.081409976, 0.04633205, 0.06921301, 0.08295362, 0.06322731, 0.068794765, 0.07374195, 0.069237, 0.08423249, 0.079220384, 0.08899131, 0.07043653, 0.0887355, 0.07852734, 0.08148224, 0.07868774, 0.078790836, 0.08449937, 0.08912415, 0.07836543, 0.087075494, 0.10170967, 0.097975776, 0.10046213, 0.090206504, 0.08740643, 0.0832823], "var": [0.98, 0.96, 0.94, 0.94, 0.9, 0.88, 0.82, 0.84, 0.82, 0.82, 0.8, 0.78, 0.76, 0.74, 0.7, 0.72, 0.74, 0.74, 0.68, 0.6, 0.56, 0.56, 0.56, 0.52, 0.48, 0.52, 0.5, 0.54, 0.54, 0.52, 0.46, 0.48, 0.44, 0.44, 0.42, 0.42, 0.42, 0.36, 0.38, 0.36, 0.36, 0.36, 0.32, 0.34, 0.36, 0.36, 0.36, 0.36, 0.32, 0.32], "best": [0.4333333, 0.36776558, 0.45493826, 0.4556962, 0.38966754, 0.45530304, 0.45596707, 0.45555553, 0.45657492, 0.40057838, 0.45637253, 0.45669988, 0.40455988, 0.40655097, 0.40745285, 0.45949468, 0.46119484, 0.4640098, 0.46274507, 0.4640435, 0.4702705, 0.46827328, 0.4751086, 0.4659271, 0.47949934, 0.48272428, 0.48540878, 0.47231865, 0.4844977, 0.48655954, 0.4912448, 0.49473068, 0.49652305, 0.49521187, 0.49612713, 0.49759424, 0.49921438, 0.50507593, 0.50714284, 0.5090881, 0.51142687, 0.51310265, 0.5145583, 0.5169734, 0.5189409, 0.5205898, 0.52248675, 0.52419835, 0.5265198, 0.52835494], "duration": [86340, 96787, 78026, 92112, 92132, 96620, 85219, 85566, 77516, 78390, 95550, 91154, 85409, 120534, 79144, 86118, 84024, 93282, 93004, 83510, 91850, 86645, 86758, 99038, 86762, 79989, 93272, 80241, 80064, 100326, 86983, 86614, 80259, 79709, 80381, 79386, 93955, 100623, 86605, 86669, 80073, 86773, 86825, 86727, 79970, 80287, 86607, 93311, 79936, 93505]}