{"avg": [0.0, 0.19695769, 0.13161376, 0.1978836, 0.19580026, 0.19603175, 0.07896826, 0.06525358, 0.09772036, 0.15695612, 0.06537699, 0.19585253, 0.13106911, 0.1964822, 0.13087302, 0.0, 0.06572636, 0.0, 0.1967262, 0.1307215, 0.13095923, 0.19534868, 0.07853423, 0.19532163, 0.1962316, 0.26071158, 0.15732577, 0.13011804, 0.06530962, 0.1301918, 0.19593596, 0.1571217, 0.0, 0.0, 0.15656462, 0.06553739, 0.19678324, 0.23489383, 0.13121451, 0.32688493, 0.19641824, 0.065092824, 0.06537453, 0.19605415, 0.2607924, 0.07836997, 0.06577718, 0.1570058, 0.13050668, 0.098163635], "std": [0.0, 0.19701861, 0.18612997, 0.1978865, 0.19580081, 0.1960328, 0.15793651, 0.14591144, 0.16925663, 0.19223131, 0.1461874, 0.1958572, 0.18536057, 0.19648501, 0.18508303, 0.0, 0.14696862, 0.0, 0.19672889, 0.18487814, 0.18520477, 0.1953496, 0.15706846, 0.19532478, 0.19623955, 0.18435393, 0.19268575, 0.1840147, 0.14603676, 0.18412101, 0.195936, 0.19243433, 0.0, 0.0, 0.19175181, 0.14654607, 0.19678482, 0.19179167, 0.1855667, 0.14618988, 0.19641845, 0.14555196, 0.1461819, 0.19605555, 0.18440935, 0.15673994, 0.14708224, 0.19229607, 0.1845671, 0.1700244], "var": [1.0, 1.0, 1.0, 1.0, 1.0, 1.0, 1.0, 1.0, 1.0, 1.0, 1.0, 1.0, 1.0, 1.0, 1.0, 1.0, 1.0, 1.0, 1.0, 1.0, 1.0, 1.0, 1.0, 1.0, 1.0, 1.0, 1.0, 1.0, 1.0, 1.0, 1.0, 1.0, 1.0, 1.0, 1.0, 1.0, 1.0, 1.0, 1.0, 1.0, 1.0, 1.0, 1.0, 1.0, 1.0, 1.0, 1.0, 1.0, 1.0, 1.0], "best": [0.0, 0.40317464, 0.39484128, 0.39761904, 0.3920635, 0.39317462, 0.39484128, 0.39152148, 0.39088145, 0.39271712, 0.39226195, 0.39331797, 0.3941877, 0.3949164, 0.3934524, 0.0, 0.3943582, 0.0, 0.3953755, 0.39549783, 0.39359608, 0.39188135, 0.39267114, 0.39273188, 0.39510107, 0.39267656, 0.39463893, 0.39035413, 0.39185774, 0.3920635, 0.3920635, 0.3933598, 0.0, 0.0, 0.39166668, 0.39322436, 0.3951231, 0.392846, 0.3948668, 0.39315477, 0.39341617, 0.39055693, 0.39224717, 0.39291477, 0.39236972, 0.39184985, 0.3946631, 0.39448252, 0.39327124, 0.39265454], "duration": [364, 342, 342, 341, 344, 353, 339, 342, 345, 341, 365, 341, 340, 342, 350, 341, 342, 352, 340, 340, 344, 338, 338, 338, 383, 369, 333, 363, 331, 336, 335, 334, 342, 342, 342, 337, 339, 332, 339, 370, 352, 332, 332, 329, 334, 331, 333, 334, 372, 327]}