{"avg": [0.32883763, 0.3579947, 0.38375258, 0.40232927, 0.42774877, 0.45922253, 0.48917347, 0.5009966, 0.5255168, 0.55540186, 0.5686794, 0.60714126, 0.60744053, 0.639399, 0.65264696, 0.66883403, 0.67173904, 0.6774504, 0.68922883, 0.68895495, 0.7069647, 0.70384777, 0.7082981, 0.71363145, 0.71372974, 0.7182809, 0.7226397, 0.72264296, 0.7194463, 0.7264991, 0.72440904, 0.7205327, 0.72510564, 0.7257764, 0.72906226, 0.73660135, 0.7301243, 0.73932236, 0.7346685, 0.7349805, 0.7429052, 0.7437686, 0.7471138, 0.74292034, 0.74448866, 0.7477449, 0.7416307, 0.74664855, 0.75031066, 0.7509022, 0.748905, 0.7524836, 0.7476992, 0.74964446, 0.754155, 0.75495684, 0.7555507, 0.75329953, 0.74617845, 0.7525434, 0.75305825, 0.7541645, 0.7588527, 0.7542182, 0.75773406, 0.7557902, 0.76290965, 0.76333606, 0.75906605, 0.7641135, 0.76213574, 0.7596742, 0.76025045, 0.7654752, 0.76111287], "std": [0.1028157, 0.07704875, 0.08439986, 0.06634479, 0.05177369, 0.07074094, 0.073458895, 0.0934665, 0.0816588, 0.06518675, 0.07144951, 0.06270034, 0.061055608, 0.05349371, 0.047109123, 0.03353916, 0.031081907, 0.029057663, 0.022549663, 0.026807148, 0.0008052725, 0.018797373, 0.013860981, 0.010280821, 0.0142428735, 0.011507845, 0.0011330944, 0.010900281, 0.018020269, 0.010627678, 0.016629498, 0.021091847, 0.019457579, 0.0198895, 0.018532475, 0.01142099, 0.019909175, 0.010674863, 0.018192057, 0.018834142, 0.010430647, 0.010936999, 0.00084606186, 0.014984894, 0.0143776545, 0.010430649, 0.019233163, 0.01503147, 0.010202406, 0.010674867, 0.01503147, 0.010202389, 0.017860046, 0.016495423, 0.010937002, 0.010430648, 0.010430646, 0.01503147, 0.021507371, 0.017139303, 0.01713928, 0.01649542, 0.010202406, 0.017489227, 0.013801059, 0.01680855, 1.7881393e-07, 5.9604645e-08, 0.014377657, 1.1920929e-07, 0.010430649, 0.01503147, 0.014693892, 0.0, 0.014377655], "var": [1.0, 1.0, 1.0, 1.0, 1.0, 1.0, 1.0, 1.0, 0.96, 1.0, 1.0, 1.0, 1.0, 1.0, 1.0, 0.88, 0.76, 0.64, 0.56, 0.44, 0.36, 0.32, 0.24, 0.24, 0.2, 0.2, 0.12, 0.12, 0.12, 0.08, 0.08, 0.08, 0.08, 0.08, 0.08, 0.08, 0.08, 0.08, 0.08, 0.08, 0.08, 0.08, 0.08, 0.04, 0.04, 0.04, 0.04, 0.04, 0.04, 0.04, 0.04, 0.04, 0.04, 0.04, 0.04, 0.04, 0.04, 0.04, 0.04, 0.04, 0.04, 0.04, 0.04, 0.04, 0.04, 0.04, 0.04, 0.04, 0.04, 0.04, 0.04, 0.04, 0.04, 0.04, 0.04], "best": [0.57551014, 0.47054127, 0.5824869, 0.58332264, 0.53599906, 0.60860854, 0.6107182, 0.6611305, 0.6651654, 0.66898376, 0.6769789, 0.6803735, 0.6825968, 0.6871272, 0.6905655, 0.6931203, 0.69666487, 0.6991335, 0.701415, 0.70505816, 0.70822686, 0.7111262, 0.7139285, 0.7167305, 0.71908027, 0.7213778, 0.7232176, 0.72530615, 0.7273083, 0.72919494, 0.73101455, 0.73298687, 0.7346168, 0.7362507, 0.73765916, 0.7392935, 0.740564, 0.7417712, 0.74299794, 0.7440317, 0.7452377, 0.7463464, 0.747303, 0.74829626, 0.7491536, 0.7500773, 0.75095993, 0.75180423, 0.7525371, 0.7533511, 0.7540608, 0.7547099, 0.75543267, 0.7560333, 0.7567329, 0.7572893, 0.75788295, 0.7584552, 0.7589556, 0.7595404, 0.76005524, 0.76055294, 0.7610792, 0.76156515, 0.76199293, 0.7624691, 0.7629095, 0.763336, 0.7637306, 0.7641136, 0.76446813, 0.76483, 0.7651485, 0.7654752, 0.7657776], "duration": [100928, 104823, 85469, 114244, 87453, 108100, 94045, 117130, 129816, 109087, 108319, 82499, 80673, 101976, 110473, 89647, 96296, 82245, 95992, 89323, 89174, 110163, 117095, 89268, 89867, 103149, 82618, 89228, 103057, 96268, 82331, 109592, 109796, 96018, 116846, 82509, 89292, 82531, 96197, 89146, 82718, 96148, 82515, 82474, 96269, 110186, 102839, 89283, 82526, 89294, 89203, 103256, 96194, 150944, 89227, 103036, 89018, 89261, 89384, 96121, 95964, 96054, 82213, 103278, 82549, 89419, 109960, 102913, 103349, 89387, 96097, 96128, 82334, 89195, 82489]}