{"avg": [0.2188889, 0.2546667, 0.2548148, 0.25605822, 0.2747646, 0.23544833, 0.26754045, 0.28128764, 0.26848117, 0.26026338, 0.2737778, 0.29514432, 0.28222153, 0.2979705, 0.2617299, 0.2866852, 0.28613412, 0.30593765, 0.28319824, 0.30657122, 0.28436458, 0.32150143, 0.32453364, 0.30666667, 0.3198459, 0.33203882, 0.32155016, 0.32491004, 0.3129191, 0.33430973, 0.3208229, 0.34340307, 0.3288014, 0.33812663, 0.33020246, 0.34891325, 0.33495677, 0.3540399, 0.3516732, 0.3505515, 0.3443258, 0.35640344, 0.3573769, 0.3586704, 0.38313133, 0.3599453, 0.36084476, 0.36838165, 0.35943154, 0.35063878], "std": [0.07205965, 0.06573823, 0.05266037, 0.062802576, 0.051786862, 0.07156311, 0.05392102, 0.044579063, 0.041263588, 0.05953516, 0.04616713, 0.05820817, 0.055872403, 0.05108418, 0.08301914, 0.052228227, 0.055035982, 0.04672086, 0.05873923, 0.05937849, 0.056772046, 0.04059165, 0.030092128, 0.044255078, 0.039331306, 0.0371599, 0.050496776, 0.058749482, 0.047838554, 0.03805782, 0.04230203, 0.03257712, 0.047587834, 0.04895212, 0.050267756, 0.03600234, 0.05319028, 0.041789055, 0.03879726, 0.040079437, 0.047871575, 0.051095083, 0.039410558, 0.04458853, 0.024695674, 0.0439563, 0.053404268, 0.042834327, 0.054397646, 0.05680441], "var": [0.98, 0.98, 0.98, 0.94, 0.94, 0.94, 0.94, 0.94, 0.92, 0.9, 0.9, 0.86, 0.88, 0.84, 0.84, 0.82, 0.8, 0.8, 0.78, 0.78, 0.76, 0.78, 0.76, 0.74, 0.74, 0.74, 0.74, 0.72, 0.7, 0.7, 0.7, 0.7, 0.66, 0.68, 0.64, 0.64, 0.64, 0.64, 0.64, 0.64, 0.62, 0.6, 0.58, 0.6, 0.58, 0.58, 0.58, 0.58, 0.56, 0.52], "best": [0.33888888, 0.3677778, 0.30222222, 0.31407407, 0.3603578, 0.3612573, 0.3656288, 0.36163032, 0.3629326, 0.364321, 0.33733335, 0.36858585, 0.3671943, 0.37052155, 0.3731701, 0.37385187, 0.37346706, 0.37479624, 0.37622222, 0.37657502, 0.36045754, 0.3975078, 0.37863246, 0.3772128, 0.37068653, 0.37937126, 0.40055004, 0.38119045, 0.37283525, 0.37340477, 0.3747258, 0.38356385, 0.38458025, 0.4009044, 0.38672316, 0.40117812, 0.4017991, 0.3892337, 0.38869345, 0.39281046, 0.39424983, 0.40356588, 0.40400067, 0.40455213, 0.40489963, 0.40619686, 0.4074879, 0.40831113, 0.40885124, 0.40941045], "duration": [43018, 39865, 38731, 37728, 51180, 39655, 39273, 38376, 38569, 42803, 43484, 40339, 45614, 43353, 39718, 39458, 45744, 54950, 38586, 39694, 50839, 40226, 40084, 44130, 44471, 39656, 46087, 39341, 45306, 48566, 46298, 40224, 39592, 39848, 40275, 40356, 45704, 40040, 44423, 44375, 43922, 59501, 53346, 57576, 40257, 44241, 44456, 39989, 44259, 48804]}