{"avg": [0.3866667, 0.40761906, 0.42255637, 0.41275507, 0.412406, 0.41596642, 0.43496236, 0.44873953, 0.44117647, 0.4622449, 0.4504464, 0.44087303, 0.4261905, 0.4602041, 0.44095236, 0.4336135, 0.4085714, 0.46714288, 0.43909776, 0.4722222, 0.44450548, 0.49873948, 0.47761905, 0.4295238, 0.47605044, 0.47723213, 0.45624998, 0.48949584, 0.47563025, 0.5147959, 0.52352947, 0.4951128, 0.5138095, 0.48904762, 0.5214286, 0.52276784, 0.53348213, 0.5114286, 0.5058823, 0.540625, 0.5090476, 0.55089295, 0.54, 0.5253968, 0.5142857, 0.5095238, 0.48469383, 0.43151262, 0.534375, 0.5424603], "std": [0.13090129, 0.1135532, 0.07358632, 0.060979523, 0.10740174, 0.10996369, 0.08047572, 0.0702523, 0.11158923, 0.08611422, 0.06563411, 0.07928269, 0.114298105, 0.10268672, 0.1201322, 0.13163404, 0.08666928, 0.10474458, 0.09893006, 0.08962282, 0.09802419, 0.08319963, 0.08218391, 0.09421594, 0.076811485, 0.09716053, 0.078444496, 0.107076086, 0.094127014, 0.078778215, 0.08132178, 0.08068092, 0.08220873, 0.09042104, 0.08971743, 0.097291715, 0.07528512, 0.09308762, 0.09864738, 0.08328855, 0.07844, 0.090979464, 0.075132534, 0.089157745, 0.08810761, 0.1104926, 0.102015294, 0.080217995, 0.08911479, 0.09849987], "var": [0.98, 0.98, 0.98, 0.96, 0.94, 0.94, 0.92, 0.92, 0.88, 0.88, 0.86, 0.86, 0.86, 0.86, 0.86, 0.84, 0.86, 0.86, 0.88, 0.88, 0.88, 0.88, 0.88, 0.88, 0.86, 0.86, 0.86, 0.84, 0.84, 0.8, 0.8, 0.78, 0.76, 0.74, 0.74, 0.76, 0.76, 0.76, 0.74, 0.7, 0.74, 0.76, 0.76, 0.74, 0.74, 0.74, 0.7, 0.68, 0.68, 0.68], "best": [0.65, 0.65, 0.5142857, 0.5142857, 0.65, 0.65, 0.5714286, 0.5714286, 0.65, 0.5928571, 0.55714285, 0.5714286, 0.65, 0.65, 0.65, 0.65, 0.5142857, 0.65, 0.6357143, 0.65, 0.65, 0.65, 0.6357143, 0.65, 0.65, 0.65, 0.5928571, 0.65, 0.65, 0.65, 0.65, 0.65, 0.65, 0.65, 0.65, 0.65, 0.65, 0.65, 0.65, 0.65, 0.65, 0.65, 0.65, 0.71428573, 0.65, 0.71428573, 0.65, 0.5714286, 0.71428573, 0.71428573], "duration": [42713, 39596, 52345, 42570, 49427, 47643, 45304, 38412, 41784, 39391, 43841, 39057, 38090, 39527, 39091, 38017, 38033, 45867, 45223, 45714, 39385, 39367, 39206, 38708, 45297, 39360, 37943, 45703, 46172, 39015, 46193, 52458, 39414, 39295, 45995, 39567, 39454, 39194, 39311, 39190, 39585, 46271, 39433, 39191, 39314, 39402, 38888, 38073, 39522, 46323]}