{"avg": [0.11714287, 0.15295239, 0.15166667, 0.15611112, 0.16326736, 0.14491858, 0.16074863, 0.15384513, 0.15836787, 0.15122399, 0.15806668, 0.18647186, 0.1612037, 0.16931972, 0.16389158, 0.18468851, 0.1674827, 0.18124846, 0.18238398, 0.18821019, 0.17165807, 0.18611082, 0.18672901, 0.19377446, 0.1891822, 0.1873318, 0.18513621, 0.20403045, 0.20936044, 0.20904315, 0.2139364, 0.21605182, 0.20644613, 0.20438638, 0.22329803, 0.22050826, 0.20248194, 0.23636164, 0.21456085, 0.21813911, 0.21345174, 0.2331281, 0.22177465, 0.22477336, 0.18980648, 0.22038989, 0.21837303, 0.23700914, 0.23214406, 0.23027633], "std": [0.044858057, 0.041141022, 0.03207076, 0.039614126, 0.03292748, 0.044554655, 0.032451306, 0.034511264, 0.04187932, 0.03489499, 0.031774122, 0.027778367, 0.040313076, 0.0351553, 0.030824762, 0.02627471, 0.031697147, 0.03184682, 0.029034525, 0.032828905, 0.03444088, 0.037579488, 0.035663642, 0.038135644, 0.041835148, 0.0460976, 0.038504876, 0.03910408, 0.036676254, 0.02743087, 0.032883525, 0.041553117, 0.048786968, 0.041343044, 0.038112417, 0.05372638, 0.04930955, 0.03699253, 0.051970746, 0.054155, 0.051477596, 0.044405818, 0.04866754, 0.0581993, 0.060550716, 0.0562704, 0.06069505, 0.05106727, 0.05110723, 0.051901486], "var": [0.98, 0.98, 0.98, 0.94, 0.94, 0.94, 0.94, 0.94, 0.92, 0.9, 0.9, 0.92, 0.92, 0.88, 0.88, 0.84, 0.82, 0.82, 0.8, 0.78, 0.78, 0.76, 0.74, 0.74, 0.74, 0.74, 0.76, 0.78, 0.74, 0.74, 0.74, 0.78, 0.76, 0.76, 0.72, 0.72, 0.68, 0.66, 0.68, 0.66, 0.66, 0.62, 0.64, 0.64, 0.64, 0.64, 0.66, 0.62, 0.64, 0.64], "best": [0.2, 0.24333334, 0.17833334, 0.2020635, 0.2322034, 0.23355263, 0.22582418, 0.22730307, 0.23079625, 0.1904762, 0.19342858, 0.23242424, 0.22972865, 0.23494898, 0.19746107, 0.22926983, 0.20927683, 0.23613282, 0.2276851, 0.24009852, 0.22555035, 0.23508929, 0.23635015, 0.23826388, 0.24223602, 0.2427091, 0.2300071, 0.26524726, 0.26788202, 0.25203857, 0.25471058, 0.2718329, 0.25626084, 0.24607843, 0.27635798, 0.27722472, 0.26331285, 0.278001, 0.267694, 0.2687735, 0.28127292, 0.28199732, 0.27302316, 0.28406185, 0.27715117, 0.2842431, 0.2793254, 0.2857435, 0.287588, 0.28853604], "duration": [43009, 39701, 38386, 37494, 50612, 39506, 38912, 37660, 39619, 43320, 38663, 39388, 46107, 38684, 39005, 38719, 39409, 53064, 43491, 39547, 45909, 39166, 42889, 39212, 39317, 39251, 38924, 39097, 59344, 39321, 39529, 39423, 45615, 39399, 39645, 39118, 45419, 45801, 38866, 39493, 38552, 39377, 39350, 45542, 38377, 39266, 39314, 39073, 38983, 38966]}