{"avg": [0.33274177, 0.37724447, 0.42552644, 0.45816603, 0.46540466, 0.49237376, 0.5519025, 0.51151025, 0.5439442, 0.5457159, 0.5172334, 0.51647353, 0.55332255, 0.56193966, 0.5310434, 0.56233674, 0.56998587, 0.6025626, 0.60632545, 0.61084443, 0.61438876, 0.6199019, 0.62240994, 0.62619376, 0.6290124, 0.6314147, 0.6332484, 0.635601, 0.63749033, 0.63944125, 0.6413451, 0.6431205, 0.64455986, 0.64612776, 0.64753413, 0.648737, 0.65005404, 0.65124154, 0.6523142, 0.6533839, 0.6543525, 0.6552762, 0.65615743, 0.65699947, 0.6578439, 0.6585377, 0.659386, 0.6600569, 0.6608677, 0.661546, 0.66210556, 0.6627051, 0.6632539, 0.6638385, 0.66434866, 0.6648925, 0.6654168, 0.66594607, 0.6664789, 0.66690373, 0.6673796, 0.66783905, 0.66828275, 0.66871166, 0.66912645, 0.6695098, 0.66986376, 0.6702416, 0.6705914, 0.6709471, 0.6712301, 0.6715362, 0.67183423, 0.6721103, 0.6724212], "std": [0.24411547, 0.23228204, 0.20817156, 0.18427587, 0.17820506, 0.170674, 0.027611762, 0.16661716, 0.1248029, 0.1252448, 0.1729591, 0.18263355, 0.12164975, 0.117257096, 0.17705989, 0.12635197, 0.12448365, 0.0038965084, 0.005584117, 0.0059614684, 0.006855838, 0.0015278847, 0.003446455, 0.0007789164, 0.0009477591, 0.0, 5.9604645e-08, 5.9604645e-08, 5.9604645e-08, 5.9604645e-08, 1.1920929e-07, 5.9604645e-08, 0.0, 0.0, 5.9604645e-08, 0.0, 5.9604645e-08, 5.9604645e-08, 0.0, 5.9604645e-08, 1.1920929e-07, 5.9604645e-08, 0.0, 5.9604645e-08, 5.9604645e-08, 1.1920929e-07, 1.1920929e-07, 1.1920929e-07, 0.0, 5.9604645e-08, 0.0, 5.9604645e-08, 5.9604645e-08, 5.9604645e-08, 0.0, 1.1920929e-07, 5.9604645e-08, 5.9604645e-08, 5.9604645e-08, 5.9604645e-08, 5.9604645e-08, 0.0, 5.9604645e-08, 0.0, 5.9604645e-08, 1.1920929e-07, 5.9604645e-08, 1.7881393e-07, 1.1920929e-07, 0.0, 1.1920929e-07, 5.9604645e-08, 5.9604645e-08, 1.1920929e-07, 5.9604645e-08], "var": [1.0, 1.0, 1.0, 1.0, 1.0, 1.0, 1.0, 1.0, 0.96, 0.92, 0.92, 0.96, 0.84, 0.84, 0.88, 0.68, 0.52, 0.32, 0.36, 0.28, 0.2, 0.12, 0.08, 0.08, 0.04, 0.04, 0.04, 0.04, 0.04, 0.04, 0.04, 0.04, 0.04, 0.04, 0.04, 0.04, 0.04, 0.04, 0.04, 0.04, 0.04, 0.04, 0.04, 0.04, 0.04, 0.04, 0.04, 0.04, 0.04, 0.04, 0.04, 0.04, 0.04, 0.04, 0.04, 0.04, 0.04, 0.04, 0.04, 0.04, 0.04, 0.04, 0.04, 0.04, 0.04, 0.04, 0.04, 0.04, 0.04, 0.04, 0.04, 0.04, 0.04, 0.04, 0.04], "best": [0.55102044, 0.56220055, 0.56276643, 0.5646568, 0.5664425, 0.56811225, 0.57043153, 0.57385874, 0.5771146, 0.58114624, 0.58408546, 0.5875011, 0.5903488, 0.5937729, 0.59710026, 0.5997361, 0.6027111, 0.60590136, 0.6098461, 0.61333877, 0.6169364, 0.6205718, 0.6233055, 0.6263637, 0.6292424, 0.6314147, 0.63324845, 0.6356009, 0.6374904, 0.6394412, 0.6413452, 0.64312047, 0.64455986, 0.64612776, 0.6475341, 0.648737, 0.6500541, 0.6512416, 0.6523142, 0.65338385, 0.6543526, 0.6552761, 0.65615743, 0.6569994, 0.65784395, 0.65853757, 0.6593861, 0.66005677, 0.6608677, 0.66154605, 0.66210556, 0.66270506, 0.66325396, 0.66383857, 0.66434866, 0.6648926, 0.66541684, 0.6659461, 0.6664788, 0.6669038, 0.6673797, 0.66783905, 0.6682828, 0.66871166, 0.6691264, 0.6695097, 0.6698638, 0.6702418, 0.67059153, 0.6709471, 0.67122996, 0.67153615, 0.6718343, 0.6721102, 0.67242116], "duration": [24626, 19535, 15213, 34924, 19611, 20343, 33709, 24468, 33223, 39137, 18465, 48156, 34684, 24176, 5039, 19648, 20519, 29578, 6916, 3842, 5766, 4727, 4168, 5526, 4108, 4381, 5079, 4435, 5494, 4744, 5217, 5436, 4118, 4828, 3795, 5048, 3739, 4294, 4766, 4734, 5882, 3809, 5068, 6570, 4822, 4555, 4820, 4447, 5552, 4565, 5072, 5127, 4474, 4168, 5358, 4201, 5941, 4753, 4713, 4428, 4430, 4830, 5092, 5365, 4194, 4451, 5768, 7091, 5497, 4423, 4441, 4392, 4084, 4103, 4388]}