{"avg": [0.23814815, 0.26762962, 0.27064332, 0.26169422, 0.28526786, 0.27244148, 0.25375435, 0.27842972, 0.28219378, 0.2711506, 0.29190916, 0.27331, 0.3002286, 0.30727446, 0.28430784, 0.3051391, 0.30031064, 0.31378248, 0.29630578, 0.30901238, 0.3224043, 0.31082577, 0.29286855, 0.30394033, 0.27296576, 0.31060362, 0.32748637, 0.29252157, 0.3190745, 0.3275144, 0.33660707, 0.32698697, 0.34855884, 0.32673612, 0.33087277, 0.33275917, 0.33237264, 0.33877966, 0.32663628, 0.32769278, 0.32949024, 0.3216862, 0.34833416, 0.35022157, 0.35163507, 0.35104635, 0.3223586, 0.32476324, 0.3464476, 0.3052611], "std": [0.07491743, 0.063589305, 0.047059495, 0.048069578, 0.04549694, 0.058325775, 0.06949187, 0.07368258, 0.06487342, 0.05291819, 0.071994536, 0.04542206, 0.04345477, 0.049591582, 0.065051205, 0.04780959, 0.048721157, 0.046576552, 0.050158955, 0.04601056, 0.04994049, 0.042592164, 0.071124405, 0.04035551, 0.0625321, 0.05802924, 0.047589697, 0.06591282, 0.049895696, 0.061643917, 0.046127744, 0.046026997, 0.046884105, 0.06746444, 0.05884393, 0.07056715, 0.05096097, 0.05268585, 0.07735498, 0.06459021, 0.05976694, 0.05965739, 0.056640673, 0.059015803, 0.051021773, 0.06315654, 0.08088319, 0.06995704, 0.061381575, 0.06802117], "var": [0.98, 0.98, 0.98, 0.96, 0.96, 0.94, 0.92, 0.92, 0.92, 0.92, 0.92, 0.92, 0.9, 0.88, 0.86, 0.86, 0.86, 0.82, 0.8, 0.78, 0.78, 0.78, 0.78, 0.78, 0.74, 0.72, 0.72, 0.72, 0.72, 0.72, 0.68, 0.66, 0.7, 0.68, 0.7, 0.68, 0.66, 0.62, 0.6, 0.6, 0.62, 0.62, 0.6, 0.56, 0.58, 0.62, 0.62, 0.64, 0.64, 0.64], "best": [0.38888887, 0.41777778, 0.32666665, 0.32052153, 0.4100529, 0.4116737, 0.36006942, 0.37172616, 0.4126984, 0.41406873, 0.41318998, 0.32849672, 0.3730072, 0.41262627, 0.37365592, 0.37417737, 0.41348565, 0.4138572, 0.41461352, 0.4145999, 0.413808, 0.3739829, 0.37758052, 0.37853107, 0.36986074, 0.41310763, 0.4131542, 0.37600645, 0.41325083, 0.41429994, 0.41591787, 0.37863156, 0.41600636, 0.3848405, 0.41678396, 0.41787708, 0.41806307, 0.41882443, 0.41840455, 0.4196111, 0.4204394, 0.43014744, 0.43114373, 0.43215182, 0.4209949, 0.4333333, 0.42226896, 0.42235938, 0.42926574, 0.43047908], "duration": [42737, 39564, 52307, 42599, 43713, 43591, 39129, 37706, 37398, 42993, 38063, 37696, 39216, 46342, 45728, 38502, 38643, 38737, 39349, 46254, 39803, 39483, 38330, 38262, 39237, 38824, 39392, 45594, 39621, 39695, 46353, 38885, 39663, 46025, 39782, 46475, 39177, 39145, 46587, 39496, 38794, 38297, 39562, 39568, 46139, 39757, 39621, 39061, 46509, 38778]}