{"avg": [0.25777778, 0.28715342, 0.304254, 0.2954215, 0.271648, 0.27304474, 0.30025557, 0.3086723, 0.3084952, 0.3035059, 0.29547754, 0.3148088, 0.33742592, 0.31628522, 0.32401472, 0.3071019, 0.34596038, 0.333298, 0.3502101, 0.3505101, 0.34938923, 0.33211786, 0.37103373, 0.34217793, 0.35372993, 0.3609159, 0.37679577, 0.3866307, 0.3815823, 0.36162084, 0.38574386, 0.38674766, 0.3729384, 0.41498756, 0.40008244, 0.38505918, 0.39791825, 0.4095494, 0.40225428, 0.426534, 0.3896627, 0.42089826, 0.4443827, 0.42886093, 0.4381041, 0.4450534, 0.4291916, 0.4354938, 0.43649977, 0.46153104], "std": [0.08726752, 0.07637929, 0.037216675, 0.062766604, 0.08176677, 0.066992976, 0.057051476, 0.05143751, 0.077714905, 0.07705914, 0.04735376, 0.05736727, 0.06401935, 0.08099022, 0.092908, 0.073934324, 0.046395242, 0.07678904, 0.052644398, 0.07549087, 0.07972865, 0.063768126, 0.048473556, 0.07389358, 0.07028134, 0.0675758, 0.05920846, 0.08003669, 0.06214784, 0.07788439, 0.06441636, 0.074418105, 0.07313571, 0.05001415, 0.08785151, 0.07846655, 0.075791046, 0.07550394, 0.08462994, 0.064355, 0.060317647, 0.061519213, 0.049381953, 0.065974385, 0.075466044, 0.05120334, 0.08735718, 0.09457818, 0.06558627, 0.06264421], "var": [1.0, 1.0, 1.0, 1.0, 0.98, 0.98, 0.98, 0.98, 0.98, 0.98, 0.98, 0.98, 0.96, 0.98, 0.98, 0.98, 0.94, 0.94, 0.94, 0.94, 0.94, 0.94, 0.94, 0.94, 0.94, 0.92, 0.9, 0.86, 0.82, 0.82, 0.82, 0.82, 0.82, 0.82, 0.82, 0.82, 0.82, 0.78, 0.76, 0.72, 0.7, 0.7, 0.66, 0.66, 0.62, 0.62, 0.6, 0.58, 0.56, 0.52], "best": [0.4333333, 0.46222222, 0.36396822, 0.35841265, 0.3623016, 0.3852814, 0.38845754, 0.4487654, 0.45134404, 0.439579, 0.37547466, 0.41933444, 0.4520947, 0.44143566, 0.454321, 0.44204614, 0.45514902, 0.4557252, 0.45690474, 0.45712683, 0.46160337, 0.43858144, 0.4506481, 0.4614612, 0.46211722, 0.4628788, 0.46319613, 0.46721053, 0.4671161, 0.46782604, 0.471519, 0.4733062, 0.47458744, 0.4740102, 0.4855288, 0.4802513, 0.48115182, 0.48699167, 0.48828745, 0.48692182, 0.4873581, 0.48914137, 0.48870805, 0.49033818, 0.49245635, 0.4947902, 0.49701086, 0.49708995, 0.49926308, 0.50080574], "duration": [42886, 39617, 39198, 47646, 44333, 38899, 38524, 39471, 39638, 38520, 39474, 39108, 39734, 38124, 44627, 38928, 38553, 45835, 39306, 45874, 45823, 46191, 39835, 38947, 39605, 39329, 39471, 39813, 39782, 39373, 52473, 39801, 39354, 39874, 46717, 39700, 39769, 46603, 45943, 53197, 39492, 39683, 39744, 46914, 40129, 39762, 58097, 40004, 44591, 40103]}