{"avg": [0.25952384, 0.2533069, 0.31157407, 0.2621693, 0.2518188, 0.25981483, 0.30222222, 0.255362, 0.29379433, 0.29942113, 0.25248018, 0.2731055, 0.26066762, 0.2957958, 0.26594248, 0.2560262, 0.25335577, 0.2558957, 0.31291208, 0.23493506, 0.2400657, 0.28031483, 0.30960566, 0.26353383, 0.29749915, 0.2912972, 0.2779691, 0.2915649, 0.30658925, 0.27800924, 0.25514048, 0.24107938, 0.25104678, 0.2368836, 0.23765306, 0.27320936, 0.24093246, 0.25190702, 0.23499346, 0.28345737, 0.26851967, 0.26603782, 0.24260461, 0.24188429, 0.30939883, 0.26139927, 0.23834682, 0.25073272, 0.29245457, 0.31906027], "std": [0.03560831, 0.11125314, 0.021028515, 0.043948527, 0.042690158, 0.053107943, 0.061396033, 0.07737397, 0.06494499, 0.034558676, 0.043722548, 0.054887787, 0.043231513, 0.035735264, 0.043680057, 0.05220026, 0.09546594, 0.04123635, 0.044089645, 0.04274311, 0.07595092, 0.040911213, 0.0398533, 0.062142886, 0.0324318, 0.03830699, 0.023454906, 0.052994035, 0.02320941, 0.04451958, 0.040570673, 0.03915493, 0.042859644, 0.043684762, 0.024588006, 0.06965201, 0.084610604, 0.06028977, 0.06393645, 0.08763021, 0.044630513, 0.056335352, 0.038225275, 0.044856288, 0.054751556, 0.03959013, 0.042739768, 0.025523568, 0.04667046, 0.03962725], "var": [1.0, 1.0, 1.0, 1.0, 1.0, 1.0, 1.0, 1.0, 1.0, 1.0, 1.0, 1.0, 1.0, 1.0, 1.0, 1.0, 1.0, 1.0, 1.0, 1.0, 1.0, 1.0, 1.0, 1.0, 1.0, 1.0, 1.0, 1.0, 1.0, 1.0, 1.0, 1.0, 1.0, 1.0, 1.0, 1.0, 1.0, 1.0, 1.0, 1.0, 1.0, 1.0, 1.0, 1.0, 1.0, 1.0, 1.0, 1.0, 1.0, 1.0], "best": [0.30476192, 0.45555556, 0.3531746, 0.33201057, 0.3267857, 0.34079364, 0.38531744, 0.38908246, 0.3556231, 0.34509805, 0.30059525, 0.3504608, 0.31603643, 0.34845558, 0.3394048, 0.31755263, 0.44197723, 0.30986395, 0.382326, 0.30199137, 0.34195402, 0.34426227, 0.36469492, 0.39749375, 0.34272012, 0.3382266, 0.30605486, 0.35225883, 0.35273364, 0.34444442, 0.31568146, 0.30232805, 0.3130502, 0.30234358, 0.26955783, 0.37893865, 0.3951231, 0.32968923, 0.3305155, 0.3971726, 0.34103522, 0.3286521, 0.29348683, 0.30720046, 0.4046869, 0.30613554, 0.31345913, 0.29530838, 0.38976884, 0.35778454], "duration": [12831, 12985, 13431, 14194, 12958, 12686, 13468, 12976, 12739, 13059, 12603, 12716, 17588, 13345, 13620, 12821, 14307, 12131, 12833, 12885, 12076, 12793, 12714, 9656, 12810, 13421, 13162, 12794, 12793, 12849, 13043, 13105, 13147, 12815, 8106, 13569, 12993, 9824, 12958, 13607, 12336, 12611, 12619, 12058, 13429, 12187, 12219, 12276, 12892, 12852]}