{"avg": [0.26031747, 0.2896931, 0.29708436, 0.29300287, 0.29537734, 0.29402542, 0.30863777, 0.320574, 0.31279385, 0.32797393, 0.30525985, 0.29482472, 0.31779337, 0.33182698, 0.3049238, 0.2950869, 0.28957266, 0.3040173, 0.30981463, 0.3247099, 0.33410746, 0.30261403, 0.30136275, 0.31291443, 0.3277706, 0.32524556, 0.31700742, 0.31663653, 0.3381835, 0.3237128, 0.354062, 0.3396341, 0.33391437, 0.3247605, 0.3597586, 0.33746266, 0.34133592, 0.37912065, 0.35175186, 0.35559, 0.3706359, 0.38032782, 0.38397664, 0.33373994, 0.35404125, 0.35481527, 0.32947734, 0.36539474, 0.38466394, 0.36211845], "std": [0.08539034, 0.07409099, 0.04982655, 0.04365753, 0.0705064, 0.077167965, 0.057517584, 0.0491792, 0.07701867, 0.06492253, 0.061064214, 0.04612312, 0.06423988, 0.06008574, 0.070135094, 0.0683831, 0.05845722, 0.041864622, 0.06773999, 0.06352208, 0.050555024, 0.06997905, 0.05534668, 0.06125992, 0.06340906, 0.055920105, 0.08202216, 0.036836118, 0.071621396, 0.047223393, 0.045523513, 0.054347444, 0.035594374, 0.0644938, 0.045450103, 0.07974888, 0.057925615, 0.053562768, 0.061367232, 0.055742566, 0.052086197, 0.0522968, 0.052532423, 0.0775345, 0.05626813, 0.07126586, 0.069543034, 0.04146354, 0.072012015, 0.047747783], "var": [0.98, 0.98, 0.98, 0.96, 0.94, 0.94, 0.92, 0.92, 0.88, 0.88, 0.88, 0.86, 0.84, 0.82, 0.82, 0.8, 0.8, 0.8, 0.82, 0.8, 0.8, 0.78, 0.78, 0.78, 0.76, 0.74, 0.72, 0.68, 0.68, 0.68, 0.7, 0.7, 0.68, 0.68, 0.66, 0.62, 0.64, 0.64, 0.66, 0.66, 0.66, 0.64, 0.64, 0.66, 0.64, 0.66, 0.64, 0.66, 0.64, 0.62], "best": [0.4333333, 0.46222222, 0.36396822, 0.3578231, 0.45502642, 0.45609757, 0.40081772, 0.40355125, 0.45456788, 0.4561403, 0.36167526, 0.35859787, 0.455102, 0.45581758, 0.39028823, 0.40608904, 0.4064652, 0.3587879, 0.4065311, 0.40750977, 0.4545741, 0.40976766, 0.36574984, 0.3907893, 0.45422104, 0.4112024, 0.4125229, 0.37012985, 0.45447704, 0.36692715, 0.41548884, 0.4547325, 0.39041007, 0.45521235, 0.45553482, 0.5108052, 0.42088175, 0.5114875, 0.51230294, 0.45701185, 0.4572933, 0.5136033, 0.5141353, 0.51468486, 0.43179175, 0.44042948, 0.4580586, 0.44155434, 0.514826, 0.43637875], "duration": [42931, 39710, 52832, 42772, 49870, 47728, 45582, 38660, 44976, 39758, 37377, 38308, 45658, 39778, 44768, 38454, 38104, 39133, 39517, 39089, 45949, 38942, 39361, 45255, 38759, 39112, 38887, 37857, 38714, 38707, 39159, 39350, 39198, 52199, 39051, 39460, 38867, 39920, 59194, 39495, 39578, 46120, 39718, 39514, 52465, 39333, 46182, 39626, 39827, 45595]}