{"avg": [0.33735582, 0.36772847, 0.40025544, 0.42550272, 0.43225682, 0.46725288, 0.48193648, 0.49368, 0.50830275, 0.50226384, 0.52980375, 0.5451656, 0.56081635, 0.5711384, 0.58289695, 0.60110825, 0.61248183, 0.6108001, 0.616832, 0.6179524, 0.6269369, 0.631396, 0.63070685, 0.6413647, 0.64468086, 0.64524215, 0.64560336, 0.6484155, 0.653039, 0.6577752, 0.6574679, 0.6616549, 0.66346145, 0.66511273, 0.66436553, 0.66354054, 0.66965455, 0.6710222, 0.6699825, 0.67131275, 0.6747535, 0.6757508, 0.67670345, 0.67780113, 0.6787539, 0.67966294, 0.6805718, 0.68140036, 0.68223023, 0.68295294, 0.6837155, 0.68431497, 0.682857, 0.68149847, 0.68430424, 0.68069386, 0.6830411, 0.68157417, 0.68880624, 0.68432176, 0.6896916, 0.6880417, 0.69067836, 0.68906385, 0.6864434, 0.6896459, 0.68993574, 0.6903115, 0.6853919, 0.6934626, 0.6864442, 0.6892298, 0.6892991, 0.69253135, 0.6930581], "std": [0.10303233, 0.078592055, 0.08593685, 0.09609817, 0.09247058, 0.06588249, 0.055297654, 0.056038603, 0.051580213, 0.058689054, 0.04799619, 0.04146373, 0.037658956, 0.038729653, 0.034628574, 0.018664937, 0.0035263067, 0.015287573, 0.012805139, 0.016840331, 0.010891043, 0.010287314, 0.017087216, 0.0002916421, 0.00039056936, 0.011219323, 0.014346881, 0.01405053, 0.010420226, 1.1920929e-07, 0.009986521, 0.001043795, 5.9604645e-08, 5.9604645e-08, 0.010202392, 0.014377624, 1.7881393e-07, 1.7881393e-07, 0.010430636, 0.010202394, 1.7881393e-07, 5.9604645e-08, 0.0, 0.0, 5.9604645e-08, 2.3841858e-07, 1.1920929e-07, 5.9604645e-08, 5.9604645e-08, 5.9604645e-08, 1.7881393e-07, 1.1920929e-07, 0.010202392, 0.01380104, 0.0099884635, 0.016495377, 0.014377624, 0.01680851, 1.1920929e-07, 0.014693873, 1.1920929e-07, 0.0099884635, 1.1920929e-07, 0.009787398, 0.015031451, 0.010430621, 0.010674852, 0.010674852, 0.017860003, 1.7881393e-07, 0.01748919, 0.014693872, 0.015031434, 0.010202392, 0.0097873965], "var": [1.0, 1.0, 1.0, 1.0, 1.0, 1.0, 1.0, 1.0, 1.0, 0.92, 0.92, 0.92, 0.84, 0.88, 0.8, 0.68, 0.56, 0.44, 0.28, 0.16, 0.08, 0.08, 0.08, 0.08, 0.08, 0.08, 0.08, 0.08, 0.08, 0.08, 0.08, 0.04, 0.04, 0.04, 0.04, 0.04, 0.04, 0.04, 0.04, 0.04, 0.04, 0.04, 0.04, 0.04, 0.04, 0.04, 0.04, 0.04, 0.04, 0.04, 0.04, 0.04, 0.04, 0.04, 0.04, 0.04, 0.04, 0.04, 0.04, 0.04, 0.04, 0.04, 0.04, 0.04, 0.04, 0.04, 0.04, 0.04, 0.04, 0.04, 0.04, 0.04, 0.04, 0.04, 0.04], "best": [0.57551014, 0.47054127, 0.5824869, 0.5828762, 0.58362305, 0.5852189, 0.58584696, 0.58835703, 0.58988464, 0.5916797, 0.59413135, 0.5972634, 0.60098636, 0.6047435, 0.6087422, 0.6120759, 0.6155367, 0.6190376, 0.6219587, 0.6251664, 0.6299182, 0.6336832, 0.6378389, 0.6414299, 0.64476615, 0.64796317, 0.6504003, 0.65301216, 0.6555406, 0.65777534, 0.65978163, 0.661908, 0.6634614, 0.6651128, 0.66659206, 0.6682054, 0.66965437, 0.671022, 0.67231494, 0.6735391, 0.67475367, 0.67575085, 0.67670345, 0.67780113, 0.678754, 0.6796632, 0.6805719, 0.6814004, 0.6822303, 0.682953, 0.68371534, 0.6843151, 0.6850832, 0.68575746, 0.6864338, 0.6870826, 0.6877056, 0.6882531, 0.6888061, 0.6892198, 0.6896917, 0.69017124, 0.69067824, 0.69110453, 0.6915992, 0.6919781, 0.6923847, 0.69276047, 0.6931254, 0.6934628, 0.6937911, 0.69412756, 0.69445485, 0.6947578, 0.695099], "duration": [99140, 92674, 105020, 85283, 87183, 80764, 100763, 102222, 102206, 88724, 123796, 81557, 109673, 129233, 110953, 89445, 95334, 81496, 81748, 97178, 115763, 116336, 89723, 102458, 96038, 95734, 95368, 138502, 88539, 94959, 121958, 81334, 81516, 101520, 101712, 88296, 89591, 88805, 102019, 89398, 81505, 110050, 102122, 102369, 95268, 122113, 108564, 101676, 94863, 88253, 95244, 129552, 129362, 116484, 122861, 102557, 95556, 89056, 102614, 88801, 109603, 89157, 102730, 88826, 82201, 102576, 95693, 95494, 88877, 95689, 95669, 95490, 95790, 88995, 129878]}