{"avg": [0.2679048, 0.28338286, 0.2858676, 0.28541845, 0.27744952, 0.2731333, 0.27264476, 0.27439043, 0.2756143, 0.2756951, 0.27048957, 0.2658343, 0.26053524, 0.26225892, 0.2644486, 0.26033092, 0.26178527, 0.26086456, 0.26019523, 0.26054844, 0.26109508, 0.25785208, 0.25500312, 0.25263676, 0.24952567, 0.25252727, 0.25358203, 0.25231656, 0.24821526, 0.24848583, 0.24686025, 0.24605383, 0.24855952, 0.24542053, 0.24766488, 0.24838285, 0.24563013, 0.24761447, 0.2526754, 0.24757282, 0.2491255, 0.24821343, 0.24704887, 0.24457072, 0.241493, 0.24399354, 0.24571063, 0.24609335, 0.24606447, 0.24774694], "std": [0.063772626, 0.06333103, 0.06656062, 0.06608456, 0.06770499, 0.067916654, 0.068061106, 0.068036504, 0.06766701, 0.06634668, 0.066246204, 0.06045807, 0.058939107, 0.060499504, 0.058921184, 0.05983026, 0.05868718, 0.057764, 0.05828225, 0.057951424, 0.05835113, 0.059365667, 0.0562062, 0.05644115, 0.05485671, 0.053749226, 0.055047847, 0.0559879, 0.05427683, 0.052650537, 0.05427697, 0.055405315, 0.054316133, 0.056653682, 0.06107818, 0.062137462, 0.058728304, 0.06179606, 0.06483662, 0.06323549, 0.06473662, 0.062351026, 0.06487872, 0.06708296, 0.065409474, 0.06657689, 0.06924965, 0.06589163, 0.06818275, 0.067308806], "var": [1.0, 1.0, 0.98, 0.98, 0.98, 0.96, 0.96, 0.96, 0.96, 0.96, 0.94, 0.9, 0.9, 0.9, 0.88, 0.88, 0.86, 0.82, 0.82, 0.82, 0.8, 0.8, 0.78, 0.76, 0.76, 0.78, 0.78, 0.78, 0.76, 0.72, 0.72, 0.74, 0.74, 0.74, 0.74, 0.72, 0.72, 0.74, 0.74, 0.7, 0.72, 0.72, 0.7, 0.7, 0.7, 0.72, 0.76, 0.74, 0.76, 0.78], "best": [0.4333333, 0.44999996, 0.45066667, 0.45066667, 0.45066667, 0.45066667, 0.45066667, 0.45066667, 0.4505833, 0.4505185, 0.4505333, 0.38961038, 0.3896508, 0.389685, 0.38966668, 0.3896508, 0.38959524, 0.3895854, 0.3895397, 0.38956892, 0.38962856, 0.38968253, 0.35634196, 0.35639334, 0.35632935, 0.35254857, 0.35268497, 0.35278657, 0.3528571, 0.3528768, 0.34904444, 0.35291243, 0.35292855, 0.386811, 0.39181516, 0.39184764, 0.39189684, 0.39194337, 0.39200506, 0.39218318, 0.39235237, 0.39252964, 0.3926032, 0.39267334, 0.39277056, 0.39287832, 0.3929669, 0.3930517, 0.39313295, 0.38914287], "duration": [99947, 100376, 99542, 100041, 100541, 99789, 97652, 96964, 98179, 96912, 98966, 99322, 96812, 95444, 97571, 97000, 100902, 100232, 98567, 97543, 96622, 95433, 94947, 95727, 96096, 95352, 95123, 95777, 93899, 95181, 95701, 95405, 94637, 95278, 97271, 97257, 95024, 96530, 95307, 97446, 95765, 96147, 98987, 97576, 98454, 98374, 99964, 99606, 98458, 98524]}