{"avg": [0.27873012, 0.2773122, 0.28002116, 0.26993197, 0.30980635, 0.2795869, 0.28074798, 0.30565095, 0.2808469, 0.30763054, 0.2923581, 0.29485545, 0.31556776, 0.2904662, 0.32972917, 0.282453, 0.32054046, 0.3255413, 0.32654986, 0.33377507, 0.32520172, 0.30114132, 0.3289007, 0.32356837, 0.33928457, 0.32433337, 0.32135248, 0.32104376, 0.33882502, 0.3420001, 0.32603315, 0.34464124, 0.3313155, 0.34604633, 0.3230862, 0.3517815, 0.34286088, 0.33425865, 0.34725875, 0.34813446, 0.3750444, 0.34223226, 0.3477766, 0.3742929, 0.35795984, 0.36478427, 0.3670805, 0.36935735, 0.35988984, 0.35363504], "std": [0.042337827, 0.062245633, 0.06791667, 0.07229895, 0.03796348, 0.04790197, 0.07007438, 0.059700742, 0.08099546, 0.07384334, 0.07472503, 0.06352353, 0.037657868, 0.072431676, 0.0459134, 0.06710548, 0.04393603, 0.042288, 0.071056366, 0.03806341, 0.05097688, 0.05279912, 0.05296636, 0.056633573, 0.04894743, 0.051223133, 0.05945569, 0.0533659, 0.062441822, 0.043341354, 0.052798033, 0.040687587, 0.05966106, 0.05111603, 0.06451377, 0.06483772, 0.07650303, 0.07792191, 0.056963954, 0.064829096, 0.037652813, 0.044237603, 0.06762078, 0.055401836, 0.060809765, 0.061356537, 0.04433581, 0.046216134, 0.052403368, 0.06517678], "var": [0.98, 0.98, 0.98, 0.94, 0.92, 0.9, 0.88, 0.9, 0.9, 0.88, 0.88, 0.88, 0.86, 0.84, 0.82, 0.8, 0.78, 0.8, 0.8, 0.82, 0.8, 0.8, 0.78, 0.76, 0.72, 0.72, 0.72, 0.7, 0.66, 0.68, 0.7, 0.68, 0.68, 0.68, 0.66, 0.66, 0.62, 0.6, 0.6, 0.6, 0.6, 0.6, 0.62, 0.62, 0.6, 0.62, 0.64, 0.64, 0.66, 0.64], "best": [0.34285712, 0.3784127, 0.385873, 0.36137566, 0.3645682, 0.34181345, 0.44583333, 0.36397126, 0.36899045, 0.44806764, 0.41157794, 0.35813496, 0.39835167, 0.38639453, 0.45148668, 0.3599958, 0.37288466, 0.38621458, 0.40218696, 0.37502494, 0.37220374, 0.38751325, 0.40334347, 0.37551412, 0.45368323, 0.404875, 0.40612245, 0.3881358, 0.45615685, 0.38915583, 0.38963032, 0.4079163, 0.39125025, 0.40852034, 0.4000734, 0.4588454, 0.4597222, 0.42722166, 0.41371498, 0.42846033, 0.42948985, 0.43057248, 0.46671808, 0.4681181, 0.4712828, 0.47169986, 0.43400314, 0.47298768, 0.4737333, 0.47535852], "duration": [42529, 43544, 39349, 39418, 38975, 38912, 49421, 51168, 38757, 38996, 39504, 38115, 38964, 39466, 45332, 37792, 38475, 39287, 40073, 39511, 39100, 38721, 39548, 46360, 39244, 39234, 46391, 39481, 39888, 39521, 39796, 40059, 39497, 39488, 45905, 39835, 39230, 39919, 53398, 39649, 39997, 39343, 53021, 52978, 53791, 44136, 46856, 39800, 40135, 39590]}