{"avg": [0.26031747, 0.2896931, 0.29708436, 0.28688046, 0.2928711, 0.29626632, 0.31064278, 0.320574, 0.31279385, 0.32797393, 0.30798092, 0.30196756, 0.3201743, 0.33420795, 0.3049238, 0.2950869, 0.28957266, 0.3040173, 0.30981463, 0.3247099, 0.3372821, 0.30261403, 0.34017113, 0.34405658, 0.32726064, 0.33798492, 0.34314683, 0.33551642, 0.3224729, 0.34609917, 0.3311132, 0.3349867, 0.33436948, 0.34950656, 0.34026068, 0.3502243, 0.35472447, 0.36800712, 0.37119612, 0.36315954, 0.36288822, 0.37260368, 0.39473167, 0.3789229, 0.36475015, 0.37087777, 0.38308492, 0.379047, 0.3575291, 0.3799354], "std": [0.08539034, 0.07409099, 0.04982655, 0.048593, 0.07386619, 0.07465063, 0.052799568, 0.0491792, 0.07701867, 0.06492253, 0.06272913, 0.04327503, 0.06523052, 0.055016633, 0.070135094, 0.0683831, 0.05845722, 0.041864622, 0.06773999, 0.06352208, 0.04649302, 0.06711133, 0.053533934, 0.054456856, 0.073100105, 0.07117715, 0.04936809, 0.05141586, 0.06303749, 0.040723186, 0.0697655, 0.07739715, 0.049213067, 0.05143637, 0.071284816, 0.053535912, 0.05220152, 0.079577595, 0.07126411, 0.06826616, 0.07947295, 0.05828458, 0.06758467, 0.05712628, 0.064920366, 0.06513534, 0.07745757, 0.065601476, 0.073644996, 0.08332757], "var": [0.98, 0.98, 0.98, 0.96, 0.94, 0.94, 0.92, 0.92, 0.88, 0.88, 0.88, 0.86, 0.84, 0.82, 0.82, 0.8, 0.8, 0.8, 0.82, 0.8, 0.8, 0.78, 0.78, 0.74, 0.72, 0.72, 0.72, 0.72, 0.72, 0.7, 0.7, 0.7, 0.7, 0.7, 0.68, 0.68, 0.66, 0.66, 0.64, 0.64, 0.62, 0.58, 0.58, 0.58, 0.58, 0.56, 0.54, 0.56, 0.58, 0.6], "best": [0.4333333, 0.46222222, 0.36396822, 0.3578231, 0.45502642, 0.45609757, 0.40081772, 0.40355125, 0.45456788, 0.4561403, 0.36353984, 0.36396825, 0.455102, 0.45581758, 0.39028823, 0.40608904, 0.4064652, 0.3587879, 0.4065311, 0.40750977, 0.4545741, 0.40976766, 0.45498082, 0.5103718, 0.5109111, 0.4132782, 0.4570388, 0.4576324, 0.41654816, 0.41698447, 0.4178168, 0.45744535, 0.4195106, 0.45767498, 0.5129644, 0.42056593, 0.43690476, 0.5132157, 0.51383406, 0.45800865, 0.51477545, 0.44356886, 0.51602644, 0.4359007, 0.45936596, 0.45971832, 0.45996323, 0.51783305, 0.46050194, 0.5187885], "duration": [43038, 39913, 52612, 37950, 44916, 47849, 45711, 38555, 44866, 39649, 37386, 38233, 45800, 39919, 44840, 38492, 38169, 39400, 39575, 39039, 45992, 38991, 39663, 39515, 39445, 39271, 45837, 38674, 44968, 38632, 39333, 43765, 39468, 52767, 39192, 43738, 38925, 45649, 39439, 39710, 39370, 39201, 39252, 50315, 39776, 46320, 46506, 39550, 39647, 39168]}