{"avg": [0.26031747, 0.28461376, 0.29708436, 0.2902818, 0.29337233, 0.29178452, 0.31264776, 0.320574, 0.30834097, 0.32232428, 0.31609043, 0.29909322, 0.32198787, 0.32884076, 0.30424494, 0.32332337, 0.33448797, 0.340417, 0.36127555, 0.3420306, 0.33691052, 0.31807303, 0.32126176, 0.31467047, 0.36116207, 0.3347324, 0.33516794, 0.3504496, 0.3225575, 0.3232714, 0.33899376, 0.31711563, 0.35098743, 0.3486868, 0.35151216, 0.36838913, 0.38020504, 0.38135856, 0.35546285, 0.3884167, 0.41460568, 0.40801775, 0.39576894, 0.39616847, 0.37563154, 0.40486002, 0.39031672, 0.39399624, 0.41880354, 0.42134756], "std": [0.08539034, 0.076805964, 0.04982655, 0.041381273, 0.070916995, 0.07578598, 0.052022856, 0.0491792, 0.08057846, 0.06927916, 0.07530961, 0.061255567, 0.044591125, 0.06397372, 0.07350731, 0.054515664, 0.042767648, 0.053406753, 0.06330537, 0.073477484, 0.0763581, 0.0878566, 0.05872106, 0.08008267, 0.0599051, 0.058898225, 0.08992595, 0.08201713, 0.0793791, 0.08525764, 0.06987506, 0.08105337, 0.05840475, 0.092671394, 0.09062864, 0.06666115, 0.08557255, 0.07896223, 0.0679584, 0.06708848, 0.05942587, 0.068875186, 0.07689715, 0.08739866, 0.060621142, 0.09534224, 0.07861937, 0.083023734, 0.07541808, 0.071632795], "var": [0.98, 0.98, 0.98, 0.96, 0.94, 0.94, 0.92, 0.92, 0.92, 0.9, 0.9, 0.88, 0.88, 0.86, 0.84, 0.82, 0.8, 0.78, 0.8, 0.8, 0.8, 0.8, 0.78, 0.78, 0.78, 0.78, 0.78, 0.74, 0.7, 0.68, 0.66, 0.68, 0.64, 0.6, 0.6, 0.6, 0.58, 0.54, 0.52, 0.54, 0.54, 0.52, 0.52, 0.52, 0.52, 0.48, 0.5, 0.5, 0.48, 0.46], "best": [0.4333333, 0.46222222, 0.36396822, 0.3578231, 0.45502642, 0.45609757, 0.40081772, 0.40355125, 0.45456788, 0.45599997, 0.45650408, 0.36771587, 0.38826704, 0.4557692, 0.45688888, 0.4576011, 0.40798652, 0.4113337, 0.4576923, 0.4616393, 0.4638629, 0.46617064, 0.41721305, 0.46693838, 0.46692777, 0.46783915, 0.46803543, 0.46953487, 0.47078648, 0.4716049, 0.47243318, 0.47231293, 0.4727451, 0.47300377, 0.47401962, 0.47523808, 0.47604164, 0.47805977, 0.4797697, 0.47991452, 0.48135415, 0.48333332, 0.4858917, 0.48789194, 0.49042252, 0.49025854, 0.49245706, 0.49370566, 0.49497178, 0.4966921], "duration": [43079, 40007, 52902, 42986, 49894, 47890, 45886, 38806, 38850, 39515, 38981, 38898, 39426, 38965, 45815, 39489, 45623, 46240, 46443, 38742, 45804, 39146, 39009, 39580, 39410, 39164, 39053, 39730, 39193, 38979, 46009, 45424, 39226, 46618, 39901, 39363, 39936, 39818, 46079, 46741, 39860, 40371, 53186, 46907, 39606, 40375, 40230, 39782, 40455, 46902]}