{"avg": [0.26190475, 0.18015873, 0.35615078, 0.17861553, 0.26746032, 0.35550264, 0.32039684, 0.35476187, 0.40101314, 0.3204295, 0.35625002, 0.4458269, 0.35655928, 0.26761046, 0.17835318, 0.26713732, 0.26733956, 0.35657597, 0.53513426, 0.1789466, 0.26736453, 0.5342831, 0.42821425, 0.3560568, 0.26658103, 0.26711547, 0.32121724, 0.44530424, 0.5351607, 0.53435844, 0.26736453, 0.21407938, 0.5343801, 0.32088256, 0.32074827, 0.445933, 0.17868261, 0.21390566, 0.26771516, 0.17854662, 0.4459524, 0.4455475, 0.35643777, 0.35621798, 0.35572425, 0.3204652, 0.35643902, 0.3217888, 0.44534448, 0.26716483], "std": [0.26190475, 0.25480312, 0.25185385, 0.25260106, 0.2674615, 0.25138527, 0.26161143, 0.25085822, 0.23152795, 0.261631, 0.2519076, 0.19938527, 0.2521297, 0.26761103, 0.25222957, 0.26714098, 0.2673442, 0.2521396, 0.0023161897, 0.2530702, 0.2673672, 0.0021552201, 0.2141184, 0.2517728, 0.26658192, 0.26711604, 0.26227543, 0.19914915, 0.0013875224, 0.0016257566, 0.26736456, 0.26219276, 0.0013020611, 0.2620042, 0.26189148, 0.19943145, 0.25269783, 0.26198173, 0.2677156, 0.25250313, 0.19943734, 0.19925818, 0.25204283, 0.25188634, 0.2515352, 0.26165956, 0.2520439, 0.2627401, 0.19916685, 0.26716483], "var": [1.0, 1.0, 1.0, 1.0, 1.0, 1.0, 1.0, 1.0, 1.0, 1.0, 1.0, 1.0, 1.0, 1.0, 1.0, 1.0, 1.0, 1.0, 1.0, 1.0, 1.0, 1.0, 1.0, 1.0, 1.0, 1.0, 1.0, 1.0, 1.0, 1.0, 1.0, 1.0, 1.0, 1.0, 1.0, 1.0, 1.0, 1.0, 1.0, 1.0, 1.0, 1.0, 1.0, 1.0, 1.0, 1.0, 1.0, 1.0, 1.0, 1.0], "best": [0.5238095, 0.5460318, 0.5376984, 0.5367725, 0.53630954, 0.5360317, 0.5376984, 0.5335656, 0.5365755, 0.53557426, 0.53511906, 0.5361751, 0.537535, 0.5359717, 0.53547615, 0.5362126, 0.5372153, 0.5370748, 0.5382326, 0.53835493, 0.5364532, 0.5374707, 0.5381324, 0.535589, 0.53436106, 0.5353038, 0.53749603, 0.53641635, 0.5380071, 0.5367063, 0.53492063, 0.5356614, 0.5358816, 0.53672403, 0.53605443, 0.5374082, 0.5379802, 0.5363291, 0.53634775, 0.5360119, 0.5362733, 0.5369451, 0.53634393, 0.5357719, 0.53404576, 0.53470695, 0.53726864, 0.5373396, 0.53612834, 0.53444785], "duration": [493, 443, 437, 447, 436, 440, 435, 438, 435, 436, 434, 439, 437, 441, 439, 494, 439, 477, 439, 436, 434, 434, 437, 436, 434, 440, 436, 435, 439, 435, 434, 433, 440, 435, 435, 473, 432, 435, 436, 432, 436, 437, 434, 435, 436, 446, 504, 435, 435, 435]}