{"avg": [0.3866667, 0.41142857, 0.41954884, 0.4168367, 0.41842103, 0.41260505, 0.42142853, 0.45630252, 0.42333335, 0.44132656, 0.4241758, 0.43571427, 0.4486607, 0.40561223, 0.4480953, 0.4319549, 0.4566964, 0.47812498, 0.45669642, 0.47436973, 0.4683673, 0.47738096, 0.47310925, 0.45535713, 0.47605044, 0.48482147, 0.48626375, 0.47295913, 0.50510204, 0.48928568, 0.47476187, 0.51865077, 0.45969385, 0.49523813, 0.49142855, 0.48238093, 0.502521, 0.503125, 0.47518802, 0.51932764, 0.52678573, 0.51596636, 0.5395239, 0.51809525, 0.5058036, 0.49955356, 0.56875, 0.5588235, 0.5861607, 0.5857143], "std": [0.13090129, 0.112992674, 0.0747298, 0.0642067, 0.10367353, 0.10775815, 0.087358914, 0.07150761, 0.11331332, 0.052223068, 0.083512865, 0.07491492, 0.08918632, 0.094498, 0.079001695, 0.060403608, 0.049323782, 0.05178379, 0.0459778, 0.10724249, 0.07869721, 0.0831716, 0.085276514, 0.09114142, 0.07041043, 0.0705244, 0.08839496, 0.09982412, 0.07561354, 0.104934715, 0.12235963, 0.07476868, 0.11446436, 0.11436505, 0.097142845, 0.110344745, 0.08606166, 0.11168836, 0.13142957, 0.10387927, 0.08591865, 0.10728364, 0.08618389, 0.10954036, 0.11813329, 0.10766149, 0.10424272, 0.10979981, 0.09795318, 0.072886884], "var": [0.98, 0.98, 0.98, 0.96, 0.94, 0.94, 0.92, 0.9, 0.9, 0.88, 0.86, 0.84, 0.84, 0.84, 0.84, 0.8, 0.78, 0.8, 0.8, 0.8, 0.8, 0.78, 0.78, 0.78, 0.76, 0.74, 0.72, 0.72, 0.76, 0.76, 0.74, 0.72, 0.72, 0.7, 0.68, 0.64, 0.64, 0.66, 0.64, 0.62, 0.62, 0.62, 0.64, 0.66, 0.66, 0.62, 0.6, 0.58, 0.58, 0.6], "best": [0.65, 0.65, 0.5142857, 0.5142857, 0.65, 0.65, 0.5714286, 0.5714286, 0.65, 0.55714285, 0.5214286, 0.55714285, 0.65, 0.5142857, 0.65, 0.5714286, 0.5142857, 0.5714286, 0.5142857, 0.65, 0.65, 0.65, 0.65, 0.65, 0.65, 0.65, 0.65, 0.65, 0.65, 0.65, 0.65, 0.65, 0.65, 0.65, 0.65, 0.65, 0.65, 0.65, 0.65, 0.65, 0.65, 0.65, 0.65, 0.65, 0.65, 0.65, 0.65, 0.65, 0.65, 0.65], "duration": [43046, 40051, 53025, 42868, 49992, 47883, 45578, 38780, 38549, 39217, 38474, 39018, 51769, 37756, 43538, 49824, 38876, 39186, 39095, 46363, 40502, 40087, 39838, 39802, 39862, 39890, 39470, 39675, 40308, 40360, 39836, 39966, 39947, 40010, 39742, 39901, 39863, 39304, 53711, 39723, 40085, 54040, 39953, 40462, 40319, 47184, 60384, 40448, 40628, 46951]}