{"avg": [0.26031747, 0.28715342, 0.29307437, 0.29300287, 0.29337233, 0.29626632, 0.31064278, 0.320574, 0.30834097, 0.32504535, 0.31316, 0.29685232, 0.32743004, 0.32884076, 0.3096871, 0.32078367, 0.334488, 0.3348855, 0.3427345, 0.348136, 0.3357052, 0.32373077, 0.32133996, 0.3273281, 0.3566774, 0.30086267, 0.32022816, 0.33882627, 0.35014778, 0.31818947, 0.32965988, 0.33652794, 0.33224356, 0.3304123, 0.330902, 0.33959445, 0.35629076, 0.3809806, 0.35755914, 0.35765815, 0.34476876, 0.34692022, 0.34599817, 0.38649714, 0.3751691, 0.3949223, 0.41271225, 0.3583987, 0.34178337, 0.394342], "std": [0.08539034, 0.07461725, 0.04659862, 0.04365753, 0.070916995, 0.07465063, 0.052799568, 0.0491792, 0.08057846, 0.06462788, 0.07414443, 0.061366335, 0.039407905, 0.06397372, 0.07407446, 0.056210987, 0.042362984, 0.053301297, 0.06372718, 0.07525191, 0.07425795, 0.08032413, 0.071894184, 0.07975498, 0.064916134, 0.065327935, 0.07357511, 0.08112509, 0.087257385, 0.06831852, 0.086075924, 0.068589576, 0.06834435, 0.060270518, 0.09179821, 0.088824295, 0.061478827, 0.06036525, 0.061674856, 0.09757291, 0.09647227, 0.07098458, 0.077749945, 0.057648804, 0.062322684, 0.07124369, 0.07420644, 0.0867822, 0.0824497, 0.0628338], "var": [0.98, 0.98, 0.98, 0.96, 0.94, 0.94, 0.92, 0.92, 0.92, 0.9, 0.9, 0.88, 0.88, 0.86, 0.84, 0.82, 0.78, 0.78, 0.8, 0.8, 0.78, 0.8, 0.8, 0.78, 0.74, 0.76, 0.76, 0.78, 0.76, 0.78, 0.78, 0.76, 0.76, 0.78, 0.76, 0.72, 0.74, 0.7, 0.7, 0.66, 0.64, 0.64, 0.62, 0.6, 0.56, 0.56, 0.54, 0.54, 0.56, 0.54], "best": [0.4333333, 0.46222222, 0.351746, 0.3578231, 0.45502642, 0.45609757, 0.40081772, 0.40355125, 0.45456788, 0.45599997, 0.45650408, 0.36771587, 0.38826704, 0.4557692, 0.45688888, 0.4576011, 0.40798652, 0.4113337, 0.45804194, 0.4609836, 0.4631579, 0.46431372, 0.4657303, 0.46639785, 0.46726957, 0.41775107, 0.4269841, 0.46735474, 0.4685144, 0.4691756, 0.46944442, 0.47017542, 0.4709067, 0.43008658, 0.47064218, 0.4713095, 0.4720486, 0.47179922, 0.4723778, 0.4732047, 0.47450364, 0.4750127, 0.47486338, 0.47517005, 0.47566286, 0.4759722, 0.47780797, 0.47940525, 0.48042533, 0.4805945], "duration": [43001, 39971, 52641, 42997, 49827, 47734, 45553, 38727, 38854, 39244, 38761, 38759, 39272, 38875, 45957, 39377, 45854, 45382, 46347, 46328, 52264, 38795, 38778, 39446, 45474, 38624, 38704, 38541, 39447, 38249, 39830, 37866, 46115, 45587, 39473, 39099, 39002, 39299, 39798, 39131, 38808, 45821, 38589, 46278, 52731, 39261, 46798, 39595, 39402, 39867]}