{"avg": [0.2015873, 0.22643326, 0.22936198, 0.23270266, 0.23316355, 0.21268807, 0.21394558, 0.2694932, 0.21369508, 0.2355227, 0.2210516, 0.26904762, 0.2685267, 0.25217393, 0.2715833, 0.29431126, 0.3420932, 0.31717628, 0.22992264, 0.2957042, 0.29135588, 0.29217705, 0.31718403, 0.28350285, 0.332236, 0.30429238, 0.35185972, 0.36314845, 0.32699323, 0.33937114, 0.31951904, 0.36531356, 0.33941504, 0.3817091, 0.37432736, 0.34461784, 0.38908872, 0.36344117, 0.3773942, 0.33778074, 0.41234112, 0.37962636, 0.39936408, 0.42078125, 0.34235016, 0.40732282, 0.39539093, 0.3896343, 0.38637155, 0.38165295], "std": [0.10862874, 0.11275821, 0.11909009, 0.100596, 0.082919635, 0.09529157, 0.09959585, 0.12038681, 0.10119284, 0.066938914, 0.12073945, 0.08645978, 0.12405811, 0.11214439, 0.1243653, 0.114842884, 0.100450434, 0.10082075, 0.12316194, 0.085295215, 0.120086566, 0.084876776, 0.13296577, 0.075534806, 0.11413928, 0.13425323, 0.10033986, 0.07461802, 0.12876621, 0.11101936, 0.13812402, 0.09290869, 0.09153827, 0.10466702, 0.09075163, 0.11796441, 0.10951806, 0.11944972, 0.13923094, 0.1361606, 0.115323395, 0.13412167, 0.10596267, 0.107244544, 0.13490248, 0.12671722, 0.13924819, 0.12302608, 0.10498246, 0.13378611], "var": [0.98, 0.96, 0.96, 0.94, 0.92, 0.92, 0.9, 0.9, 0.86, 0.86, 0.84, 0.82, 0.82, 0.82, 0.8, 0.78, 0.76, 0.74, 0.74, 0.72, 0.72, 0.72, 0.72, 0.72, 0.68, 0.66, 0.64, 0.64, 0.62, 0.62, 0.62, 0.64, 0.64, 0.66, 0.66, 0.64, 0.64, 0.66, 0.66, 0.64, 0.66, 0.68, 0.66, 0.66, 0.66, 0.66, 0.66, 0.68, 0.68, 0.68], "best": [0.45238099, 0.48126987, 0.48154762, 0.39404765, 0.47980034, 0.47954145, 0.39863947, 0.47781956, 0.34754524, 0.3764532, 0.39842263, 0.40047622, 0.49343058, 0.49518004, 0.49521664, 0.49535918, 0.49695504, 0.5, 0.40546522, 0.47363377, 0.49912444, 0.47484252, 0.49985424, 0.40830693, 0.5024063, 0.47579065, 0.5053615, 0.47892126, 0.50809306, 0.47986245, 0.51004726, 0.5116065, 0.5103622, 0.51510113, 0.5134619, 0.5176437, 0.5187222, 0.52094656, 0.52246344, 0.52172667, 0.5255571, 0.5256482, 0.52723736, 0.52966076, 0.5297394, 0.5305269, 0.53183323, 0.5334047, 0.5336155, 0.5367325], "duration": [8116, 3524, 3125, 3000, 8330, 12928, 3061, 3069, 3571, 2967, 2992, 3644, 3068, 3087, 3655, 3435, 3164, 3588, 3171, 3170, 18361, 3685, 3108, 3066, 3171, 12790, 3093, 3135, 12912, 3028, 3034, 3165, 7893, 3125, 7921, 3072, 7969, 3140, 3709, 8043, 8102, 3091, 13507, 8150, 12942, 7922, 3060, 13406, 12884, 12854]}