{"avg": [0.26031747, 0.2896931, 0.29307437, 0.29572397, 0.29537734, 0.29626632, 0.30863777, 0.31838295, 0.31276482, 0.3252372, 0.3078949, 0.29495206, 0.31772956, 0.33174837, 0.300235, 0.29506126, 0.2867509, 0.3095169, 0.32848763, 0.32235432, 0.33514276, 0.33624172, 0.32519978, 0.31963727, 0.33425078, 0.34333217, 0.33649057, 0.33181843, 0.32351458, 0.3381313, 0.34525004, 0.34855807, 0.3611091, 0.32948226, 0.34068474, 0.3190556, 0.32091194, 0.3478621, 0.34907994, 0.3543666, 0.32826728, 0.36094067, 0.33745545, 0.37808576, 0.36060056, 0.3685723, 0.3537865, 0.37213892, 0.38726905, 0.3653557], "std": [0.08539034, 0.07409099, 0.047121577, 0.039857898, 0.07146287, 0.07776029, 0.049985513, 0.04617132, 0.076966606, 0.062260285, 0.06267368, 0.04605825, 0.065987445, 0.052509528, 0.07112433, 0.06824448, 0.049550682, 0.042224564, 0.0484923, 0.07498048, 0.04994869, 0.032400664, 0.038338993, 0.056528013, 0.044575665, 0.04852281, 0.062440936, 0.03270176, 0.056987863, 0.05865801, 0.046218634, 0.04125809, 0.044555772, 0.059937708, 0.05455066, 0.075109944, 0.063610606, 0.050015595, 0.045003653, 0.047007855, 0.07607055, 0.058990262, 0.06749712, 0.04247621, 0.061969336, 0.07520511, 0.09564212, 0.05495934, 0.0556691, 0.063249096], "var": [0.98, 0.98, 0.98, 0.96, 0.94, 0.94, 0.92, 0.9, 0.86, 0.86, 0.88, 0.86, 0.84, 0.82, 0.82, 0.8, 0.78, 0.78, 0.76, 0.72, 0.74, 0.74, 0.76, 0.74, 0.74, 0.74, 0.74, 0.72, 0.7, 0.72, 0.7, 0.68, 0.68, 0.68, 0.66, 0.64, 0.64, 0.64, 0.64, 0.62, 0.6, 0.6, 0.62, 0.62, 0.58, 0.58, 0.6, 0.62, 0.6, 0.6], "best": [0.4333333, 0.46222222, 0.36396822, 0.3578231, 0.45502642, 0.45609757, 0.3848966, 0.36630344, 0.454321, 0.45592105, 0.36353984, 0.35859787, 0.4547619, 0.45550314, 0.39028823, 0.40499613, 0.36272892, 0.36685714, 0.45425284, 0.4548004, 0.4174259, 0.40846717, 0.37214148, 0.38948786, 0.4100652, 0.4121352, 0.45494416, 0.3907187, 0.41533208, 0.45497835, 0.41761908, 0.41940355, 0.4554256, 0.4559772, 0.42666492, 0.38827905, 0.3898851, 0.4236802, 0.40833533, 0.4557527, 0.42401886, 0.4268869, 0.42551327, 0.4257867, 0.4700476, 0.47116992, 0.4720782, 0.47286925, 0.4740692, 0.45865464], "duration": [43581, 40360, 53126, 43539, 50286, 48385, 46687, 39079, 45326, 40217, 37732, 38873, 46695, 40227, 45313, 38904, 38674, 46179, 45764, 40121, 46675, 38981, 39216, 39720, 39228, 39373, 40197, 39464, 38903, 46472, 39059, 39456, 39787, 39832, 39816, 38925, 39567, 39782, 39836, 39761, 39754, 39773, 39980, 46564, 39684, 39721, 39824, 40031, 40560, 39907]}