{"avg": [0.27194446, 0.3062407, 0.31494153, 0.309457, 0.3096317, 0.3162243, 0.33025426, 0.34021688, 0.32804117, 0.33033338, 0.33131644, 0.3283843, 0.35219073, 0.34163833, 0.33639553, 0.33807528, 0.3543365, 0.35041314, 0.3753159, 0.3794437, 0.4014979, 0.36318323, 0.3481683, 0.39001498, 0.38288873, 0.37403053, 0.3909077, 0.37254333, 0.37444168, 0.38187635, 0.37414676, 0.34483907, 0.39871714, 0.38165, 0.36831507, 0.38015398, 0.38581914, 0.3906994, 0.4172082, 0.38226438, 0.40049672, 0.43082768, 0.43252322, 0.42137197, 0.4201242, 0.43747473, 0.4240427, 0.43686, 0.43444046, 0.40499228], "std": [0.09753283, 0.082243174, 0.05073465, 0.04789607, 0.07698144, 0.083615355, 0.056359638, 0.05083693, 0.088553205, 0.08622402, 0.08448129, 0.08938469, 0.0634839, 0.080604225, 0.08861583, 0.055265065, 0.0682958, 0.06664709, 0.0708073, 0.08447322, 0.0742579, 0.064199105, 0.06593125, 0.08483307, 0.071657784, 0.07568532, 0.071438104, 0.078892276, 0.07511961, 0.07742633, 0.073098294, 0.07139463, 0.06716754, 0.075042345, 0.09018821, 0.08298259, 0.085118145, 0.07643916, 0.06349093, 0.08522287, 0.09116703, 0.07182987, 0.09031521, 0.07867645, 0.088032156, 0.08632743, 0.08812042, 0.08964673, 0.092788145, 0.11087377], "var": [0.98, 0.98, 0.98, 0.96, 0.94, 0.94, 0.92, 0.92, 0.92, 0.9, 0.9, 0.88, 0.88, 0.84, 0.82, 0.8, 0.76, 0.74, 0.74, 0.74, 0.74, 0.7, 0.7, 0.68, 0.66, 0.68, 0.7, 0.72, 0.7, 0.7, 0.68, 0.68, 0.68, 0.66, 0.64, 0.6, 0.56, 0.54, 0.5, 0.46, 0.48, 0.48, 0.5, 0.46, 0.44, 0.42, 0.44, 0.44, 0.42, 0.42], "best": [0.46666667, 0.49555555, 0.3919444, 0.3857993, 0.48835978, 0.4894309, 0.42819867, 0.4309322, 0.4879012, 0.49, 0.4902439, 0.4915254, 0.49209622, 0.49246797, 0.49303702, 0.4574791, 0.49566928, 0.44006765, 0.49603727, 0.49868855, 0.50144476, 0.50470585, 0.45131087, 0.5046595, 0.5063738, 0.5065181, 0.50714284, 0.5078746, 0.509017, 0.50953406, 0.5103472, 0.5112011, 0.51089364, 0.5112801, 0.5121771, 0.5127098, 0.5135198, 0.5139456, 0.5149006, 0.5164516, 0.5169545, 0.5175841, 0.51881236, 0.5203026, 0.5210425, 0.5229837, 0.5243379, 0.5251792, 0.52664906, 0.52821505], "duration": [37919, 39548, 52312, 42687, 49529, 48643, 45396, 38426, 38152, 39214, 38659, 38830, 39296, 38591, 45826, 39172, 44650, 45107, 45732, 45755, 52529, 39535, 38027, 39786, 45415, 38893, 38959, 39022, 38432, 38967, 39206, 38777, 39084, 45898, 38693, 39022, 38785, 39239, 39563, 39176, 38967, 39172, 39566, 38980, 39781, 39539, 39682, 39594, 39685, 39573]}