{"avg": [0.26755556, 0.29407406, 0.301462, 0.29765147, 0.29607907, 0.29606092, 0.31537127, 0.32569072, 0.31757444, 0.33312133, 0.31333238, 0.30196756, 0.32759497, 0.3394857, 0.30732456, 0.29789734, 0.3035584, 0.31356335, 0.30969638, 0.30447784, 0.3305148, 0.32525104, 0.32680675, 0.32684302, 0.3425847, 0.3404514, 0.33694607, 0.32372406, 0.34323448, 0.34337744, 0.3690106, 0.34869608, 0.31510335, 0.3337025, 0.35714695, 0.3446155, 0.36390308, 0.33804014, 0.35674495, 0.36673015, 0.35673895, 0.35186207, 0.36301675, 0.35888633, 0.35887757, 0.38148797, 0.36156106, 0.3542878, 0.3834291, 0.35993972], "std": [0.08464226, 0.074500985, 0.05047924, 0.042256214, 0.07216531, 0.07631318, 0.053450223, 0.04962587, 0.07771078, 0.065462306, 0.06323234, 0.045481727, 0.06428109, 0.055129986, 0.070164755, 0.07631514, 0.07812187, 0.06812826, 0.060312293, 0.07224545, 0.051767483, 0.06920321, 0.057069466, 0.04185772, 0.05798825, 0.049822927, 0.058492795, 0.06537279, 0.041368272, 0.06564764, 0.044091914, 0.06503159, 0.07016805, 0.077527806, 0.06316076, 0.054098826, 0.050610274, 0.068489105, 0.06470903, 0.073548466, 0.07117858, 0.07732385, 0.057374954, 0.05716679, 0.066845074, 0.06908263, 0.07667902, 0.075875476, 0.083602205, 0.094271906], "var": [0.98, 0.98, 0.98, 0.96, 0.94, 0.94, 0.92, 0.92, 0.88, 0.88, 0.88, 0.86, 0.84, 0.82, 0.82, 0.8, 0.8, 0.8, 0.8, 0.78, 0.78, 0.74, 0.74, 0.74, 0.74, 0.72, 0.7, 0.7, 0.7, 0.7, 0.68, 0.68, 0.66, 0.66, 0.68, 0.68, 0.64, 0.64, 0.62, 0.62, 0.58, 0.58, 0.56, 0.58, 0.58, 0.6, 0.58, 0.54, 0.52, 0.54], "best": [0.43777776, 0.46666667, 0.36777773, 0.36385486, 0.45947087, 0.460542, 0.40653202, 0.40926555, 0.4590123, 0.46058476, 0.36738956, 0.3677778, 0.45954645, 0.46026203, 0.39663744, 0.41180333, 0.45944443, 0.46068683, 0.36942133, 0.41147542, 0.4609113, 0.41347393, 0.41714287, 0.41872847, 0.41886863, 0.4611111, 0.42192307, 0.43006995, 0.423687, 0.4319475, 0.43340412, 0.46061727, 0.4294577, 0.43615386, 0.4612598, 0.46188867, 0.4374341, 0.43396938, 0.46272257, 0.46303356, 0.44120738, 0.4424567, 0.46348777, 0.46389863, 0.4644349, 0.46477076, 0.46504632, 0.44831765, 0.46530637, 0.46587053], "duration": [43148, 40068, 52894, 43062, 49944, 47817, 45695, 38759, 45160, 39921, 37374, 38421, 46095, 39795, 44886, 38718, 38830, 39996, 39285, 38815, 46275, 46167, 39430, 38378, 39992, 39366, 39181, 38676, 38973, 39936, 39659, 39722, 44660, 52216, 39485, 40018, 45810, 38975, 39336, 39798, 45650, 39449, 39613, 39775, 40292, 46287, 39022, 39085, 46666, 39039]}