{"avg": [0.355, 0.35166666, 0.36333334, 0.34833333, 0.34166667, 0.34666666, 0.33666667, 0.33666667, 0.34333333, 0.33833334, 0.33333334, 0.34333333, 0.33166668, 0.325, 0.32833335, 0.32666665, 0.33, 0.32833335, 0.31833333, 0.325, 0.31333333, 0.31333333, 0.31666666, 0.31333333, 0.31833333], "std": [0.2203596, 0.22564098, 0.21715336, 0.22341406, 0.22438179, 0.23235507, 0.22910456, 0.22727863, 0.22462316, 0.2329819, 0.22669125, 0.22088212, 0.22637855, 0.22126521, 0.2162881, 0.21974741, 0.227889, 0.22386129, 0.2196526, 0.22499987, 0.22020195, 0.21445021, 0.22110845, 0.22395438, 0.22711363], "var": [0.9866667, 0.99333334, 0.9866667, 0.98, 0.96666664, 0.96, 0.9533333, 0.94666666, 0.94666666, 0.94, 0.93333334, 0.92, 0.9066667, 0.9066667, 0.9, 0.88666666, 0.8933333, 0.8933333, 0.8933333, 0.88, 0.87333333, 0.8666667, 0.8666667, 0.87333333, 0.8666667], "best": [0.75, 0.75, 0.75, 0.75, 0.75, 0.75, 0.75, 0.75, 0.75, 0.75, 0.75, 0.75, 0.75, 0.75, 0.75, 0.75, 0.75, 0.75, 0.75, 0.75, 0.75, 0.75, 0.75, 0.75, 0.75], "duration": [35526, 35246, 34930, 35361, 35193, 34629, 34228, 34521, 34754, 34919, 34980, 35067, 34999, 34741, 34919, 34363, 34144, 34108, 34138, 34313, 34356, 34043, 34364, 33378, 33180]}