{"avg": [0.25980952, 0.2990603, 0.29980955, 0.29895046, 0.2980618, 0.30308264, 0.31728262, 0.3272098, 0.32190725, 0.33703813, 0.31631178, 0.3018254, 0.32849488, 0.33962092, 0.30983707, 0.31140953, 0.3113011, 0.32483757, 0.31379667, 0.33227947, 0.34334326, 0.31102625, 0.34259343, 0.3481771, 0.32082114, 0.3800782, 0.31168318, 0.29052988, 0.3398709, 0.33791062, 0.3455726, 0.3851556, 0.34170336, 0.38535854, 0.35561755, 0.35289523, 0.34058014, 0.3949876, 0.3952311, 0.37005273, 0.39710197, 0.4210036, 0.38560617, 0.40846482, 0.3875934, 0.38730335, 0.4127224, 0.4639747, 0.45289636, 0.38082507], "std": [0.08718401, 0.07391636, 0.051960677, 0.04210636, 0.07496373, 0.07447528, 0.05129966, 0.05136344, 0.077483594, 0.065121256, 0.0628127, 0.04168983, 0.06494763, 0.06095952, 0.071349345, 0.06815973, 0.07387933, 0.0600859, 0.058051895, 0.06613267, 0.045877356, 0.07109522, 0.06614184, 0.062006153, 0.07915227, 0.068256125, 0.06712962, 0.06998157, 0.047183104, 0.06891341, 0.067383006, 0.06814649, 0.0790883, 0.058022976, 0.07156434, 0.079521686, 0.0614215, 0.07178008, 0.07528659, 0.109128855, 0.09391292, 0.08492746, 0.10420339, 0.094995126, 0.09217538, 0.11212177, 0.087890714, 0.06889412, 0.09764317, 0.08327392], "var": [0.98, 0.98, 0.98, 0.96, 0.94, 0.94, 0.92, 0.92, 0.88, 0.88, 0.88, 0.86, 0.84, 0.82, 0.82, 0.8, 0.8, 0.8, 0.82, 0.8, 0.8, 0.78, 0.78, 0.76, 0.74, 0.72, 0.72, 0.74, 0.74, 0.74, 0.72, 0.7, 0.7, 0.68, 0.66, 0.64, 0.62, 0.62, 0.62, 0.58, 0.58, 0.56, 0.56, 0.56, 0.56, 0.54, 0.54, 0.52, 0.5, 0.5], "best": [0.44, 0.47466668, 0.37104762, 0.36367348, 0.46603173, 0.4673171, 0.41240984, 0.4156901, 0.46548146, 0.46736842, 0.37053356, 0.36733335, 0.46612245, 0.4669811, 0.40548873, 0.41873536, 0.46600002, 0.4676364, 0.3708532, 0.41834193, 0.4675079, 0.42110157, 0.4678161, 0.52233267, 0.46918637, 0.5236704, 0.4032455, 0.42810196, 0.4283896, 0.5247765, 0.5254116, 0.5261116, 0.528181, 0.52865934, 0.474403, 0.47476363, 0.43526158, 0.53101695, 0.53302586, 0.53428566, 0.5357324, 0.53812593, 0.5401373, 0.5417076, 0.53802955, 0.5436196, 0.54525775, 0.54647595, 0.5491178, 0.5528312], "duration": [43171, 40207, 52723, 43116, 44999, 47879, 45824, 38729, 44988, 39966, 37340, 38248, 45960, 39807, 45209, 38647, 38878, 39934, 39093, 39221, 46101, 38977, 39299, 39886, 39158, 39919, 38802, 37506, 45847, 38771, 40002, 40358, 38757, 46134, 38849, 46291, 38104, 45621, 39079, 39729, 46926, 40190, 40132, 39755, 40071, 40012, 39800, 40062, 40512, 38444]}