{"avg": [0.26866665, 0.28230664, 0.28229335, 0.27872068, 0.2807662, 0.28004494, 0.2799734, 0.27889717, 0.27681533, 0.2777742, 0.27979356, 0.27608365, 0.27545884, 0.2770419, 0.2761019, 0.27721524, 0.27859536, 0.27873152, 0.27677935, 0.27449813, 0.27475968, 0.27236763, 0.2715914, 0.27669686, 0.2750477, 0.27338332, 0.27441764, 0.2771773, 0.27828804, 0.27672702, 0.27996555, 0.2781916, 0.27720106, 0.27858013, 0.2827261, 0.2885421, 0.28355628, 0.28499115, 0.28629863, 0.2867323, 0.28357235, 0.2855038, 0.28607494, 0.28565067, 0.28548416, 0.28844026, 0.2849605, 0.28313363, 0.28170073, 0.27999374], "std": [0.06510476, 0.06380505, 0.0646187, 0.063096024, 0.061229132, 0.059191976, 0.057644565, 0.056507464, 0.05799602, 0.05947043, 0.058588654, 0.059539594, 0.05879836, 0.05748791, 0.059460722, 0.057094045, 0.0580161, 0.057972163, 0.06142691, 0.06655292, 0.06657188, 0.066653356, 0.06721539, 0.06639948, 0.06603296, 0.06696743, 0.06840629, 0.069028124, 0.06874862, 0.069766134, 0.07009602, 0.07184626, 0.071493156, 0.07254333, 0.071750216, 0.0692177, 0.072664976, 0.07234062, 0.07236387, 0.073505126, 0.07405836, 0.07350038, 0.07324526, 0.07257481, 0.07270041, 0.07194478, 0.07151234, 0.07088677, 0.06973271, 0.069792874], "var": [0.98, 0.96, 0.96, 0.94, 0.92, 0.94, 0.92, 0.9, 0.92, 0.9, 0.92, 0.92, 0.92, 0.9, 0.92, 0.92, 0.92, 0.94, 0.92, 0.92, 0.9, 0.9, 0.88, 0.86, 0.82, 0.82, 0.82, 0.8, 0.84, 0.82, 0.82, 0.8, 0.78, 0.8, 0.82, 0.86, 0.86, 0.88, 0.9, 0.9, 0.9, 0.92, 0.9, 0.88, 0.88, 0.88, 0.86, 0.84, 0.84, 0.82], "best": [0.4333333, 0.41190472, 0.44966665, 0.4491111, 0.44883332, 0.3618857, 0.3617302, 0.36161909, 0.3615357, 0.36139682, 0.36128572, 0.3612554, 0.36123016, 0.36115754, 0.36114287, 0.36104128, 0.36095238, 0.36091316, 0.3578571, 0.35783958, 0.35746667, 0.358, 0.35845456, 0.3588116, 0.3566389, 0.35838854, 0.37927103, 0.37988356, 0.3805, 0.38109687, 0.38165393, 0.38219664, 0.38274702, 0.38320348, 0.38367224, 0.40120003, 0.4013598, 0.40149295, 0.40161908, 0.40173873, 0.4018524, 0.40196052, 0.40209523, 0.40227023, 0.40240693, 0.40258202, 0.40277848, 0.4029524, 0.40310517, 0.40325174], "duration": [99124, 100496, 100530, 96578, 96365, 98364, 95984, 99747, 99486, 100065, 102697, 102442, 100562, 100177, 99735, 101139, 100462, 100279, 99313, 99761, 96743, 98717, 99774, 100147, 98799, 101461, 99292, 98316, 98749, 95198, 92992, 89636, 90071, 91500, 91906, 92123, 89444, 94032, 92532, 93217, 89984, 88376, 88841, 86744, 86885, 86930, 85928, 89010, 91774, 91436]}