{"avg": [0.26031747, 0.28461376, 0.29507932, 0.28756073, 0.2913673, 0.29626635, 0.30663276, 0.31833312, 0.30822074, 0.3194347, 0.29812717, 0.29735947, 0.30621964, 0.31349206, 0.2799345, 0.29080743, 0.32092747, 0.34499863, 0.33455193, 0.29351377, 0.32792345, 0.32135126, 0.33285385, 0.34661746, 0.32733634, 0.34148964, 0.3265196, 0.33658415, 0.36064678, 0.3687441, 0.35146487, 0.3421721, 0.3629453, 0.3729161, 0.3518139, 0.33520764, 0.34461346, 0.37945968, 0.36884174, 0.38189903, 0.37210545, 0.3609033, 0.3669491, 0.37465504, 0.37949908, 0.36175027, 0.38504055, 0.41287035, 0.39628252, 0.38665625], "std": [0.08539034, 0.073600404, 0.048330657, 0.045866996, 0.071699224, 0.07189606, 0.051105022, 0.04808029, 0.07266222, 0.06592514, 0.06273193, 0.05025845, 0.049862493, 0.078818515, 0.064481504, 0.05854999, 0.06094716, 0.045800593, 0.05538637, 0.05729363, 0.0612003, 0.08011283, 0.05957347, 0.080728754, 0.05019563, 0.06477896, 0.05272553, 0.06838876, 0.05383906, 0.06358584, 0.044005837, 0.06956758, 0.06771547, 0.060645167, 0.06524247, 0.08741931, 0.080847956, 0.08199313, 0.055410217, 0.06240175, 0.07995936, 0.07043031, 0.08579074, 0.08880303, 0.07967355, 0.093642525, 0.060650475, 0.0847656, 0.08170779, 0.095398866], "var": [0.98, 0.98, 0.98, 0.96, 0.94, 0.94, 0.92, 0.92, 0.9, 0.9, 0.9, 0.88, 0.88, 0.86, 0.84, 0.82, 0.8, 0.8, 0.8, 0.78, 0.78, 0.76, 0.78, 0.76, 0.76, 0.74, 0.74, 0.74, 0.72, 0.72, 0.74, 0.74, 0.7, 0.68, 0.68, 0.68, 0.68, 0.7, 0.7, 0.7, 0.7, 0.68, 0.64, 0.62, 0.58, 0.56, 0.58, 0.54, 0.52, 0.5], "best": [0.4333333, 0.46222222, 0.36396822, 0.3578231, 0.45502642, 0.45609757, 0.40081772, 0.40355125, 0.41647264, 0.45657894, 0.36133102, 0.40632275, 0.38792515, 0.45492062, 0.38824272, 0.35256028, 0.45437908, 0.4083028, 0.4551282, 0.3626301, 0.45527425, 0.45599195, 0.4564841, 0.5121795, 0.41744363, 0.45791245, 0.41903615, 0.51350504, 0.4584278, 0.5148718, 0.4700071, 0.46002737, 0.46051586, 0.47206163, 0.5180488, 0.46273443, 0.4743092, 0.5192191, 0.46505284, 0.47774157, 0.47950342, 0.46790314, 0.4682276, 0.47055638, 0.48137963, 0.47357777, 0.47532225, 0.5312879, 0.53332067, 0.48534894], "duration": [43209, 40331, 53492, 43558, 50361, 48253, 46462, 39122, 45272, 39806, 38563, 38519, 39386, 38854, 40029, 39192, 45536, 39682, 39481, 38319, 38754, 40106, 39544, 40179, 39552, 46293, 39339, 39724, 39694, 39279, 45913, 39548, 39807, 39615, 46380, 39399, 40082, 40570, 39670, 40084, 40564, 40207, 40466, 40513, 40535, 40090, 40359, 40276, 40357, 40336]}