{"avg": [0.26866665, 0.28262097, 0.28339145, 0.28389463, 0.28506953, 0.28317565, 0.28425178, 0.28386477, 0.2827064, 0.27240086, 0.26730573, 0.2672142, 0.26531515, 0.2615349, 0.25899333, 0.25556928, 0.25149158, 0.25286713, 0.25191244, 0.2529931, 0.25167668, 0.24942608, 0.2474188, 0.24776004, 0.24424572, 0.23836148, 0.23767667, 0.23748487, 0.23707235, 0.2410386, 0.24211326, 0.24007054, 0.24183208, 0.24070002, 0.24089648, 0.23752035, 0.23491654, 0.23212227, 0.22849487, 0.22941445, 0.22812003, 0.2282075, 0.22974639, 0.22898798, 0.2293384, 0.22675712, 0.22302276, 0.22415712, 0.22164871, 0.22430831], "std": [0.063866995, 0.06428347, 0.066373914, 0.06506556, 0.066076875, 0.06743176, 0.066939384, 0.07032634, 0.0704695, 0.06453143, 0.066323295, 0.06569526, 0.0651838, 0.068909585, 0.06671309, 0.06592801, 0.06507852, 0.06779429, 0.065306716, 0.06557559, 0.06514032, 0.06486105, 0.06480242, 0.06732295, 0.06518499, 0.06474078, 0.06430085, 0.065314844, 0.065826036, 0.064936005, 0.06617927, 0.06790514, 0.06417603, 0.06764646, 0.06653199, 0.06883131, 0.06868213, 0.06703714, 0.066865854, 0.0684732, 0.07090349, 0.071317695, 0.07134737, 0.076312914, 0.07423497, 0.07606457, 0.07739779, 0.07850447, 0.07509208, 0.07326637], "var": [1.0, 1.0, 0.98, 0.98, 0.96, 0.94, 0.9, 0.9, 0.88, 0.86, 0.88, 0.9, 0.86, 0.86, 0.84, 0.84, 0.82, 0.84, 0.82, 0.8, 0.8, 0.78, 0.78, 0.76, 0.74, 0.76, 0.74, 0.72, 0.72, 0.68, 0.68, 0.7, 0.7, 0.7, 0.68, 0.66, 0.7, 0.7, 0.72, 0.72, 0.72, 0.72, 0.74, 0.76, 0.74, 0.74, 0.72, 0.74, 0.74, 0.74], "best": [0.4333333, 0.44999996, 0.45066667, 0.45066667, 0.45066667, 0.45079997, 0.45077777, 0.45104763, 0.45141664, 0.38831747, 0.3881619, 0.38797402, 0.38781747, 0.38783884, 0.36219046, 0.36205712, 0.36189878, 0.36168066, 0.36144972, 0.361208, 0.36099043, 0.36079362, 0.3606147, 0.36042234, 0.35869047, 0.35869715, 0.35867763, 0.35863492, 0.34323812, 0.34354022, 0.35847935, 0.35842702, 0.3583571, 0.3410159, 0.3412381, 0.3580952, 0.35798678, 0.34154442, 0.35778692, 0.35771182, 0.37948334, 0.37965855, 0.37982538, 0.38004652, 0.38039395, 0.3807111, 0.38097104, 0.38121986, 0.38156947, 0.3817959], "duration": [99202, 99650, 96876, 99464, 99418, 99024, 100065, 98369, 98922, 97498, 97118, 96142, 96390, 96148, 96554, 97264, 94349, 94630, 95040, 93365, 93760, 93519, 89773, 89597, 90392, 88551, 88576, 89017, 87280, 90090, 89795, 89782, 89882, 90018, 89956, 88597, 87397, 85342, 84029, 83929, 83518, 84048, 84442, 85070, 86459, 85797, 84883, 84023, 83293, 77431]}