{"avg": [0.26031747, 0.28461376, 0.29708436, 0.29300287, 0.29337233, 0.29402545, 0.30863777, 0.320574, 0.31279385, 0.32525286, 0.30798092, 0.29958662, 0.3201743, 0.33420795, 0.3049238, 0.2998488, 0.30610135, 0.3168365, 0.3027583, 0.302969, 0.3253087, 0.31408972, 0.31709242, 0.31923822, 0.33281478], "std": [0.08539034, 0.076805964, 0.04982655, 0.04365753, 0.070931956, 0.073289685, 0.057517584, 0.0491792, 0.07701867, 0.06967578, 0.06272913, 0.04438643, 0.06523052, 0.055016633, 0.070135094, 0.070216626, 0.071935296, 0.058153037, 0.060235616, 0.071686424, 0.05180956, 0.07494133, 0.06496242, 0.04390919, 0.059366807], "var": [0.98, 0.98, 0.98, 0.96, 0.94, 0.94, 0.92, 0.92, 0.88, 0.88, 0.88, 0.86, 0.84, 0.82, 0.82, 0.8, 0.8, 0.8, 0.8, 0.78, 0.78, 0.74, 0.74, 0.74, 0.74], "best": [0.4333333, 0.46222222, 0.36396822, 0.3578231, 0.45502642, 0.45609757, 0.40081772, 0.40355125, 0.45456788, 0.4561403, 0.36353984, 0.36396825, 0.455102, 0.45581758, 0.39028823, 0.40608904, 0.4551282, 0.45648482, 0.36370704, 0.40576112, 0.45678234, 0.40775964, 0.41142857, 0.41301417, 0.41315433], "duration": [43070, 39990, 52903, 42919, 49803, 47743, 45674, 38731, 44902, 39857, 37279, 38196, 45933, 39764, 44749, 38615, 38729, 39845, 39144, 38544, 45949, 45932, 39158, 38101, 39797]}