{"avg": [0.19333334, 0.2288254, 0.23134084, 0.22649418, 0.2323517, 0.23137428, 0.2439717, 0.2531299, 0.2479723, 0.25675684, 0.24334893, 0.23710318, 0.25258294, 0.26381192, 0.24042138, 0.23593387, 0.24272344, 0.25245255, 0.24237277, 0.24195355, 0.25772494, 0.2534758, 0.25463027, 0.255643, 0.26665914, 0.2675971, 0.26348665, 0.24396439, 0.27267238, 0.2714481, 0.26931727, 0.25956112, 0.28564116, 0.28386918, 0.2959389, 0.27291945, 0.2830361, 0.27350515, 0.25993246, 0.2589643, 0.28865403, 0.2854224, 0.30412042, 0.29147604, 0.30230916, 0.3097564, 0.29575548, 0.29938167, 0.2714771, 0.29805973], "std": [0.065450646, 0.055207532, 0.037716173, 0.032262646, 0.053235415, 0.054455336, 0.040764894, 0.038077332, 0.05961913, 0.05437083, 0.04629162, 0.035444725, 0.05056299, 0.043563712, 0.053138524, 0.053527735, 0.057391, 0.046054073, 0.047479328, 0.05846295, 0.041564755, 0.05675546, 0.052166257, 0.034213994, 0.04867926, 0.03955017, 0.047468517, 0.060653783, 0.041741986, 0.045471676, 0.047622968, 0.0509017, 0.05438253, 0.041557204, 0.05768282, 0.049524855, 0.05226454, 0.034180712, 0.05375342, 0.058716644, 0.040208284, 0.05690761, 0.05303214, 0.04946932, 0.057784416, 0.058375403, 0.04077766, 0.051870856, 0.056112684, 0.057485007], "var": [0.98, 0.98, 0.98, 0.96, 0.94, 0.94, 0.92, 0.92, 0.88, 0.88, 0.88, 0.86, 0.84, 0.82, 0.82, 0.8, 0.8, 0.8, 0.8, 0.78, 0.78, 0.74, 0.74, 0.74, 0.74, 0.72, 0.7, 0.68, 0.68, 0.68, 0.68, 0.66, 0.64, 0.6, 0.6, 0.62, 0.62, 0.62, 0.62, 0.62, 0.62, 0.6, 0.6, 0.6, 0.6, 0.6, 0.6, 0.58, 0.54, 0.52], "best": [0.325, 0.3683333, 0.2888095, 0.27959183, 0.35753968, 0.35914633, 0.31551227, 0.3196126, 0.35685185, 0.35921052, 0.28313252, 0.2888095, 0.35765305, 0.3587264, 0.3068609, 0.3234192, 0.3576923, 0.35972726, 0.28821924, 0.32292742, 0.3601735, 0.32592514, 0.3314286, 0.33380693, 0.33401716, 0.360375, 0.3385989, 0.34153345, 0.3603273, 0.3433651, 0.3461101, 0.34655273, 0.3478206, 0.35206228, 0.35947955, 0.3566152, 0.35778084, 0.35990512, 0.35959488, 0.35646093, 0.36004502, 0.36144394, 0.36356717, 0.36687267, 0.36806723, 0.37102896, 0.37328297, 0.37373585, 0.35861954, 0.37440938], "duration": [43129, 39979, 52844, 38162, 50205, 47918, 45821, 39252, 45031, 39916, 37386, 39048, 46285, 39940, 44832, 38560, 38811, 40169, 39209, 38758, 46153, 45931, 39407, 38327, 40462, 39495, 39254, 38798, 39700, 39473, 45676, 46264, 39484, 41729, 46189, 39739, 40239, 38924, 38846, 39294, 39503, 39726, 46568, 39394, 39670, 39542, 39693, 40157, 39703, 40176]}