{"avg": [0.26031747, 0.3055873, 0.2928345, 0.2869769, 0.3086915, 0.2707259, 0.28935117, 0.31652197, 0.32384762, 0.31686705, 0.28843343, 0.30378786, 0.30021054, 0.31725606, 0.30394942, 0.32747024, 0.31307107, 0.30217728, 0.3078597, 0.31732047, 0.32890993, 0.31163698, 0.32050535, 0.3407854, 0.34588847, 0.3249563, 0.34583044, 0.31492975, 0.32198286, 0.3383662, 0.33608174, 0.33951473, 0.346476, 0.3410464, 0.3562317, 0.36288235, 0.3624398, 0.36913538, 0.35415065, 0.33752438, 0.35775426, 0.36360782, 0.35928905, 0.37146232, 0.37535027, 0.35425332, 0.37807634, 0.38424596, 0.37178758, 0.37273505], "std": [0.08539034, 0.056527168, 0.04251061, 0.06548903, 0.043251716, 0.049036417, 0.06433345, 0.053598322, 0.04936764, 0.05449923, 0.050435048, 0.048407283, 0.0516083, 0.049924314, 0.037235588, 0.05007097, 0.047978774, 0.030128792, 0.058562845, 0.045351494, 0.047548085, 0.037366644, 0.04910238, 0.047548067, 0.04459281, 0.05352556, 0.0394855, 0.05893316, 0.04536253, 0.046475813, 0.069020584, 0.041724134, 0.05266694, 0.057380345, 0.04097976, 0.08367788, 0.03956331, 0.05579702, 0.049443383, 0.07894586, 0.0754968, 0.07846447, 0.07918562, 0.052542485, 0.050241347, 0.08341505, 0.0383995, 0.070040084, 0.06853128, 0.07960445], "var": [0.98, 0.98, 0.98, 0.96, 0.94, 0.9, 0.88, 0.86, 0.86, 0.88, 0.88, 0.86, 0.86, 0.84, 0.8, 0.78, 0.78, 0.8, 0.78, 0.76, 0.74, 0.72, 0.7, 0.68, 0.68, 0.64, 0.64, 0.64, 0.64, 0.64, 0.66, 0.68, 0.64, 0.6, 0.56, 0.56, 0.54, 0.54, 0.56, 0.58, 0.58, 0.58, 0.58, 0.58, 0.56, 0.52, 0.48, 0.48, 0.44, 0.42], "best": [0.4333333, 0.46222222, 0.34857145, 0.3587662, 0.35811135, 0.3624127, 0.364709, 0.44923544, 0.45146665, 0.45324072, 0.36542442, 0.36747834, 0.38596758, 0.45163396, 0.36816016, 0.451216, 0.36748573, 0.36909285, 0.3825909, 0.36963677, 0.4124905, 0.3748733, 0.45131195, 0.4519852, 0.3984127, 0.45313028, 0.45360908, 0.38555813, 0.37935075, 0.45356622, 0.45384073, 0.399932, 0.45465347, 0.45557678, 0.4569573, 0.45716003, 0.4586409, 0.45896116, 0.4602884, 0.46062565, 0.46084654, 0.46172836, 0.4622992, 0.4633284, 0.46412468, 0.46488512, 0.46611643, 0.46644112, 0.46812555, 0.46888307], "duration": [43191, 39482, 39026, 43411, 39033, 45295, 52381, 38601, 58915, 38721, 38131, 39239, 38833, 39234, 39896, 39540, 38569, 45802, 38451, 38145, 39321, 39423, 38247, 40269, 39122, 39068, 39040, 44765, 38063, 39181, 38918, 38758, 39505, 46789, 39710, 39270, 39880, 39958, 39744, 39139, 39923, 39494, 46200, 39815, 39763, 40132, 39911, 40201, 39621, 39769]}