{"avg": [0.20304762, 0.22991748, 0.23695238, 0.23446064, 0.23730996, 0.23871285, 0.24930736, 0.25337145, 0.25578296, 0.24282582, 0.24784268, 0.24387863, 0.2398479, 0.25406533, 0.2481448, 0.23126194, 0.23572874, 0.26319626, 0.27148584, 0.2771067, 0.24199063, 0.26389995, 0.28298417, 0.254197, 0.26774198, 0.25924677, 0.25406575, 0.26307443, 0.27033356, 0.2779727, 0.29039502, 0.27142647, 0.28071, 0.26536465, 0.2848497, 0.27029055, 0.2618717, 0.2871636, 0.28479114, 0.27632192, 0.27618214, 0.28287795, 0.2827584, 0.29229888, 0.29219514, 0.30429032, 0.28721452, 0.29013085, 0.29896227, 0.30086598], "std": [0.06875743, 0.060890935, 0.038834676, 0.035086688, 0.05747268, 0.05954036, 0.04799277, 0.054161, 0.039527956, 0.044020176, 0.033906654, 0.048124343, 0.056045897, 0.057125308, 0.046510875, 0.05731842, 0.060813498, 0.059611663, 0.045617934, 0.027247028, 0.05723683, 0.06429567, 0.03250327, 0.066051684, 0.043803602, 0.047325984, 0.057750434, 0.050547354, 0.052146673, 0.026509091, 0.033111293, 0.04874614, 0.04335441, 0.048193417, 0.04226297, 0.047669318, 0.049672715, 0.043199614, 0.033361796, 0.06756852, 0.053653657, 0.069365434, 0.045320056, 0.033185292, 0.0469998, 0.03194665, 0.034967396, 0.04479864, 0.032798443, 0.053938027], "var": [0.98, 0.98, 0.98, 0.96, 0.94, 0.94, 0.92, 0.92, 0.9, 0.9, 0.86, 0.84, 0.84, 0.84, 0.82, 0.8, 0.8, 0.78, 0.78, 0.78, 0.78, 0.8, 0.8, 0.76, 0.78, 0.76, 0.74, 0.72, 0.74, 0.74, 0.72, 0.74, 0.74, 0.72, 0.72, 0.74, 0.72, 0.7, 0.74, 0.72, 0.72, 0.72, 0.74, 0.74, 0.76, 0.78, 0.78, 0.78, 0.78, 0.76], "best": [0.34, 0.37466666, 0.29676193, 0.28938776, 0.36603177, 0.36731708, 0.32098123, 0.3678261, 0.32668132, 0.325636, 0.30956525, 0.32623377, 0.2972487, 0.3684878, 0.3270071, 0.32603174, 0.32614684, 0.32683983, 0.32983103, 0.32984558, 0.29976192, 0.37170732, 0.37192982, 0.30212885, 0.33009678, 0.31137663, 0.32746705, 0.33052415, 0.3314816, 0.32864174, 0.3311084, 0.33118898, 0.33046278, 0.33260274, 0.3742966, 0.33257565, 0.31665903, 0.37584057, 0.33478197, 0.3765416, 0.3520564, 0.36368734, 0.35319644, 0.3791777, 0.36541504, 0.38050705, 0.3550592, 0.35537118, 0.36761525, 0.38280886], "duration": [43045, 40055, 52695, 42855, 49950, 47985, 39175, 38839, 45103, 39401, 38830, 38197, 38244, 39001, 39723, 38660, 39172, 46508, 39588, 46240, 39011, 45904, 39513, 39673, 38467, 45919, 45300, 39804, 39240, 39112, 39094, 46222, 39787, 39150, 46176, 45648, 39318, 39794, 59004, 39460, 46727, 40170, 53232, 40014, 40084, 39874, 44720, 39654, 39494, 39928]}