{"avg": [0.032738093, 0.07275793, 0.07782532, 0.07245855, 0.073026456, 0.16033614, 0.06411826, 0.06504253, 0.19438775, 0.16112044, 0.18124154, 0.08528197, 0.13748391, 0.13725421, 0.07307731, 0.21960042, 0.16248427, 0.12817322, 0.12982535, 0.25896448, 0.27915704, 0.23021306, 0.2840406, 0.1317128, 0.17452829, 0.26230258, 0.3196377, 0.3667358, 0.20282659, 0.32540342, 0.28735566, 0.20001465, 0.23002212, 0.34455582, 0.2337566, 0.3476643, 0.3704847, 0.29405072, 0.35062736, 0.3478397, 0.25593752, 0.35240942, 0.365553, 0.38868365, 0.33540893, 0.4430779, 0.56857765, 0.3958829, 0.34498775, 0.2725516], "std": [0.12679408, 0.18550682, 0.19066362, 0.18473382, 0.18618168, 0.24841447, 0.17561938, 0.1781263, 0.26084173, 0.2496434, 0.25635862, 0.20000944, 0.23817702, 0.2377646, 0.18631747, 0.2690181, 0.2517712, 0.23408315, 0.23408955, 0.2769196, 0.2792706, 0.27528682, 0.284077, 0.23758721, 0.25902164, 0.28057995, 0.28210744, 0.27365834, 0.2723897, 0.2821172, 0.2876476, 0.27115425, 0.28190503, 0.28175625, 0.28638235, 0.28417313, 0.2742691, 0.29431313, 0.28684723, 0.29135045, 0.29049286, 0.28841802, 0.28379568, 0.28978753, 0.30017206, 0.26771617, 0.15266903, 0.29518387, 0.3047378, 0.30904448], "var": [1.0, 1.0, 1.0, 1.0, 0.98, 0.96, 0.94, 0.94, 0.94, 0.94, 0.9, 0.88, 0.88, 0.86, 0.84, 0.82, 0.84, 0.82, 0.8, 0.76, 0.72, 0.68, 0.64, 0.64, 0.62, 0.6, 0.6, 0.62, 0.62, 0.62, 0.6, 0.6, 0.6, 0.58, 0.56, 0.54, 0.5, 0.48, 0.44, 0.4, 0.42, 0.4, 0.42, 0.42, 0.4, 0.38, 0.36, 0.34, 0.32, 0.32], "best": [0.5238095, 0.55089283, 0.55391705, 0.5438095, 0.54769844, 0.5500317, 0.55351967, 0.5528615, 0.555291, 0.5566667, 0.5584167, 0.55811185, 0.5594852, 0.56112295, 0.5522273, 0.56044745, 0.5626759, 0.563961, 0.5652054, 0.5648526, 0.5672831, 0.57045555, 0.57214284, 0.5763519, 0.5762803, 0.57652265, 0.5780384, 0.5813055, 0.5844577, 0.585095, 0.5869979, 0.5892907, 0.5893314, 0.59034544, 0.59231746, 0.5935626, 0.5956413, 0.5972944, 0.5996031, 0.6018637, 0.6041859, 0.60478437, 0.60624677, 0.6076176, 0.6103979, 0.61274606, 0.61540616, 0.6193742, 0.62143177, 0.6229751], "duration": [737, 665, 584, 592, 577, 582, 575, 583, 575, 579, 581, 588, 603, 571, 762, 579, 687, 651, 571, 570, 571, 766, 569, 766, 580, 574, 666, 603, 575, 586, 737, 606, 573, 574, 576, 574, 572, 581, 578, 570, 580, 621, 565, 567, 574, 573, 568, 567, 570, 600]}