{"avg": [0.026666667, 0.026666667, 0.026666667, 0.026666667, 0.026666667, 0.026666667, 0.026666667, 0.026666667, 0.026666667, 0.026666667, 0.026666667, 0.033333335, 0.033333335, 0.033333335, 0.033333335, 0.033333335, 0.033333335, 0.033333335, 0.033333335, 0.04, 0.04, 0.046666667, 0.046666667, 0.04, 0.04], "std": [0.16110747, 0.16110747, 0.16110747, 0.16110747, 0.16110747, 0.16110747, 0.16110747, 0.16110748, 0.16110748, 0.16110747, 0.16110747, 0.17950532, 0.17950532, 0.17950532, 0.17950533, 0.17950533, 0.17950533, 0.17950533, 0.17950533, 0.19595894, 0.19595894, 0.21092379, 0.21092379, 0.19595894, 0.19595894], "var": [0.99333334, 1.0, 0.9866667, 0.98, 0.97333336, 0.96666664, 0.9533333, 0.9533333, 0.9533333, 0.94666666, 0.94, 0.9266667, 0.91333336, 0.9, 0.88666666, 0.88, 0.8666667, 0.85333335, 0.86, 0.85333335, 0.8466667, 0.8466667, 0.86, 0.86, 0.86], "best": [1.0, 1.0, 1.0, 1.0, 1.0, 1.0, 1.0, 1.0, 1.0, 1.0, 1.0, 1.0, 1.0, 1.0, 1.0, 1.0, 1.0, 1.0, 1.0, 1.0, 1.0, 1.0, 1.0, 1.0, 1.0], "duration": [30062, 30724, 30810, 30709, 30454, 30855, 31909, 30707, 30964, 32064, 31683, 30828, 31211, 31378, 31101, 31199, 32111, 31311, 30725, 31058, 31346, 30971, 31743, 31310, 30705]}