{"avg": [0.26031747, 0.2896931, 0.29307437, 0.28960156, 0.28886104, 0.29626632, 0.31064278, 0.31833312, 0.30946973, 0.31060544, 0.31181094, 0.31584927, 0.32880634, 0.32147035, 0.311353, 0.32074782, 0.33518386, 0.3208212, 0.3505512, 0.35364124, 0.36666754, 0.35399246, 0.31803688, 0.36126986, 0.34811488, 0.3420335, 0.34501982, 0.3466514, 0.34141818, 0.3370705, 0.3442, 0.34363228, 0.35193303, 0.3344248, 0.3542895, 0.37233156, 0.37010846, 0.37139627, 0.38716456, 0.36444062, 0.3859407, 0.41510385, 0.40086088, 0.39028454, 0.3621311, 0.38877934, 0.4058804, 0.42680132, 0.40227327, 0.42908233], "std": [0.08539034, 0.07409099, 0.04923542, 0.042334437, 0.07287539, 0.07465063, 0.052799568, 0.04808029, 0.080868416, 0.07946732, 0.076668784, 0.07770989, 0.059119623, 0.07145222, 0.08337226, 0.056655873, 0.064748175, 0.057451107, 0.06674319, 0.08285264, 0.07355066, 0.06837773, 0.059527095, 0.079787895, 0.05640357, 0.076195925, 0.057162773, 0.058086697, 0.06293304, 0.059759565, 0.0695396, 0.052177373, 0.06953238, 0.06371328, 0.06270253, 0.06765534, 0.076655634, 0.07457833, 0.07385426, 0.0833323, 0.07175384, 0.052409295, 0.0657771, 0.061376803, 0.06842528, 0.052914936, 0.06935685, 0.066797614, 0.080484465, 0.07355151], "var": [0.98, 0.98, 0.98, 0.96, 0.94, 0.94, 0.92, 0.92, 0.92, 0.9, 0.9, 0.88, 0.88, 0.84, 0.82, 0.8, 0.8, 0.78, 0.76, 0.76, 0.74, 0.7, 0.7, 0.7, 0.68, 0.68, 0.7, 0.72, 0.7, 0.72, 0.7, 0.7, 0.68, 0.66, 0.64, 0.62, 0.6, 0.58, 0.58, 0.56, 0.56, 0.56, 0.56, 0.56, 0.56, 0.56, 0.56, 0.56, 0.54, 0.54], "best": [0.4333333, 0.46222222, 0.36396822, 0.3578231, 0.45502642, 0.45609757, 0.40081772, 0.40355125, 0.45456788, 0.45666668, 0.45691058, 0.45819208, 0.45876288, 0.4591346, 0.45970368, 0.46164572, 0.46207348, 0.41280973, 0.46212122, 0.46459016, 0.46738902, 0.4705882, 0.42280635, 0.47114694, 0.42574134, 0.4719472, 0.42984128, 0.47247705, 0.472949, 0.47304657, 0.47340277, 0.4738866, 0.4739726, 0.473891, 0.47373924, 0.4742993, 0.4755517, 0.47640064, 0.47874793, 0.48092175, 0.48200312, 0.48310503, 0.4847449, 0.48604646, 0.4862689, 0.4865179, 0.4866393, 0.4879032, 0.48938596, 0.49097934], "duration": [42899, 39803, 52729, 37915, 44859, 47764, 45753, 38587, 38285, 39604, 38772, 39182, 39535, 38754, 46148, 39344, 45006, 45309, 46039, 46198, 52780, 39697, 37687, 39919, 45554, 39569, 38171, 39064, 39206, 38907, 39426, 39324, 39313, 45873, 44879, 39733, 39610, 45834, 39880, 45623, 46843, 46179, 39636, 39975, 39310, 39669, 46625, 39956, 40117, 46875]}