{"avg": [0.25952384, 0.2596561, 0.31792328, 0.25582013, 0.25181878, 0.25981483, 0.30222222, 0.255362, 0.29379433, 0.29942113, 0.25248018, 0.2667563, 0.2670168, 0.2957958, 0.2722917, 0.2560262, 0.25335577, 0.2558957, 0.30656287, 0.2539827, 0.2464149, 0.28031483, 0.30960566, 0.26353383, 0.29114994, 0.2912972, 0.28558815, 0.2915649, 0.30658925, 0.27800924, 0.25514048, 0.24107938, 0.25739598, 0.2368836, 0.24527211, 0.27320936, 0.23458321, 0.25190702, 0.23499346, 0.2707589, 0.26217046, 0.26603782, 0.24260461, 0.24188429, 0.30939883, 0.26901832, 0.23834682, 0.25073272, 0.29245457, 0.31906027], "std": [0.03560831, 0.10886468, 0.027085476, 0.05002565, 0.035998177, 0.053107943, 0.061396033, 0.07737397, 0.06494499, 0.034558676, 0.043722548, 0.047243435, 0.052665167, 0.035735264, 0.044442017, 0.05220026, 0.09546594, 0.04123635, 0.051451262, 0.037509885, 0.07724284, 0.05374064, 0.0398533, 0.062142886, 0.038595375, 0.03830699, 0.018518137, 0.052994035, 0.02320941, 0.04451958, 0.040570673, 0.03915493, 0.036845792, 0.043684762, 0.016534043, 0.06965201, 0.07350196, 0.06028977, 0.06393645, 0.08096509, 0.049320973, 0.056335352, 0.038225275, 0.044856288, 0.054751556, 0.041025452, 0.042739768, 0.025523568, 0.04667046, 0.03962725], "var": [1.0, 1.0, 1.0, 1.0, 1.0, 1.0, 1.0, 1.0, 1.0, 1.0, 1.0, 1.0, 1.0, 1.0, 1.0, 1.0, 1.0, 1.0, 1.0, 1.0, 1.0, 1.0, 1.0, 1.0, 1.0, 1.0, 1.0, 1.0, 1.0, 1.0, 1.0, 1.0, 1.0, 1.0, 1.0, 1.0, 1.0, 1.0, 1.0, 1.0, 1.0, 1.0, 1.0, 1.0, 1.0, 1.0, 1.0, 1.0, 1.0, 1.0], "best": [0.30476192, 0.45555556, 0.356746, 0.33201057, 0.3267857, 0.34079364, 0.38531744, 0.38908246, 0.3556231, 0.34509805, 0.30059525, 0.31236562, 0.3541316, 0.34845558, 0.3394048, 0.31755263, 0.44197723, 0.30986395, 0.382326, 0.30199137, 0.34195402, 0.34426227, 0.36469492, 0.39749375, 0.34272012, 0.3382266, 0.30605486, 0.35225883, 0.35273364, 0.34444442, 0.31568146, 0.30232805, 0.3130502, 0.30234358, 0.26955783, 0.37893865, 0.3570278, 0.32968923, 0.3305155, 0.37886906, 0.34103522, 0.3286521, 0.29348683, 0.30720046, 0.4046869, 0.30613554, 0.31345913, 0.29530838, 0.38976884, 0.35778454], "duration": [12516, 12728, 13178, 13542, 12816, 12544, 13396, 12805, 12546, 13076, 12548, 12666, 17390, 13222, 13417, 12560, 14043, 12115, 12776, 12631, 12044, 12701, 12574, 9298, 12784, 13396, 12888, 12562, 12538, 12623, 12989, 12989, 13024, 12760, 8117, 13352, 12647, 9398, 12795, 13420, 12154, 12407, 12080, 11954, 13189, 12046, 12053, 12144, 12763, 12726]}