{"avg": [0.33190477, 0.36226985, 0.3688659, 0.361844, 0.36345035, 0.36316612, 0.38692945, 0.3963129, 0.38900715, 0.40848044, 0.37715918, 0.3648686, 0.39638078, 0.41471848, 0.37043393, 0.36492336, 0.37073532, 0.3852847, 0.381881, 0.3816842, 0.4022886, 0.3928332, 0.39538237, 0.39733666, 0.41127595, 0.41255027, 0.40805224, 0.37565356, 0.416653, 0.41717052, 0.4076509, 0.39892682, 0.4248964, 0.42859927, 0.42481855, 0.42615733, 0.42284745, 0.40089825, 0.39268944, 0.41132522, 0.3980663, 0.39914426, 0.45414743, 0.44796884, 0.46023908, 0.43082374, 0.43200886, 0.45646143, 0.4102517, 0.41132933], "std": [0.10650978, 0.093096055, 0.0630864, 0.06465722, 0.08812308, 0.09107467, 0.06639174, 0.063099325, 0.09509495, 0.07928803, 0.079081886, 0.059144877, 0.08223304, 0.06739557, 0.086245656, 0.08908152, 0.09684679, 0.07829936, 0.07168207, 0.08781877, 0.06365849, 0.08990912, 0.07364318, 0.051661346, 0.07394544, 0.063536465, 0.073393755, 0.08667087, 0.06283203, 0.06634651, 0.072250135, 0.07390723, 0.07888974, 0.061976805, 0.08654588, 0.08876299, 0.0886781, 0.08524125, 0.11811832, 0.08466939, 0.09752132, 0.10332335, 0.07070276, 0.057352275, 0.053230867, 0.08046898, 0.090922505, 0.05515629, 0.08559355, 0.08543321], "var": [0.98, 0.98, 0.98, 0.96, 0.94, 0.94, 0.92, 0.92, 0.88, 0.88, 0.88, 0.86, 0.84, 0.82, 0.82, 0.8, 0.8, 0.8, 0.8, 0.78, 0.78, 0.74, 0.74, 0.74, 0.74, 0.72, 0.7, 0.68, 0.68, 0.68, 0.68, 0.66, 0.64, 0.62, 0.64, 0.6, 0.58, 0.62, 0.64, 0.64, 0.62, 0.62, 0.62, 0.6, 0.58, 0.56, 0.54, 0.54, 0.54, 0.58], "best": [0.55, 0.57166666, 0.44797617, 0.44336733, 0.5662699, 0.56707317, 0.5006133, 0.50266343, 0.56592596, 0.5671053, 0.4476549, 0.4479762, 0.56632656, 0.56686324, 0.4927162, 0.5045667, 0.5661539, 0.5670909, 0.44795385, 0.50432086, 0.5671136, 0.5058197, 0.50857145, 0.5097606, 0.5098657, 0.56731254, 0.5121566, 0.51898104, 0.56732506, 0.51989686, 0.5214286, 0.5161335, 0.51676744, 0.5241054, 0.566961, 0.56713384, 0.5254779, 0.5275824, 0.5670133, 0.52299213, 0.5283861, 0.52296543, 0.56672907, 0.5283832, 0.5668097, 0.5668759, 0.5670191, 0.5671438, 0.5672751, 0.5674233], "duration": [43097, 40045, 53030, 38042, 49943, 48054, 45648, 38640, 45001, 39867, 37410, 38260, 45969, 39905, 44949, 38734, 38749, 39970, 39231, 38695, 46625, 46271, 39301, 38276, 39552, 39380, 39037, 38367, 39439, 39402, 45641, 46183, 38897, 39754, 39474, 39153, 39132, 38988, 47392, 39775, 38845, 44995, 40090, 39326, 39586, 45780, 52633, 39632, 40222, 39207]}