{"avg": [0.26638097, 0.28198665, 0.28509238, 0.28355998, 0.28580233, 0.2851139, 0.28323048, 0.28539428, 0.2902231, 0.29098222, 0.2880217, 0.2847435, 0.28526652, 0.2850257, 0.2872543, 0.28598097, 0.2831824, 0.28736874, 0.28390867, 0.27908492, 0.2824822, 0.2853778, 0.2885135, 0.29241273, 0.30002105, 0.2966049, 0.30076462, 0.29585785, 0.29589146, 0.29638082, 0.29960832, 0.29856887, 0.29498965, 0.29379323, 0.2952807, 0.2970324, 0.2985503, 0.29696748, 0.2996852, 0.2993973, 0.30206397, 0.30270022, 0.29715234, 0.30296952, 0.30115566, 0.3020495, 0.3039611, 0.3015303, 0.3038073, 0.30399835], "std": [0.06412438, 0.06647441, 0.059671786, 0.06091232, 0.059158638, 0.060092106, 0.061275035, 0.055520833, 0.05979459, 0.057165824, 0.0577417, 0.05493218, 0.05266471, 0.05364972, 0.050708544, 0.049630057, 0.05374057, 0.053364944, 0.052766357, 0.054264583, 0.050874587, 0.050243083, 0.05546873, 0.0574238, 0.058806706, 0.061532255, 0.06187656, 0.0642442, 0.06101373, 0.06206677, 0.06441512, 0.058930434, 0.054465447, 0.05611376, 0.059516557, 0.059691805, 0.05933538, 0.053252753, 0.056589775, 0.057729855, 0.0583451, 0.054893795, 0.057402782, 0.05937685, 0.06084442, 0.056799106, 0.056991927, 0.060738876, 0.057269182, 0.057331167], "var": [0.98, 0.96, 0.96, 0.98, 0.96, 0.96, 0.94, 0.92, 0.92, 0.92, 0.94, 0.92, 0.88, 0.88, 0.88, 0.88, 0.86, 0.86, 0.86, 0.82, 0.8, 0.8, 0.78, 0.76, 0.78, 0.76, 0.78, 0.78, 0.76, 0.76, 0.76, 0.76, 0.76, 0.76, 0.74, 0.74, 0.72, 0.72, 0.72, 0.74, 0.74, 0.7, 0.7, 0.7, 0.7, 0.7, 0.7, 0.68, 0.68, 0.72], "best": [0.4333333, 0.44999996, 0.45033333, 0.45088887, 0.45099998, 0.45106664, 0.4512222, 0.45123807, 0.45125, 0.452, 0.4527333, 0.45345452, 0.45344445, 0.4533846, 0.4532381, 0.45311108, 0.45291665, 0.45274508, 0.45259258, 0.4524912, 0.45236662, 0.4521905, 0.452, 0.4521449, 0.4523611, 0.4528, 0.4532051, 0.45355555, 0.45388094, 0.4541609, 0.4544222, 0.4547957, 0.45506248, 0.45511112, 0.45515683, 0.45539045, 0.45566666, 0.45592794, 0.45599997, 0.45605126, 0.45603332, 0.45601627, 0.45599997, 0.45615503, 0.456303, 0.4564148, 0.4565362, 0.4566525, 0.45677778, 0.45692515], "duration": [99632, 98308, 100370, 100374, 100687, 101755, 99397, 102696, 101858, 100842, 99811, 98501, 99529, 99962, 101126, 101739, 104169, 106050, 104743, 103996, 100720, 101284, 101144, 102346, 102930, 103156, 102558, 102342, 102642, 106131, 103647, 103181, 102441, 103100, 102513, 102841, 105229, 104669, 102999, 106205, 106321, 106284, 106465, 107034, 106130, 107423, 106053, 105472, 106295, 106300]}