{"avg": [0.25777778, 0.27374998, 0.2958706, 0.2646982, 0.29425097, 0.2837045, 0.2765647, 0.30406728, 0.31524307, 0.28675166, 0.2984035, 0.29398072, 0.31937984, 0.30466166, 0.30145836, 0.3034382, 0.30266222, 0.3238666, 0.29629067, 0.32112822, 0.2853129, 0.3038002, 0.2998066, 0.3029329, 0.32559717, 0.32804394, 0.3242752, 0.31261858, 0.30373275, 0.34326965, 0.32753193, 0.31227323, 0.3038771, 0.31231338, 0.30301732, 0.3126476, 0.31747016, 0.31549844, 0.3275853, 0.35229287, 0.33902612, 0.31521448, 0.34159812, 0.3309972, 0.33339286, 0.31723532, 0.33737147, 0.34355766, 0.33995417, 0.33219773], "std": [0.08726752, 0.053553224, 0.05912556, 0.06500922, 0.04820514, 0.06410672, 0.05885501, 0.054654516, 0.050151974, 0.07057633, 0.040831376, 0.044037223, 0.069212615, 0.039176114, 0.07750497, 0.059156798, 0.047832925, 0.065327145, 0.062838264, 0.060150318, 0.05062586, 0.061940804, 0.055557486, 0.052882336, 0.053346053, 0.057422817, 0.070015736, 0.064069465, 0.06347009, 0.05053918, 0.054696515, 0.06554052, 0.07827184, 0.08029155, 0.06600647, 0.086624555, 0.07726878, 0.07086937, 0.08469938, 0.04576121, 0.05628009, 0.05281473, 0.038792353, 0.041810058, 0.04915446, 0.04760863, 0.037598103, 0.054372698, 0.049809463, 0.06313771], "var": [0.98, 0.98, 0.98, 0.98, 0.98, 0.98, 0.98, 0.96, 0.96, 0.96, 0.94, 0.94, 0.92, 0.9, 0.9, 0.9, 0.88, 0.86, 0.84, 0.84, 0.82, 0.8, 0.8, 0.76, 0.76, 0.78, 0.8, 0.8, 0.78, 0.8, 0.8, 0.78, 0.76, 0.8, 0.78, 0.8, 0.78, 0.8, 0.76, 0.76, 0.72, 0.7, 0.7, 0.72, 0.7, 0.68, 0.66, 0.66, 0.66, 0.64], "best": [0.4333333, 0.35396823, 0.4113671, 0.35744047, 0.38585642, 0.38907564, 0.36892974, 0.44871795, 0.38961038, 0.45057473, 0.35120514, 0.3544676, 0.4517182, 0.35910234, 0.4532738, 0.45397487, 0.3990476, 0.45485854, 0.40058073, 0.45621562, 0.35749888, 0.40169063, 0.38776842, 0.3884097, 0.45541123, 0.45597014, 0.4565947, 0.45770112, 0.42001686, 0.45833334, 0.45831606, 0.45891783, 0.45899418, 0.40491378, 0.40522945, 0.45865953, 0.4589655, 0.45943975, 0.4596405, 0.46081868, 0.461163, 0.39057752, 0.4082516, 0.4083751, 0.4085238, 0.36320162, 0.40896586, 0.46097776, 0.40933084, 0.46161744], "duration": [43219, 43033, 47158, 45485, 45653, 50254, 38087, 39531, 39340, 39673, 42926, 38852, 38555, 38848, 39542, 39101, 39337, 43560, 39186, 52474, 44154, 45717, 39156, 38386, 39947, 48482, 39003, 38586, 38005, 45849, 40256, 44022, 42700, 39362, 39247, 39355, 38602, 43603, 40088, 44395, 39752, 39543, 44273, 39303, 50653, 50090, 39402, 39686, 40064, 39468]}