{"avg": [0.33283052, 0.355471, 0.36525753, 0.41950116, 0.45580387, 0.45391855, 0.4888884, 0.51503175, 0.52032936, 0.5529327, 0.56328815, 0.56944364, 0.5899942, 0.6095315, 0.61798406, 0.61758924, 0.63133466, 0.6433938, 0.6531337, 0.6623268, 0.6790992, 0.6863233, 0.7007985, 0.7133718, 0.72056407, 0.7197296, 0.7295817, 0.72767615, 0.73426527, 0.7287722, 0.735973, 0.73995185, 0.74138445, 0.7428751, 0.7421472, 0.74349254, 0.74235034, 0.7392779, 0.7426619, 0.75043565, 0.7489317, 0.75228125, 0.75089204, 0.7518553, 0.7502727, 0.747554, 0.74702865, 0.75484985, 0.75779605, 0.75594354, 0.75666463, 0.75756645, 0.75794345, 0.7608367, 0.761427, 0.7560436, 0.760289, 0.7608882, 0.75836754, 0.7590288, 0.76433855, 0.75809723, 0.7607469, 0.763479, 0.7660218, 0.76173943, 0.7643089, 0.7649553, 0.76744944, 0.76352865, 0.76813036, 0.7634791, 0.76420707, 0.7689627, 0.7670171], "std": [0.10539287, 0.09908532, 0.11728161, 0.10249755, 0.068976946, 0.093668304, 0.06287272, 0.067751735, 0.042599242, 0.04978925, 0.054643534, 0.046278678, 0.037096426, 0.037052024, 0.028736189, 0.05149513, 0.042820938, 0.028739532, 0.038605984, 0.040958438, 0.03344964, 0.03729306, 0.035229877, 0.022476811, 0.014055193, 0.018473655, 0.0011051301, 0.013788516, 5.9604645e-08, 0.017452832, 0.009598009, 1.7881393e-07, 0.0, 0.0, 0.009988462, 0.010202401, 0.0143776415, 0.018891161, 0.016808553, 1.1920929e-07, 0.010674851, 5.9604645e-08, 0.010430636, 0.010202406, 0.014377656, 0.018253634, 0.019233165, 0.010202402, 1.1920929e-07, 0.010674867, 0.010430636, 0.009787421, 0.010430647, 5.9604645e-08, 1.1920929e-07, 0.015916497, 0.010202406, 0.009988473, 0.01503147, 0.014693894, 5.9604645e-08, 0.016808536, 0.014080657, 0.009988463, 0.0, 0.014377653, 0.010674864, 0.009988462, 1.1920929e-07, 0.01380104, 5.9604645e-08, 0.01469387, 0.014080658, 1.1920929e-07, 0.010202406], "var": [1.0, 1.0, 1.0, 1.0, 1.0, 0.96, 0.88, 0.92, 0.96, 0.92, 0.84, 0.84, 0.68, 0.6, 0.52, 0.44, 0.36, 0.4, 0.32, 0.24, 0.24, 0.2, 0.2, 0.12, 0.12, 0.12, 0.08, 0.08, 0.08, 0.04, 0.04, 0.04, 0.04, 0.04, 0.04, 0.04, 0.04, 0.04, 0.04, 0.04, 0.04, 0.04, 0.04, 0.04, 0.04, 0.04, 0.04, 0.04, 0.04, 0.04, 0.04, 0.04, 0.04, 0.04, 0.04, 0.04, 0.04, 0.04, 0.04, 0.04, 0.04, 0.04, 0.04, 0.04, 0.04, 0.04, 0.04, 0.04, 0.04, 0.04, 0.04, 0.04, 0.04, 0.04, 0.04], "best": [0.57551014, 0.58482695, 0.58673465, 0.5884353, 0.59136385, 0.6676671, 0.596002, 0.6742024, 0.60111994, 0.68137896, 0.68491787, 0.6359274, 0.6900311, 0.6928263, 0.6953598, 0.6992884, 0.7019653, 0.70482916, 0.70778096, 0.71064633, 0.71382827, 0.71763307, 0.7203356, 0.72285634, 0.7252489, 0.72781706, 0.7298656, 0.7319814, 0.7342652, 0.7362185, 0.7379321, 0.73995167, 0.74138445, 0.7428751, 0.7442767, 0.74571884, 0.7470152, 0.7481834, 0.74934083, 0.75043553, 0.75138056, 0.7522813, 0.7532245, 0.75408167, 0.7549376, 0.75571716, 0.75635815, 0.75707614, 0.75779593, 0.75839263, 0.7589971, 0.75960726, 0.76027566, 0.76083666, 0.7614271, 0.7619214, 0.7625155, 0.7630177, 0.7635234, 0.7639269, 0.7643385, 0.76477635, 0.7651995, 0.7656085, 0.7660218, 0.76640415, 0.7667578, 0.7670848, 0.76744956, 0.76778764, 0.7681304, 0.76837695, 0.7686599, 0.76896256, 0.7692436], "duration": [88106, 84758, 91905, 79691, 85285, 99524, 98292, 100666, 100248, 108690, 103381, 88793, 96616, 90020, 91048, 83490, 117669, 97784, 113109, 105303, 104094, 97231, 87055, 97570, 91466, 119217, 91084, 119232, 104480, 90621, 125239, 83211, 90574, 98434, 98501, 99780, 113642, 97531, 107023, 93706, 100930, 93054, 107397, 127573, 85529, 84335, 99377, 92995, 114983, 93187, 105251, 97574, 90865, 120076, 93290, 136148, 113824, 100342, 100908, 100305, 100496, 108118, 139016, 113415, 97692, 90730, 104631, 125855, 97906, 90669, 97138, 97167, 104147, 97264, 99241]}