{"avg": [0.49933338, 0.4980001, 0.49933338, 0.50066674, 0.5033334, 0.50333333, 0.5013334, 0.49733344, 0.49866667, 0.49666673, 0.49866673, 0.49533334, 0.49600005, 0.49733344, 0.49733338, 0.49600005, 0.49333334, 0.49333337, 0.49266672, 0.49266672, 0.49400005, 0.49466664, 0.49733338, 0.49266672, 0.49466676], "std": [0.13490573, 0.13390043, 0.13589047, 0.13490573, 0.13634105, 0.1353596, 0.13661948, 0.13708721, 0.13613066, 0.13585122, 0.13564003, 0.13482663, 0.135095, 0.1346337, 0.13413763, 0.13310643, 0.13498974, 0.1334999, 0.13170503, 0.1347079, 0.1357596, 0.13554172, 0.1346337, 0.13569409, 0.13797902], "var": [1.0, 0.99333334, 0.9866667, 0.98, 0.98, 0.97333336, 0.96666664, 0.96666664, 0.96, 0.96, 0.94666666, 0.94, 0.93333334, 0.93333334, 0.93333334, 0.93333334, 0.92, 0.92, 0.9066667, 0.9, 0.9, 0.88666666, 0.88, 0.87333333, 0.8666667], "best": [0.9, 0.9, 0.9, 0.9, 0.9, 0.9, 0.9, 0.9, 0.9, 0.9, 0.9, 0.9, 0.9, 0.9, 0.9, 0.9, 0.9, 0.9, 0.9, 0.9, 0.9, 0.9, 0.9, 0.9, 0.9], "duration": [273957, 273460, 276004, 275428, 274353, 273158, 272294, 272626, 272745, 271586, 272555, 272309, 271365, 273324, 275035, 274810, 274488, 273245, 274664, 274189, 274764, 274088, 273940, 272306, 274757]}