{"avg": [0.54, 0.54, 0.52666664, 0.52, 0.52, 0.5133333, 0.5, 0.50666666, 0.50666666, 0.5, 0.49333334, 0.48, 0.48, 0.48, 0.48, 0.47333333, 0.47333333, 0.48, 0.48, 0.47333333, 0.48, 0.48, 0.48, 0.48666668, 0.48666668], "std": [0.49839726, 0.49839723, 0.49928862, 0.49959975, 0.49959975, 0.4998223, 0.5, 0.4999556, 0.4999556, 0.5, 0.4999556, 0.49959978, 0.49959978, 0.49959978, 0.49959978, 0.49928862, 0.49928862, 0.49959978, 0.49959975, 0.49928862, 0.49959978, 0.49959978, 0.4995998, 0.49982232, 0.49982232], "var": [0.99333334, 0.99333334, 0.9866667, 0.98, 0.97333336, 0.96, 0.94666666, 0.94, 0.93333334, 0.92, 0.9066667, 0.9, 0.8933333, 0.88, 0.88, 0.87333333, 0.88, 0.87333333, 0.86, 0.86, 0.8466667, 0.8333333, 0.84, 0.84, 0.82666665], "best": [1.0, 1.0, 1.0, 1.0, 1.0, 1.0, 1.0, 1.0, 1.0, 1.0, 1.0, 1.0, 1.0, 1.0, 1.0, 1.0, 1.0, 1.0, 1.0, 1.0, 1.0, 1.0, 1.0, 1.0, 1.0], "duration": [13209, 13040, 12839, 12716, 12702, 12772, 12766, 12945, 12852, 12941, 12700, 12799, 12779, 12865, 12757, 12755, 12951, 12779, 12927, 12704, 12799, 12713, 12742, 12411, 12703]}