{"avg": [0.26814815, 0.296, 0.30368423, 0.30177847, 0.30309662, 0.30246615, 0.31513736, 0.3322266, 0.31873253, 0.33357143, 0.32383153, 0.304378, 0.33425546, 0.33847663, 0.31472364, 0.3282801, 0.3444132, 0.32640994, 0.34334728, 0.34795246, 0.3662594, 0.34329373, 0.35510722, 0.3557436, 0.32155555, 0.35046658, 0.36682305, 0.35263494, 0.3566886, 0.35356742, 0.36111897, 0.36803398, 0.34802967, 0.38538998, 0.36336508, 0.38608226, 0.39277163, 0.3476656, 0.37872186, 0.37858808, 0.38583446, 0.40576032, 0.38964483, 0.38102144, 0.36649215, 0.38406107, 0.40633553, 0.4109119, 0.40287575, 0.4227994], "std": [0.09035338, 0.078931965, 0.050138276, 0.04367324, 0.074874416, 0.08092372, 0.059401587, 0.05071118, 0.0847943, 0.07285009, 0.08081822, 0.0639241, 0.044458177, 0.063756496, 0.08171918, 0.06932387, 0.04503698, 0.056359813, 0.06363606, 0.07345013, 0.06057872, 0.05534245, 0.07571039, 0.082596384, 0.06181212, 0.06621435, 0.048467465, 0.07181531, 0.07272817, 0.07353257, 0.06911962, 0.06341177, 0.068547055, 0.055652585, 0.048980117, 0.05285875, 0.0625142, 0.08082606, 0.07782165, 0.07142623, 0.06696355, 0.080252334, 0.08284195, 0.080905795, 0.060418203, 0.041330334, 0.05497158, 0.06931077, 0.08959872, 0.059212193], "var": [0.98, 0.98, 0.98, 0.96, 0.94, 0.94, 0.92, 0.92, 0.92, 0.9, 0.9, 0.88, 0.88, 0.86, 0.84, 0.84, 0.8, 0.82, 0.8, 0.78, 0.8, 0.76, 0.76, 0.74, 0.7, 0.7, 0.74, 0.74, 0.72, 0.72, 0.72, 0.72, 0.72, 0.7, 0.68, 0.7, 0.72, 0.7, 0.7, 0.72, 0.7, 0.68, 0.66, 0.64, 0.64, 0.62, 0.58, 0.6, 0.62, 0.64], "best": [0.4511111, 0.48000002, 0.37888893, 0.37274376, 0.47280422, 0.47387537, 0.4154209, 0.41815445, 0.47234568, 0.47377777, 0.47428188, 0.38263655, 0.39906073, 0.473547, 0.47466668, 0.4753408, 0.42296004, 0.4262867, 0.475461, 0.47619474, 0.47747767, 0.4325699, 0.47869396, 0.47961625, 0.4362667, 0.4810344, 0.48214558, 0.48238096, 0.4832184, 0.48422173, 0.4850204, 0.48569968, 0.4863262, 0.48686275, 0.4875556, 0.48820987, 0.4887688, 0.4896892, 0.48982993, 0.49058044, 0.49127242, 0.49151993, 0.4930978, 0.49443945, 0.49428293, 0.45168337, 0.49350142, 0.4940009, 0.5007747, 0.5021843], "duration": [42773, 39541, 52349, 42719, 49448, 47504, 45156, 38416, 38595, 38888, 38585, 38447, 39122, 38751, 38873, 38748, 44735, 38690, 39086, 38163, 45918, 38327, 39147, 39507, 39065, 38846, 39520, 45774, 38272, 38653, 38611, 39374, 39130, 38963, 37855, 38729, 39124, 39034, 39258, 39308, 39053, 39401, 39252, 38327, 39036, 38999, 38871, 39262, 46142, 39499]}