{"avg": [0.24910715, 0.28508598, 0.2700358, 0.2760806, 0.26283243, 0.29536268, 0.2921773, 0.28044567, 0.30565867, 0.30880228, 0.3113424, 0.29616043, 0.31569448, 0.290022, 0.3012681, 0.30914018, 0.29235137, 0.2698084, 0.26149732, 0.26089296, 0.2837135, 0.2914706, 0.31392393, 0.2903233, 0.2944522, 0.3113101, 0.3110329, 0.304417, 0.2941954, 0.29286015, 0.30255878, 0.2878246, 0.27604604, 0.30295062, 0.32046077, 0.29481462, 0.3205388, 0.29915258, 0.31095418, 0.29237437, 0.2955248, 0.30181894, 0.32362908, 0.30594367, 0.31541356, 0.2866163, 0.32137698, 0.3245734, 0.29557103, 0.32089394], "std": [0.066405065, 0.053783365, 0.05581975, 0.044957086, 0.0660556, 0.04535218, 0.053647, 0.06291844, 0.04629159, 0.05341284, 0.045510318, 0.062194157, 0.048612922, 0.060874783, 0.061223395, 0.061497536, 0.048033986, 0.048322614, 0.08356252, 0.075797416, 0.053039975, 0.054954737, 0.055621386, 0.059504144, 0.059577618, 0.06104256, 0.044376288, 0.06726038, 0.08982353, 0.06658731, 0.06594375, 0.07664856, 0.051763013, 0.07704401, 0.05209531, 0.061730817, 0.07343221, 0.05175207, 0.061181612, 0.07717377, 0.04686565, 0.05225213, 0.050089616, 0.05049614, 0.062731445, 0.056784786, 0.054369077, 0.03940395, 0.047666356, 0.06724291], "var": [1.0, 0.992, 0.984, 0.984, 0.984, 0.976, 0.968, 0.968, 0.96, 0.944, 0.936, 0.92, 0.912, 0.904, 0.904, 0.896, 0.888, 0.888, 0.88, 0.88, 0.88, 0.88, 0.872, 0.864, 0.864, 0.872, 0.864, 0.864, 0.864, 0.864, 0.864, 0.864, 0.856, 0.856, 0.856, 0.848, 0.84, 0.832, 0.832, 0.824, 0.816, 0.8, 0.792, 0.792, 0.776, 0.776, 0.776, 0.784, 0.776, 0.768], "best": [0.34761906, 0.41190472, 0.3565826, 0.35567763, 0.36076757, 0.35293463, 0.40929034, 0.38276836, 0.40945375, 0.37943724, 0.38294575, 0.410309, 0.381626, 0.41190472, 0.41267183, 0.3857515, 0.36587885, 0.33996716, 0.41244587, 0.38589013, 0.38007775, 0.38111112, 0.4440318, 0.41305566, 0.38593552, 0.39711165, 0.3808559, 0.3871914, 0.4441197, 0.41143432, 0.41190472, 0.4444864, 0.38733068, 0.4116675, 0.44513527, 0.38803932, 0.4456569, 0.3841245, 0.3596522, 0.44657668, 0.35820797, 0.36521295, 0.4114869, 0.4118369, 0.44647264, 0.383914, 0.41190472, 0.38974538, 0.390113, 0.4464766], "duration": [38247, 39077, 53322, 38822, 53356, 38628, 42974, 38580, 44477, 38952, 39605, 39423, 39632, 38451, 38903, 44233, 43486, 42918, 34220, 38130, 45126, 39004, 49165, 43344, 38440, 39857, 43997, 39789, 44542, 39938, 39455, 48418, 37948, 38142, 39760, 40030, 44652, 39103, 39137, 45519, 44368, 38029, 46131, 44826, 55364, 38244, 44881, 44619, 43434, 39922]}