{"avg": [0.25128207, 0.27951, 0.2808322, 0.27738282, 0.2781034, 0.28172204, 0.29775158, 0.30417097, 0.30163464, 0.28648052, 0.27553222, 0.30709866, 0.3004083, 0.3043865, 0.33429652, 0.3134478, 0.31712636, 0.28928825, 0.32112876, 0.31986052, 0.31901562, 0.31612018, 0.3088621, 0.30535388, 0.32625547, 0.32548076, 0.3600349, 0.33441082, 0.353874, 0.32254317, 0.32193312, 0.32999712, 0.3497697, 0.34516874, 0.32229522, 0.36735448, 0.3739763, 0.36099428, 0.370383, 0.36677042, 0.353344, 0.3563236, 0.3629344, 0.38177302, 0.3633523, 0.3744797, 0.3700403, 0.35625616, 0.39460436, 0.36315146], "std": [0.07973218, 0.06918208, 0.045901008, 0.038752016, 0.06751255, 0.06812516, 0.052361034, 0.06541076, 0.037599728, 0.061724916, 0.063485734, 0.03393941, 0.0583973, 0.053263187, 0.063531056, 0.061502278, 0.051465377, 0.055472568, 0.060848556, 0.055170927, 0.03469011, 0.05812198, 0.052146107, 0.0627984, 0.06444917, 0.058556363, 0.053763967, 0.059280068, 0.05525596, 0.05122498, 0.06609508, 0.072766855, 0.04965032, 0.053063396, 0.063059546, 0.05043593, 0.05893913, 0.070612244, 0.050123684, 0.05573035, 0.059762895, 0.07224866, 0.07758755, 0.06854636, 0.057293765, 0.0795879, 0.083760515, 0.08214631, 0.06788662, 0.092497855], "var": [0.98, 0.98, 0.98, 0.96, 0.94, 0.94, 0.92, 0.94, 0.9, 0.9, 0.86, 0.84, 0.82, 0.8, 0.8, 0.8, 0.8, 0.82, 0.78, 0.76, 0.76, 0.74, 0.76, 0.76, 0.74, 0.72, 0.72, 0.68, 0.7, 0.7, 0.68, 0.66, 0.64, 0.62, 0.62, 0.62, 0.62, 0.62, 0.6, 0.62, 0.62, 0.6, 0.58, 0.56, 0.54, 0.54, 0.56, 0.56, 0.58, 0.56], "best": [0.4128205, 0.4417094, 0.34675217, 0.34060702, 0.4345136, 0.43558475, 0.38396788, 0.4360089, 0.38871792, 0.37586936, 0.3428253, 0.34836832, 0.433133, 0.38902166, 0.4334483, 0.4355606, 0.43632647, 0.3586026, 0.4376432, 0.43718374, 0.3781278, 0.43706295, 0.3968612, 0.43674743, 0.4409045, 0.4379461, 0.4385049, 0.43951836, 0.43988022, 0.4064469, 0.44032583, 0.4408835, 0.44172263, 0.44172224, 0.44228366, 0.44293585, 0.4521822, 0.44649807, 0.4473822, 0.45688367, 0.44843256, 0.4589704, 0.45994172, 0.46089742, 0.45137122, 0.46865854, 0.46491826, 0.465395, 0.465879, 0.47449586], "duration": [43078, 40006, 52836, 42844, 49772, 43330, 39347, 38754, 45020, 39300, 38178, 45104, 38631, 38725, 40186, 39298, 52163, 38521, 45998, 39862, 45327, 46056, 39055, 39418, 39135, 39124, 39624, 39912, 40193, 39149, 46208, 39124, 39684, 39614, 39431, 39914, 40004, 40059, 40182, 39701, 39872, 40229, 39800, 39974, 39383, 40324, 40547, 40069, 39962, 40386]}