{"avg": [0.025396826, 0.0, 0.0, 0.0, 0.0, 0.0, 0.0, 0.02641785, 0.0, 0.0, 0.0, 0.021759648, 0.0, 0.0, 0.024554245, 0.0, 0.0, 0.0, 0.0, 0.0, 0.0, 0.0, 0.0, 0.0, 0.0, 0.0, 0.0, 0.0, 0.0, 0.0, 0.0, 0.0, 0.0, 0.0, 0.0, 0.0, 0.0, 0.0, 0.0, 0.0, 0.0, 0.0, 0.0, 0.0, 0.0, 0.0, 0.0, 0.0, 0.0, 0.0], "std": [0.09502622, 0.0, 0.0, 0.0, 0.0, 0.0, 0.0, 0.09884652, 0.0, 0.0, 0.0, 0.08971733, 0.0, 0.0, 0.09509819, 0.0, 0.0, 0.0, 0.0, 0.0, 0.0, 0.0, 0.0, 0.0, 0.0, 0.0, 0.0, 0.0, 0.0, 0.0, 0.0, 0.0, 0.0, 0.0, 0.0, 0.0, 0.0, 0.0, 0.0, 0.0, 0.0, 0.0, 0.0, 0.0, 0.0, 0.0, 0.0, 0.0, 0.0, 0.0], "var": [1.0, 1.0, 1.0, 1.0, 1.0, 1.0, 1.0, 1.0, 1.0, 1.0, 1.0, 1.0, 1.0, 1.0, 1.0, 1.0, 1.0, 1.0, 1.0, 1.0, 1.0, 1.0, 1.0, 1.0, 1.0, 1.0, 1.0, 1.0, 1.0, 1.0, 1.0, 1.0, 1.0, 1.0, 1.0, 1.0, 1.0, 1.0, 1.0, 1.0, 1.0, 1.0, 1.0, 1.0, 1.0, 1.0, 1.0, 1.0, 1.0, 1.0], "best": [0.3809524, 0.0, 0.0, 0.0, 0.0, 0.0, 0.0, 0.39626774, 0.0, 0.0, 0.0, 0.39167365, 0.0, 0.0, 0.39286792, 0.0, 0.0, 0.0, 0.0, 0.0, 0.0, 0.0, 0.0, 0.0, 0.0, 0.0, 0.0, 0.0, 0.0, 0.0, 0.0, 0.0, 0.0, 0.0, 0.0, 0.0, 0.0, 0.0, 0.0, 0.0, 0.0, 0.0, 0.0, 0.0, 0.0, 0.0, 0.0, 0.0, 0.0, 0.0], "duration": [6101, 4366, 5502, 4464, 4345, 4463, 4403, 4592, 4423, 4329, 4423, 5123, 4497, 5290, 4314, 4494, 4520, 5264, 4370, 4615, 4496, 4893, 6488, 4500, 4834, 4497, 4436, 4395, 4422, 4453, 5765, 4463, 4673, 5463, 4587, 5286, 6326, 4556, 4489, 4380, 5141, 4573, 4443, 4354, 5737, 4437, 4518, 4487, 4347, 5376]}