{"avg": [0.2525926, 0.28429633, 0.2892982, 0.28749272, 0.2856697, 0.2859956, 0.30472797, 0.31196523, 0.30685544, 0.31899434, 0.30206257, 0.29141206, 0.31162274, 0.32768017, 0.29899123, 0.28748068, 0.2930399, 0.30245224, 0.2988467, 0.2974408, 0.32147777, 0.3121646, 0.3109897, 0.31531525, 0.32872847, 0.32642365, 0.3249803, 0.2995183, 0.3315239, 0.3317276, 0.3565492, 0.33480945, 0.34032503, 0.3339454, 0.33298647, 0.3161022, 0.3248456, 0.33850694, 0.37331742, 0.363757, 0.34570095, 0.34313184, 0.33525145, 0.3732522, 0.37102616, 0.38779128, 0.37150592, 0.37182727, 0.3801761, 0.3750296], "std": [0.08530041, 0.07241157, 0.047755614, 0.042779334, 0.071743794, 0.07429368, 0.05181723, 0.04953989, 0.07534582, 0.06339473, 0.061330374, 0.0474113, 0.06306583, 0.05384904, 0.06865435, 0.07386129, 0.07644481, 0.06619473, 0.058805455, 0.07127958, 0.050242998, 0.07004744, 0.06376135, 0.040930357, 0.058339432, 0.04920008, 0.057009786, 0.07349077, 0.040714215, 0.06354842, 0.043153126, 0.06489457, 0.06644587, 0.085767, 0.046438675, 0.054785836, 0.047066756, 0.050356377, 0.05318725, 0.056360457, 0.08048364, 0.060683385, 0.07633867, 0.06441921, 0.05195118, 0.071108386, 0.06676209, 0.06703086, 0.07263919, 0.06990562], "var": [0.98, 0.98, 0.98, 0.96, 0.94, 0.94, 0.92, 0.92, 0.88, 0.88, 0.88, 0.86, 0.84, 0.82, 0.82, 0.8, 0.8, 0.8, 0.8, 0.78, 0.78, 0.74, 0.74, 0.74, 0.74, 0.72, 0.7, 0.68, 0.68, 0.68, 0.68, 0.7, 0.7, 0.7, 0.68, 0.7, 0.7, 0.7, 0.68, 0.7, 0.68, 0.64, 0.64, 0.6, 0.62, 0.58, 0.58, 0.54, 0.56, 0.54], "best": [0.42444444, 0.45333335, 0.35666665, 0.35052153, 0.44613755, 0.44720867, 0.3931987, 0.39593223, 0.44567898, 0.44725144, 0.35623828, 0.35666668, 0.44621313, 0.4469287, 0.38330412, 0.39847, 0.4461111, 0.4473535, 0.35608795, 0.3981421, 0.44757798, 0.4001406, 0.40380955, 0.40539515, 0.4055353, 0.44777778, 0.40858975, 0.41673663, 0.41012797, 0.41846833, 0.41992927, 0.4470096, 0.44765875, 0.44825396, 0.4244403, 0.39492705, 0.42373005, 0.43572795, 0.4365287, 0.44948533, 0.43774238, 0.42797104, 0.43760917, 0.44246912, 0.4439542, 0.45179, 0.44330254, 0.45379767, 0.45475957, 0.4558272], "duration": [43013, 39975, 53024, 42994, 50072, 48016, 45779, 38757, 45099, 40155, 37597, 38409, 46221, 40122, 45040, 38731, 38788, 39873, 39512, 39339, 46484, 46297, 39525, 38530, 39880, 39543, 39437, 38760, 38956, 39840, 39482, 39785, 39768, 39513, 38587, 39028, 39323, 39895, 40176, 40588, 39952, 39522, 40036, 40174, 39902, 40261, 40397, 40673, 46740, 39986]}