{"avg": [0.5705783, 0.60821736, 0.66030353, 0.646199, 0.6512277, 0.6626314, 0.66885746, 0.6704263, 0.6852875, 0.6874999, 0.6906956, 0.6947642, 0.6981834, 0.70321196, 0.7078866, 0.7141835, 0.71882325, 0.72269905, 0.7271243, 0.73102164, 0.7346598, 0.7370867, 0.74021846, 0.74281853, 0.7451694, 0.7474195, 0.7496074, 0.7514542, 0.7533999, 0.75511265, 0.7567672, 0.7581083, 0.7596948, 0.7611123, 0.7623275, 0.763421, 0.7644565, 0.76548666, 0.76646304, 0.76730317, 0.7680636, 0.7689504, 0.7696802, 0.7704513, 0.7711869, 0.7718246, 0.7724364, 0.7731458, 0.77376527, 0.7742757, 0.7748222, 0.7753221, 0.77585435, 0.7763185, 0.77678984, 0.7772448, 0.7776841, 0.7781708, 0.778599, 0.7790318, 0.77946824, 0.7798528, 0.780242, 0.7806186, 0.7809823, 0.78136617, 0.78169066, 0.781991, 0.7822827, 0.7826082, 0.7828694, 0.783124, 0.78338504, 0.7836514, 0.7839232], "std": [0.11159561, 0.10088614, 0.025744054, 0.06362088, 0.06346322, 0.05190009, 0.050887074, 0.052060585, 0.003225216, 0.0035520764, 0.0034588524, 0.003615137, 0.0044027856, 0.005034866, 0.005676503, 0.0023845846, 0.0018601423, 0.0019101581, 0.0009928149, 0.0007666554, 0.00010026293, 0.0011303438, 0.00016301553, 0.00030993822, 0.0003078515, 0.00040564104, 1.7881393e-07, 0.00056519435, 0.0006607075, 0.00076820794, 0.0, 1.1920929e-07, 1.7881393e-07, 1.1920929e-07, 1.7881393e-07, 1.1920929e-07, 5.9604645e-08, 0.0, 1.7881393e-07, 1.7881393e-07, 1.1920929e-07, 5.9604645e-08, 1.1920929e-07, 5.9604645e-08, 1.1920929e-07, 1.7881393e-07, 1.7881393e-07, 5.9604645e-08, 1.7881393e-07, 1.1920929e-07, 5.9604645e-08, 5.9604645e-08, 1.1920929e-07, 0.0, 1.1920929e-07, 1.1920929e-07, 5.9604645e-08, 1.1920929e-07, 1.1920929e-07, 1.1920929e-07, 5.9604645e-08, 1.1920929e-07, 5.9604645e-08, 1.1920929e-07, 1.1920929e-07, 1.1920929e-07, 1.1920929e-07, 0.0, 5.9604645e-08, 1.1920929e-07, 1.1920929e-07, 0.0, 1.1920929e-07, 1.1920929e-07, 5.9604645e-08], "var": [1.0, 1.0, 1.0, 1.0, 1.0, 1.0, 1.0, 1.0, 0.92, 0.92, 0.96, 0.88, 0.84, 0.68, 0.52, 0.44, 0.32, 0.2, 0.12, 0.12, 0.12, 0.08, 0.08, 0.08, 0.08, 0.08, 0.08, 0.08, 0.08, 0.04, 0.04, 0.04, 0.04, 0.04, 0.04, 0.04, 0.04, 0.04, 0.04, 0.04, 0.04, 0.04, 0.04, 0.04, 0.04, 0.04, 0.04, 0.04, 0.04, 0.04, 0.04, 0.04, 0.04, 0.04, 0.04, 0.04, 0.04, 0.04, 0.04, 0.04, 0.04, 0.04, 0.04, 0.04, 0.04, 0.04, 0.04, 0.04, 0.04, 0.04, 0.04, 0.04, 0.04, 0.04, 0.04], "best": [0.65986395, 0.6705782, 0.67352855, 0.67541015, 0.67795914, 0.68238646, 0.68562156, 0.6892813, 0.69159156, 0.69431335, 0.69762385, 0.7012496, 0.70442855, 0.70863426, 0.7120019, 0.71696174, 0.720822, 0.72440976, 0.72769266, 0.7311851, 0.73474544, 0.73741496, 0.7402712, 0.7429218, 0.7452381, 0.74751025, 0.74960756, 0.7515747, 0.75354433, 0.7552888, 0.7567672, 0.75810844, 0.75969464, 0.7611124, 0.7623277, 0.7634209, 0.76445645, 0.76548666, 0.76646286, 0.767303, 0.7680637, 0.76895034, 0.7696803, 0.77045125, 0.771187, 0.7718244, 0.77243656, 0.77314585, 0.7737651, 0.7742756, 0.7748221, 0.77532214, 0.77585447, 0.7763185, 0.77678996, 0.7772449, 0.77768415, 0.77817094, 0.77859914, 0.77903193, 0.7794682, 0.7798527, 0.7802421, 0.7806185, 0.78098243, 0.78136605, 0.7816908, 0.781991, 0.78228277, 0.78260833, 0.7828695, 0.783124, 0.7833849, 0.78365153, 0.78392315], "duration": [91413, 75968, 97256, 102357, 75327, 87050, 69957, 75477, 91476, 91495, 81326, 75369, 86414, 96884, 91898, 80812, 92307, 86470, 80901, 91633, 70308, 64941, 70529, 86999, 124243, 81049, 70387, 92320, 71805, 70071, 97573, 75480, 97604, 92500, 70309, 70163, 86258, 75299, 64790, 70005, 80807, 64562, 77315, 87888, 76672, 70731, 75325, 75335, 75700, 86497, 86353, 80896, 64642, 75538, 71679, 75408, 69927, 80873, 91506, 80691, 64598, 91523, 70177, 75359, 86201, 75874, 69974, 92113, 113382, 96910, 75667, 64539, 75358, 80800, 69982]}