{"avg": [0.27499998, 0.34014422, 0.32521555, 0.3226984, 0.32752004, 0.31470588, 0.33407897, 0.3423123, 0.32755455, 0.3216667, 0.3168365, 0.31820217, 0.31508446, 0.31573382, 0.3347005, 0.34669113, 0.30137885, 0.31665212, 0.3288384, 0.32391158, 0.32176378, 0.31812254, 0.31715506, 0.3463881, 0.33014506, 0.35127681, 0.32271877, 0.3484375, 0.32590282, 0.36133286, 0.3294068, 0.33978647, 0.36944, 0.338024, 0.33177942, 0.36108473, 0.36753193, 0.35427457, 0.3704015, 0.3608051, 0.36574695, 0.36561054, 0.36923695, 0.3826301, 0.34833258, 0.4061081, 0.3654207, 0.4099205, 0.39119056, 0.36947364], "std": [0.088388346, 0.050431516, 0.060835056, 0.06800082, 0.05886556, 0.07537997, 0.052655425, 0.066936485, 0.07190879, 0.048185326, 0.07978986, 0.057185773, 0.07742218, 0.050074395, 0.08071122, 0.050583094, 0.064809486, 0.054354027, 0.07061201, 0.06512895, 0.08705039, 0.06627188, 0.07990599, 0.05750322, 0.055851433, 0.054383073, 0.07749697, 0.067171186, 0.072507404, 0.06832858, 0.07713533, 0.06519871, 0.052046675, 0.0642714, 0.06756242, 0.05990653, 0.06138465, 0.085939795, 0.05610015, 0.074541114, 0.07436972, 0.073765405, 0.073129416, 0.069471106, 0.07715008, 0.059712484, 0.08705204, 0.06677549, 0.06276002, 0.08083452], "var": [1.0, 0.98, 0.98, 0.96, 0.94, 0.94, 0.92, 0.92, 0.9, 0.9, 0.86, 0.84, 0.84, 0.84, 0.82, 0.84, 0.84, 0.8, 0.78, 0.76, 0.74, 0.72, 0.7, 0.68, 0.66, 0.64, 0.64, 0.66, 0.66, 0.68, 0.66, 0.66, 0.62, 0.58, 0.56, 0.58, 0.58, 0.6, 0.62, 0.62, 0.62, 0.62, 0.58, 0.58, 0.6, 0.6, 0.6, 0.62, 0.62, 0.64], "best": [0.45, 0.490625, 0.38965517, 0.42222223, 0.48728812, 0.4878205, 0.43157896, 0.48738736, 0.3984127, 0.43169016, 0.3987261, 0.3834302, 0.39567566, 0.39427862, 0.4440092, 0.48168102, 0.39076304, 0.39071968, 0.4808664, 0.39200678, 0.42864078, 0.42972136, 0.4810089, 0.44164306, 0.4307588, 0.4312176, 0.4815, 0.48221153, 0.4351852, 0.48322147, 0.4469957, 0.44822916, 0.48569998, 0.48689318, 0.45112783, 0.4521024, 0.45240214, 0.4878238, 0.4887395, 0.4893964, 0.49222222, 0.49088097, 0.49167925, 0.4932053, 0.49675325, 0.49514768, 0.49931034, 0.5010135, 0.5031704, 0.4996766], "duration": [44844, 40165, 39289, 39843, 45752, 39477, 39818, 39055, 44755, 38688, 39984, 39223, 38302, 39605, 51942, 46827, 38644, 39443, 39216, 39726, 40141, 39239, 38932, 39023, 46084, 39673, 39181, 39804, 38234, 51366, 38478, 51990, 38339, 45775, 38827, 38572, 39439, 39396, 46134, 38538, 39439, 38948, 46405, 38500, 38776, 39489, 39542, 46418, 39499, 39497]}