{"avg": [0.25500003, 0.2837408, 0.28577486, 0.2841594, 0.2890177, 0.2895086, 0.30500317, 0.30650002, 0.30627003, 0.29283103, 0.29498965, 0.28691724, 0.29041693, 0.3073209, 0.29891375, 0.27257627, 0.2773866, 0.3043855, 0.32184187, 0.32731557, 0.290625, 0.3202308, 0.3405361, 0.2981861, 0.29013383, 0.3202131, 0.32457656, 0.2915911, 0.31152296, 0.3122842, 0.3279228, 0.32882258, 0.3445042, 0.31811303, 0.34885132, 0.33759546, 0.34461248, 0.33802083, 0.33056834, 0.34307796, 0.34000984, 0.35813832, 0.32903558, 0.36672452, 0.34311375, 0.3365611, 0.34894538, 0.35438854, 0.34659532, 0.3610738], "std": [0.08158159, 0.07094505, 0.048164956, 0.041112524, 0.067411914, 0.07135732, 0.054346595, 0.06630347, 0.04689548, 0.047994863, 0.041309256, 0.050827302, 0.06389857, 0.06858655, 0.04924514, 0.06617313, 0.065987796, 0.0657506, 0.05271514, 0.03072872, 0.07036422, 0.07888872, 0.045019716, 0.076375715, 0.07930031, 0.06535133, 0.052879166, 0.06862443, 0.071650505, 0.08036457, 0.06669006, 0.06474741, 0.057585426, 0.07048789, 0.03894841, 0.054886594, 0.046827216, 0.04045443, 0.0556375, 0.062625915, 0.070686094, 0.05069822, 0.06321604, 0.04427588, 0.065261364, 0.06302724, 0.072442666, 0.05000671, 0.06403623, 0.05498429], "var": [0.98, 0.98, 0.98, 0.96, 0.94, 0.94, 0.92, 0.92, 0.9, 0.9, 0.86, 0.84, 0.84, 0.84, 0.82, 0.8, 0.8, 0.78, 0.78, 0.78, 0.8, 0.82, 0.82, 0.78, 0.76, 0.74, 0.74, 0.74, 0.74, 0.74, 0.72, 0.68, 0.7, 0.68, 0.7, 0.7, 0.66, 0.66, 0.64, 0.64, 0.66, 0.66, 0.66, 0.68, 0.66, 0.64, 0.64, 0.62, 0.64, 0.64], "best": [0.42083335, 0.44972226, 0.3544444, 0.3482993, 0.44252646, 0.44359758, 0.39069864, 0.44402173, 0.39544868, 0.38099313, 0.38237575, 0.35625002, 0.3569665, 0.44197154, 0.3830128, 0.35897437, 0.35126162, 0.3912879, 0.3965203, 0.3984234, 0.39882478, 0.44004068, 0.44052145, 0.40164566, 0.40226963, 0.38492426, 0.43970284, 0.40440646, 0.40470552, 0.43973216, 0.40608975, 0.44040456, 0.44121847, 0.4417231, 0.41018167, 0.41166207, 0.41196808, 0.41238502, 0.41300333, 0.44289216, 0.44383284, 0.41433176, 0.41557944, 0.43488196, 0.4632794, 0.43585324, 0.4638678, 0.43650737, 0.44762298, 0.41867998], "duration": [43253, 40069, 52947, 43112, 50056, 48069, 39310, 38681, 45245, 39239, 38942, 38151, 38279, 39091, 39629, 38630, 38954, 46303, 39244, 46407, 39306, 46063, 39617, 39511, 39302, 39727, 39127, 45120, 39414, 51543, 39588, 45958, 39895, 39097, 39930, 46469, 39582, 39242, 39210, 39902, 39423, 53104, 40166, 47034, 39711, 39506, 53385, 39384, 39648, 39712]}