{"avg": [0.2538095, 0.27584127, 0.28634715, 0.27944607, 0.2860067, 0.28585523, 0.2978317, 0.31227922, 0.30140212, 0.31664371, 0.2952714, 0.2846156, 0.3123178, 0.31166667, 0.28401, 0.30314553, 0.31502777, 0.33087832, 0.32177946, 0.30335855, 0.33211172, 0.3227183, 0.30498406, 0.3301002, 0.30358484, 0.32532364, 0.33385614, 0.33486912, 0.3029951, 0.3289768, 0.32651773, 0.3435333, 0.32925567, 0.27174875, 0.34631377, 0.3187666, 0.33559442, 0.3121162, 0.3183079, 0.29420066, 0.32708842, 0.36209658, 0.34299144, 0.3300118, 0.36735085, 0.36009115, 0.32160524, 0.36513826, 0.35464886, 0.34858602], "std": [0.085946776, 0.074052945, 0.048041448, 0.04112919, 0.070322454, 0.07766966, 0.04856222, 0.046881106, 0.076810464, 0.06522116, 0.0614651, 0.054891884, 0.044331606, 0.0741328, 0.07644383, 0.045039367, 0.052774593, 0.060442355, 0.040154617, 0.053787377, 0.052198093, 0.042474583, 0.05965296, 0.03619825, 0.07374973, 0.038478732, 0.0546771, 0.069702215, 0.075840116, 0.049565654, 0.05934846, 0.055979885, 0.03509588, 0.06352179, 0.06470393, 0.071575165, 0.044217095, 0.071795136, 0.05511989, 0.07078762, 0.065523416, 0.046212077, 0.06702434, 0.082055576, 0.051183436, 0.068915986, 0.06191625, 0.057345066, 0.044812515, 0.05915978], "var": [0.98, 0.98, 0.98, 0.96, 0.94, 0.94, 0.92, 0.92, 0.88, 0.88, 0.88, 0.86, 0.86, 0.84, 0.82, 0.82, 0.82, 0.78, 0.76, 0.78, 0.78, 0.78, 0.78, 0.76, 0.72, 0.72, 0.7, 0.74, 0.78, 0.78, 0.76, 0.76, 0.74, 0.72, 0.72, 0.72, 0.7, 0.7, 0.72, 0.68, 0.66, 0.66, 0.66, 0.64, 0.62, 0.62, 0.6, 0.56, 0.58, 0.56], "best": [0.425, 0.4466667, 0.35511905, 0.3505102, 0.44126984, 0.4420732, 0.38632756, 0.38837773, 0.44092593, 0.44210526, 0.35697073, 0.3911508, 0.39132655, 0.4409524, 0.39388433, 0.3941273, 0.39438578, 0.44108456, 0.39853385, 0.3990776, 0.44132495, 0.39949745, 0.37227255, 0.39959663, 0.4002185, 0.40062705, 0.4411946, 0.4093465, 0.41932774, 0.44212255, 0.4192842, 0.44250515, 0.4032826, 0.35590452, 0.4428771, 0.4211633, 0.40435112, 0.40443373, 0.37764287, 0.4041115, 0.44307753, 0.42156082, 0.44306186, 0.4436947, 0.44402018, 0.44438204, 0.4269261, 0.4446284, 0.4278704, 0.42842782], "duration": [43008, 40009, 52764, 42967, 49801, 47977, 45714, 38735, 45037, 39833, 37403, 39095, 39507, 39302, 39504, 46069, 39195, 44054, 39362, 38625, 46451, 39062, 39736, 39456, 38579, 39943, 39778, 52730, 39084, 39496, 39635, 52556, 39690, 37788, 39537, 39343, 39322, 39230, 38782, 38498, 39626, 39485, 39058, 45962, 39722, 39909, 39315, 39555, 39604, 39641]}