{"avg": [0.25777778, 0.30687827, 0.2925695, 0.29864734, 0.30514792, 0.32363582, 0.307363, 0.31984133, 0.3097138, 0.30891302, 0.3047782, 0.3048807, 0.30107045, 0.30612078, 0.31207085, 0.32031745, 0.3296584, 0.32979783, 0.34853348, 0.33967546, 0.33669716, 0.34054023, 0.34393272, 0.33051854, 0.32544073, 0.32836118, 0.35704818, 0.35104537, 0.39680272, 0.3511851, 0.37157354, 0.3428866, 0.3901846, 0.36190587, 0.38895947, 0.3925364, 0.40489784, 0.3760666, 0.40193176, 0.40142173, 0.40150893, 0.38850957, 0.37914452, 0.3990877, 0.43204924, 0.38154224, 0.40024957, 0.37153435, 0.36133495, 0.3716271], "std": [0.08726752, 0.074818835, 0.05162963, 0.05867207, 0.0635559, 0.06820274, 0.057152122, 0.060320232, 0.054216463, 0.06410336, 0.04067101, 0.038731035, 0.042613152, 0.05349835, 0.04306962, 0.05410924, 0.046512157, 0.07021091, 0.06024527, 0.071760654, 0.080404595, 0.072960995, 0.073067136, 0.06256282, 0.027536543, 0.074751236, 0.086706415, 0.05396668, 0.07915256, 0.058809847, 0.06624791, 0.07015911, 0.062214587, 0.06470803, 0.08435326, 0.0779743, 0.078417055, 0.07058977, 0.08874859, 0.06982363, 0.0882887, 0.08928738, 0.08068225, 0.085307606, 0.093329765, 0.09248061, 0.091110185, 0.10063511, 0.08708516, 0.101567395], "var": [1.0, 0.98, 0.98, 0.94, 0.94, 0.92, 0.92, 0.92, 0.92, 0.9, 0.9, 0.92, 0.92, 0.9, 0.9, 0.88, 0.86, 0.86, 0.86, 0.84, 0.82, 0.78, 0.78, 0.78, 0.78, 0.74, 0.74, 0.74, 0.74, 0.74, 0.7, 0.68, 0.72, 0.7, 0.66, 0.64, 0.66, 0.66, 0.64, 0.68, 0.66, 0.66, 0.68, 0.66, 0.62, 0.6, 0.58, 0.58, 0.56, 0.52], "best": [0.4333333, 0.46222222, 0.37619045, 0.45869565, 0.46065572, 0.46033752, 0.4642361, 0.4642857, 0.46482936, 0.4657277, 0.36187422, 0.3637148, 0.3623656, 0.36331916, 0.36507937, 0.46089467, 0.46260163, 0.46409264, 0.46533814, 0.46712962, 0.4689845, 0.47118822, 0.4730539, 0.4744762, 0.36818063, 0.4750649, 0.47602335, 0.47834137, 0.47911832, 0.48273274, 0.53404033, 0.48442104, 0.48465714, 0.48642948, 0.4874442, 0.5399118, 0.5416495, 0.49335662, 0.54491067, 0.49719468, 0.49849463, 0.5503862, 0.5518689, 0.5027108, 0.553905, 0.50608695, 0.5568128, 0.5086096, 0.55875814, 0.5091633], "duration": [43339, 45106, 39530, 43590, 46427, 46919, 39560, 39950, 38667, 39933, 40052, 38961, 39392, 39737, 39763, 38920, 39562, 39354, 39412, 40471, 39423, 40085, 40130, 39027, 39499, 38669, 40669, 46268, 40227, 39559, 40339, 38473, 39944, 44929, 39096, 40457, 40107, 40147, 39368, 39118, 40535, 39982, 38343, 40276, 40647, 39932, 40198, 39983, 38857, 53270]}