{"avg": [0.0, 0.0, 0.0, 0.0, 0.0, 0.0, 0.02451975, 0.024650872, 0.0, 0.0, 0.026368128, 0.0, 0.049632158, 0.050046027, 0.03102564, 0.047508508, 0.092570215, 0.094053775, 0.1260495, 0.06787215, 0.08162751, 0.08900227, 0.02608916, 0.054278355, 0.054330688, 0.11483739, 0.07151767, 0.09209964, 0.054724082, 0.06538582, 0.15606512, 0.055033542, 0.18013017, 0.1631166, 0.18022276, 0.14797246, 0.22163664, 0.20700738, 0.12931342, 0.16947868, 0.118200034, 0.18867296, 0.21189697, 0.11988185, 0.1896307, 0.20129442, 0.23032816, 0.15378548, 0.1679687, 0.2431095], "std": [0.0, 0.0, 0.0, 0.0, 0.0, 0.0, 0.094964586, 0.095472425, 0.0, 0.0, 0.09866048, 0.0, 0.13131432, 0.13240935, 0.10747596, 0.1301074, 0.16904096, 0.1717179, 0.1870216, 0.15180461, 0.16329804, 0.17042635, 0.10104287, 0.1384323, 0.13856342, 0.18521318, 0.15455271, 0.1723502, 0.13957044, 0.15104517, 0.20153064, 0.14035848, 0.20431213, 0.19979687, 0.2081387, 0.1986065, 0.20902565, 0.20704569, 0.1939974, 0.20759541, 0.19061716, 0.21101479, 0.21194983, 0.18957227, 0.21207064, 0.21521308, 0.21548918, 0.20640887, 0.21060391, 0.2174747], "var": [0.98, 1.0, 1.0, 0.96, 0.96, 0.94, 0.96, 0.96, 0.94, 0.9, 0.9, 0.9, 0.9, 0.9, 0.88, 0.88, 0.86, 0.82, 0.82, 0.78, 0.76, 0.72, 0.68, 0.7, 0.7, 0.68, 0.68, 0.7, 0.72, 0.7, 0.7, 0.7, 0.72, 0.72, 0.74, 0.74, 0.74, 0.74, 0.78, 0.76, 0.76, 0.74, 0.7, 0.7, 0.7, 0.7, 0.66, 0.66, 0.64, 0.62], "best": [0.0, 0.0, 0.0, 0.0, 0.0, 0.0, 0.392316, 0.39441395, 0.0, 0.0, 0.3955219, 0.0, 0.39705727, 0.4003682, 0.40333334, 0.40382233, 0.40595242, 0.40756634, 0.4102757, 0.4131037, 0.41406348, 0.4153439, 0.41742656, 0.41718426, 0.41734126, 0.41721907, 0.4193748, 0.4194077, 0.4207499, 0.42053103, 0.42085138, 0.4230026, 0.42253456, 0.41546452, 0.42344603, 0.4258099, 0.4266046, 0.42658803, 0.42870167, 0.42888996, 0.43032706, 0.43145427, 0.43298116, 0.4274687, 0.4335297, 0.43470657, 0.43633628, 0.43840313, 0.43929696, 0.4404166], "duration": [3606, 3634, 3617, 3628, 3586, 3615, 5765, 3625, 3667, 4858, 3718, 3787, 3827, 3612, 3571, 3644, 3607, 3607, 3633, 3970, 3667, 3652, 3972, 3600, 6665, 4541, 3643, 4845, 3619, 4883, 4267, 3595, 3610, 3921, 3604, 3655, 3680, 5873, 3794, 4524, 4266, 5010, 3676, 3613, 3636, 3665, 3632, 3564, 4117, 4499]}