{"avg": [0.14285715, 0.1548535, 0.14961001, 0.16318083, 0.16051716, 0.11813089, 0.21067107, 0.2117496, 0.20016044, 0.22557044, 0.12518044, 0.17760342, 0.2670553, 0.32316536, 0.22701196, 0.21311507, 0.15088123, 0.23711589, 0.19202766, 0.20210363, 0.3218065, 0.17772438, 0.19082864, 0.22077172, 0.23138846, 0.24357067, 0.15915707, 0.2737111, 0.20734528, 0.19165102, 0.24639152, 0.24763893, 0.22307438, 0.25595343, 0.2772728, 0.22998141, 0.2776441, 0.3377145, 0.22782911, 0.27996203, 0.31155106, 0.24804516, 0.4068266, 0.31392914, 0.37060526, 0.3223592, 0.28525332, 0.31159803, 0.23055367, 0.18807872], "std": [0.18442777, 0.19596383, 0.19318917, 0.19507112, 0.19660565, 0.18306087, 0.19863282, 0.19966999, 0.20017211, 0.19896166, 0.18569426, 0.19859609, 0.18889554, 0.1616397, 0.20026664, 0.20226069, 0.19485867, 0.19852458, 0.20249411, 0.20215851, 0.16822815, 0.20160152, 0.20409514, 0.20669611, 0.20720151, 0.20407066, 0.2014354, 0.19385149, 0.20752995, 0.20507489, 0.20638832, 0.20741804, 0.20889835, 0.20926768, 0.19659716, 0.21540086, 0.20544182, 0.16310638, 0.2135234, 0.20732252, 0.19394377, 0.21544577, 0.110239156, 0.19964689, 0.1666834, 0.19535556, 0.2135249, 0.19821323, 0.21818294, 0.2139851], "var": [1.0, 0.98, 0.98, 0.96, 0.94, 0.92, 0.9, 0.88, 0.88, 0.86, 0.86, 0.84, 0.8, 0.8, 0.82, 0.8, 0.8, 0.76, 0.74, 0.74, 0.7, 0.68, 0.66, 0.64, 0.6, 0.58, 0.6, 0.6, 0.58, 0.56, 0.56, 0.56, 0.58, 0.58, 0.56, 0.54, 0.54, 0.52, 0.52, 0.5, 0.52, 0.48, 0.48, 0.48, 0.48, 0.5, 0.52, 0.54, 0.52, 0.56], "best": [0.3809524, 0.4122024, 0.41198686, 0.40465608, 0.40622124, 0.41125545, 0.40400204, 0.40948093, 0.40412948, 0.40757278, 0.40553573, 0.40765694, 0.4075847, 0.41072586, 0.41443658, 0.4165361, 0.4191034, 0.42016807, 0.4205141, 0.4183983, 0.42014992, 0.42365456, 0.42360774, 0.42566785, 0.4276538, 0.4309524, 0.4320264, 0.43187833, 0.4330777, 0.4349654, 0.43529415, 0.43734184, 0.43931842, 0.44101587, 0.4431746, 0.44389534, 0.4469173, 0.4459723, 0.44944325, 0.45117894, 0.45328835, 0.4546635, 0.45536518, 0.45763862, 0.4597838, 0.46325865, 0.4644915, 0.46601295, 0.4680506, 0.46910915], "duration": [1232, 1034, 1011, 1292, 1090, 1080, 1054, 1122, 1289, 1250, 1253, 1095, 1101, 1290, 1089, 1259, 1077, 1136, 1257, 1113, 1103, 1093, 1135, 1093, 1113, 1087, 1140, 1024, 1076, 1112, 1102, 1107, 1130, 1064, 1100, 1104, 1080, 1088, 1080, 1111, 1243, 1113, 1133, 1097, 1071, 1086, 1080, 1100, 1100, 1069]}