{"avg": [0.26031747, 0.32161173, 0.28842592, 0.301294, 0.3263215, 0.30345708, 0.30595854, 0.302486, 0.31314403, 0.31641456, 0.3300338, 0.31568006, 0.30879703, 0.29326823, 0.32800493, 0.33859804, 0.3331854, 0.32302007, 0.34070683, 0.3356206, 0.29912388, 0.33996287, 0.32834908, 0.34800184, 0.33849624, 0.34739336, 0.3327148, 0.32339004, 0.3717813, 0.34216794, 0.3467179, 0.33500293, 0.36259288, 0.36863357, 0.35764802, 0.34137073, 0.31840262, 0.34713247, 0.3581833, 0.3626839, 0.37332693, 0.36486238, 0.37430343, 0.35650367, 0.3601834, 0.37809345, 0.40259844, 0.38470384, 0.38007355, 0.38234994], "std": [0.08539034, 0.05155826, 0.06730117, 0.04174077, 0.050764866, 0.050745703, 0.08223676, 0.064004175, 0.0324562, 0.035349667, 0.039379586, 0.062626064, 0.07437785, 0.05305553, 0.053128127, 0.053101074, 0.05298135, 0.042318117, 0.04726615, 0.04859367, 0.08536665, 0.037696857, 0.04234615, 0.0378599, 0.055121377, 0.050145518, 0.052982405, 0.08834011, 0.03769944, 0.04313541, 0.037302867, 0.054525793, 0.047414042, 0.050599497, 0.07261066, 0.09783597, 0.11284086, 0.06648386, 0.08110883, 0.06521073, 0.04622436, 0.051354274, 0.075266816, 0.06731511, 0.0924471, 0.06362867, 0.050560404, 0.05538618, 0.07603074, 0.0751806], "var": [0.98, 0.96, 0.96, 0.94, 0.92, 0.9, 0.9, 0.88, 0.88, 0.88, 0.88, 0.86, 0.86, 0.84, 0.84, 0.84, 0.84, 0.84, 0.84, 0.82, 0.8, 0.78, 0.78, 0.76, 0.76, 0.76, 0.8, 0.78, 0.76, 0.76, 0.78, 0.78, 0.78, 0.8, 0.8, 0.78, 0.74, 0.74, 0.76, 0.8, 0.78, 0.76, 0.74, 0.72, 0.68, 0.7, 0.7, 0.72, 0.72, 0.7], "best": [0.4333333, 0.46222222, 0.35476187, 0.36283645, 0.4537634, 0.3588909, 0.4552083, 0.45654762, 0.3612034, 0.36719945, 0.38756445, 0.4539961, 0.45531532, 0.37171146, 0.45550457, 0.4563662, 0.456586, 0.42014372, 0.45666668, 0.456982, 0.45750797, 0.39963925, 0.38790143, 0.45796296, 0.458267, 0.45699742, 0.38347888, 0.45882353, 0.4590325, 0.43033627, 0.38763523, 0.38809523, 0.4588157, 0.45742893, 0.459887, 0.4591378, 0.4615929, 0.45982757, 0.460112, 0.46288994, 0.46352503, 0.46396676, 0.46388042, 0.46454003, 0.4633864, 0.46671358, 0.46744505, 0.46630824, 0.47083881, 0.4715394], "duration": [43084, 40251, 52235, 44032, 40253, 39298, 39848, 38655, 37653, 40018, 39982, 44208, 39124, 39470, 47704, 43956, 38940, 44681, 44359, 39518, 50858, 38936, 39963, 39957, 46547, 39936, 38800, 48468, 39671, 39270, 39650, 44335, 40010, 40349, 43629, 44322, 39227, 40334, 40136, 39573, 39332, 45207, 39457, 39389, 45546, 44172, 40461, 44038, 39099, 39384]}