{"avg": [0.25777778, 0.2896931, 0.29507932, 0.2902818, 0.29136732, 0.29402542, 0.31064278, 0.320574, 0.31279385, 0.32797393, 0.30798092, 0.29720566, 0.31779337, 0.33420795, 0.30254284, 0.2950869, 0.28957266, 0.3040173, 0.30981463, 0.3247099, 0.33220273, 0.3002331, 0.33793023, 0.34405658, 0.32249874, 0.33798492, 0.3383849, 0.33279532, 0.3224729, 0.34609917, 0.32873222, 0.3349867, 0.33182976, 0.34739017, 0.34026068, 0.35260525, 0.35472447, 0.36800712, 0.37119612, 0.36315954, 0.36512914, 0.36967325, 0.39473167, 0.3789229, 0.36475015, 0.3732587, 0.38308492, 0.379047, 0.35498944, 0.38247508, 0.39147493, 0.36845165, 0.38724178, 0.407868, 0.38841662, 0.40122736, 0.3764291, 0.40160558, 0.3901836, 0.4054718, 0.40367603, 0.42540193, 0.4186518, 0.45271727, 0.42058575, 0.43632403, 0.40672082, 0.4117885, 0.40267518, 0.42870113, 0.44115618, 0.4312081, 0.43977585, 0.4275455, 0.44019565], "std": [0.08726752, 0.07409099, 0.05000072, 0.041381273, 0.06961222, 0.077167965, 0.052799568, 0.0491792, 0.07701867, 0.06492253, 0.06272913, 0.04790452, 0.06423988, 0.055016633, 0.06868413, 0.0683831, 0.05845722, 0.041864622, 0.06773999, 0.06352208, 0.050010342, 0.06938125, 0.05761305, 0.054456856, 0.074773714, 0.07117715, 0.05271886, 0.051574554, 0.06303749, 0.040723186, 0.0707155, 0.07739715, 0.05206715, 0.05360279, 0.071284816, 0.05394753, 0.05220152, 0.079577595, 0.07126411, 0.06826616, 0.07761907, 0.056252465, 0.06758467, 0.05712628, 0.064920366, 0.06503416, 0.07745757, 0.065601476, 0.07636718, 0.07907461, 0.065311745, 0.08654788, 0.07424557, 0.06810237, 0.05955956, 0.07842633, 0.08679873, 0.07054232, 0.09496974, 0.096485175, 0.09361055, 0.06724459, 0.09399829, 0.050168466, 0.10068425, 0.06910549, 0.09210465, 0.07910038, 0.08225183, 0.074548736, 0.08028423, 0.084199466, 0.07213017, 0.08905074, 0.076587565], "var": [0.98, 0.98, 0.98, 0.96, 0.94, 0.94, 0.92, 0.92, 0.88, 0.88, 0.88, 0.86, 0.84, 0.82, 0.82, 0.8, 0.8, 0.8, 0.82, 0.8, 0.8, 0.78, 0.78, 0.74, 0.72, 0.72, 0.72, 0.72, 0.72, 0.7, 0.7, 0.7, 0.7, 0.7, 0.68, 0.68, 0.66, 0.66, 0.64, 0.64, 0.62, 0.58, 0.58, 0.58, 0.58, 0.56, 0.54, 0.56, 0.58, 0.6, 0.58, 0.56, 0.56, 0.56, 0.52, 0.48, 0.5, 0.48, 0.46, 0.46, 0.44, 0.44, 0.44, 0.46, 0.46, 0.44, 0.42, 0.4, 0.4, 0.42, 0.4, 0.38, 0.36, 0.34, 0.38], "best": [0.4333333, 0.46222222, 0.36396822, 0.3578231, 0.45502642, 0.45609757, 0.40081772, 0.40355125, 0.45456788, 0.4561403, 0.36353984, 0.36396825, 0.455102, 0.45581758, 0.39028823, 0.40608904, 0.4064652, 0.3587879, 0.4065311, 0.40750977, 0.4545741, 0.40976766, 0.45498082, 0.5103718, 0.5109111, 0.4132782, 0.4570388, 0.4576324, 0.41654816, 0.41698447, 0.4178168, 0.45744535, 0.4195106, 0.45767498, 0.5129644, 0.42056593, 0.43690476, 0.5132157, 0.51383406, 0.45800865, 0.51477545, 0.44356886, 0.51602644, 0.4359007, 0.45936596, 0.45971832, 0.45996323, 0.51783305, 0.46050194, 0.5187885, 0.46149933, 0.5197948, 0.5203032, 0.5206726, 0.44909707, 0.5214177, 0.52201307, 0.5223662, 0.5227836, 0.5232232, 0.5242001, 0.525058, 0.52555084, 0.5266858, 0.52790123, 0.52900517, 0.53012663, 0.48285803, 0.47059926, 0.53157455, 0.5325505, 0.5337263, 0.5344617, 0.5351626, 0.53625745], "duration": [43000, 39871, 52824, 42907, 49848, 47776, 45793, 38661, 45011, 39925, 37337, 38309, 46043, 39873, 44896, 38657, 38281, 39226, 39665, 39215, 46133, 38980, 39746, 39712, 39500, 39319, 45973, 38734, 45055, 38735, 39254, 43747, 39471, 52712, 39300, 43811, 38932, 45843, 39632, 39854, 39632, 39177, 39480, 50517, 39716, 46558, 46405, 39243, 39768, 39295, 39471, 52973, 52549, 39800, 52302, 39054, 46143, 39257, 39173, 39564, 39460, 39222, 39596, 39879, 39818, 39642, 39326, 38903, 38775, 39909, 39862, 39160, 39618, 46785, 40244]}