{"avg": [0.27873012, 0.2773122, 0.27748147, 0.24608468, 0.31366882, 0.2914764, 0.28059727, 0.304198, 0.30816883, 0.3134699, 0.28876516, 0.29550123, 0.29657245, 0.3237495, 0.30878434, 0.32468885, 0.34476498, 0.32911593, 0.3269405, 0.32043856, 0.32539722, 0.31929895, 0.34330177, 0.33710256, 0.3236887, 0.33465064, 0.31941262, 0.3438019, 0.32683027, 0.34502, 0.31800848, 0.35184035, 0.35933504, 0.36261776, 0.345493, 0.3554073, 0.3570207, 0.33394343, 0.32202464, 0.3467522, 0.36232257, 0.3612559, 0.35650986, 0.36711767, 0.3506027, 0.374409, 0.38202095, 0.35654116, 0.35514313, 0.36877513], "std": [0.042337827, 0.062245633, 0.06755442, 0.07415953, 0.043764558, 0.0496189, 0.0657711, 0.05184957, 0.049305987, 0.0756296, 0.052976005, 0.057576273, 0.039147556, 0.05496152, 0.048004266, 0.05011176, 0.060839776, 0.06291323, 0.05236988, 0.04240609, 0.07546472, 0.07127146, 0.056395907, 0.047876846, 0.063166454, 0.048346926, 0.048060756, 0.055865828, 0.07011841, 0.056491446, 0.07127785, 0.035771545, 0.044675488, 0.054429132, 0.05903549, 0.06058099, 0.067374825, 0.08319472, 0.07823076, 0.08181687, 0.07389987, 0.0682525, 0.055665433, 0.07181798, 0.065857135, 0.07107988, 0.07245465, 0.08372007, 0.07350751, 0.079226516], "var": [0.98, 0.98, 0.98, 0.94, 0.92, 0.9, 0.88, 0.88, 0.92, 0.9, 0.88, 0.86, 0.82, 0.8, 0.78, 0.78, 0.78, 0.78, 0.78, 0.76, 0.74, 0.72, 0.74, 0.74, 0.72, 0.68, 0.68, 0.68, 0.68, 0.66, 0.64, 0.64, 0.64, 0.62, 0.62, 0.62, 0.62, 0.6, 0.6, 0.6, 0.6, 0.62, 0.62, 0.6, 0.6, 0.62, 0.58, 0.58, 0.58, 0.56], "best": [0.34285712, 0.3784127, 0.385873, 0.32328045, 0.36432603, 0.36523154, 0.36975107, 0.37074172, 0.36670533, 0.44492754, 0.37772557, 0.385772, 0.35824177, 0.44710883, 0.4486698, 0.38721028, 0.45006916, 0.45238093, 0.38968837, 0.38340697, 0.45267758, 0.4537736, 0.45461845, 0.45523533, 0.39039728, 0.3893298, 0.38008216, 0.4549307, 0.45539793, 0.45578384, 0.39470315, 0.39528897, 0.4557626, 0.4563333, 0.4001387, 0.4569366, 0.4575702, 0.45802248, 0.407563, 0.45820725, 0.4586862, 0.4590476, 0.41347125, 0.45968065, 0.4607613, 0.4612303, 0.46227208, 0.46308538, 0.4633378, 0.4635004], "duration": [42028, 42966, 38576, 38572, 38430, 38068, 42653, 51121, 44904, 38660, 39012, 38452, 38020, 39351, 38758, 38951, 52657, 38839, 45926, 38934, 38825, 39158, 39044, 46016, 39114, 38937, 38785, 39165, 38339, 39391, 38366, 38471, 39142, 39540, 38781, 39457, 38942, 39014, 38571, 52751, 39258, 59237, 52117, 39463, 38876, 39441, 39709, 39560, 39026, 39412]}