{"avg": [0.25952384, 0.2596561, 0.31157407, 0.2621693, 0.258168, 0.26616403, 0.30222222, 0.255362, 0.29379433, 0.29942113, 0.25248018, 0.2794547, 0.2670168, 0.2957958, 0.2722917, 0.2560262, 0.24541926, 0.2558957, 0.31291208, 0.2539827, 0.2464149, 0.28031483, 0.30960566, 0.26988304, 0.29114994, 0.2912972, 0.2779691, 0.29791412, 0.30658925, 0.27800924, 0.24879128, 0.24107938, 0.25104678, 0.2368836, 0.24527211, 0.27320936, 0.23458326, 0.25190702, 0.23499346, 0.28345737, 0.26217046, 0.27238703, 0.24260461, 0.24188429, 0.30304962, 0.26901832, 0.23834682, 0.25073272, 0.29245457, 0.31906027], "std": [0.03560831, 0.10886468, 0.021028515, 0.043948527, 0.036409933, 0.049067173, 0.061396033, 0.07737397, 0.06494499, 0.034558676, 0.043722548, 0.05987493, 0.052665167, 0.035735264, 0.044442017, 0.05220026, 0.08021656, 0.04123635, 0.044089645, 0.037509885, 0.07724284, 0.05374064, 0.0398533, 0.05731635, 0.038595375, 0.03830699, 0.023454906, 0.052277252, 0.02320941, 0.04451958, 0.037196007, 0.03915493, 0.042859644, 0.043684762, 0.016534043, 0.06965201, 0.08114284, 0.06028977, 0.06393645, 0.08763021, 0.049320973, 0.058220487, 0.038225275, 0.044856288, 0.05311168, 0.041025452, 0.042739768, 0.025523568, 0.04667046, 0.03962725], "var": [1.0, 1.0, 1.0, 1.0, 1.0, 1.0, 1.0, 1.0, 1.0, 1.0, 1.0, 1.0, 1.0, 1.0, 1.0, 1.0, 1.0, 1.0, 1.0, 1.0, 1.0, 1.0, 1.0, 1.0, 1.0, 1.0, 1.0, 1.0, 1.0, 1.0, 1.0, 1.0, 1.0, 1.0, 1.0, 1.0, 1.0, 1.0, 1.0, 1.0, 1.0, 1.0, 1.0, 1.0, 1.0, 1.0, 1.0, 1.0, 1.0, 1.0], "best": [0.30476192, 0.45555556, 0.3531746, 0.33201057, 0.3267857, 0.34079364, 0.38531744, 0.38908246, 0.3556231, 0.34509805, 0.30059525, 0.3504608, 0.3541316, 0.34845558, 0.3394048, 0.31755263, 0.3943582, 0.30986395, 0.382326, 0.30199137, 0.34195402, 0.34426227, 0.36469492, 0.39749375, 0.34272012, 0.3382266, 0.30605486, 0.35225883, 0.35273364, 0.34444442, 0.31568146, 0.30232805, 0.3130502, 0.30234358, 0.26955783, 0.37893865, 0.3951231, 0.32968923, 0.3305155, 0.3971726, 0.34103522, 0.3286521, 0.29348683, 0.30720046, 0.4046869, 0.30613554, 0.31345913, 0.29530838, 0.38976884, 0.35778454], "duration": [12568, 12736, 13192, 13575, 12832, 12558, 13288, 12749, 12500, 12983, 12479, 12671, 17460, 13202, 13461, 12527, 12908, 12054, 12781, 12623, 12055, 12763, 12544, 9242, 12789, 13401, 12865, 12538, 12496, 12645, 12950, 13007, 13024, 12759, 8015, 13317, 12668, 9442, 12763, 13268, 12122, 12364, 12074, 11956, 13178, 12052, 12058, 12091, 12834, 12721]}