{"avg": [0.26740742, 0.2924444, 0.3069006, 0.29844508, 0.2997633, 0.302989, 0.31841218, 0.33131158, 0.31828803, 0.3354762, 0.32579738, 0.3054891, 0.33536655, 0.33971846, 0.31739685, 0.33125985, 0.34961402, 0.34025148, 0.36766037, 0.36242145, 0.3282451, 0.3445203, 0.3376011, 0.3329092, 0.35888845, 0.32575333, 0.36457634, 0.3613916, 0.33439785, 0.34649983, 0.35301366, 0.3615675, 0.34699094, 0.34260985, 0.35449067, 0.37559876, 0.3631085, 0.3502212, 0.39958173, 0.37815815, 0.41140446, 0.41233972, 0.39015946, 0.4156932, 0.42002308, 0.3880556, 0.4459152, 0.3943598, 0.40003714, 0.39094707], "std": [0.09049171, 0.081514664, 0.050817322, 0.04569292, 0.073673464, 0.0817296, 0.053514037, 0.050361525, 0.084183894, 0.067671716, 0.07936439, 0.06488352, 0.039871126, 0.06587467, 0.07700285, 0.058660187, 0.04105756, 0.05356558, 0.06777369, 0.07581808, 0.063242614, 0.07521233, 0.076544195, 0.0853808, 0.081633575, 0.059823506, 0.059311554, 0.09138252, 0.052607577, 0.07926555, 0.07922024, 0.06472585, 0.07005967, 0.082019426, 0.065491214, 0.0682566, 0.091633976, 0.08913489, 0.060556263, 0.071535945, 0.07402531, 0.08120786, 0.07900735, 0.0985232, 0.08190132, 0.103955254, 0.07897768, 0.09213787, 0.0840798, 0.09613488], "var": [0.98, 0.98, 0.98, 0.96, 0.94, 0.94, 0.92, 0.92, 0.92, 0.9, 0.9, 0.88, 0.88, 0.86, 0.84, 0.82, 0.8, 0.8, 0.82, 0.8, 0.78, 0.8, 0.78, 0.78, 0.78, 0.78, 0.8, 0.78, 0.8, 0.78, 0.76, 0.76, 0.72, 0.72, 0.74, 0.72, 0.68, 0.66, 0.64, 0.62, 0.62, 0.62, 0.6, 0.58, 0.62, 0.64, 0.6, 0.56, 0.58, 0.58], "best": [0.44999996, 0.47888887, 0.37666664, 0.37052152, 0.47169307, 0.47276422, 0.41430977, 0.41704333, 0.47123453, 0.47266662, 0.47317073, 0.38041428, 0.4001718, 0.47243586, 0.47355554, 0.47426775, 0.4214786, 0.42482576, 0.47482514, 0.47885242, 0.48001036, 0.48065472, 0.482389, 0.48351347, 0.48445594, 0.4435278, 0.48533168, 0.48691836, 0.4321928, 0.48803416, 0.48824343, 0.48970485, 0.43406832, 0.48982355, 0.49024463, 0.49023807, 0.49101672, 0.45570496, 0.49195305, 0.49262205, 0.49353, 0.55254596, 0.55372566, 0.55439276, 0.55621654, 0.55779785, 0.55902493, 0.56078476, 0.50287205, 0.5626314], "duration": [43091, 40060, 52934, 42920, 49867, 43473, 45819, 38768, 38892, 39367, 38940, 38962, 39412, 38858, 45799, 39577, 45724, 45547, 46469, 38941, 44776, 39846, 52024, 39459, 38916, 38794, 52889, 45796, 39633, 39092, 39217, 39451, 39126, 39422, 38790, 39745, 46093, 51541, 39896, 39249, 39647, 39858, 39685, 39679, 40133, 39513, 40074, 40347, 39842, 39981]}