{"avg": [0.2663248, 0.29079205, 0.2977013, 0.29313374, 0.30199006, 0.29846412, 0.31746757, 0.3279431, 0.31515417, 0.33224058, 0.32017612, 0.30340263, 0.32944468, 0.3362745, 0.30848354, 0.32187244, 0.3441069, 0.34173468, 0.35416517, 0.35643733, 0.34179148, 0.3270249, 0.37269205, 0.34842846, 0.34851834, 0.32873765, 0.30991375, 0.34429646, 0.35544714, 0.35966137, 0.3848488, 0.34792095, 0.35879245, 0.3405945, 0.38089493, 0.3698902, 0.3860519, 0.40231743, 0.38086593, 0.39115617, 0.40580624, 0.42555934, 0.3931486, 0.4196373, 0.37134734, 0.3896139, 0.3714139, 0.4082729, 0.42187944, 0.45989272], "std": [0.08762015, 0.0791914, 0.048668303, 0.049719706, 0.07227679, 0.07732729, 0.053938236, 0.05018132, 0.08262315, 0.06629235, 0.07701536, 0.061550807, 0.04167736, 0.06522377, 0.07397734, 0.06646943, 0.04047458, 0.05217073, 0.063577764, 0.07576019, 0.07417533, 0.08136003, 0.07087416, 0.0793947, 0.073517516, 0.08425531, 0.06907315, 0.08237477, 0.05665726, 0.06967998, 0.08240025, 0.06648823, 0.07765626, 0.0875543, 0.08312596, 0.090817325, 0.08279275, 0.08381484, 0.06511798, 0.07195159, 0.06816332, 0.05580205, 0.07118345, 0.08816982, 0.08110125, 0.07880707, 0.07954233, 0.0868367, 0.069411, 0.048482075], "var": [0.98, 0.98, 0.98, 0.96, 0.94, 0.94, 0.92, 0.92, 0.92, 0.9, 0.9, 0.88, 0.88, 0.86, 0.84, 0.82, 0.78, 0.78, 0.8, 0.8, 0.78, 0.82, 0.82, 0.8, 0.78, 0.78, 0.78, 0.78, 0.74, 0.74, 0.72, 0.74, 0.74, 0.74, 0.72, 0.72, 0.68, 0.68, 0.64, 0.62, 0.6, 0.58, 0.54, 0.52, 0.52, 0.48, 0.48, 0.44, 0.42, 0.4], "best": [0.44358978, 0.47247866, 0.37239313, 0.366248, 0.4652829, 0.466354, 0.40960893, 0.41234246, 0.46482432, 0.4662564, 0.46676052, 0.3761408, 0.39632568, 0.46602568, 0.46714532, 0.46785757, 0.41677773, 0.42012492, 0.46794876, 0.47080287, 0.47310472, 0.4743741, 0.47589314, 0.47916326, 0.48077914, 0.48122418, 0.4345634, 0.48121428, 0.4821591, 0.4827886, 0.48365924, 0.4385968, 0.4849623, 0.485098, 0.4855628, 0.48688138, 0.48849717, 0.4899203, 0.49147555, 0.49185643, 0.49267972, 0.49351344, 0.49490622, 0.49516666, 0.49728295, 0.49738607, 0.49854228, 0.49870265, 0.5002262, 0.50195485], "duration": [43230, 40181, 53154, 38235, 50035, 47964, 45892, 38893, 38928, 39428, 39000, 38871, 39377, 39073, 45897, 39490, 45772, 45502, 46529, 46569, 52943, 39092, 39923, 46580, 39243, 39358, 39065, 45232, 38954, 39004, 40004, 38761, 45474, 45780, 46042, 39654, 46385, 39646, 39832, 39890, 39717, 39861, 39442, 40156, 39269, 39527, 45800, 40463, 40232, 40528]}