{"avg": [0.025396826, 0.0, 0.0, 0.028533638, 0.0, 0.0, 0.0, 0.0, 0.0, 0.0, 0.0, 0.028066318, 0.028236931, 0.0, 0.0, 0.0, 0.0, 0.0, 0.0, 0.026276456, 0.026401592, 0.0, 0.023115082, 0.02478332, 0.04667775, 0.04941093, 0.030299056, 0.028203428, 0.11337235, 0.028565288, 0.026631935, 0.043983724, 0.11392129, 0.18639772, 0.026398754, 0.10664348, 0.07067701, 0.025204549, 0.105782084, 0.14853609, 0.07129078, 0.09358774, 0.09021734, 0.1265732, 0.09043365, 0.20346971, 0.13505675, 0.13544133, 0.12724411, 0.19318505], "std": [0.09502622, 0.0, 0.0, 0.102879494, 0.0, 0.0, 0.0, 0.0, 0.0, 0.0, 0.0, 0.10119456, 0.10180972, 0.0, 0.0, 0.0, 0.0, 0.0, 0.0, 0.09831746, 0.09878573, 0.0, 0.092460334, 0.09598538, 0.12783255, 0.13073143, 0.104958996, 0.10168893, 0.17925957, 0.1029936, 0.099647604, 0.12440482, 0.18013582, 0.19927621, 0.09877511, 0.17685606, 0.1526801, 0.09761679, 0.17701143, 0.19448365, 0.15400721, 0.17087087, 0.16878374, 0.18774292, 0.16919073, 0.20348586, 0.19102311, 0.19156106, 0.18875921, 0.20491974], "var": [0.98, 1.0, 1.0, 0.96, 0.96, 0.94, 0.96, 0.98, 0.96, 0.94, 0.96, 0.98, 0.96, 0.94, 0.92, 0.92, 0.9, 0.94, 0.96, 0.96, 0.96, 0.94, 0.94, 0.92, 0.92, 0.92, 0.92, 0.92, 0.92, 0.92, 0.88, 0.88, 0.9, 0.9, 0.86, 0.84, 0.82, 0.82, 0.8, 0.76, 0.74, 0.76, 0.78, 0.76, 0.76, 0.76, 0.78, 0.76, 0.76, 0.76], "best": [0.3809524, 0.0, 0.0, 0.39947093, 0.0, 0.0, 0.0, 0.0, 0.0, 0.0, 0.0, 0.39292845, 0.39531705, 0.0, 0.0, 0.0, 0.0, 0.0, 0.0, 0.39414683, 0.3960239, 0.0, 0.39295638, 0.39653313, 0.39748356, 0.3975327, 0.39388773, 0.394848, 0.3988234, 0.39991403, 0.39947903, 0.39620662, 0.4036735, 0.40429893, 0.3959813, 0.4051721, 0.40135312, 0.40327278, 0.40643921, 0.40746376, 0.40514597, 0.40816328, 0.4090037, 0.40754923, 0.40980232, 0.4103446, 0.41125965, 0.41177773, 0.41249844, 0.41362956], "duration": [4436, 4603, 4488, 4436, 5276, 4297, 4334, 4655, 4396, 4838, 5224, 5369, 4419, 5543, 4312, 5073, 4477, 4307, 4657, 5082, 4368, 5125, 4422, 4452, 4396, 4218, 4442, 4322, 4319, 4371, 4577, 4343, 4885, 4395, 4308, 4304, 4400, 4472, 5998, 6679, 4378, 4389, 5105, 4346, 4342, 4356, 5130, 4398, 4375, 4584]}