{"avg": [0.24074075, 0.26762962, 0.26859653, 0.2616942, 0.2732804, 0.2709384, 0.2948327, 0.27753404, 0.28581893, 0.26409528, 0.27641374, 0.28524727, 0.26905367, 0.27383983, 0.2692984, 0.28571543, 0.28996566, 0.29068667, 0.29123214, 0.27923882, 0.2854091, 0.3035272, 0.3093618, 0.29723006, 0.30442291, 0.32196245, 0.3248837, 0.28873718, 0.3089909, 0.27816242, 0.3022031, 0.2989722, 0.3314937, 0.28184143, 0.30029017, 0.30760038, 0.2843809, 0.31884268, 0.30785438, 0.31073374, 0.32682317, 0.31085286, 0.30692908, 0.3139701, 0.31328532, 0.3324542, 0.31039006, 0.34120673, 0.32532677, 0.35449865], "std": [0.07324536, 0.063589305, 0.045942362, 0.049617093, 0.062401664, 0.07045891, 0.04100416, 0.04819731, 0.061172143, 0.039654303, 0.052999895, 0.06039305, 0.0627398, 0.05752415, 0.06566348, 0.054061178, 0.061981797, 0.07847721, 0.06272808, 0.07598482, 0.05619123, 0.037954528, 0.024656532, 0.05155068, 0.05738554, 0.048612125, 0.036220763, 0.05140157, 0.029397432, 0.070330545, 0.07420561, 0.066315085, 0.044236023, 0.052491426, 0.06261487, 0.07616753, 0.08161344, 0.050815515, 0.079123616, 0.06224714, 0.06452755, 0.053152952, 0.06356482, 0.06579718, 0.076380335, 0.058333248, 0.080027685, 0.081156656, 0.0806177, 0.04964333], "var": [0.98, 0.98, 0.98, 0.96, 0.92, 0.9, 0.9, 0.9, 0.9, 0.88, 0.88, 0.86, 0.86, 0.84, 0.84, 0.86, 0.88, 0.9, 0.9, 0.88, 0.88, 0.84, 0.82, 0.84, 0.82, 0.82, 0.8, 0.78, 0.8, 0.78, 0.8, 0.8, 0.78, 0.76, 0.72, 0.7, 0.7, 0.7, 0.7, 0.72, 0.72, 0.7, 0.68, 0.68, 0.68, 0.7, 0.68, 0.68, 0.66, 0.62], "best": [0.38888887, 0.41777778, 0.32666665, 0.32052153, 0.4100529, 0.41111112, 0.36589658, 0.32627118, 0.4108642, 0.324, 0.3643631, 0.4106766, 0.36525664, 0.36529753, 0.36558983, 0.36496785, 0.4090948, 0.40823194, 0.41195694, 0.41248193, 0.36666664, 0.37054417, 0.36806723, 0.3728758, 0.41096902, 0.4130864, 0.41232514, 0.3663361, 0.37556538, 0.4131054, 0.4133195, 0.41496417, 0.41410005, 0.373745, 0.37728846, 0.41454363, 0.37703642, 0.41535282, 0.4160372, 0.38040373, 0.41621384, 0.3782365, 0.38044348, 0.3822125, 0.41707197, 0.41765344, 0.4182899, 0.41876307, 0.41948852, 0.43088973], "duration": [43244, 40329, 53349, 43023, 56821, 42892, 39154, 38151, 38898, 39625, 45925, 39657, 38983, 44287, 38693, 38837, 38784, 45447, 45397, 37527, 52252, 39891, 44789, 45286, 40008, 39909, 39390, 39211, 45460, 45643, 40152, 39186, 46772, 38457, 39306, 40137, 38671, 39117, 40007, 45751, 39284, 40215, 39976, 40117, 39908, 39516, 38741, 39943, 39583, 40391]}