{"avg": [0.26866668, 0.28972763, 0.29142284, 0.29454222, 0.29885814, 0.30392417, 0.30435333, 0.30635428, 0.3082819, 0.31527826, 0.31941235, 0.3264206, 0.32205668, 0.32847157, 0.33509237, 0.337997, 0.3458331, 0.34872746, 0.34938842, 0.3556404, 0.36152372, 0.3639613, 0.36940557, 0.37117112, 0.37507862, 0.3774532, 0.38005546, 0.38946944, 0.39241955, 0.39284784, 0.39805055, 0.400195, 0.40428594, 0.40466136, 0.40669525, 0.41521332, 0.42108104, 0.43287158, 0.43739426, 0.44462326, 0.45263153, 0.45237416, 0.45651296, 0.4576443, 0.45347893, 0.45602345, 0.46003202, 0.4632691, 0.47006908, 0.46957055], "std": [0.06369634, 0.06538916, 0.059566684, 0.059102163, 0.06087581, 0.06538277, 0.06423081, 0.06519683, 0.06671167, 0.07155385, 0.06742201, 0.06226069, 0.065355554, 0.06603454, 0.06764729, 0.06642013, 0.06736126, 0.06741476, 0.06488321, 0.06515668, 0.06630287, 0.06150196, 0.06520231, 0.06965624, 0.0727085, 0.074498765, 0.075130604, 0.0703743, 0.065523274, 0.06798885, 0.06712605, 0.06821576, 0.06886511, 0.07016544, 0.07316872, 0.07135496, 0.0635264, 0.053965673, 0.05109689, 0.03429785, 0.03133233, 0.040861666, 0.039227385, 0.04497409, 0.06303887, 0.060941517, 0.06325476, 0.05330889, 0.0464444, 0.053377062], "var": [1.0, 1.0, 0.98, 0.96, 0.96, 0.94, 0.9, 0.9, 0.86, 0.84, 0.82, 0.82, 0.8, 0.78, 0.78, 0.78, 0.76, 0.74, 0.72, 0.7, 0.66, 0.66, 0.66, 0.68, 0.68, 0.66, 0.62, 0.58, 0.56, 0.52, 0.52, 0.52, 0.5, 0.5, 0.5, 0.5, 0.48, 0.46, 0.44, 0.44, 0.48, 0.48, 0.5, 0.5, 0.48, 0.48, 0.46, 0.44, 0.42, 0.42], "best": [0.4333333, 0.44999996, 0.44999996, 0.45022222, 0.45033333, 0.45013332, 0.44999996, 0.44980952, 0.44966665, 0.44948146, 0.4493333, 0.44915152, 0.449, 0.4556044, 0.4572381, 0.45878732, 0.46018454, 0.461535, 0.4627725, 0.46391478, 0.4651762, 0.46644446, 0.4677489, 0.46902692, 0.48350397, 0.48604953, 0.48845056, 0.4907725, 0.49311903, 0.49532676, 0.49756506, 0.49985254, 0.5021637, 0.504456, 0.5065938, 0.50878096, 0.5109021, 0.51307076, 0.5153885, 0.51774114, 0.5201762, 0.5227038, 0.52519053, 0.5276235, 0.5299308, 0.5321354, 0.53428775, 0.5363769, 0.5384484, 0.5405578], "duration": [99975, 101268, 101166, 100459, 103398, 102302, 102707, 102706, 103530, 103927, 107643, 106957, 106174, 106349, 108078, 108769, 108630, 108994, 108208, 107525, 109785, 111162, 110117, 110712, 112009, 111074, 110560, 111438, 111110, 110371, 110588, 111906, 111884, 111146, 111947, 112037, 111931, 111995, 112817, 113779, 113041, 113030, 113609, 112903, 111257, 113146, 113214, 114007, 113815, 113308]}