{"avg": [0.18055554, 0.19867726, 0.22189154, 0.24312168, 0.22562832, 0.14164022, 0.2136508, 0.17425473, 0.16522291, 0.31799254, 0.18303572, 0.21358167, 0.109442115, 0.2207958, 0.22149801, 0.14769287, 0.1746463, 0.20907031, 0.217674, 0.2242208, 0.1961823, 0.15520428, 0.20674852, 0.23456557, 0.28083247, 0.2147099, 0.19225481, 0.1676333, 0.2415099, 0.1479828, 0.19951196, 0.14726986, 0.18719006, 0.19212165, 0.2014626, 0.19582838, 0.18418641, 0.1989269, 0.20840617, 0.2532986, 0.22963077, 0.16578557, 0.15778567, 0.19942397, 0.24035122, 0.18951648, 0.18596588, 0.17827271, 0.25475615, 0.2815603], "std": [0.07415965, 0.14715227, 0.045532107, 0.105923116, 0.06277533, 0.07653476, 0.086329415, 0.118226096, 0.04095371, 0.08933381, 0.07780239, 0.0782774, 0.08485983, 0.07657863, 0.050451204, 0.042943053, 0.11174589, 0.048325535, 0.07641479, 0.06507615, 0.10978413, 0.08434664, 0.053270515, 0.07663751, 0.054674786, 0.034838915, 0.043201584, 0.10430574, 0.06772364, 0.08275589, 0.104852125, 0.048445906, 0.092255965, 0.066382155, 0.052533202, 0.080758594, 0.078720346, 0.1341761, 0.08145985, 0.07546709, 0.10828285, 0.10119196, 0.08530356, 0.07732757, 0.055438735, 0.09476261, 0.051261976, 0.116750985, 0.06494264, 0.058158144], "var": [1.0, 1.0, 1.0, 1.0, 1.0, 1.0, 1.0, 1.0, 1.0, 1.0, 1.0, 1.0, 1.0, 1.0, 1.0, 1.0, 1.0, 1.0, 1.0, 1.0, 1.0, 1.0, 1.0, 1.0, 1.0, 1.0, 1.0, 1.0, 1.0, 1.0, 1.0, 1.0, 1.0, 1.0, 1.0, 1.0, 1.0, 1.0, 1.0, 1.0, 1.0, 1.0, 1.0, 1.0, 1.0, 1.0, 1.0, 1.0, 1.0, 1.0], "best": [0.32142857, 0.4746032, 0.25198415, 0.3738095, 0.33392859, 0.23841272, 0.3472222, 0.3652729, 0.23611957, 0.378198, 0.3327381, 0.34569892, 0.23746501, 0.3436937, 0.27232143, 0.23859358, 0.3586439, 0.24829932, 0.34423077, 0.32930735, 0.3326355, 0.23520689, 0.26945683, 0.36892232, 0.33557725, 0.23768474, 0.23722802, 0.34273505, 0.3713404, 0.24920635, 0.33215654, 0.23859788, 0.2582883, 0.25100973, 0.27431974, 0.33370054, 0.33559927, 0.34397495, 0.33289647, 0.33363095, 0.38064185, 0.33103308, 0.24856357, 0.33110598, 0.3320585, 0.23811357, 0.25155437, 0.34292743, 0.33374742, 0.37921312], "duration": [1056, 944, 1018, 5374, 992, 944, 1047, 1002, 848, 5368, 916, 915, 5756, 924, 1056, 989, 5765, 976, 972, 911, 1012, 981, 977, 968, 997, 985, 949, 907, 984, 914, 910, 914, 5854, 1003, 902, 993, 901, 988, 1001, 986, 5363, 907, 978, 925, 934, 930, 5763, 981, 985, 963]}