{"avg": [0.25952384, 0.2596561, 0.31792328, 0.2621693, 0.2518188, 0.25981483, 0.30222222, 0.255362, 0.29379433, 0.29180208, 0.25882939, 0.2731055, 0.2670168, 0.2878593, 0.26594248, 0.2562846, 0.26494998, 0.29030612, 0.26915446, 0.25700578, 0.23071294, 0.28004166, 0.29584077, 0.2579365, 0.24197783, 0.2918719, 0.27247554, 0.28582114, 0.29137763, 0.25952378, 0.24651067, 0.28914285, 0.24676533, 0.2431314, 0.2529592, 0.29576322, 0.2497853, 0.3003219, 0.22109729, 0.26071432, 0.27496204, 0.2656376, 0.2782041, 0.21212877, 0.292201, 0.26381686, 0.23243189, 0.24352486, 0.2655222, 0.27203226], "std": [0.03560831, 0.10886468, 0.027085476, 0.043948527, 0.025610726, 0.053107943, 0.061396033, 0.07737397, 0.06494499, 0.027027253, 0.047333494, 0.054887787, 0.052665167, 0.043608665, 0.043680057, 0.052193914, 0.07458679, 0.053866465, 0.048417162, 0.07181057, 0.04494163, 0.043050345, 0.0785576, 0.04440062, 0.05605867, 0.053614646, 0.021661356, 0.024862986, 0.0267883, 0.045442704, 0.058862288, 0.03745806, 0.02223534, 0.08966753, 0.041934874, 0.046046264, 0.053213146, 0.04693797, 0.037510604, 0.06515133, 0.0425431, 0.078878716, 0.08629563, 0.08989592, 0.050548747, 0.04526448, 0.04486914, 0.058361832, 0.03203303, 0.054965653], "var": [1.0, 1.0, 1.0, 1.0, 1.0, 1.0, 1.0, 1.0, 1.0, 1.0, 1.0, 1.0, 1.0, 1.0, 1.0, 1.0, 1.0, 1.0, 1.0, 1.0, 1.0, 1.0, 1.0, 1.0, 1.0, 1.0, 1.0, 1.0, 1.0, 1.0, 1.0, 1.0, 1.0, 1.0, 1.0, 1.0, 1.0, 1.0, 1.0, 1.0, 1.0, 1.0, 1.0, 1.0, 1.0, 1.0, 1.0, 1.0, 1.0, 1.0], "best": [0.30476192, 0.45555556, 0.356746, 0.33201057, 0.28869048, 0.34079364, 0.38531744, 0.38908246, 0.3556231, 0.31456587, 0.30059525, 0.3504608, 0.3541316, 0.3436937, 0.3394048, 0.31755263, 0.37934783, 0.35476187, 0.33818683, 0.3969264, 0.30919543, 0.34344265, 0.4418527, 0.34486213, 0.33648506, 0.35343182, 0.3035005, 0.3169414, 0.32954144, 0.3517857, 0.34425285, 0.34314814, 0.2879022, 0.35861382, 0.3069728, 0.39355603, 0.30441684, 0.34202993, 0.30056795, 0.37857142, 0.32991716, 0.3596247, 0.3677489, 0.3529378, 0.3904012, 0.32029304, 0.29552564, 0.34501848, 0.31526917, 0.34003714], "duration": [12842, 12818, 13381, 14006, 12830, 12505, 13474, 12820, 12656, 13102, 12640, 12760, 17488, 9244, 13322, 12665, 13145, 12984, 12563, 12066, 12328, 12767, 17635, 12753, 7948, 12579, 12383, 13184, 12894, 12660, 12463, 8188, 12891, 12910, 13106, 13037, 12174, 12732, 7723, 12112, 12678, 12865, 12883, 12619, 12649, 12110, 12749, 9988, 12734, 13636]}