{"avg": [0.25435898, 0.28463814, 0.29203328, 0.28763923, 0.28795493, 0.2891127, 0.30107415, 0.3146535, 0.3072488, 0.32198766, 0.29910192, 0.29158565, 0.31193256, 0.32810837, 0.29695657, 0.28920898, 0.28150427, 0.29798746, 0.30411375, 0.31863388, 0.32851845, 0.29011914, 0.3320058, 0.33565465, 0.30506387, 0.36522293, 0.29560176, 0.28771994, 0.31426284, 0.31586912, 0.33697513, 0.3375803, 0.31882674, 0.32786554, 0.32188162, 0.35709786, 0.32279384, 0.32625356, 0.3461977, 0.3416464, 0.34771538, 0.36852974, 0.36643994, 0.3742328, 0.37205637, 0.37122643, 0.37870562, 0.38893238, 0.34582877, 0.3542051], "std": [0.08520232, 0.07364097, 0.0491125, 0.042871702, 0.070396446, 0.07301853, 0.0583544, 0.04868602, 0.07621867, 0.06429116, 0.060389526, 0.041110598, 0.06544139, 0.054874096, 0.073358424, 0.06751574, 0.057110462, 0.041154135, 0.066497326, 0.062434763, 0.049407925, 0.07209436, 0.05717874, 0.056628346, 0.076824866, 0.064267725, 0.067823716, 0.06493007, 0.04690793, 0.047971923, 0.062155, 0.061440967, 0.060497753, 0.053080656, 0.07809856, 0.04075824, 0.05785062, 0.05442948, 0.07060551, 0.050582625, 0.04673615, 0.0805167, 0.048182916, 0.06992693, 0.049156018, 0.07203674, 0.05143348, 0.06754951, 0.07944578, 0.09232708], "var": [0.98, 0.98, 0.98, 0.96, 0.94, 0.94, 0.92, 0.92, 0.88, 0.88, 0.88, 0.86, 0.82, 0.8, 0.82, 0.8, 0.8, 0.8, 0.82, 0.8, 0.8, 0.78, 0.78, 0.76, 0.74, 0.72, 0.74, 0.76, 0.74, 0.74, 0.74, 0.72, 0.72, 0.74, 0.74, 0.72, 0.7, 0.68, 0.66, 0.62, 0.58, 0.6, 0.6, 0.64, 0.62, 0.6, 0.64, 0.64, 0.64, 0.64], "best": [0.42820513, 0.45709404, 0.35957265, 0.35086343, 0.44989824, 0.45096937, 0.3942243, 0.39695784, 0.4491928, 0.45079288, 0.35488108, 0.3540171, 0.4498038, 0.45053217, 0.38296223, 0.3994956, 0.3998718, 0.3510956, 0.39993766, 0.40091634, 0.44923565, 0.40317425, 0.44966105, 0.5041447, 0.4509523, 0.5053478, 0.38263008, 0.40855303, 0.36512825, 0.40871122, 0.5063371, 0.5069462, 0.41059086, 0.41127515, 0.5076257, 0.41256595, 0.4537022, 0.41481483, 0.5086053, 0.4172161, 0.4544182, 0.5095334, 0.420374, 0.5109088, 0.42557094, 0.5121642, 0.4572285, 0.513452, 0.51396996, 0.51429045], "duration": [38151, 39757, 52851, 42985, 49947, 47818, 45823, 38631, 44926, 40044, 37326, 38231, 46162, 39676, 44742, 38396, 38386, 39085, 39529, 39089, 45955, 38952, 39873, 39489, 38926, 39317, 38470, 37803, 52511, 38268, 39268, 38904, 39333, 51608, 38840, 39034, 38386, 39189, 38853, 39145, 39952, 45638, 39414, 39792, 39744, 46765, 39480, 39552, 39014, 39628]}