{"avg": [0.25166667, 0.27798414, 0.28803885, 0.281742, 0.28356305, 0.28396446, 0.29613996, 0.31227922, 0.29768428, 0.3139371, 0.3032766, 0.28650478, 0.31878683, 0.31796724, 0.29507083, 0.30908263, 0.31700552, 0.33163795, 0.33521888, 0.30031273, 0.337792, 0.3247483, 0.32430673, 0.34069508, 0.32970548, 0.34539384, 0.34423798, 0.33949238, 0.31626606, 0.3342401, 0.3626231, 0.33920014, 0.33413514, 0.3583616, 0.375141, 0.3609508, 0.39835414, 0.37118456, 0.40704757, 0.39249322, 0.39274606, 0.37314788, 0.3804255, 0.38523772, 0.38415113, 0.3859921, 0.43797022, 0.3810328, 0.3809964, 0.3904721], "std": [0.08773285, 0.07469413, 0.048899785, 0.043009665, 0.073453985, 0.076853774, 0.05416108, 0.046881106, 0.08055594, 0.06497277, 0.07373052, 0.062093694, 0.038725946, 0.06009861, 0.07143991, 0.063163094, 0.043368813, 0.06050212, 0.06687485, 0.06940715, 0.069551475, 0.061639853, 0.06750367, 0.074176215, 0.056933694, 0.041808415, 0.043582387, 0.073333055, 0.051019717, 0.07082565, 0.0640592, 0.075268, 0.07337589, 0.067604564, 0.05394312, 0.069531225, 0.055932038, 0.061504036, 0.069572024, 0.062493537, 0.06650982, 0.07069012, 0.07004969, 0.06964818, 0.06417107, 0.074003786, 0.06570279, 0.07134188, 0.07649164, 0.07030384], "var": [0.98, 0.98, 0.98, 0.96, 0.94, 0.94, 0.92, 0.92, 0.92, 0.9, 0.9, 0.88, 0.88, 0.88, 0.86, 0.86, 0.82, 0.82, 0.8, 0.8, 0.76, 0.76, 0.72, 0.72, 0.72, 0.72, 0.74, 0.74, 0.76, 0.74, 0.74, 0.74, 0.72, 0.68, 0.68, 0.68, 0.68, 0.68, 0.68, 0.68, 0.68, 0.64, 0.62, 0.58, 0.58, 0.56, 0.56, 0.56, 0.54, 0.5], "best": [0.425, 0.4466667, 0.35511905, 0.3505102, 0.44126984, 0.4420732, 0.38632756, 0.38837773, 0.44092593, 0.442, 0.44237807, 0.3579298, 0.36977172, 0.44182694, 0.44244444, 0.4429622, 0.39198193, 0.44317344, 0.44372824, 0.3986563, 0.4451258, 0.44714716, 0.44778574, 0.44836512, 0.4239118, 0.44924623, 0.42462042, 0.44947675, 0.42674977, 0.44989157, 0.4499474, 0.451222, 0.45206696, 0.45286262, 0.45319444, 0.4540018, 0.4573735, 0.45734298, 0.45859504, 0.4625202, 0.4637836, 0.46472394, 0.46652925, 0.4664956, 0.46785715, 0.46858346, 0.5243132, 0.47219974, 0.47295246, 0.4737387], "duration": [43052, 39826, 52639, 42890, 44846, 43286, 45638, 38569, 38721, 39251, 38778, 38750, 39235, 38879, 39125, 38956, 51990, 45455, 39418, 38788, 46753, 39510, 46530, 46446, 38745, 39049, 38939, 46586, 39496, 39182, 46327, 39103, 39012, 39585, 39786, 46322, 40168, 39826, 40458, 40005, 46669, 39779, 39758, 46617, 40077, 40089, 40436, 40044, 40117, 40035]}