{"avg": [0.47826087, 0.52157944, 0.529661, 0.55733615, 0.58166385, 0.5980328, 0.6112276, 0.5992931, 0.60664237, 0.59603244, 0.6163826, 0.6298871, 0.62569183, 0.63580054, 0.6296083, 0.6419115, 0.62172866, 0.6188252, 0.63518363, 0.6607555, 0.64831614, 0.6513296, 0.66002554, 0.6574904, 0.6514292, 0.66745883, 0.6568061, 0.66440326, 0.6726875, 0.6828564, 0.6702101, 0.68521804, 0.68244827, 0.69624877, 0.6789806, 0.69953895, 0.6822038, 0.6857968, 0.6901513, 0.6739203, 0.68733937, 0.68233657, 0.70177305, 0.67830515, 0.7048858, 0.7041555, 0.67124736, 0.6854006, 0.6939209, 0.69818527, 0.69967407, 0.7074978, 0.69801486, 0.707048, 0.69155914, 0.70505565, 0.70660925, 0.69496214, 0.7006419, 0.70104134, 0.70572233, 0.6773545, 0.7088726, 0.70289737, 0.69414663, 0.7030016, 0.7117715, 0.7130826, 0.6987966, 0.72528857, 0.6889544, 0.70642215, 0.7092375, 0.7212867, 0.71000206], "std": [0.09986838, 0.09711124, 0.08860801, 0.070065014, 0.059269607, 0.051079195, 0.044703413, 0.056525685, 0.054134395, 0.057779398, 0.04677661, 0.039720863, 0.049487505, 0.034896147, 0.046562295, 0.034760598, 0.055129416, 0.055616993, 0.050627187, 0.02481205, 0.047063842, 0.04740539, 0.042427532, 0.047319934, 0.053195313, 0.0431028, 0.054258153, 0.050024677, 0.04449108, 0.035218444, 0.04994692, 0.037768282, 0.042814724, 0.025505988, 0.048919715, 0.02550598, 0.048979595, 0.04722791, 0.04465007, 0.056113176, 0.04897959, 0.053021964, 0.036734696, 0.056113176, 0.035201605, 0.03757864, 0.059463784, 0.05453409, 0.049920302, 0.047227908, 0.046680007, 0.039451804, 0.04897959, 0.041238513, 0.05392008, 0.044650074, 0.043723032, 0.053021986, 0.049728543, 0.049920294, 0.046680003, 0.060263626, 0.044650085, 0.0499203, 0.055316813, 0.050506648, 0.043723036, 0.042848237, 0.053920057, 0.026687136, 0.058404442, 0.049920306, 0.048082866, 0.035944104, 0.04808287], "var": [1.0, 1.0, 0.96, 0.96, 0.92, 0.96, 1.0, 0.92, 0.92, 0.92, 0.92, 0.92, 0.92, 0.88, 0.84, 0.84, 0.88, 0.72, 0.68, 0.68, 0.56, 0.4, 0.4, 0.32, 0.24, 0.2, 0.12, 0.12, 0.12, 0.12, 0.08, 0.08, 0.08, 0.08, 0.04, 0.04, 0.04, 0.04, 0.04, 0.04, 0.04, 0.04, 0.04, 0.04, 0.04, 0.04, 0.04, 0.04, 0.04, 0.04, 0.04, 0.04, 0.04, 0.04, 0.04, 0.04, 0.04, 0.04, 0.04, 0.04, 0.04, 0.04, 0.04, 0.04, 0.04, 0.04, 0.04, 0.04, 0.04, 0.04, 0.04, 0.04, 0.04, 0.04, 0.04], "best": [0.61734694, 0.62790596, 0.6303038, 0.63184917, 0.63401365, 0.6347655, 0.6384509, 0.64159507, 0.6441225, 0.6472893, 0.64958996, 0.6527586, 0.6549586, 0.6572343, 0.6595892, 0.66248983, 0.66485626, 0.6667403, 0.6694695, 0.6720099, 0.67465556, 0.6772903, 0.679832, 0.6822507, 0.6846467, 0.68668175, 0.6888776, 0.6909184, 0.6928538, 0.69467014, 0.6966996, 0.69835716, 0.7000271, 0.7018146, 0.70359623, 0.7051048, 0.70669353, 0.7080603, 0.7094854, 0.71065485, 0.71182907, 0.7129488, 0.7140179, 0.71503973, 0.7160173, 0.71704495, 0.7178947, 0.71879584, 0.71969956, 0.7204489, 0.72128266, 0.7219034, 0.7225046, 0.7230196, 0.72378254, 0.72438955, 0.72497666, 0.7255743, 0.72615194, 0.7268201, 0.72733086, 0.72777474, 0.72820675, 0.72867626, 0.7291322, 0.72962093, 0.7301389, 0.73057526, 0.73102, 0.73141104, 0.7318115, 0.732201, 0.7325612, 0.7329487, 0.73332554], "duration": [87544, 65625, 87480, 93056, 87545, 65728, 82162, 82131, 92998, 76558, 65746, 82072, 87564, 71102, 88347, 76587, 73220, 93040, 87591, 87634, 82111, 93106, 82174, 82177, 87647, 65737, 71434, 87934, 76621, 76639, 76618, 65691, 71238, 87603, 76687, 76762, 71136, 73231, 65757, 76669, 83185, 77783, 76805, 82195, 71254, 65807, 71386, 72104, 76778, 65722, 65782, 66185, 71162, 115013, 77667, 76811, 65797, 76761, 76677, 67243, 71566, 65729, 65770, 82147, 77979, 87641, 87753, 87676, 71382, 93241, 76775, 84834, 76607, 93160, 71223]}