{"avg": [0.3904762, 0.41142857, 0.42255637, 0.42091838, 0.41541353, 0.4193277, 0.43796986, 0.45210087, 0.44243696, 0.46632653, 0.42908162, 0.41785714, 0.45918366, 0.45625004, 0.41428572, 0.4452381, 0.4676191, 0.50384617, 0.45882353, 0.4595238, 0.4637755, 0.44, 0.46919644, 0.44553572, 0.47647056, 0.40989012, 0.44789913, 0.4744361, 0.4471429, 0.49955356, 0.47448984, 0.4596429, 0.4909524, 0.4304762, 0.47142854, 0.47098213, 0.48214284, 0.46919644, 0.47460312, 0.47901782, 0.4680672, 0.51373625, 0.52210885, 0.5057143, 0.52098215, 0.4678571, 0.5456044, 0.48749995, 0.51904756, 0.5076191], "std": [0.1280855, 0.112992674, 0.07358632, 0.058183394, 0.103956714, 0.112452865, 0.08229563, 0.07357141, 0.112151034, 0.093265526, 0.092482135, 0.07209511, 0.06087485, 0.10958162, 0.116496466, 0.062087636, 0.09489939, 0.06502114, 0.05409571, 0.074808896, 0.07681071, 0.07974449, 0.08499394, 0.06467516, 0.103763655, 0.09638435, 0.10751378, 0.07711625, 0.10110949, 0.052759845, 0.08133876, 0.086581185, 0.07583846, 0.13376969, 0.07785386, 0.062753, 0.10183269, 0.08692298, 0.103351496, 0.12706128, 0.10902045, 0.051466826, 0.10825734, 0.08741177, 0.065048486, 0.1098883, 0.08500339, 0.102098525, 0.06739399, 0.092745975], "var": [0.98, 0.98, 0.98, 0.96, 0.94, 0.94, 0.92, 0.92, 0.88, 0.88, 0.88, 0.86, 0.86, 0.84, 0.82, 0.82, 0.82, 0.78, 0.74, 0.72, 0.7, 0.7, 0.68, 0.68, 0.64, 0.64, 0.64, 0.6, 0.64, 0.62, 0.62, 0.64, 0.62, 0.62, 0.62, 0.62, 0.62, 0.62, 0.62, 0.6, 0.56, 0.54, 0.54, 0.52, 0.52, 0.5, 0.5, 0.5, 0.52, 0.5], "best": [0.65, 0.65, 0.5142857, 0.5142857, 0.65, 0.65, 0.5714286, 0.5714286, 0.65, 0.65, 0.5214286, 0.5714286, 0.5714286, 0.65, 0.5714286, 0.5714286, 0.65, 0.65, 0.5714286, 0.65, 0.65, 0.5714286, 0.65, 0.5714286, 0.65, 0.55714285, 0.5714286, 0.5714286, 0.65, 0.5714286, 0.5714286, 0.5714286, 0.65, 0.5714286, 0.65, 0.5714286, 0.65, 0.5714286, 0.5714286, 0.65, 0.57857144, 0.5714286, 0.65, 0.57857144, 0.57857144, 0.57857144, 0.65, 0.57857144, 0.65, 0.5714286], "duration": [43022, 40023, 52809, 42928, 49831, 48308, 45855, 38674, 44970, 39909, 37345, 38841, 39218, 39225, 39116, 46009, 39428, 39777, 38736, 43538, 39249, 45266, 39229, 49841, 39536, 38723, 39491, 52467, 38841, 39701, 38634, 52596, 39846, 38916, 39327, 38332, 39559, 39315, 51504, 39915, 40123, 38657, 52044, 39572, 46305, 40881, 40859, 39936, 40146, 39525]}