{"avg": [0.18888889, 0.22083102, 0.2234096, 0.2395054, 0.22815104, 0.2182903, 0.2440051, 0.26179895, 0.2090548, 0.24843213, 0.20460394, 0.2602209, 0.2308915, 0.23481493, 0.26506373, 0.26243162, 0.29888508, 0.27009526, 0.27343136, 0.2880418, 0.2772384, 0.24068196, 0.31057793, 0.29439786, 0.30822897, 0.32578126, 0.28498796, 0.29283983, 0.3336871, 0.25269735, 0.2857552, 0.3684721, 0.27940017, 0.27726418, 0.25088125, 0.29536358, 0.28163624, 0.31478572, 0.30739316, 0.3177016, 0.30933428, 0.2788078, 0.27355975, 0.36312118, 0.3026137, 0.30469117, 0.34479177, 0.32466957, 0.35969883, 0.3513959], "std": [0.09023219, 0.11616782, 0.12268996, 0.10398111, 0.07911895, 0.093468346, 0.09842391, 0.11695627, 0.09881897, 0.07722508, 0.10920067, 0.08320106, 0.06506391, 0.11113666, 0.0952498, 0.1271567, 0.1007616, 0.0829324, 0.093728825, 0.08085283, 0.0753062, 0.104823455, 0.0846996, 0.108966574, 0.098858416, 0.12198578, 0.07908694, 0.10795841, 0.117653266, 0.08750838, 0.14441913, 0.10143759, 0.10400124, 0.118580475, 0.12226877, 0.114783935, 0.11713605, 0.14140843, 0.10103438, 0.15659332, 0.1309256, 0.12729734, 0.12048196, 0.096900195, 0.0981837, 0.13847068, 0.105348825, 0.14310865, 0.09780023, 0.12065557], "var": [0.98, 0.96, 0.96, 0.94, 0.92, 0.92, 0.9, 0.9, 0.88, 0.86, 0.86, 0.84, 0.82, 0.8, 0.78, 0.78, 0.76, 0.76, 0.76, 0.76, 0.78, 0.76, 0.76, 0.76, 0.74, 0.72, 0.72, 0.7, 0.7, 0.68, 0.68, 0.66, 0.66, 0.66, 0.68, 0.68, 0.7, 0.68, 0.66, 0.68, 0.68, 0.66, 0.66, 0.66, 0.68, 0.68, 0.68, 0.72, 0.72, 0.7], "best": [0.35714284, 0.48126987, 0.48154762, 0.39404765, 0.47980034, 0.47954145, 0.39863947, 0.47781956, 0.34365082, 0.3909328, 0.39988098, 0.40180293, 0.34877193, 0.3880019, 0.46761477, 0.46897674, 0.4926857, 0.392947, 0.4729762, 0.47348085, 0.39515337, 0.4717225, 0.47362852, 0.4930694, 0.4753143, 0.47959185, 0.40532216, 0.47763827, 0.48121393, 0.40164188, 0.4936849, 0.493608, 0.40552688, 0.49391535, 0.4038248, 0.4808303, 0.49365926, 0.49393454, 0.48509908, 0.48555064, 0.48629817, 0.48442432, 0.48268858, 0.4851735, 0.4932963, 0.49347007, 0.4935044, 0.4878033, 0.48913655, 0.4936156], "duration": [8271, 3515, 3061, 3048, 8467, 12764, 3033, 2967, 3977, 3077, 3014, 2951, 8033, 7959, 8442, 3003, 7911, 8416, 7983, 22569, 3617, 13413, 3104, 7944, 12957, 7937, 8015, 8497, 3095, 7786, 3034, 3063, 3092, 13874, 12787, 8484, 7920, 3022, 22653, 8459, 8398, 3029, 8337, 7891, 12875, 7981, 8456, 7838, 3039, 3588]}