{"avg": [0.04, 0.04, 0.04, 0.04, 0.04, 0.04, 0.033333335, 0.033333335, 0.033333335, 0.026666667, 0.026666667, 0.02, 0.02, 0.02, 0.02, 0.02, 0.026666667, 0.026666667, 0.026666667, 0.026666667, 0.026666667, 0.033333335, 0.04, 0.04, 0.04], "std": [0.19595912, 0.19595912, 0.19595912, 0.19595912, 0.19595912, 0.19595912, 0.17950542, 0.17950542, 0.17950542, 0.16110735, 0.16110735, 0.13999999, 0.13999999, 0.13999999, 0.13999999, 0.13999999, 0.16110724, 0.16110724, 0.16110724, 0.16110724, 0.16110724, 0.17950547, 0.19595918, 0.19595918, 0.19595918], "var": [0.99333334, 0.99333334, 0.98, 0.98, 0.97333336, 0.96666664, 0.96666664, 0.96, 0.9533333, 0.94, 0.93333334, 0.92, 0.9066667, 0.9066667, 0.9, 0.8933333, 0.8933333, 0.8933333, 0.8933333, 0.8933333, 0.8933333, 0.8933333, 0.8933333, 0.88666666, 0.88], "best": [1.0, 1.0, 1.0, 1.0, 1.0, 1.0, 1.0, 1.0, 1.0, 1.0, 1.0, 1.0, 1.0, 1.0, 1.0, 1.0, 1.0, 1.0, 1.0, 1.0, 1.0, 1.0, 1.0, 1.0, 1.0], "duration": [4735, 4728, 4627, 4722, 4709, 4684, 4770, 4760, 4749, 4681, 4665, 4919, 4670, 4705, 4666, 4699, 4741, 4673, 4660, 4764, 4692, 4674, 4708, 4704, 4804]}