{"avg": [0.275, 0.3062407, 0.31691518, 0.309457, 0.3096317, 0.3162243, 0.33182606, 0.3328889, 0.33725962, 0.3231088, 0.32578155, 0.31866258, 0.31523785, 0.3347866, 0.32505655, 0.3061987, 0.31072634, 0.33897305, 0.3569805, 0.36615285, 0.31784192, 0.34483162, 0.3668518, 0.32958877, 0.35172695, 0.35709074, 0.3501002, 0.35282436, 0.3542601, 0.36594337, 0.35540086, 0.3645672, 0.37186676, 0.36540794, 0.3456262, 0.35374793, 0.35994428, 0.38307333, 0.39052498, 0.36882064, 0.37839755, 0.394211, 0.40134853, 0.3940974, 0.3928399, 0.3911598, 0.4078306, 0.37942502, 0.4031498, 0.4101737], "std": [0.09473403, 0.082243174, 0.05245769, 0.04789607, 0.07698144, 0.083615355, 0.05979769, 0.07153431, 0.052469503, 0.05887465, 0.04494925, 0.06324565, 0.07329914, 0.07662203, 0.06550482, 0.07736872, 0.08149834, 0.081257775, 0.062386353, 0.037324924, 0.07688428, 0.08833785, 0.05050923, 0.087772965, 0.05591733, 0.049079552, 0.063388996, 0.054796517, 0.072050564, 0.062153056, 0.062496506, 0.07659403, 0.05303331, 0.06794642, 0.08352319, 0.057702657, 0.056907456, 0.045625918, 0.052257296, 0.07526363, 0.053447045, 0.04355338, 0.0483644, 0.05949567, 0.05275585, 0.050192524, 0.05147815, 0.06486544, 0.04909761, 0.04246815], "var": [0.98, 0.98, 0.98, 0.96, 0.94, 0.94, 0.92, 0.92, 0.9, 0.9, 0.86, 0.84, 0.84, 0.84, 0.82, 0.8, 0.8, 0.78, 0.78, 0.78, 0.78, 0.78, 0.78, 0.74, 0.76, 0.76, 0.76, 0.76, 0.74, 0.74, 0.76, 0.74, 0.78, 0.76, 0.78, 0.76, 0.74, 0.72, 0.7, 0.66, 0.62, 0.64, 0.62, 0.62, 0.64, 0.6, 0.62, 0.58, 0.56, 0.56], "best": [0.46666667, 0.49555555, 0.3919444, 0.3857993, 0.48835978, 0.4894309, 0.42819867, 0.48985505, 0.4329487, 0.43207765, 0.41154242, 0.4325758, 0.39235008, 0.4904065, 0.43322024, 0.4324074, 0.43250334, 0.43308082, 0.4355735, 0.4355856, 0.39444444, 0.49308944, 0.49327484, 0.3964169, 0.43579495, 0.43621215, 0.43676224, 0.43732932, 0.43808413, 0.49586153, 0.43914688, 0.49657583, 0.4403253, 0.44134116, 0.49917772, 0.44203568, 0.44250152, 0.44328988, 0.5003948, 0.5012081, 0.44448885, 0.44492754, 0.44540405, 0.5036543, 0.4479197, 0.4480697, 0.50583905, 0.44979677, 0.4867605, 0.45178342], "duration": [43119, 40051, 52859, 42912, 49909, 47772, 39283, 38719, 45080, 39313, 38878, 38200, 38200, 38943, 39792, 38573, 39283, 46543, 39436, 46281, 39050, 46111, 39517, 39574, 38358, 46449, 39611, 39609, 39355, 53070, 39520, 46385, 39752, 39944, 38501, 46437, 39720, 40350, 39983, 46424, 45885, 46051, 40109, 46430, 46547, 39853, 40087, 39989, 39767, 40301]}