{"avg": [0.2548718, 0.28463814, 0.2879847, 0.28489196, 0.3095467, 0.29638964, 0.25204325, 0.29539973, 0.2989975, 0.2855007, 0.29951388, 0.29637644, 0.2915465, 0.3009545, 0.2782428, 0.2819309, 0.3256284, 0.30338156, 0.32837296, 0.31478357, 0.3128249, 0.3338828, 0.3481502, 0.3187513, 0.3337593, 0.33568847, 0.32135403, 0.34503853, 0.33068696, 0.32909703, 0.31967473, 0.32327417, 0.3412955, 0.3444252, 0.336963, 0.34394372, 0.3509479, 0.38568503, 0.3574904, 0.36654386, 0.354256, 0.36545956, 0.36579806, 0.38157216, 0.34739825, 0.38820028, 0.3832655, 0.39716682, 0.33425224, 0.37427655], "std": [0.08481872, 0.07364097, 0.04803757, 0.04087015, 0.05233807, 0.06136309, 0.079784684, 0.07941752, 0.0405929, 0.04463122, 0.06803913, 0.042834897, 0.071673945, 0.06252375, 0.06429911, 0.06860523, 0.05078418, 0.075339206, 0.045983247, 0.038294476, 0.04900294, 0.044098638, 0.0410175, 0.035478346, 0.03840073, 0.049552664, 0.04985752, 0.06299864, 0.048462044, 0.06090685, 0.07372137, 0.033110064, 0.05890173, 0.05587149, 0.058762774, 0.04877784, 0.057290003, 0.058189582, 0.04188255, 0.059654567, 0.05502532, 0.056299195, 0.06355385, 0.06840517, 0.069215216, 0.08246074, 0.07504055, 0.06988856, 0.07226645, 0.09135694], "var": [0.98, 0.98, 0.98, 0.96, 0.96, 0.94, 0.92, 0.92, 0.9, 0.88, 0.86, 0.84, 0.84, 0.84, 0.8, 0.78, 0.78, 0.78, 0.8, 0.8, 0.78, 0.78, 0.76, 0.78, 0.76, 0.78, 0.8, 0.8, 0.82, 0.86, 0.84, 0.82, 0.82, 0.8, 0.78, 0.78, 0.76, 0.74, 0.76, 0.76, 0.74, 0.78, 0.76, 0.74, 0.74, 0.72, 0.72, 0.7, 0.7, 0.68], "best": [0.42820513, 0.45709404, 0.35957265, 0.35086343, 0.44989824, 0.45141187, 0.35534188, 0.45052657, 0.3968396, 0.3598055, 0.3768109, 0.36161172, 0.44735408, 0.39919558, 0.3824359, 0.3844173, 0.44620514, 0.44721654, 0.4466834, 0.38499296, 0.44712985, 0.44892308, 0.4495424, 0.3783243, 0.38766888, 0.4479295, 0.44827148, 0.45050672, 0.45236418, 0.4527432, 0.45347282, 0.37997225, 0.45452094, 0.45084047, 0.45654163, 0.45517763, 0.4582763, 0.4591163, 0.4589571, 0.46181306, 0.4628246, 0.46336997, 0.46409473, 0.4652311, 0.4672402, 0.46789217, 0.4704521, 0.47245252, 0.47421136, 0.4744093], "duration": [42830, 39737, 52512, 42730, 43839, 43460, 38892, 45162, 44849, 44121, 39490, 42280, 42936, 44192, 38766, 37931, 39688, 39366, 39905, 39659, 38858, 39376, 39907, 45135, 39209, 40010, 45889, 39510, 39308, 46090, 38871, 38899, 38860, 39120, 46352, 45405, 39944, 39585, 39393, 39839, 39860, 39812, 39812, 39780, 46410, 39905, 40008, 39806, 39223, 39005]}