{"avg": [0.25777778, 0.2689881, 0.30259332, 0.26763785, 0.2922175, 0.28412816, 0.2770981, 0.30199155, 0.30637416, 0.28669757, 0.2986093, 0.2915764, 0.3201604, 0.29825017, 0.30229166, 0.29972607, 0.30349794, 0.32492858, 0.2954341, 0.31935146, 0.28915593, 0.32329243, 0.3134004, 0.32813984, 0.3401588, 0.33015475, 0.31068942, 0.3142025, 0.30399048, 0.3215242, 0.32706824, 0.31404626, 0.30252886, 0.30617112, 0.3305637, 0.329295, 0.33430734, 0.33887798, 0.31709245, 0.3163512, 0.34415105, 0.32151034, 0.3607388, 0.33548915, 0.3514962, 0.32771128, 0.32479057, 0.36176106, 0.3086174, 0.29762074], "std": [0.08726752, 0.052823137, 0.058322508, 0.060715776, 0.0517457, 0.06432867, 0.059111074, 0.058548365, 0.05350279, 0.07056723, 0.04076304, 0.04360717, 0.063658915, 0.035119373, 0.06994577, 0.05763337, 0.048054058, 0.06497609, 0.061513163, 0.06482213, 0.05122605, 0.056234498, 0.06736359, 0.056702532, 0.04038558, 0.064893186, 0.057656247, 0.07364868, 0.07021676, 0.056514215, 0.063185714, 0.05131559, 0.062293194, 0.06672305, 0.0658665, 0.033330105, 0.042801674, 0.06256274, 0.069816954, 0.07679486, 0.04642061, 0.07598616, 0.05974401, 0.07646977, 0.04824706, 0.07722035, 0.07360649, 0.056791164, 0.10203291, 0.08579902], "var": [0.98, 0.98, 0.98, 0.98, 0.98, 0.98, 0.98, 0.96, 0.96, 0.96, 0.94, 0.94, 0.92, 0.9, 0.9, 0.9, 0.88, 0.86, 0.84, 0.84, 0.82, 0.8, 0.8, 0.78, 0.76, 0.76, 0.78, 0.74, 0.72, 0.74, 0.72, 0.7, 0.7, 0.68, 0.68, 0.66, 0.68, 0.66, 0.66, 0.66, 0.68, 0.66, 0.64, 0.64, 0.64, 0.64, 0.66, 0.66, 0.64, 0.64], "best": [0.4333333, 0.34952378, 0.44946232, 0.35744047, 0.38635394, 0.3894678, 0.36925974, 0.44871795, 0.3898629, 0.45057473, 0.35120514, 0.35428035, 0.4517182, 0.35974026, 0.453125, 0.4538354, 0.39930907, 0.45473552, 0.40058073, 0.4561056, 0.35822573, 0.4014934, 0.4562441, 0.45657656, 0.457316, 0.4578991, 0.40473905, 0.4581593, 0.38562885, 0.38649407, 0.4579986, 0.36820528, 0.36433277, 0.405522, 0.4569832, 0.40690994, 0.38636705, 0.45687282, 0.45733333, 0.45769855, 0.45824113, 0.40918627, 0.45867267, 0.41116706, 0.46008644, 0.4128035, 0.4604683, 0.46063063, 0.4615011, 0.46178755], "duration": [42753, 42552, 46400, 44984, 45317, 50003, 38384, 39269, 39071, 39105, 42650, 38606, 38855, 37761, 39550, 38605, 38838, 43276, 39292, 51979, 43754, 39259, 38420, 39045, 50123, 39021, 43437, 38236, 38037, 37905, 43849, 38223, 43345, 39135, 43344, 47734, 43365, 50210, 39179, 49017, 38908, 38956, 39668, 43975, 39187, 38851, 38473, 39417, 39428, 44681]}