{"avg": [0.26285714, 0.2896931, 0.29507932, 0.2902818, 0.29136732, 0.29402545, 0.30983946, 0.31193653, 0.31597987, 0.30489457, 0.30288473, 0.30359846, 0.29198635, 0.31484613, 0.306421, 0.28515524, 0.2942428, 0.305944, 0.33403912, 0.34367055, 0.2977364, 0.32431665, 0.3454507, 0.30678496, 0.29906195, 0.33857685, 0.34454933, 0.31398237, 0.3586488, 0.34260422, 0.31440058, 0.34042275, 0.3502917, 0.33633348, 0.3643481, 0.33556685, 0.33525488, 0.3479938, 0.3550364, 0.34172153, 0.35715, 0.36341998, 0.35025018, 0.36392066, 0.34040862, 0.36525953, 0.37101814, 0.3529069, 0.37412995, 0.36473203], "std": [0.0841156, 0.07409099, 0.048330657, 0.041381273, 0.06961222, 0.073552005, 0.05545841, 0.068182275, 0.05182729, 0.054334205, 0.044012785, 0.060305998, 0.06880389, 0.07075482, 0.056725267, 0.072891295, 0.07689099, 0.08081303, 0.058299888, 0.03422136, 0.069081664, 0.080097675, 0.04501134, 0.077686645, 0.08239164, 0.06581425, 0.04860067, 0.051038835, 0.040837683, 0.056467816, 0.09564294, 0.07401493, 0.05579446, 0.06460618, 0.052934147, 0.059910066, 0.062714316, 0.048385825, 0.07789706, 0.049124807, 0.04891271, 0.059952535, 0.04826516, 0.048502855, 0.055634383, 0.055809956, 0.048805494, 0.06289069, 0.056431178, 0.061665937], "var": [0.98, 0.98, 0.98, 0.96, 0.94, 0.94, 0.92, 0.92, 0.9, 0.9, 0.86, 0.84, 0.84, 0.84, 0.82, 0.8, 0.8, 0.78, 0.78, 0.78, 0.78, 0.78, 0.78, 0.76, 0.74, 0.76, 0.76, 0.76, 0.78, 0.78, 0.8, 0.78, 0.78, 0.78, 0.76, 0.78, 0.78, 0.76, 0.76, 0.76, 0.74, 0.74, 0.76, 0.72, 0.72, 0.72, 0.74, 0.76, 0.78, 0.76], "best": [0.4333333, 0.46222222, 0.36396822, 0.3578231, 0.45502642, 0.45609757, 0.40081772, 0.45652172, 0.40556777, 0.4046967, 0.39130434, 0.40519485, 0.3643739, 0.45707318, 0.4058393, 0.40502647, 0.4051224, 0.40569988, 0.40807307, 0.40809202, 0.36625457, 0.45965445, 0.45984402, 0.36825395, 0.40832368, 0.4079654, 0.46059847, 0.40988925, 0.4098977, 0.46309522, 0.41250512, 0.46445367, 0.46619904, 0.46724916, 0.4162983, 0.4177592, 0.41771972, 0.4188914, 0.47053218, 0.42138955, 0.47230196, 0.422321, 0.47350553, 0.42333618, 0.4239616, 0.42517683, 0.47560182, 0.4271933, 0.47684816, 0.48361436], "duration": [43104, 39946, 52827, 42860, 49874, 47792, 39216, 38598, 44982, 39350, 39036, 38513, 38324, 39125, 39871, 38567, 39176, 46570, 39595, 46356, 39051, 45912, 39452, 39528, 38918, 39917, 39447, 45291, 39899, 52963, 38984, 39785, 39735, 39752, 46809, 39415, 39441, 39783, 40050, 39652, 39823, 39788, 46257, 40047, 39555, 39903, 46520, 46642, 46179, 39715]}