{"avg": [0.6333333, 0.6333333, 0.6333333, 0.6333333, 0.6333333, 0.62666667, 0.62666667, 0.62, 0.6066667, 0.5933333, 0.5933333, 0.58666664, 0.58666664, 0.58666664, 0.58666664, 0.5733333, 0.5733333, 0.5733333, 0.56666666, 0.56666666, 0.56666666, 0.56, 0.56666666, 0.5733333, 0.56666666], "std": [0.48189467, 0.48189467, 0.48189467, 0.48189467, 0.48189467, 0.4836895, 0.4836895, 0.48538625, 0.4884897, 0.49121192, 0.49121192, 0.49243167, 0.49243167, 0.49243167, 0.49243167, 0.4945931, 0.4945931, 0.4945931, 0.49553582, 0.49553582, 0.49553582, 0.4963868, 0.49553582, 0.4945931, 0.49553582], "var": [1.0, 0.99333334, 0.9866667, 0.98, 0.9866667, 0.98, 0.97333336, 0.96666664, 0.96666664, 0.96, 0.9533333, 0.9533333, 0.94666666, 0.94, 0.94666666, 0.94666666, 0.93333334, 0.9266667, 0.91333336, 0.9066667, 0.9, 0.8933333, 0.88666666, 0.88666666, 0.88], "best": [1.0, 1.0, 1.0, 1.0, 1.0, 1.0, 1.0, 1.0, 1.0, 1.0, 1.0, 1.0, 1.0, 1.0, 1.0, 1.0, 1.0, 1.0, 1.0, 1.0, 1.0, 1.0, 1.0, 1.0, 1.0], "duration": [11379, 11237, 11300, 11335, 11280, 11573, 11365, 11307, 11205, 11435, 11208, 11284, 11259, 11361, 11400, 11237, 11299, 11390, 11309, 11268, 11389, 11225, 11185, 11304, 11451]}