{"avg": [0.25777778, 0.28461376, 0.304254, 0.28273016, 0.2864074, 0.27593228, 0.29700682, 0.29892725, 0.29755023, 0.2748126, 0.29601806, 0.30772617, 0.30602035, 0.29583412, 0.31814814, 0.30608556, 0.3186659, 0.3286911, 0.32525676, 0.34502554, 0.32649407, 0.32596382, 0.33389768, 0.34049278, 0.3457177, 0.32852596, 0.34996426, 0.33222675, 0.34249145, 0.36053967, 0.31996676, 0.34806913, 0.36363766, 0.33480233, 0.37267798, 0.36327246, 0.36029372, 0.37622234, 0.37065485, 0.38876358, 0.3698172, 0.35722002, 0.37571478, 0.3800024, 0.38356587, 0.34396303, 0.38177606, 0.3430638, 0.4136277, 0.35214195], "std": [0.08726752, 0.073600404, 0.037216675, 0.0665589, 0.06765624, 0.057094797, 0.044022117, 0.05034898, 0.05337289, 0.07349686, 0.0548824, 0.05609599, 0.05282206, 0.04962724, 0.05829878, 0.048983663, 0.0439306, 0.05118314, 0.067392424, 0.050512005, 0.05682238, 0.043213304, 0.052208316, 0.061753944, 0.042319704, 0.09262726, 0.06448554, 0.060696255, 0.0564862, 0.06370278, 0.06047207, 0.085334554, 0.065478355, 0.05705065, 0.062062778, 0.066331744, 0.07123376, 0.06890793, 0.05206744, 0.0772761, 0.065765336, 0.05050326, 0.05312449, 0.065006204, 0.07836168, 0.09433791, 0.08793348, 0.10592813, 0.07136651, 0.117585726], "var": [1.0, 1.0, 0.98, 0.94, 0.92, 0.92, 0.9, 0.9, 0.88, 0.88, 0.86, 0.82, 0.84, 0.84, 0.86, 0.86, 0.86, 0.82, 0.82, 0.82, 0.84, 0.82, 0.8, 0.82, 0.8, 0.8, 0.8, 0.78, 0.78, 0.76, 0.76, 0.74, 0.74, 0.72, 0.72, 0.74, 0.74, 0.72, 0.72, 0.72, 0.7, 0.68, 0.68, 0.66, 0.66, 0.66, 0.68, 0.72, 0.72, 0.72], "best": [0.4333333, 0.46222222, 0.36396822, 0.36582008, 0.36785713, 0.3869841, 0.3522222, 0.36304942, 0.36404356, 0.3463492, 0.36250392, 0.36006883, 0.38708234, 0.35309884, 0.44603172, 0.38809523, 0.4014442, 0.4474359, 0.44909087, 0.45725623, 0.45193544, 0.40399012, 0.45896685, 0.4603528, 0.40708575, 0.46188033, 0.46274507, 0.4612421, 0.46157932, 0.46534216, 0.41271544, 0.46763685, 0.4688172, 0.47088194, 0.47125784, 0.47266054, 0.47372475, 0.47475445, 0.47573197, 0.475932, 0.4780631, 0.47937497, 0.4743394, 0.4799801, 0.48100093, 0.4773333, 0.48282266, 0.48371986, 0.48411214, 0.4862385], "duration": [42795, 39540, 39161, 42780, 38756, 49428, 38752, 39213, 42987, 42583, 39337, 39141, 43718, 39435, 61128, 38547, 39044, 38350, 45435, 39529, 38511, 38899, 38336, 39520, 39349, 38958, 39658, 46064, 39543, 39730, 38455, 38876, 39659, 45725, 39864, 45420, 38992, 39732, 39331, 39046, 38939, 38547, 38893, 39538, 39639, 38866, 39927, 39416, 39361, 39724]}