{"avg": [0.26031747, 0.30812696, 0.2928345, 0.2901515, 0.30631053, 0.27326563, 0.28935117, 0.314141, 0.32384762, 0.31910795, 0.29055673, 0.32028463, 0.28537053, 0.3204803, 0.32907978, 0.32691878, 0.3303673, 0.33036152, 0.34531185, 0.3242236, 0.3128896, 0.33413363, 0.33600765, 0.33050483, 0.34093484, 0.33908066, 0.3466054, 0.36169437, 0.3572304, 0.3467806, 0.35215768, 0.35254368, 0.36034083, 0.33878866, 0.36223513, 0.35388136, 0.3448023, 0.36832684, 0.3283152, 0.35054347, 0.32337552, 0.3371973, 0.36947098, 0.3428981, 0.38239402, 0.3348158, 0.35154104, 0.3836972, 0.35684055, 0.3731053], "std": [0.08539034, 0.05777426, 0.04251061, 0.0607121, 0.041477855, 0.050430812, 0.06433345, 0.052997097, 0.04936764, 0.05288312, 0.045055583, 0.052448615, 0.063423745, 0.048315886, 0.042177994, 0.042865567, 0.030558709, 0.02255384, 0.034632906, 0.046097267, 0.046195794, 0.045896113, 0.037650626, 0.039477695, 0.042520188, 0.044267315, 0.043043986, 0.043456122, 0.038689267, 0.049476057, 0.03656447, 0.032702357, 0.05305407, 0.052876554, 0.042889208, 0.054819576, 0.045364548, 0.04443235, 0.061301246, 0.06128032, 0.060348973, 0.06537732, 0.05608328, 0.054847896, 0.05096568, 0.05975803, 0.06121105, 0.046817977, 0.06704029, 0.06311785], "var": [0.98, 0.98, 0.98, 0.96, 0.94, 0.9, 0.88, 0.86, 0.86, 0.88, 0.88, 0.86, 0.82, 0.8, 0.78, 0.76, 0.74, 0.74, 0.74, 0.74, 0.7, 0.66, 0.64, 0.66, 0.62, 0.6, 0.58, 0.58, 0.6, 0.62, 0.6, 0.6, 0.58, 0.56, 0.56, 0.58, 0.56, 0.54, 0.54, 0.54, 0.54, 0.54, 0.58, 0.58, 0.58, 0.58, 0.56, 0.54, 0.52, 0.5], "best": [0.4333333, 0.46222222, 0.34857145, 0.3587662, 0.35786924, 0.3624127, 0.364709, 0.44923544, 0.45146665, 0.45324072, 0.36542442, 0.40125036, 0.3881816, 0.45112178, 0.4044473, 0.40623018, 0.36746344, 0.36779538, 0.4063045, 0.4068164, 0.3698813, 0.4070003, 0.44851956, 0.39228466, 0.39303836, 0.40822515, 0.44879225, 0.44930232, 0.41022253, 0.41165993, 0.4125202, 0.398944, 0.4584656, 0.4128782, 0.41297975, 0.46082643, 0.41440353, 0.4145726, 0.44818535, 0.44861338, 0.4173112, 0.46370617, 0.44841146, 0.41956186, 0.42064413, 0.42318404, 0.44795403, 0.46528503, 0.4479084, 0.46678972], "duration": [42975, 39469, 38916, 47637, 39074, 45360, 52362, 38667, 59137, 38601, 44924, 39296, 38879, 45071, 39903, 39307, 38414, 38613, 38911, 38891, 39278, 39862, 38918, 38512, 39463, 38835, 39117, 39429, 39215, 45871, 39661, 46083, 38925, 39383, 45950, 38656, 39294, 39215, 39508, 39968, 38646, 39023, 39809, 38591, 41376, 38833, 46283, 39642, 52427, 39715]}