{"avg": [0.25777778, 0.30402118, 0.30187503, 0.28496894, 0.32575196, 0.31145948, 0.30696478, 0.33741707, 0.32835332, 0.33209285, 0.33262873, 0.3408457, 0.3173359, 0.35198045, 0.34605414, 0.36907542, 0.31807435, 0.3659935, 0.3666871, 0.37219346, 0.36429197, 0.38907492, 0.35701436, 0.37888667, 0.40733466, 0.3982657, 0.41371927, 0.43809673, 0.41886684, 0.42421693, 0.44207817, 0.42887437, 0.46192405, 0.4485754, 0.47826225, 0.48278594, 0.46759945, 0.48109058, 0.47718054, 0.49966645, 0.49363264, 0.52265203, 0.5087002, 0.51409656, 0.53401655, 0.5211884, 0.54567385, 0.55970067, 0.5502234, 0.5603824], "std": [0.08487894, 0.07649328, 0.061691687, 0.05021876, 0.062521555, 0.056364365, 0.06618293, 0.06101143, 0.07056611, 0.07750156, 0.06796663, 0.07019877, 0.04288402, 0.05943609, 0.059839636, 0.06926858, 0.044170026, 0.070762746, 0.05214382, 0.07920172, 0.06427303, 0.07298559, 0.082260184, 0.063772805, 0.07258032, 0.07520884, 0.065556385, 0.06442653, 0.07501495, 0.06470987, 0.08497432, 0.06520111, 0.06720986, 0.080158755, 0.073190175, 0.06122881, 0.06735825, 0.0712124, 0.06594691, 0.051952686, 0.07221607, 0.054582324, 0.0793655, 0.056476805, 0.041491058, 0.06760768, 0.044608265, 0.024003588, 0.054233193, 0.034731545], "var": [0.98, 0.98, 0.96, 0.94, 0.94, 0.96, 0.94, 0.92, 0.92, 0.88, 0.84, 0.82, 0.78, 0.76, 0.74, 0.74, 0.72, 0.72, 0.72, 0.7, 0.72, 0.68, 0.66, 0.64, 0.64, 0.64, 0.64, 0.62, 0.62, 0.64, 0.64, 0.64, 0.62, 0.58, 0.6, 0.58, 0.6, 0.56, 0.56, 0.56, 0.52, 0.52, 0.52, 0.5, 0.5, 0.5, 0.48, 0.5, 0.46, 0.44], "best": [0.4333333, 0.46222222, 0.44682539, 0.36231884, 0.46065572, 0.46367517, 0.46350875, 0.46695903, 0.4689567, 0.47301587, 0.4711382, 0.4769087, 0.37389413, 0.4766823, 0.47274074, 0.47837463, 0.38674387, 0.47478786, 0.48213056, 0.48371336, 0.48121774, 0.4873016, 0.54291123, 0.49225864, 0.5453313, 0.54868656, 0.49879226, 0.5541639, 0.5579989, 0.5603723, 0.555042, 0.51294035, 0.5671157, 0.5704127, 0.57296014, 0.5768573, 0.5807201, 0.5831154, 0.5852192, 0.58855003, 0.591808, 0.5940859, 0.5972912, 0.6000139, 0.60288167, 0.6054899, 0.6075692, 0.6104672, 0.61350673, 0.61637753], "duration": [43161, 39977, 39653, 38473, 39927, 39051, 45040, 38853, 38533, 45673, 39678, 40057, 52051, 39759, 39449, 39298, 39281, 39210, 39573, 39283, 39040, 39427, 40173, 40110, 39532, 39583, 39442, 40447, 46357, 39845, 47294, 40465, 40580, 40304, 40453, 40343, 40085, 53821, 40596, 40738, 40642, 40672, 40579, 40521, 40611, 40105, 40385, 40592, 47105, 47166]}