{"avg": [0.26031747, 0.2896931, 0.29507932, 0.28756073, 0.29337233, 0.29112184, 0.31036982, 0.30975804, 0.28569865, 0.30281836, 0.32550883, 0.279243, 0.2917675, 0.30329564, 0.29467943, 0.30224884, 0.3313283, 0.32272473, 0.30429232, 0.326936, 0.3302626, 0.35662356, 0.32367262, 0.33345336, 0.3421965, 0.33965093, 0.34482414, 0.36498877, 0.33768794, 0.34920025, 0.3362942, 0.3513765, 0.35179564, 0.3570709, 0.34622085, 0.32845697, 0.37841988, 0.36884728, 0.36163217, 0.36093456, 0.37573704, 0.37134802, 0.36859754, 0.37882456, 0.37788266, 0.36810315, 0.40801543, 0.38259324, 0.38133276, 0.39879957], "std": [0.08539034, 0.07409099, 0.05000072, 0.039444413, 0.069251955, 0.07592257, 0.051054314, 0.055572957, 0.05606838, 0.04325913, 0.049097613, 0.07039872, 0.08214559, 0.059018724, 0.07147187, 0.086589396, 0.07219062, 0.060443867, 0.05484199, 0.038742878, 0.05746713, 0.050973035, 0.060257297, 0.052845016, 0.047347587, 0.041588508, 0.066192456, 0.04663355, 0.06811713, 0.07580713, 0.06016295, 0.065609224, 0.053768326, 0.07254172, 0.07766637, 0.07747401, 0.044515852, 0.049229544, 0.07795442, 0.069023184, 0.05959856, 0.06898151, 0.060548924, 0.052176308, 0.05675471, 0.07860258, 0.039293505, 0.06092507, 0.05933449, 0.047928028], "var": [0.98, 0.98, 0.98, 0.96, 0.96, 0.92, 0.9, 0.9, 0.9, 0.88, 0.86, 0.86, 0.84, 0.84, 0.84, 0.86, 0.86, 0.84, 0.8, 0.8, 0.78, 0.76, 0.72, 0.7, 0.7, 0.72, 0.74, 0.74, 0.72, 0.76, 0.76, 0.74, 0.74, 0.72, 0.68, 0.68, 0.7, 0.7, 0.66, 0.62, 0.62, 0.62, 0.62, 0.58, 0.58, 0.56, 0.56, 0.56, 0.56, 0.54], "best": [0.4333333, 0.46222222, 0.36396822, 0.3578231, 0.45502642, 0.45609757, 0.40115443, 0.40422824, 0.3877193, 0.35806966, 0.40337667, 0.4047619, 0.4057857, 0.38832566, 0.45131576, 0.40608904, 0.45175096, 0.45252153, 0.4079639, 0.39121, 0.45233643, 0.4531343, 0.4545714, 0.4079105, 0.45564234, 0.40777066, 0.45507595, 0.4561201, 0.45637584, 0.45783043, 0.45877007, 0.45897436, 0.4471232, 0.4590476, 0.45938268, 0.41571942, 0.45953622, 0.46011296, 0.460626, 0.4614232, 0.46227792, 0.46299693, 0.4520185, 0.46332362, 0.45267943, 0.46336588, 0.4636694, 0.46466663, 0.46501303, 0.46547315], "duration": [42843, 39555, 52365, 42634, 49680, 47427, 39106, 38500, 38209, 44656, 38773, 38398, 45394, 44254, 38520, 38278, 39825, 45151, 43079, 38196, 38648, 39371, 50514, 45149, 45555, 45822, 46255, 39328, 52392, 39269, 39284, 39219, 39100, 39293, 45760, 39416, 39610, 39165, 39701, 39341, 39399, 45997, 39497, 39649, 39519, 46049, 39728, 39605, 39670, 39682]}