{"avg": [0.2725, 0.30374077, 0.31691518, 0.309457, 0.31160536, 0.31401843, 0.32828057, 0.34242272, 0.33205155, 0.34625626, 0.32605067, 0.31837386, 0.34085885, 0.35816628, 0.32452944, 0.3074112, 0.31691027, 0.3273881, 0.3254153, 0.32278803, 0.34919995, 0.34006584, 0.3392577, 0.33977708, 0.35997033, 0.36359376, 0.35209566, 0.33114526, 0.3576152, 0.36053714, 0.38984543, 0.36794218, 0.36959085, 0.36497214, 0.36218783, 0.34804136, 0.38297066, 0.37014186, 0.37283555, 0.38914588, 0.39196008, 0.3834568, 0.39547825, 0.39899993, 0.41041532, 0.39952466, 0.40296805, 0.39791083, 0.40550733, 0.40567252], "std": [0.09671454, 0.08275216, 0.05245769, 0.04789607, 0.078397766, 0.082604654, 0.05563707, 0.052133206, 0.08450827, 0.06670002, 0.069229744, 0.049950477, 0.069066785, 0.06004809, 0.07618946, 0.08258682, 0.08474024, 0.07382706, 0.06585607, 0.07808607, 0.05593407, 0.07157528, 0.06670746, 0.04757248, 0.061156146, 0.046947107, 0.061632283, 0.07874962, 0.0458031, 0.06940323, 0.04732422, 0.070587516, 0.07306956, 0.09030579, 0.050521173, 0.073241405, 0.056857314, 0.056543928, 0.07809243, 0.065354005, 0.06986253, 0.052277096, 0.073594645, 0.06879247, 0.061195847, 0.058457308, 0.06694192, 0.07608931, 0.07225679, 0.06896567], "var": [0.98, 0.98, 0.98, 0.96, 0.94, 0.94, 0.92, 0.92, 0.88, 0.88, 0.88, 0.86, 0.84, 0.82, 0.82, 0.8, 0.8, 0.8, 0.8, 0.78, 0.78, 0.74, 0.74, 0.74, 0.74, 0.72, 0.7, 0.68, 0.68, 0.68, 0.68, 0.7, 0.7, 0.7, 0.7, 0.68, 0.66, 0.66, 0.66, 0.66, 0.66, 0.62, 0.6, 0.62, 0.6, 0.6, 0.62, 0.62, 0.62, 0.6], "best": [0.46666667, 0.49555555, 0.3919444, 0.3857993, 0.48835978, 0.4894309, 0.42819867, 0.4309322, 0.4879012, 0.45197368, 0.39151606, 0.39194444, 0.48843536, 0.4891509, 0.4105263, 0.43346998, 0.48833334, 0.48957574, 0.39108798, 0.43314207, 0.4898002, 0.43514058, 0.4388095, 0.44039512, 0.44053528, 0.49, 0.44358978, 0.45923662, 0.44512793, 0.4609683, 0.46242926, 0.48923182, 0.48988095, 0.49047616, 0.46687773, 0.49105838, 0.49182948, 0.45275864, 0.5016219, 0.5026732, 0.49469212, 0.45503095, 0.4959596, 0.50680476, 0.497736, 0.47127935, 0.5104051, 0.49977446, 0.50088185, 0.50142485], "duration": [43098, 39825, 53030, 42974, 49978, 47877, 45605, 38769, 45119, 40043, 37563, 38301, 45891, 39754, 44907, 38710, 38818, 39834, 39129, 38640, 46113, 45908, 39318, 38304, 39758, 39550, 39103, 38597, 38919, 40055, 39416, 39962, 40049, 39510, 38659, 39305, 40266, 40111, 39560, 39822, 46504, 39658, 46226, 40202, 40173, 40103, 40065, 47047, 40242, 39874]}