{"avg": [0.25777778, 0.29925925, 0.2925695, 0.30633196, 0.2933129, 0.31122026, 0.29461077, 0.30873555, 0.317499, 0.30969843, 0.3387948, 0.30842078, 0.28577167, 0.3199203, 0.3343333, 0.32614604, 0.2940139, 0.33064675, 0.33844444, 0.35518762, 0.3346532, 0.35700738, 0.3340074, 0.35271832, 0.3511376, 0.35092774, 0.3731187, 0.36015227, 0.355554, 0.3611663, 0.35898846, 0.3912935, 0.38941512, 0.3815606, 0.36661837, 0.35865974, 0.38162535, 0.38084054, 0.38856757, 0.38505763, 0.39018553, 0.37473917, 0.3761235, 0.37538096, 0.39795935, 0.3863305, 0.4241854, 0.38448802, 0.4278903, 0.416505], "std": [0.08726752, 0.075462624, 0.05162963, 0.058620345, 0.0701784, 0.07444595, 0.052908342, 0.051297147, 0.07293321, 0.051743377, 0.063596085, 0.06766383, 0.044529878, 0.055663787, 0.05859156, 0.06045828, 0.07106933, 0.06153477, 0.06750272, 0.07515897, 0.052678064, 0.047913082, 0.0833389, 0.0524639, 0.054532275, 0.083223075, 0.06937373, 0.07821143, 0.06131572, 0.07568244, 0.05619445, 0.07496804, 0.062297672, 0.0584286, 0.10550507, 0.09077563, 0.082840994, 0.06576909, 0.066875756, 0.07537781, 0.05851406, 0.05608117, 0.08473772, 0.07216258, 0.064736485, 0.08086205, 0.0747063, 0.10983251, 0.07000928, 0.07186753], "var": [1.0, 0.98, 0.98, 0.96, 0.96, 0.94, 0.94, 0.92, 0.92, 0.9, 0.92, 0.92, 0.92, 0.9, 0.92, 0.92, 0.92, 0.9, 0.9, 0.9, 0.88, 0.88, 0.86, 0.86, 0.86, 0.84, 0.84, 0.82, 0.8, 0.8, 0.82, 0.78, 0.78, 0.8, 0.78, 0.74, 0.72, 0.74, 0.7, 0.68, 0.68, 0.72, 0.72, 0.72, 0.68, 0.66, 0.66, 0.64, 0.62, 0.62], "best": [0.4333333, 0.46222222, 0.37619045, 0.45869565, 0.459375, 0.4595833, 0.36369047, 0.3629161, 0.4605128, 0.39169884, 0.46255144, 0.40739843, 0.36133432, 0.406685, 0.46177778, 0.46293223, 0.39179173, 0.4629766, 0.46436778, 0.4661202, 0.4277433, 0.42728937, 0.46875593, 0.4312054, 0.47040904, 0.471, 0.47471818, 0.47738925, 0.4775785, 0.48037517, 0.4405408, 0.48239246, 0.48336592, 0.4856147, 0.48708487, 0.48918757, 0.49006966, 0.49182177, 0.4933662, 0.49420288, 0.49481595, 0.44317508, 0.49657738, 0.49653175, 0.49683663, 0.49848065, 0.500045, 0.5017613, 0.50340223, 0.50461084], "duration": [42825, 44476, 39131, 49702, 39213, 43579, 43692, 38349, 45586, 43278, 38626, 42285, 37930, 51275, 37951, 38395, 42421, 45850, 38484, 52436, 39004, 39383, 39268, 45477, 45174, 38484, 39871, 46168, 39284, 39502, 39023, 39276, 39524, 39563, 39639, 52830, 38888, 39466, 39625, 59302, 39298, 38817, 51552, 39226, 38853, 39450, 39582, 39021, 39217, 39022]}