{"avg": [0.29809526, 0.33116552, 0.3381024, 0.33146605, 0.33341685, 0.33353442, 0.35423514, 0.36385334, 0.3509589, 0.37044707, 0.35162538, 0.3376381, 0.36811787, 0.3734601, 0.3454752, 0.3542476, 0.3826762, 0.37865555, 0.40447295, 0.3873963, 0.358308, 0.37111843, 0.37948442, 0.3788045, 0.40295094, 0.38534394, 0.41666564, 0.39269257, 0.40098792, 0.40171477, 0.43250912, 0.3657519, 0.39892727, 0.42111304, 0.4113253, 0.43355867, 0.43166816, 0.40817937, 0.4539753, 0.4625532, 0.4275681, 0.45690656, 0.4515626, 0.46760073, 0.46474567, 0.4681838, 0.40616834, 0.48690093, 0.4700083, 0.47203767], "std": [0.09771075, 0.08490297, 0.05736414, 0.050241135, 0.080710344, 0.087812446, 0.060504004, 0.05709504, 0.09126719, 0.07278822, 0.08562354, 0.07497922, 0.048488565, 0.07366978, 0.0825776, 0.0722588, 0.0479089, 0.05480651, 0.07276587, 0.07693033, 0.06761957, 0.08421396, 0.07017113, 0.09446296, 0.08421448, 0.065663226, 0.09058414, 0.089177765, 0.085055776, 0.068383664, 0.08009981, 0.07346511, 0.06435564, 0.09740742, 0.0869252, 0.07987095, 0.079839334, 0.088754214, 0.07594823, 0.09069347, 0.07249142, 0.08819538, 0.09771894, 0.076682806, 0.092640914, 0.10005032, 0.11275886, 0.082961336, 0.110422045, 0.10000183], "var": [0.98, 0.98, 0.98, 0.96, 0.94, 0.94, 0.92, 0.92, 0.92, 0.9, 0.9, 0.88, 0.88, 0.86, 0.84, 0.82, 0.8, 0.8, 0.82, 0.8, 0.78, 0.78, 0.76, 0.74, 0.74, 0.74, 0.7, 0.7, 0.68, 0.68, 0.66, 0.66, 0.64, 0.62, 0.62, 0.58, 0.6, 0.6, 0.58, 0.56, 0.56, 0.56, 0.56, 0.52, 0.52, 0.5, 0.48, 0.46, 0.48, 0.48], "best": [0.49999997, 0.52476186, 0.4119728, 0.40670553, 0.5185941, 0.5195122, 0.45784375, 0.46018678, 0.518201, 0.51942855, 0.5198606, 0.41518503, 0.44708607, 0.5192307, 0.5201904, 0.52080095, 0.46398845, 0.46685743, 0.520979, 0.52435595, 0.52536714, 0.52593535, 0.5274383, 0.5282625, 0.5297557, 0.53121424, 0.5326139, 0.5339697, 0.5364728, 0.536892, 0.5372851, 0.5386147, 0.53833705, 0.53825754, 0.53996843, 0.5408163, 0.5426587, 0.5436548, 0.5441729, 0.54597855, 0.5482727, 0.54901063, 0.54976684, 0.5513373, 0.55296856, 0.5544767, 0.5566744, 0.55721956, 0.5590576, 0.5607511], "duration": [43889, 40103, 52852, 43149, 50171, 48040, 45867, 38834, 38868, 39398, 39084, 38931, 39533, 38861, 45916, 39681, 45696, 45457, 46625, 39429, 45153, 40104, 52498, 39652, 39089, 39607, 40132, 46332, 39546, 39866, 39997, 38704, 39088, 39960, 40077, 40164, 39925, 39533, 53760, 40537, 40367, 46513, 41685, 40328, 40948, 40539, 39587, 40414, 39596, 40321]}