{"avg": [0.19994088, 0.2611284, 0.33375102, 0.33157325, 0.41524437, 0.44405594, 0.54140913, 0.55307585, 0.61497253, 0.6403931, 0.6601854, 0.6766657, 0.6777809, 0.7015066, 0.7129533, 0.71739775, 0.73119515, 0.74666363, 0.75018454, 0.75367486, 0.7573923, 0.7607361, 0.76338905, 0.7659153, 0.7688892, 0.7718051, 0.7738722, 0.7764051, 0.77877814, 0.7808381, 0.7828406, 0.78454775, 0.78622365, 0.7877957, 0.7892074, 0.79066277, 0.79191595, 0.79321283, 0.7943847, 0.79534715, 0.7963141, 0.79728216, 0.7982474, 0.79916674, 0.79992604, 0.80073065, 0.8014286, 0.8022383, 0.80291265, 0.80349743, 0.804124, 0.804757, 0.80533713, 0.8058693, 0.80641055, 0.80695844, 0.8074872, 0.80797315, 0.80848986, 0.80898833, 0.80946916, 0.8099338, 0.81036264, 0.81079775, 0.8111994, 0.81160754, 0.8119676, 0.81235135, 0.81269044, 0.8130198, 0.8133247, 0.8136528, 0.8139418, 0.8142378, 0.81452674], "std": [0.18316053, 0.19611296, 0.155012, 0.17193489, 0.17452045, 0.14745745, 0.14445524, 0.16123594, 0.12942216, 0.106112905, 0.099899165, 0.09305885, 0.09611609, 0.07931964, 0.07006561, 0.069302194, 0.052443724, 0.0014547686, 0.0017019926, 0.0012721212, 0.0010011559, 0.0012181688, 0.0009721022, 0.001119569, 0.00059744937, 0.00044267575, 0.0008144762, 0.0003552734, 1.1920929e-07, 0.0, 5.9604645e-08, 5.9604645e-08, 1.1920929e-07, 1.7881393e-07, 1.1920929e-07, 0.0, 5.9604645e-08, 1.1920929e-07, 1.1920929e-07, 0.0, 5.9604645e-08, 1.1920929e-07, 5.9604645e-08, 5.9604645e-08, 1.7881393e-07, 5.9604645e-08, 0.0, 1.1920929e-07, 0.0, 0.0, 5.9604645e-08, 5.9604645e-08, 1.1920929e-07, 1.1920929e-07, 1.1920929e-07, 5.9604645e-08, 1.7881393e-07, 1.1920929e-07, 5.9604645e-08, 2.3841858e-07, 0.0, 0.0, 1.1920929e-07, 5.9604645e-08, 2.3841858e-07, 1.1920929e-07, 2.3841858e-07, 5.9604645e-08, 1.7881393e-07, 0.0, 5.9604645e-08, 1.7881393e-07, 2.3841858e-07, 1.7881393e-07, 0.0], "var": [1.0, 1.0, 1.0, 1.0, 0.96, 0.96, 0.96, 1.0, 1.0, 1.0, 1.0, 1.0, 0.92, 0.88, 0.88, 0.84, 0.76, 0.76, 0.64, 0.44, 0.48, 0.36, 0.32, 0.2, 0.16, 0.12, 0.08, 0.04, 0.04, 0.04, 0.04, 0.04, 0.04, 0.04, 0.04, 0.04, 0.04, 0.04, 0.04, 0.04, 0.04, 0.04, 0.04, 0.04, 0.04, 0.04, 0.04, 0.04, 0.04, 0.04, 0.04, 0.04, 0.04, 0.04, 0.04, 0.04, 0.04, 0.04, 0.04, 0.04, 0.04, 0.04, 0.04, 0.04, 0.04, 0.04, 0.04, 0.04, 0.04, 0.04, 0.04, 0.04, 0.04, 0.04, 0.04], "best": [0.4761905, 0.4861284, 0.49114066, 0.49297053, 0.70816326, 0.71005005, 0.7119285, 0.71706736, 0.71782964, 0.7228269, 0.72702867, 0.72931355, 0.73142046, 0.7347463, 0.7384663, 0.74167633, 0.745012, 0.7483295, 0.751731, 0.7548939, 0.75831455, 0.76151145, 0.76402134, 0.7667113, 0.76920736, 0.7720336, 0.77415705, 0.77648085, 0.77877825, 0.7808381, 0.78284067, 0.7845477, 0.78622377, 0.78779554, 0.7892073, 0.79066277, 0.791916, 0.7932127, 0.7943846, 0.79534715, 0.7963142, 0.79728204, 0.79824746, 0.7991668, 0.7999262, 0.8007306, 0.8014286, 0.80223817, 0.80291265, 0.80349743, 0.80412394, 0.80475694, 0.80533725, 0.8058694, 0.80641043, 0.8069585, 0.807487, 0.80797327, 0.8084898, 0.8089881, 0.80946916, 0.8099338, 0.81036276, 0.8107977, 0.81119967, 0.81160766, 0.8119674, 0.8123513, 0.81269026, 0.8130198, 0.81332463, 0.81365263, 0.81394154, 0.81423795, 0.81452674], "duration": [13127, 13112, 13418, 12961, 14878, 14843, 13412, 15351, 17227, 13880, 18026, 17458, 21032, 13204, 17655, 15283, 16446, 15407, 19827, 17304, 20976, 14262, 14398, 16471, 29617, 14079, 23877, 21389, 15195, 15456, 15550, 16180, 18980, 17612, 15893, 21771, 16482, 19544, 14258, 17470, 14837, 19182, 25614, 18733, 16517, 14332, 16524, 15539, 12899, 16601, 22102, 13977, 13781, 14260, 14206, 15247, 14303, 15667, 19669, 15380, 16188, 15220, 14213, 13066, 14045, 15299, 17582, 14202, 14223, 17212, 15850, 13125, 15045, 12413, 16586]}