{"avg": [0.24805553, 0.27707404, 0.28423977, 0.27999273, 0.27871063, 0.28093016, 0.29560518, 0.3085992, 0.29726955, 0.3133532, 0.30464354, 0.30100945, 0.3235764, 0.30306372, 0.30557626, 0.3078553, 0.31044084, 0.31963688, 0.31903055, 0.3044267, 0.32690832, 0.3118083, 0.3185228, 0.35088667, 0.33417067, 0.3543886, 0.34189755, 0.355795, 0.3444317, 0.34677422, 0.3404126, 0.3435308, 0.33478197, 0.32073134, 0.3522202, 0.3562352, 0.34818682, 0.3666197, 0.31021097, 0.35479867, 0.37174138, 0.38383532, 0.36802283, 0.3847636, 0.37876463, 0.37998417, 0.35106835, 0.42028162, 0.34063038, 0.39729166], "std": [0.08358111, 0.07320414, 0.04656202, 0.04186887, 0.069103256, 0.06895621, 0.04943886, 0.047561564, 0.07726529, 0.061937034, 0.07227953, 0.06975505, 0.049872015, 0.060381558, 0.08805894, 0.068365835, 0.06141273, 0.046140708, 0.05635366, 0.042215336, 0.04819866, 0.054557983, 0.044496138, 0.064192966, 0.05582678, 0.065363, 0.06342334, 0.055042505, 0.05391158, 0.048833348, 0.06735819, 0.08794454, 0.07012749, 0.09007728, 0.066183254, 0.055291828, 0.05127438, 0.058793318, 0.08493319, 0.071769014, 0.085394435, 0.059947953, 0.07173554, 0.059123803, 0.08092079, 0.07239832, 0.08435044, 0.064852685, 0.07664429, 0.06991049], "var": [0.98, 0.98, 0.98, 0.96, 0.94, 0.94, 0.92, 0.92, 0.92, 0.9, 0.88, 0.86, 0.86, 0.84, 0.8, 0.76, 0.74, 0.74, 0.72, 0.7, 0.7, 0.68, 0.68, 0.66, 0.64, 0.64, 0.62, 0.62, 0.64, 0.62, 0.6, 0.58, 0.58, 0.58, 0.58, 0.54, 0.56, 0.56, 0.56, 0.6, 0.6, 0.58, 0.58, 0.58, 0.58, 0.56, 0.56, 0.54, 0.56, 0.58], "best": [0.41666666, 0.44555557, 0.35027775, 0.34413263, 0.43835977, 0.43943092, 0.38653198, 0.38926554, 0.43790123, 0.43933332, 0.43983743, 0.44114876, 0.44175258, 0.40464747, 0.4425926, 0.44559228, 0.44703987, 0.39506617, 0.44689655, 0.39007553, 0.44690403, 0.39822486, 0.39915732, 0.44669345, 0.44931448, 0.44975367, 0.45142183, 0.4524521, 0.45413896, 0.45437276, 0.45493054, 0.45556673, 0.456939, 0.45703077, 0.45736012, 0.4578153, 0.4165806, 0.45740125, 0.45791328, 0.4581081, 0.5119195, 0.5132028, 0.46455884, 0.46213427, 0.51598686, 0.46382, 0.5184588, 0.5193307, 0.47226527, 0.48322785], "duration": [43237, 40054, 52909, 42997, 50065, 47899, 45981, 38803, 38852, 39304, 38908, 39455, 39189, 39397, 52454, 45782, 45570, 39035, 44995, 38610, 46358, 45979, 38771, 39947, 39634, 40169, 39620, 46487, 39887, 39214, 46341, 39492, 46886, 45388, 39667, 45359, 45785, 39424, 38855, 46344, 46338, 46229, 40167, 39390, 46850, 46717, 39883, 40546, 39291, 61067]}