{"avg": [0.1626984, 0.13928573, 0.21395503, 0.14237213, 0.16018519, 0.20425926, 0.2266402, 0.17001547, 0.19863223, 0.19646126, 0.18333334, 0.20762928, 0.18989263, 0.2049228, 0.16281748, 0.13622186, 0.18984646, 0.11626983, 0.26529303, 0.10089467, 0.108518064, 0.21285455, 0.20674852, 0.20678781, 0.16173062, 0.19883688, 0.20177862, 0.20919313, 0.23357339, 0.19308864, 0.1440248, 0.17574075, 0.20104676, 0.111351274, 0.17278913, 0.19394891, 0.13897707, 0.191907, 0.14888234, 0.16021825, 0.17214286, 0.16975385, 0.15395513, 0.14390361, 0.24233533, 0.15378022, 0.15025158, 0.12608856, 0.16955085, 0.16251266], "std": [0.0668742, 0.13040753, 0.080899976, 0.08738377, 0.1138135, 0.09433929, 0.1460533, 0.09832988, 0.1454354, 0.12032993, 0.09027625, 0.0773624, 0.13846765, 0.052356295, 0.13238557, 0.07605259, 0.17088902, 0.05220596, 0.0746211, 0.11247124, 0.08987867, 0.079804264, 0.06696167, 0.13200004, 0.08436822, 0.08244469, 0.05033532, 0.11197035, 0.09631461, 0.05186907, 0.11008022, 0.10010141, 0.059658024, 0.055861276, 0.09560057, 0.114342146, 0.12634553, 0.061678447, 0.041246906, 0.096679084, 0.09162464, 0.08890126, 0.09337562, 0.08105984, 0.11578444, 0.043740034, 0.041563623, 0.07724102, 0.10792883, 0.06471383], "var": [1.0, 1.0, 1.0, 1.0, 1.0, 1.0, 1.0, 1.0, 1.0, 1.0, 1.0, 1.0, 1.0, 1.0, 1.0, 1.0, 1.0, 1.0, 1.0, 1.0, 1.0, 1.0, 1.0, 1.0, 1.0, 1.0, 1.0, 1.0, 1.0, 1.0, 1.0, 1.0, 1.0, 1.0, 1.0, 1.0, 1.0, 1.0, 1.0, 1.0, 1.0, 1.0, 1.0, 1.0, 1.0, 1.0, 1.0, 1.0, 1.0, 1.0], "best": [0.26190475, 0.36746034, 0.35912696, 0.2611111, 0.26250002, 0.3574603, 0.39021167, 0.2597561, 0.39371836, 0.35700282, 0.26011905, 0.35706604, 0.35651258, 0.26216218, 0.35607144, 0.2627907, 0.48959628, 0.14421768, 0.35741758, 0.26151517, 0.2586207, 0.35616705, 0.26223958, 0.48796996, 0.23554301, 0.35489324, 0.2603753, 0.3546398, 0.3569665, 0.2611111, 0.26091954, 0.26185185, 0.26207206, 0.14386687, 0.2622449, 0.35751006, 0.35940877, 0.26251957, 0.23765838, 0.26220238, 0.27291927, 0.2611582, 0.27319953, 0.23815286, 0.4856393, 0.23708792, 0.23964961, 0.23972063, 0.35405454, 0.27254304], "duration": [1623, 1535, 1992, 1972, 1503, 1525, 2136, 1528, 1512, 1969, 1538, 1509, 2060, 2064, 2070, 1519, 2093, 1507, 1572, 1408, 1395, 1536, 1538, 1509, 1502, 2124, 2119, 1522, 1568, 1413, 1963, 2160, 1996, 1498, 1970, 2069, 1512, 2077, 1541, 2010, 983, 1496, 1401, 933, 1971, 984, 1534, 960, 1549, 1536]}