{"avg": [0.2551111, 0.28429633, 0.28730994, 0.2847943, 0.28964636, 0.2859956, 0.30273968, 0.31418747, 0.3024362, 0.31880954, 0.30998543, 0.31082973, 0.32944936, 0.3128513, 0.3173159, 0.30926478, 0.32104513, 0.32677603, 0.3488545, 0.32921267, 0.36201194, 0.3331804, 0.34625605, 0.33901507, 0.33370748, 0.34308258, 0.33520138, 0.3295098, 0.3430812, 0.33903548, 0.34130016, 0.3297531, 0.34256068, 0.30328166, 0.3073854, 0.35982817, 0.3425333, 0.3692197, 0.36961502, 0.3746623, 0.34346646, 0.36900198, 0.36118862, 0.37858728, 0.3984344, 0.36761847, 0.39765644, 0.39945558, 0.3786562, 0.39614022], "std": [0.08346094, 0.07241157, 0.047869913, 0.04051971, 0.06989966, 0.07406474, 0.05089416, 0.048314735, 0.07880992, 0.06319052, 0.0736923, 0.07250237, 0.050685562, 0.06571065, 0.083873235, 0.067821205, 0.04956744, 0.063923486, 0.059258178, 0.051576238, 0.06506902, 0.0493538, 0.06893395, 0.074365765, 0.07931176, 0.06242796, 0.050426338, 0.06680309, 0.06904651, 0.058998875, 0.08020185, 0.059031215, 0.060301505, 0.06399059, 0.05752862, 0.07456988, 0.06926085, 0.06247376, 0.06209641, 0.07125209, 0.049729474, 0.0648792, 0.0645552, 0.07079966, 0.06914271, 0.07001312, 0.07005835, 0.07015483, 0.086216085, 0.06034321], "var": [0.98, 0.98, 0.98, 0.96, 0.94, 0.94, 0.92, 0.92, 0.92, 0.9, 0.88, 0.86, 0.86, 0.84, 0.8, 0.8, 0.78, 0.74, 0.74, 0.74, 0.74, 0.74, 0.7, 0.7, 0.68, 0.66, 0.68, 0.7, 0.72, 0.72, 0.72, 0.7, 0.7, 0.68, 0.64, 0.66, 0.64, 0.62, 0.6, 0.56, 0.54, 0.54, 0.52, 0.48, 0.52, 0.52, 0.5, 0.48, 0.44, 0.46], "best": [0.42444444, 0.45333335, 0.35666665, 0.35052153, 0.44613755, 0.44720867, 0.3931987, 0.39593223, 0.44567898, 0.4471111, 0.44761518, 0.44892654, 0.44953036, 0.4499252, 0.45037034, 0.45350778, 0.40147865, 0.41178927, 0.45333335, 0.45468727, 0.45493865, 0.41069493, 0.45671496, 0.45768544, 0.45866194, 0.4595635, 0.41783214, 0.45871893, 0.4585336, 0.42509463, 0.45926082, 0.46010974, 0.460049, 0.42146, 0.45946953, 0.4594201, 0.46102837, 0.4615134, 0.46242762, 0.46284315, 0.4302483, 0.4645995, 0.46529165, 0.46585414, 0.46657738, 0.4691837, 0.4698161, 0.47196785, 0.47380933, 0.4751728], "duration": [43047, 40054, 52875, 42975, 49779, 47740, 45695, 38698, 38826, 39213, 39047, 39516, 39169, 39130, 51977, 38758, 39106, 38582, 39587, 39261, 40139, 39520, 39320, 39870, 39850, 46084, 39161, 38453, 45796, 39399, 39333, 38365, 38956, 39254, 39000, 39766, 39192, 39964, 39612, 53296, 38870, 39995, 59918, 39985, 47228, 39895, 40108, 40267, 40201, 40267]}