{"avg": [0.26031747, 0.28715342, 0.29507932, 0.2902818, 0.29337233, 0.29178452, 0.3098395, 0.30939683, 0.311218, 0.30489457, 0.30288473, 0.29480726, 0.2954255, 0.31484613, 0.3036067, 0.2829563, 0.29139417, 0.3135041, 0.33177015, 0.33298644, 0.29790998, 0.32418594, 0.34185466, 0.30852786, 0.29604223], "std": [0.08539034, 0.07637929, 0.048330657, 0.043432835, 0.070916995, 0.07603968, 0.054814514, 0.06694736, 0.049802907, 0.054334205, 0.042007837, 0.056895975, 0.070346914, 0.07066504, 0.06072276, 0.07099786, 0.07514387, 0.08205498, 0.05625444, 0.031881195, 0.06911309, 0.08001911, 0.04772866, 0.07807868, 0.08066706], "var": [0.98, 0.98, 0.98, 0.96, 0.94, 0.94, 0.92, 0.92, 0.9, 0.9, 0.86, 0.84, 0.84, 0.84, 0.82, 0.8, 0.8, 0.78, 0.78, 0.78, 0.78, 0.8, 0.8, 0.78, 0.76], "best": [0.4333333, 0.46222222, 0.36396822, 0.3578231, 0.45502642, 0.45609757, 0.40081772, 0.45652172, 0.40556777, 0.4046967, 0.39130434, 0.40519485, 0.3643739, 0.45674798, 0.40568843, 0.404884, 0.4049896, 0.4055736, 0.4079536, 0.4078668, 0.3658272, 0.45924795, 0.45945418, 0.36769375, 0.40796232], "duration": [43248, 40324, 52995, 43130, 50088, 48056, 39611, 38978, 45559, 40080, 39321, 38561, 38364, 39248, 40087, 38824, 39236, 46748, 39678, 46590, 39176, 46218, 39831, 39637, 39335]}