{"avg": [0.25952384, 0.2596561, 0.31792328, 0.2494709, 0.2518188, 0.25346562, 0.30222222, 0.24901278, 0.29379433, 0.29942113, 0.2651786, 0.2667563, 0.273366, 0.2957958, 0.2722917, 0.2623754, 0.25335577, 0.2558957, 0.30656287, 0.24763347, 0.2464149, 0.28666404, 0.30960566, 0.26353383, 0.29114994, 0.2912972, 0.2779691, 0.2915649, 0.30024004, 0.27800924, 0.25514048, 0.24869843, 0.25739598, 0.2368836, 0.23765306, 0.26686016, 0.24093246, 0.25190702, 0.23499346, 0.2707589, 0.26217046, 0.27238703, 0.24260461, 0.24188429, 0.30939883, 0.26139927, 0.23834682, 0.24311368, 0.29245457, 0.31906027], "std": [0.03560831, 0.10886468, 0.027085476, 0.041672897, 0.025610726, 0.06230851, 0.061396033, 0.0810906, 0.06494499, 0.034558676, 0.05354028, 0.07536331, 0.047877364, 0.035735264, 0.044442017, 0.05330543, 0.09546594, 0.04123635, 0.051451262, 0.047033396, 0.07724284, 0.047851995, 0.0398533, 0.062142886, 0.038595375, 0.03830699, 0.025590848, 0.052994035, 0.031262167, 0.04451958, 0.040570673, 0.045931004, 0.04366241, 0.043684762, 0.024588006, 0.060912818, 0.084610604, 0.06028977, 0.06393645, 0.08096509, 0.049320973, 0.058220487, 0.038225275, 0.044856288, 0.054751556, 0.048476133, 0.042739768, 0.030701993, 0.04667046, 0.03962725], "var": [1.0, 1.0, 1.0, 1.0, 1.0, 1.0, 1.0, 1.0, 1.0, 1.0, 1.0, 1.0, 1.0, 1.0, 1.0, 1.0, 1.0, 1.0, 1.0, 1.0, 1.0, 1.0, 1.0, 1.0, 1.0, 1.0, 1.0, 1.0, 1.0, 1.0, 1.0, 1.0, 1.0, 1.0, 1.0, 1.0, 1.0, 1.0, 1.0, 1.0, 1.0, 1.0, 1.0, 1.0, 1.0, 1.0, 1.0, 1.0, 1.0, 1.0], "best": [0.30476192, 0.45555556, 0.356746, 0.31190476, 0.28869048, 0.34079364, 0.38531744, 0.38908246, 0.3556231, 0.34509805, 0.33035713, 0.3504608, 0.3541316, 0.34845558, 0.3394048, 0.31755263, 0.44197723, 0.30986395, 0.382326, 0.30199137, 0.34195402, 0.34426227, 0.36469492, 0.39749375, 0.34272012, 0.3382266, 0.30605486, 0.35225883, 0.35273364, 0.34444442, 0.31568146, 0.30232805, 0.3130502, 0.30234358, 0.26955783, 0.35297322, 0.3951231, 0.32968923, 0.3305155, 0.37886906, 0.34103522, 0.3286521, 0.29348683, 0.30720046, 0.4046869, 0.30613554, 0.31345913, 0.29530838, 0.38976884, 0.35778454], "duration": [12704, 12771, 13276, 14124, 12898, 12638, 13413, 12913, 12552, 13145, 12667, 12793, 17640, 13445, 13497, 12802, 14250, 12129, 12957, 12846, 12143, 12950, 12755, 9592, 12827, 13462, 13087, 12614, 12727, 12764, 13130, 13169, 13115, 12990, 8148, 13665, 12852, 10031, 12850, 13603, 12324, 12587, 12435, 12059, 13366, 12171, 12236, 12231, 12776, 12821]}