{"avg": [0.26031747, 0.2896931, 0.29507932, 0.2930029, 0.2893623, 0.28607982, 0.3079036, 0.30947396, 0.2890322, 0.3176012, 0.300283, 0.2998846, 0.2900391, 0.30200824, 0.30949405, 0.30065036, 0.29467186, 0.30751362, 0.2784021, 0.3164769, 0.312932, 0.31960556, 0.30691993, 0.3213748, 0.3182119, 0.30542964, 0.33155197, 0.31033373, 0.30787033, 0.31211957, 0.3337929, 0.323038, 0.35242927, 0.31724033, 0.31603232, 0.33262298, 0.31404227, 0.3140677, 0.33899704, 0.32812095, 0.34443566, 0.3222183, 0.32705992, 0.3530754, 0.33303446, 0.32146698, 0.35400152, 0.35241055, 0.3477844, 0.37254575], "std": [0.08539034, 0.07409099, 0.048330657, 0.04130452, 0.07360893, 0.07770496, 0.051634844, 0.057014126, 0.04343756, 0.036478274, 0.038880356, 0.06895634, 0.057475366, 0.028631, 0.04853041, 0.039596483, 0.0622382, 0.07077984, 0.07866213, 0.044362556, 0.05434421, 0.05089836, 0.0754997, 0.03966287, 0.062482927, 0.060566362, 0.035749007, 0.07226595, 0.078268096, 0.069333784, 0.052395806, 0.050871853, 0.041430347, 0.08550909, 0.078073114, 0.05801172, 0.0726265, 0.058507223, 0.08377897, 0.060754877, 0.057219338, 0.07729572, 0.073550716, 0.045378737, 0.06562281, 0.07410073, 0.06958266, 0.062063877, 0.08832477, 0.07795641], "var": [0.98, 0.98, 0.98, 0.96, 0.96, 0.92, 0.92, 0.9, 0.9, 0.9, 0.9, 0.9, 0.88, 0.88, 0.88, 0.88, 0.88, 0.88, 0.86, 0.84, 0.84, 0.84, 0.82, 0.8, 0.8, 0.8, 0.8, 0.8, 0.8, 0.76, 0.78, 0.78, 0.76, 0.76, 0.76, 0.76, 0.78, 0.78, 0.78, 0.8, 0.8, 0.78, 0.78, 0.78, 0.78, 0.78, 0.78, 0.76, 0.74, 0.76], "best": [0.4333333, 0.46222222, 0.36396822, 0.3578231, 0.45502642, 0.45609757, 0.40115443, 0.40383375, 0.35971782, 0.3653737, 0.36193344, 0.45267034, 0.40239295, 0.35718736, 0.45235988, 0.4027631, 0.38867438, 0.40370178, 0.40540454, 0.38988677, 0.3905797, 0.405828, 0.44175825, 0.4070908, 0.44270718, 0.39314577, 0.4087974, 0.45081964, 0.4432226, 0.44438922, 0.41078433, 0.44548976, 0.44600978, 0.4505438, 0.4472548, 0.44861293, 0.44919232, 0.3748159, 0.4509182, 0.449338, 0.4508665, 0.45002213, 0.45048627, 0.45148063, 0.4198734, 0.45229352, 0.45271075, 0.46133772, 0.45551145, 0.45424995], "duration": [43026, 39909, 52938, 42977, 49940, 43464, 46163, 38272, 37349, 39391, 37903, 38629, 39199, 37995, 38872, 38353, 39244, 38137, 38584, 38802, 38775, 39121, 45760, 39174, 38477, 45570, 39256, 38881, 39271, 38809, 38685, 39820, 39473, 38307, 38814, 38660, 39049, 44774, 39588, 39062, 39811, 38886, 39366, 45337, 39317, 39217, 39780, 39970, 46571, 39652]}