{"avg": [0.33730158, 0.40687826, 0.4123677, 0.37010583, 0.3565807, 0.40267193, 0.35650796, 0.296235, 0.39736575, 0.31323066, 0.34771827, 0.3782642, 0.39717552, 0.41524026, 0.362371, 0.35999444, 0.30097482, 0.31819728, 0.4002137, 0.35715723, 0.3587165, 0.39936247, 0.40436754, 0.3337719, 0.41575313, 0.41510677, 0.4017786, 0.4332316, 0.3288115, 0.40539023, 0.37379125, 0.340127, 0.24271344, 0.29212168, 0.29908162, 0.32876492, 0.3607737, 0.37524033, 0.31554902, 0.39417163, 0.3209006, 0.37833938, 0.3283189, 0.3601382, 0.40701786, 0.4085421, 0.31294996, 0.39978033, 0.37380376, 0.40656027], "std": [0.075813375, 0.09106219, 0.056782767, 0.10158753, 0.0667036, 0.08023394, 0.058159027, 0.060290463, 0.053173546, 0.06117288, 0.08429886, 0.05766821, 0.04327263, 0.08906131, 0.093928725, 0.04326907, 0.10130677, 0.07394594, 0.09361845, 0.07517508, 0.091533825, 0.09058449, 0.024014445, 0.08718468, 0.09109131, 0.071612656, 0.043726396, 0.054734748, 0.06042029, 0.047818616, 0.06665846, 0.05327606, 0.07378458, 0.08187881, 0.057770934, 0.08679583, 0.07014163, 0.04430241, 0.07614133, 0.07781896, 0.111748196, 0.034384076, 0.1106457, 0.09155988, 0.059528433, 0.03750089, 0.05198382, 0.045121476, 0.06642333, 0.049126107], "var": [1.0, 1.0, 1.0, 1.0, 1.0, 1.0, 1.0, 1.0, 1.0, 1.0, 1.0, 1.0, 1.0, 1.0, 1.0, 1.0, 1.0, 1.0, 1.0, 1.0, 1.0, 1.0, 1.0, 1.0, 1.0, 1.0, 1.0, 1.0, 1.0, 1.0, 1.0, 1.0, 1.0, 1.0, 1.0, 1.0, 1.0, 1.0, 1.0, 1.0, 1.0, 1.0, 1.0, 1.0, 1.0, 1.0, 1.0, 1.0, 1.0, 1.0], "best": [0.44047618, 0.49841273, 0.49007937, 0.49285713, 0.4501984, 0.48619047, 0.45436504, 0.35499418, 0.48611954, 0.39075628, 0.48750004, 0.48801842, 0.487465, 0.49015447, 0.4886905, 0.39374304, 0.45388198, 0.39421764, 0.49061358, 0.48406926, 0.48883417, 0.48711944, 0.45219493, 0.48546365, 0.49033916, 0.4869951, 0.45416272, 0.4887973, 0.3918577, 0.4843254, 0.48711002, 0.39224866, 0.35658944, 0.39281973, 0.39336732, 0.45274815, 0.45255348, 0.45111778, 0.45194408, 0.48764881, 0.45293996, 0.45008072, 0.48748526, 0.48815286, 0.48682043, 0.45239925, 0.39441147, 0.48578456, 0.48500693, 0.48789263], "duration": [10916, 10960, 10919, 10883, 10925, 10892, 10876, 10838, 10908, 10908, 10896, 10941, 10912, 10918, 10916, 10907, 10849, 10892, 10915, 10904, 10842, 10886, 10909, 6445, 10876, 10915, 10869, 10901, 10867, 10906, 10927, 10913, 6003, 10891, 5953, 10875, 10901, 6390, 10891, 10886, 10882, 10892, 10826, 10889, 10909, 10933, 10893, 10922, 10918, 10913]}