{"avg": [0.278125, 0.33629805, 0.31530175, 0.2973016, 0.3160571, 0.30407238, 0.32121712, 0.3466967, 0.32831463, 0.30644354, 0.3318896, 0.32130167, 0.33313912, 0.31416667, 0.3191618, 0.31499463, 0.33548865, 0.31171328, 0.32793584, 0.3429705, 0.35528323, 0.2906715, 0.3296807, 0.3565046, 0.3205092, 0.3485781, 0.32894585, 0.34037942, 0.34468418, 0.31598333, 0.32701695, 0.34964928, 0.3617105, 0.34696084, 0.3470159, 0.3544383, 0.3631902, 0.3507157, 0.33331633, 0.37149057, 0.37200105, 0.34495813, 0.40207857, 0.37305638, 0.34284145, 0.42352405, 0.39543885, 0.40051013, 0.37439403, 0.40187737], "std": [0.084721506, 0.052356403, 0.08063888, 0.05868295, 0.07541369, 0.08697878, 0.063514814, 0.04148276, 0.061558124, 0.041294016, 0.059920575, 0.05680954, 0.055743743, 0.049847923, 0.057261184, 0.07070538, 0.050019667, 0.08943469, 0.065322705, 0.045064136, 0.0612054, 0.084321685, 0.074559346, 0.05912891, 0.071547315, 0.042039085, 0.072669245, 0.0529211, 0.03121009, 0.055951487, 0.07620734, 0.04791343, 0.051356636, 0.07165434, 0.07161363, 0.06683916, 0.08509731, 0.06620861, 0.09685473, 0.05788944, 0.0839908, 0.08579228, 0.06449126, 0.09717634, 0.08268292, 0.055343695, 0.09294282, 0.08125645, 0.09244921, 0.087364905], "var": [1.0, 0.98, 0.98, 0.96, 0.94, 0.94, 0.92, 0.92, 0.92, 0.9, 0.9, 0.88, 0.88, 0.84, 0.86, 0.82, 0.8, 0.8, 0.82, 0.8, 0.8, 0.78, 0.8, 0.8, 0.8, 0.78, 0.74, 0.72, 0.72, 0.72, 0.72, 0.7, 0.66, 0.64, 0.6, 0.6, 0.56, 0.56, 0.56, 0.52, 0.54, 0.5, 0.5, 0.48, 0.48, 0.52, 0.56, 0.56, 0.58, 0.6], "best": [0.45, 0.490625, 0.42413795, 0.3888889, 0.48389828, 0.48589742, 0.42631578, 0.39099097, 0.48373014, 0.37412587, 0.4267516, 0.42877907, 0.43078947, 0.3897059, 0.43150684, 0.3918455, 0.39216867, 0.3931818, 0.3942238, 0.39234692, 0.47973856, 0.3970405, 0.39705014, 0.43089887, 0.39798385, 0.39652956, 0.3993827, 0.40107656, 0.4023148, 0.40190583, 0.40021738, 0.4004184, 0.40050504, 0.40215686, 0.4044762, 0.4824074, 0.4835135, 0.42884615, 0.48622447, 0.4154229, 0.48766127, 0.42845914, 0.4889401, 0.49152923, 0.45110133, 0.49370527, 0.49663866, 0.49869683, 0.5009396, 0.50269026], "duration": [53888, 40059, 38564, 39043, 45932, 39735, 39182, 39237, 52507, 38541, 46199, 39629, 39665, 44201, 37604, 38420, 48311, 42929, 37989, 43699, 46859, 49656, 39203, 39478, 38320, 38961, 40103, 39509, 38869, 42911, 45365, 38860, 38966, 43395, 39249, 39028, 38318, 43071, 38829, 43768, 39598, 42739, 48530, 39660, 38189, 40096, 40195, 45917, 39650, 46053]}