{"avg": [0.43333334, 0.43333334, 0.43333334, 0.43, 0.425, 0.44, 0.43333334, 0.42833334, 0.435, 0.44, 0.43833333, 0.43833333, 0.43833333, 0.44, 0.43666667, 0.43, 0.43666667, 0.43833333, 0.44166666, 0.44, 0.44333333, 0.435, 0.43166667, 0.42333335, 0.42166665], "std": [0.20749839, 0.2054805, 0.2054805, 0.20639762, 0.20155638, 0.20346986, 0.20749837, 0.2088393, 0.21297494, 0.20952322, 0.21396393, 0.21590252, 0.20602725, 0.21733226, 0.21052845, 0.21817422, 0.20450485, 0.20399484, 0.21294878, 0.20141163, 0.21241994, 0.2090255, 0.20391315, 0.19988893, 0.21042947], "var": [0.99333334, 0.9866667, 0.9866667, 0.98, 0.98, 0.97333336, 0.96666664, 0.96, 0.96, 0.96, 0.9533333, 0.9533333, 0.94666666, 0.94, 0.93333334, 0.92, 0.91333336, 0.9, 0.9, 0.8933333, 0.8933333, 0.88666666, 0.88666666, 0.87333333, 0.88], "best": [1.0, 1.0, 1.0, 0.75, 1.0, 1.0, 1.0, 1.0, 1.0, 1.0, 1.0, 1.0, 1.0, 1.0, 1.0, 1.0, 0.75, 0.75, 0.75, 0.75, 0.75, 0.75, 0.75, 0.75, 0.75], "duration": [30993, 28854, 30503, 30731, 30602, 30525, 28140, 30443, 30730, 30694, 30791, 29136, 28236, 28152, 26589, 26527, 28293, 28185, 26569, 28304, 28345, 28210, 29894, 29826, 29611]}