{"avg": [0.26031747, 0.2896931, 0.29708436, 0.29300287, 0.29136732, 0.29626632, 0.30863777, 0.31833312, 0.30946973, 0.31060544, 0.31181094, 0.31584927, 0.33424854, 0.31922942, 0.31407407, 0.3212499, 0.33518386, 0.31873247, 0.35092536, 0.3577101, 0.36455414, 0.35642856, 0.31591344, 0.3638096, 0.35215083, 0.3417035, 0.34468254, 0.34640673, 0.34139705, 0.33939987, 0.34370396, 0.3432592, 0.35162863, 0.33660772, 0.35640383, 0.37481165, 0.3722803, 0.3715377, 0.389631, 0.3717235, 0.3837374, 0.4151197, 0.40092692, 0.39036024, 0.3590186, 0.3839776, 0.41558152, 0.42826098, 0.392769, 0.4132908, 0.39636654, 0.41127855, 0.41075984, 0.42633182, 0.41273028, 0.43700287, 0.45831385, 0.4495852, 0.4409517, 0.4575536, 0.4644932, 0.4676755, 0.46647662, 0.46553022, 0.48248827, 0.45525506, 0.46136382, 0.4489886, 0.4666446, 0.45585862, 0.4490817, 0.48143524, 0.48719418, 0.50696594, 0.45827162, 0.45970637, 0.49477583, 0.49059165, 0.49961782, 0.49207875, 0.48698762, 0.49771208, 0.48985127, 0.49863365, 0.5245961, 0.50459343, 0.5125091, 0.5223821, 0.5066439, 0.50753057, 0.5034736, 0.49715233, 0.5455777, 0.5331895, 0.5195919, 0.512481, 0.51353914, 0.5164839, 0.55238765, 0.53535354, 0.57445276, 0.55837643, 0.56009483, 0.5189401, 0.54418415, 0.48680654, 0.5437812, 0.5472137, 0.5693114, 0.5727159, 0.5187026, 0.5476734, 0.5517887, 0.550072, 0.5580829, 0.5704691, 0.54128903, 0.5265122, 0.52358365, 0.557316, 0.57761073, 0.55277383, 0.53519654, 0.5826709, 0.5763539, 0.52614707, 0.5823659, 0.56645423, 0.56467116, 0.56565195, 0.5885173, 0.6092576, 0.5650417, 0.6111111, 0.54148436, 0.5300594, 0.5424621, 0.5618101, 0.5714564, 0.515773, 0.5529169, 0.575932, 0.5564854, 0.5580684, 0.53731865, 0.5578211, 0.6164356, 0.5793548, 0.5798169, 0.58056056], "std": [0.08539034, 0.07409099, 0.04982655, 0.04365753, 0.06961222, 0.07465063, 0.05187532, 0.04808029, 0.080868416, 0.07120215, 0.076668784, 0.07770989, 0.05137784, 0.075628735, 0.083967134, 0.056216814, 0.06477185, 0.053683143, 0.06645616, 0.07849283, 0.07134637, 0.067533754, 0.06031019, 0.0775301, 0.056665897, 0.076664396, 0.057497602, 0.058621917, 0.063176386, 0.058577113, 0.07477624, 0.05272485, 0.069825105, 0.0634153, 0.065153204, 0.06946552, 0.07483374, 0.07485566, 0.07134742, 0.076622404, 0.0743906, 0.05251444, 0.065926276, 0.061339684, 0.0710896, 0.063798234, 0.06765056, 0.06496717, 0.07389806, 0.06539881, 0.07773713, 0.07281903, 0.079676546, 0.07113699, 0.078243695, 0.055566028, 0.056344617, 0.069892086, 0.07636778, 0.054348387, 0.052466765, 0.055850863, 0.07260132, 0.074662656, 0.047597874, 0.08397729, 0.08101272, 0.0742349, 0.083077304, 0.08845266, 0.097399004, 0.05307162, 0.07203664, 0.052018207, 0.089515395, 0.105506755, 0.064243495, 0.088408835, 0.079913996, 0.08301148, 0.08525137, 0.089932434, 0.10309001, 0.09400179, 0.0702893, 0.08640254, 0.08037933, 0.07043731, 0.09757296, 0.091900416, 0.09858719, 0.105351344, 0.037596934, 0.07277892, 0.09703484, 0.10558141, 0.10604405, 0.10708639, 0.06607022, 0.09608214, 5.9604645e-08, 0.0692469, 0.0643275, 0.11486419, 0.095961556, 0.13465767, 0.09906611, 0.093870685, 0.061932273, 0.055023797, 0.12630084, 0.0976466, 0.096131615, 0.09846308, 0.09098038, 0.077914655, 0.11407127, 0.12848884, 0.12328979, 0.10054184, 0.07413329, 0.1028066, 0.12658966, 0.074779265, 0.08244051, 0.12956321, 0.0801829, 0.09995947, 0.106464475, 0.10334756, 0.067012176, 1.1920929e-07, 0.11107467, 0.0, 0.12771058, 0.13738464, 0.12785879, 0.1125398, 0.10573264, 0.14100541, 0.124433026, 0.106269285, 0.12571016, 0.119119465, 0.13980755, 0.120561175, 0.009502622, 0.1073542, 0.10433955, 0.10778585], "var": [0.98, 0.98, 0.98, 0.96, 0.94, 0.94, 0.92, 0.92, 0.92, 0.9, 0.9, 0.88, 0.88, 0.84, 0.82, 0.8, 0.8, 0.78, 0.76, 0.76, 0.76, 0.72, 0.72, 0.72, 0.7, 0.7, 0.72, 0.74, 0.72, 0.74, 0.72, 0.7, 0.68, 0.66, 0.64, 0.62, 0.6, 0.58, 0.58, 0.56, 0.56, 0.56, 0.56, 0.56, 0.58, 0.58, 0.56, 0.54, 0.54, 0.54, 0.52, 0.5, 0.46, 0.44, 0.42, 0.4, 0.38, 0.36, 0.34, 0.34, 0.34, 0.32, 0.28, 0.28, 0.28, 0.3, 0.3, 0.28, 0.28, 0.26, 0.26, 0.24, 0.24, 0.22, 0.2, 0.18, 0.18, 0.18, 0.18, 0.16, 0.14, 0.14, 0.14, 0.14, 0.14, 0.14, 0.14, 0.14, 0.14, 0.12, 0.12, 0.12, 0.1, 0.08, 0.08, 0.06, 0.04, 0.04, 0.04, 0.04, 0.04, 0.04, 0.04, 0.04, 0.04, 0.04, 0.04, 0.04, 0.04, 0.04, 0.04, 0.04, 0.04, 0.04, 0.04, 0.04, 0.04, 0.04, 0.04, 0.04, 0.04, 0.04, 0.04, 0.04, 0.04, 0.04, 0.04, 0.04, 0.04, 0.04, 0.04, 0.04, 0.04, 0.04, 0.04, 0.04, 0.04, 0.04, 0.04, 0.04, 0.04, 0.04, 0.04, 0.04, 0.04, 0.04, 0.04, 0.04, 0.04, 0.04], "best": [0.4333333, 0.46222222, 0.36396822, 0.3578231, 0.45502642, 0.45609757, 0.40081772, 0.40355125, 0.45456788, 0.41857144, 0.45691058, 0.45819208, 0.45876288, 0.4591346, 0.45970368, 0.46164572, 0.46233594, 0.4126867, 0.4625874, 0.46524587, 0.46800825, 0.47117648, 0.42252544, 0.47186378, 0.42539683, 0.47260725, 0.42952383, 0.47308865, 0.47354028, 0.47362006, 0.47395834, 0.47442642, 0.4746249, 0.4745247, 0.47435424, 0.47489563, 0.4761324, 0.4769666, 0.47929707, 0.48145762, 0.48252475, 0.4836124, 0.48524022, 0.486531, 0.4867424, 0.4869828, 0.4875513, 0.48906806, 0.49114034, 0.49201027, 0.49300465, 0.49431396, 0.49596933, 0.49722877, 0.49836636, 0.49942592, 0.50075245, 0.5036176, 0.5058568, 0.5073639, 0.5092592, 0.51108813, 0.513042, 0.5153487, 0.5174541, 0.51970285, 0.52113974, 0.5227244, 0.52387136, 0.5253357, 0.52667266, 0.5279608, 0.5296166, 0.5316897, 0.5340728, 0.53501683, 0.5363259, 0.5385161, 0.54033387, 0.5424701, 0.54426956, 0.54560995, 0.54709196, 0.54865754, 0.55038756, 0.55216527, 0.55358803, 0.5553217, 0.5569514, 0.5586052, 0.55981284, 0.5610648, 0.56231683, 0.5643148, 0.56583834, 0.56708807, 0.5684868, 0.5698764, 0.57113403, 0.5730401, 0.5744528, 0.576256, 0.577936, 0.5793534, 0.5804542, 0.58184737, 0.5826381, 0.58387476, 0.5853021, 0.58679026, 0.5887616, 0.5897203, 0.5909363, 0.5924301, 0.5935975, 0.5948382, 0.5959596, 0.59688836, 0.5975315, 0.59825677, 0.5991435, 0.600364, 0.6013058, 0.60197884, 0.6031472, 0.60405105, 0.60460454, 0.60556656, 0.6064299, 0.60728043, 0.6081956, 0.60925746, 0.61038774, 0.6111111, 0.6121398, 0.612746, 0.61319995, 0.61378884, 0.6145213, 0.61518735, 0.6154611, 0.6160981, 0.61687464, 0.6174926, 0.61803657, 0.61837924, 0.6189752, 0.6199309, 0.6206512, 0.6212998], "duration": [43023, 39967, 52512, 42741, 49734, 47848, 45552, 38702, 38268, 39622, 38990, 39360, 40213, 39198, 46265, 39331, 45482, 46135, 46211, 46106, 53501, 39708, 37699, 39863, 45618, 39503, 38091, 38977, 39030, 39012, 39533, 39457, 39323, 45545, 44802, 39693, 39674, 45616, 40102, 45970, 46765, 46330, 39695, 40145, 39346, 39213, 46808, 40060, 39764, 46672, 45890, 39719, 46554, 40143, 46841, 40135, 47348, 47136, 40416, 40398, 40386, 47167, 40227, 53799, 47172, 53491, 40392, 40114, 40519, 40264, 46931, 40354, 47284, 48121, 40460, 40193, 47042, 40402, 40352, 40336, 40324, 40512, 40327, 40295, 40559, 40721, 40652, 40682, 40461, 40461, 40636, 40329, 53934, 47325, 40648, 40993, 40691, 40298, 40417, 40432, 40620, 40592, 40560, 40364, 40522, 40313, 40584, 47323, 40518, 53915, 40465, 40468, 53881, 40436, 40572, 40619, 40514, 40656, 40455, 40420, 40561, 40393, 40548, 40489, 40347, 40415, 40776, 40534, 40544, 40485, 40403, 40589, 40584, 40469, 40448, 40143, 40350, 40439, 40493, 40516, 40524, 47372, 40402, 40588, 40496, 40392, 40519, 40380, 40428, 40373]}