{"avg": [0.25659862, 0.2830023, 0.28643754, 0.2865681, 0.2863707, 0.2913975, 0.30575526, 0.30370066, 0.3073195, 0.29562387, 0.29825497, 0.29868883, 0.29313114, 0.30647525, 0.30252102, 0.27947283, 0.28376228, 0.31507212, 0.32885242, 0.33300987, 0.29147288, 0.31794602, 0.34009072, 0.30350807, 0.291312, 0.33195964, 0.3347963, 0.30724168, 0.3383337, 0.3396588, 0.33862472, 0.3244881, 0.341044, 0.31897056, 0.3136484, 0.3322808, 0.33264577, 0.3175594, 0.33652443, 0.3497956, 0.3453656, 0.33569717, 0.36190906, 0.3653998, 0.37122673, 0.34538344, 0.34580788, 0.3442987, 0.37621456, 0.3581258], "std": [0.08566395, 0.074383736, 0.046526488, 0.043199513, 0.07296304, 0.07496799, 0.054745484, 0.06439537, 0.047682494, 0.053729672, 0.04214185, 0.05952372, 0.06686231, 0.07111708, 0.058093604, 0.06979904, 0.07412145, 0.07376956, 0.05608371, 0.035017166, 0.06936592, 0.07967052, 0.0412491, 0.07880292, 0.08012333, 0.065054946, 0.04969596, 0.04982847, 0.052081324, 0.053082936, 0.06422981, 0.06617963, 0.04540577, 0.05623349, 0.05905446, 0.04791503, 0.078333646, 0.090104826, 0.05186706, 0.07070855, 0.07392817, 0.056092363, 0.045079146, 0.044869974, 0.033836424, 0.05349577, 0.057058718, 0.08026443, 0.049176123, 0.07747896], "var": [0.98, 0.98, 0.98, 0.96, 0.94, 0.94, 0.92, 0.92, 0.9, 0.9, 0.86, 0.84, 0.84, 0.84, 0.82, 0.8, 0.8, 0.78, 0.78, 0.78, 0.78, 0.8, 0.8, 0.78, 0.76, 0.78, 0.78, 0.78, 0.76, 0.78, 0.82, 0.8, 0.84, 0.82, 0.82, 0.78, 0.76, 0.76, 0.72, 0.72, 0.68, 0.68, 0.66, 0.68, 0.64, 0.62, 0.62, 0.6, 0.58, 0.58], "best": [0.42857143, 0.45333335, 0.35891157, 0.3536443, 0.44716552, 0.44808364, 0.39253762, 0.4484472, 0.3966091, 0.3958625, 0.38030168, 0.39628944, 0.35925928, 0.44891986, 0.39684182, 0.39614514, 0.39622736, 0.39672235, 0.39885893, 0.39886928, 0.36105442, 0.45121953, 0.45137843, 0.3627451, 0.39904875, 0.3987384, 0.45194155, 0.40045026, 0.40051845, 0.4538903, 0.40225014, 0.40230337, 0.40300027, 0.40258953, 0.40295383, 0.40350708, 0.40382835, 0.45605913, 0.40494457, 0.4572827, 0.45840865, 0.40799975, 0.40829214, 0.4082413, 0.40942594, 0.41022992, 0.41088063, 0.41174433, 0.46272144, 0.41360545], "duration": [42670, 39583, 52182, 42605, 49427, 47572, 38883, 38406, 44811, 38941, 38410, 37950, 37984, 38710, 39376, 38341, 38725, 46108, 39153, 46007, 38922, 45417, 39172, 39257, 38540, 39546, 38823, 44924, 39635, 51583, 39461, 45023, 39265, 38561, 38407, 44873, 39461, 39444, 45532, 45955, 39435, 45523, 39156, 39745, 39468, 45590, 52562, 36140, 39760, 53078]}