{"avg": [0.26640213, 0.28138226, 0.26374105, 0.28638768, 0.2900621, 0.27118552, 0.27949, 0.27771384, 0.28027132, 0.2739817, 0.29288128, 0.26753375, 0.27196735, 0.2864728, 0.27290606, 0.27760822, 0.2732833, 0.309161, 0.28403634, 0.30531418, 0.29581833, 0.280915, 0.27768973, 0.2920839, 0.29776457, 0.3094797, 0.3260332, 0.29921478, 0.30209282, 0.31574097, 0.26704633, 0.28593338, 0.2954946, 0.29213974, 0.29775155, 0.2817134, 0.2969876, 0.2963053, 0.2742152, 0.28134745, 0.2970535, 0.2862286, 0.31453, 0.32854807, 0.29594854, 0.27991545, 0.27463153, 0.3237583, 0.31858546, 0.31249252], "std": [0.06744578, 0.06524912, 0.06890538, 0.038746595, 0.04215817, 0.06783134, 0.048242185, 0.048102554, 0.049373835, 0.04828788, 0.04910099, 0.06326762, 0.056887355, 0.06482078, 0.055266522, 0.060014367, 0.0676023, 0.04948162, 0.056822088, 0.05952404, 0.04586662, 0.053455837, 0.062274065, 0.053059682, 0.0586127, 0.060602784, 0.065014474, 0.052110735, 0.050362542, 0.03983996, 0.06738099, 0.03847807, 0.036433093, 0.057094835, 0.05885066, 0.061670553, 0.061819877, 0.053623773, 0.072186604, 0.058076277, 0.07659964, 0.063896544, 0.044028528, 0.04288175, 0.059894398, 0.070730105, 0.061396945, 0.04756778, 0.058951374, 0.058281533], "var": [0.99333334, 0.9866667, 0.9866667, 0.98, 0.97333336, 0.97333336, 0.96666664, 0.96, 0.96, 0.96, 0.9533333, 0.9533333, 0.96, 0.96, 0.96, 0.96, 0.9533333, 0.94666666, 0.94, 0.94, 0.94, 0.94, 0.94, 0.94, 0.93333334, 0.9266667, 0.9266667, 0.91333336, 0.92, 0.9266667, 0.92, 0.92, 0.92, 0.92, 0.91333336, 0.9066667, 0.9066667, 0.9, 0.9, 0.9, 0.88666666, 0.88, 0.88, 0.87333333, 0.87333333, 0.8666667, 0.86, 0.8466667, 0.8466667, 0.8466667], "best": [0.39523807, 0.42301586, 0.38137257, 0.38653848, 0.3884058, 0.3738095, 0.3830128, 0.3872222, 0.34378883, 0.34746742, 0.3764368, 0.36245325, 0.38405105, 0.3852929, 0.35977754, 0.3487867, 0.378777, 0.44279277, 0.443949, 0.44451156, 0.3707054, 0.38043478, 0.38195166, 0.40789318, 0.3857143, 0.44421613, 0.4347985, 0.4358555, 0.3827211, 0.43817973, 0.44497454, 0.3452381, 0.35759518, 0.38601193, 0.382211, 0.34373784, 0.44585988, 0.3550199, 0.36944923, 0.34852943, 0.40738538, 0.35904098, 0.38431105, 0.40758213, 0.44647518, 0.38014457, 0.3587341, 0.43685246, 0.44691357, 0.43778297], "duration": [43283, 44010, 42414, 42806, 39177, 39583, 39124, 37565, 50226, 38906, 43223, 33408, 42410, 38883, 43709, 43548, 38470, 38969, 38888, 38689, 49802, 48239, 44709, 43949, 48187, 39734, 39567, 47757, 39852, 38624, 38676, 37440, 46957, 43251, 49260, 43930, 39443, 39011, 42933, 38844, 43275, 39175, 42998, 48354, 37787, 38631, 38264, 39538, 38629, 48106]}