{"avg": [0.24910715, 0.28296956, 0.26739028, 0.27452993, 0.26240602, 0.28123543, 0.28202838, 0.27314377, 0.29109922, 0.29444277, 0.29917216, 0.30009878, 0.29507706, 0.2894494, 0.28447905, 0.30933896, 0.31666356, 0.3379228, 0.28243402, 0.29811174, 0.31658268, 0.2996704, 0.29189697, 0.30077946, 0.3096044, 0.2866814, 0.30373147, 0.2915825, 0.30766922, 0.30553123, 0.31406647, 0.28999233, 0.32177493, 0.30542076, 0.30644646, 0.31646943, 0.29568714, 0.30214798, 0.28003997, 0.304698, 0.2976403, 0.3089167, 0.31788418, 0.3176559, 0.3231542, 0.31170228, 0.315066, 0.32704693, 0.32711557, 0.34535426], "std": [0.066405065, 0.054589324, 0.06191504, 0.05031426, 0.06291583, 0.05989835, 0.055223327, 0.06271592, 0.039995756, 0.04527957, 0.049709927, 0.042403907, 0.07946452, 0.06475542, 0.081679456, 0.049851112, 0.059382018, 0.04779937, 0.045816652, 0.051551864, 0.04969435, 0.062027324, 0.042260785, 0.051381037, 0.049187124, 0.06369157, 0.06271033, 0.036966667, 0.053758726, 0.043312315, 0.06554224, 0.05039884, 0.056343127, 0.049130946, 0.05370309, 0.043658827, 0.066290654, 0.057927392, 0.048419446, 0.058685385, 0.0627168, 0.058653783, 0.053106777, 0.060666006, 0.060824066, 0.057365835, 0.05402481, 0.03824836, 0.062287416, 0.05365513], "var": [1.0, 0.992, 0.984, 0.984, 0.984, 0.976, 0.968, 0.968, 0.96, 0.944, 0.936, 0.92, 0.912, 0.912, 0.904, 0.904, 0.904, 0.912, 0.912, 0.912, 0.912, 0.912, 0.904, 0.904, 0.904, 0.896, 0.896, 0.896, 0.888, 0.888, 0.88, 0.872, 0.856, 0.864, 0.864, 0.864, 0.864, 0.864, 0.872, 0.872, 0.872, 0.864, 0.864, 0.856, 0.848, 0.84, 0.824, 0.824, 0.816, 0.816], "best": [0.34761906, 0.41190472, 0.3565826, 0.35567763, 0.351457, 0.35924697, 0.4080586, 0.36150792, 0.38115942, 0.37777779, 0.3829502, 0.38192984, 0.44508854, 0.44627976, 0.40889928, 0.38441893, 0.44746375, 0.44846416, 0.36241007, 0.38109756, 0.40062293, 0.4109298, 0.36336222, 0.41173467, 0.3840302, 0.3863388, 0.38581058, 0.3559163, 0.40136907, 0.38638496, 0.41034833, 0.40150377, 0.40186152, 0.3880869, 0.39967442, 0.3866556, 0.44676375, 0.41242886, 0.38735506, 0.41255152, 0.40230128, 0.3962203, 0.38802567, 0.40886208, 0.40180233, 0.4121865, 0.41241494, 0.38911477, 0.44670758, 0.41314673], "duration": [38353, 39008, 49008, 38894, 48794, 46039, 42713, 38189, 44235, 38886, 39304, 39927, 39988, 44599, 38603, 39304, 39526, 40020, 38786, 38830, 40166, 46469, 39817, 39996, 39382, 44064, 35224, 39015, 38585, 39279, 39334, 39299, 39888, 43336, 39357, 39562, 39658, 39996, 39690, 34423, 38817, 38830, 35282, 46699, 44425, 39809, 43597, 39471, 39343, 39942]}