{"avg": [0.25777778, 0.30558726, 0.2928345, 0.2901515, 0.30631053, 0.2758053, 0.28935117, 0.314141, 0.3198376, 0.31910795, 0.29055673, 0.31756353, 0.28537053, 0.31647024, 0.32111153, 0.31965223, 0.32742694, 0.31750694, 0.34269395, 0.32634, 0.3067457, 0.32718945, 0.32758182, 0.3253951, 0.33833688, 0.3310927, 0.34413385, 0.35352844, 0.35719275, 0.34671253, 0.3520588, 0.35245916, 0.35733348, 0.33913597, 0.35988247, 0.33545548, 0.32789615, 0.36757025, 0.33514795, 0.3419193, 0.33455816, 0.3531464, 0.31409216, 0.37283522, 0.34447083, 0.33712986, 0.3618419, 0.36348316, 0.35166532, 0.37737468], "std": [0.08726752, 0.061447695, 0.04251061, 0.0607121, 0.041477855, 0.052936327, 0.06433345, 0.052997097, 0.050968915, 0.05288312, 0.045055583, 0.05140215, 0.062569305, 0.049598526, 0.059260506, 0.051204033, 0.031698104, 0.046989888, 0.036589112, 0.04629379, 0.05720686, 0.060659323, 0.054777462, 0.043879982, 0.048979003, 0.05769955, 0.047227822, 0.06437265, 0.038541853, 0.049314335, 0.036499962, 0.03265709, 0.055666085, 0.049754027, 0.047383513, 0.0764272, 0.06920347, 0.03920618, 0.069733635, 0.06588916, 0.061866533, 0.06620595, 0.065164395, 0.06491354, 0.07434746, 0.07869581, 0.06078471, 0.06110436, 0.07676975, 0.04255208], "var": [0.98, 0.98, 0.98, 0.96, 0.94, 0.9, 0.88, 0.86, 0.86, 0.88, 0.88, 0.84, 0.82, 0.8, 0.78, 0.76, 0.74, 0.74, 0.74, 0.74, 0.7, 0.66, 0.64, 0.66, 0.62, 0.6, 0.58, 0.58, 0.6, 0.62, 0.6, 0.62, 0.6, 0.58, 0.58, 0.6, 0.6, 0.58, 0.58, 0.58, 0.54, 0.54, 0.54, 0.54, 0.54, 0.52, 0.54, 0.56, 0.58, 0.56], "best": [0.4333333, 0.46222222, 0.34857145, 0.3587662, 0.35786924, 0.3624127, 0.364709, 0.44923544, 0.45146665, 0.45324072, 0.36542442, 0.40125036, 0.3881816, 0.45112178, 0.4044473, 0.40623018, 0.36733374, 0.36767194, 0.4063045, 0.4068164, 0.369671, 0.4070003, 0.44851956, 0.39228466, 0.39303836, 0.40822515, 0.44879225, 0.44930232, 0.41022253, 0.41165993, 0.4125202, 0.398944, 0.45800266, 0.4130701, 0.4132285, 0.45979986, 0.41446242, 0.4145726, 0.46188882, 0.4170046, 0.4482484, 0.46169066, 0.4185722, 0.46232036, 0.4629232, 0.46288672, 0.44947124, 0.4635028, 0.45008817, 0.46459842], "duration": [42707, 39121, 38630, 47384, 38725, 45147, 51916, 38448, 58562, 38481, 44558, 39004, 38503, 44745, 39637, 38910, 38204, 38456, 38737, 38598, 39081, 39592, 38622, 38254, 39097, 38597, 38849, 38932, 38721, 45410, 39325, 45627, 38595, 38910, 45646, 38380, 38693, 38814, 39303, 38951, 39324, 39287, 38480, 38826, 39098, 39230, 39094, 38963, 39104, 38992]}