{"avg": [0.27019048, 0.28556573, 0.287699, 0.28784508, 0.28611526, 0.28667277, 0.28552124, 0.28413147, 0.29058978, 0.28910097, 0.2921194, 0.29028016, 0.29326656, 0.2941428, 0.29227147, 0.28993133, 0.29020917, 0.28518444, 0.28261304, 0.28248632, 0.28301638, 0.28467745, 0.28132758, 0.29137698, 0.2923085, 0.285865, 0.29168245, 0.2939807, 0.3017781, 0.3003358, 0.3008287, 0.29350325, 0.2976232, 0.29375827, 0.2916604, 0.2912583, 0.29045212, 0.29322013, 0.293725, 0.29740277, 0.30307665, 0.30937156, 0.310514, 0.31114998, 0.30486774, 0.30296242, 0.29878354, 0.29243177, 0.2963312, 0.29811487], "std": [0.064367205, 0.06527622, 0.06060193, 0.057772435, 0.059379637, 0.05780654, 0.060669485, 0.054854907, 0.05743138, 0.057328332, 0.060222164, 0.060024723, 0.05887818, 0.06423936, 0.06361204, 0.06540815, 0.06416401, 0.061115548, 0.060135167, 0.059408896, 0.059128176, 0.0595192, 0.06296743, 0.066830754, 0.0635575, 0.06635757, 0.069001935, 0.068956584, 0.074797094, 0.076856755, 0.07554427, 0.07167408, 0.07629985, 0.07559949, 0.07441816, 0.07088059, 0.06994232, 0.072830506, 0.071702994, 0.075081386, 0.07513432, 0.08049471, 0.08441885, 0.08545963, 0.08348484, 0.078558974, 0.071024075, 0.073328234, 0.08016544, 0.07825172], "var": [0.98, 0.96, 0.96, 0.98, 0.96, 0.96, 0.94, 0.92, 0.92, 0.92, 0.92, 0.9, 0.86, 0.84, 0.84, 0.84, 0.84, 0.84, 0.82, 0.8, 0.76, 0.76, 0.76, 0.76, 0.8, 0.8, 0.78, 0.76, 0.76, 0.76, 0.78, 0.78, 0.78, 0.78, 0.78, 0.8, 0.8, 0.8, 0.8, 0.8, 0.78, 0.76, 0.78, 0.8, 0.8, 0.82, 0.82, 0.8, 0.8, 0.8], "best": [0.4333333, 0.44999996, 0.45099998, 0.45155552, 0.45166662, 0.45173332, 0.4518889, 0.45180953, 0.45175, 0.45237038, 0.45286664, 0.45345452, 0.4538889, 0.4542564, 0.4550476, 0.45577776, 0.45645833, 0.45705882, 0.45718518, 0.45722806, 0.4572333, 0.45726982, 0.45727274, 0.45733333, 0.45783332, 0.45829332, 0.45869228, 0.45930862, 0.45988095, 0.4607356, 0.4614444, 0.462086, 0.51586014, 0.5164011, 0.5167143, 0.51702857, 0.5171587, 0.51728183, 0.5173985, 0.5175262, 0.51779765, 0.51805574, 0.5184444, 0.5189701, 0.5194567, 0.519818, 0.52001864, 0.5200689, 0.52008927, 0.5202177], "duration": [100142, 100462, 100062, 101599, 99980, 102306, 101509, 97519, 96773, 96695, 98464, 97168, 97353, 98188, 97792, 98484, 98017, 96263, 96474, 93747, 95299, 94057, 94647, 92264, 92246, 91952, 91286, 91857, 91894, 92023, 93306, 93192, 93370, 90021, 88801, 89567, 88050, 92181, 93235, 92286, 93570, 97630, 96892, 96182, 94049, 96148, 95950, 95921, 95920, 95825]}