{"avg": [0.94666666, 0.94666666, 0.94666666, 0.94666666, 0.94666666, 0.94666666, 0.94666666, 0.94666666, 0.94666666, 0.94, 0.94, 0.94, 0.94, 0.94, 0.94, 0.94, 0.94, 0.94, 0.94, 0.94, 0.94, 0.94, 0.94, 0.94, 0.94], "std": [0.22469717, 0.22469717, 0.22469717, 0.22469716, 0.22469717, 0.22469717, 0.22469716, 0.22469716, 0.22469716, 0.23748696, 0.23748696, 0.23748696, 0.23748696, 0.23748696, 0.23748696, 0.23748696, 0.23748696, 0.23748696, 0.23748696, 0.23748696, 0.23748696, 0.23748696, 0.23748696, 0.23748696, 0.23748696], "var": [0.9866667, 0.98, 0.98, 0.97333336, 0.96666664, 0.9533333, 0.9533333, 0.94666666, 0.93333334, 0.9266667, 0.91333336, 0.91333336, 0.91333336, 0.9066667, 0.91333336, 0.9066667, 0.91333336, 0.9066667, 0.9, 0.9066667, 0.9066667, 0.9, 0.8933333, 0.8933333, 0.88], "best": [1.0, 1.0, 1.0, 1.0, 1.0, 1.0, 1.0, 1.0, 1.0, 1.0, 1.0, 1.0, 1.0, 1.0, 1.0, 1.0, 1.0, 1.0, 1.0, 1.0, 1.0, 1.0, 1.0, 1.0, 1.0], "duration": [30966, 32019, 31154, 30884, 31478, 30522, 34137, 30994, 30851, 31962, 31259, 30950, 31074, 31229, 31394, 31231, 30770, 31161, 31243, 32071, 31284, 31324, 30795, 31810, 31748]}