{"avg": [0.25777778, 0.30812696, 0.2928345, 0.28761184, 0.27163842, 0.28942248, 0.2954795, 0.30156705, 0.2990539, 0.32268694, 0.2916427, 0.30695593, 0.30094033, 0.30124912, 0.29571372, 0.32024986, 0.3102841, 0.27015972, 0.31551898, 0.2992519, 0.29147398, 0.30762196, 0.31969774, 0.32582352, 0.3117803, 0.32685152, 0.316085, 0.2928315, 0.3356667, 0.3222222, 0.29488307, 0.32484394, 0.33076888, 0.32299942, 0.31276923, 0.3464375, 0.32759017, 0.31912795, 0.34428805, 0.3289552, 0.3393203, 0.34550628, 0.34075892, 0.34471545, 0.35033295, 0.3301894, 0.36512125, 0.36712298, 0.3682395, 0.36753875], "std": [0.08726752, 0.05777426, 0.04251061, 0.059325732, 0.061776083, 0.06750575, 0.04315685, 0.04687598, 0.047682304, 0.060633548, 0.03877357, 0.04921514, 0.04774264, 0.041626506, 0.04840519, 0.05670517, 0.059566095, 0.059819553, 0.043720122, 0.057124246, 0.066820845, 0.06309036, 0.044159293, 0.054258797, 0.06516375, 0.050470356, 0.06816628, 0.07311489, 0.04980567, 0.063079834, 0.062270373, 0.07905226, 0.069102935, 0.05621315, 0.04601781, 0.054426897, 0.07902798, 0.07523913, 0.05272916, 0.057578523, 0.05274772, 0.06536987, 0.06780168, 0.077909596, 0.0595177, 0.07764339, 0.03817787, 0.05724135, 0.10196045, 0.06725222], "var": [0.98, 0.98, 0.98, 0.98, 0.98, 0.96, 0.94, 0.92, 0.92, 0.94, 0.94, 0.94, 0.92, 0.9, 0.88, 0.86, 0.86, 0.82, 0.8, 0.78, 0.76, 0.76, 0.74, 0.76, 0.74, 0.7, 0.7, 0.68, 0.66, 0.64, 0.62, 0.58, 0.58, 0.56, 0.58, 0.58, 0.54, 0.52, 0.52, 0.48, 0.5, 0.48, 0.48, 0.48, 0.46, 0.44, 0.44, 0.46, 0.46, 0.44], "best": [0.4333333, 0.46222222, 0.34857145, 0.3587662, 0.34439063, 0.45090088, 0.35989416, 0.38683736, 0.36345336, 0.44844124, 0.3597431, 0.38957453, 0.36278465, 0.39152908, 0.39245662, 0.3933126, 0.4477551, 0.34625593, 0.39504966, 0.39530244, 0.44797006, 0.44908535, 0.3953077, 0.44976524, 0.41258225, 0.451436, 0.45223626, 0.45271695, 0.45317647, 0.45366588, 0.40161863, 0.45421088, 0.4553046, 0.4561089, 0.40276322, 0.45642945, 0.4571515, 0.4577581, 0.45787355, 0.45802465, 0.45819673, 0.45829332, 0.45958653, 0.45974746, 0.4607495, 0.46174625, 0.46222222, 0.4623148, 0.46344233, 0.4660889], "duration": [43012, 39446, 39059, 47649, 38894, 39042, 39704, 39873, 39165, 39111, 42971, 39758, 38817, 39593, 39488, 52239, 39650, 38940, 45403, 37397, 39407, 39750, 39517, 39315, 40016, 39569, 39210, 39436, 39531, 40098, 38556, 46105, 39122, 39669, 38997, 39690, 39880, 38473, 39719, 38591, 40138, 46430, 39825, 40314, 39348, 39315, 40129, 40067, 40436, 40093]}