{"avg": [0.26031747, 0.2896931, 0.29307437, 0.2875607, 0.2933723, 0.29178455, 0.30663276, 0.320574, 0.31279385, 0.32797393, 0.30525985, 0.29244378, 0.31779337, 0.33182698, 0.30252457, 0.29066408, 0.2958596, 0.3132225, 0.3234284, 0.32197237, 0.33705634, 0.32318807, 0.32491425, 0.3521807, 0.32083774, 0.3316349, 0.3615567, 0.33856362, 0.35222402, 0.34366575, 0.32028988, 0.34795284, 0.35721305, 0.35739267, 0.34723952, 0.3439616, 0.35837865, 0.3860299, 0.36238262, 0.39754602, 0.39114925, 0.35985914, 0.38639978, 0.39794835, 0.34388167, 0.3619986, 0.3550426, 0.3721354, 0.38567388, 0.39544326], "std": [0.08539034, 0.07409099, 0.04923542, 0.046428565, 0.070225514, 0.07210073, 0.05051663, 0.0491792, 0.07701867, 0.06492253, 0.061064214, 0.052616376, 0.066073194, 0.052661356, 0.07257436, 0.07471012, 0.072448604, 0.06462915, 0.0511927, 0.064644374, 0.04978087, 0.06617366, 0.049229484, 0.044368874, 0.05698194, 0.0523067, 0.044258814, 0.057240274, 0.050435733, 0.05954115, 0.059014674, 0.042831883, 0.06851858, 0.0815477, 0.06796338, 0.0818867, 0.077039964, 0.057074655, 0.08722393, 0.043036018, 0.045823995, 0.08613925, 0.05877064, 0.0632771, 0.08278645, 0.083845556, 0.0978134, 0.08425175, 0.08510827, 0.07085641], "var": [0.98, 0.98, 0.98, 0.96, 0.94, 0.94, 0.92, 0.92, 0.88, 0.88, 0.88, 0.86, 0.84, 0.82, 0.82, 0.8, 0.78, 0.78, 0.76, 0.72, 0.72, 0.72, 0.72, 0.72, 0.74, 0.7, 0.66, 0.62, 0.62, 0.6, 0.58, 0.6, 0.6, 0.58, 0.58, 0.6, 0.62, 0.62, 0.62, 0.58, 0.56, 0.54, 0.54, 0.52, 0.54, 0.5, 0.52, 0.48, 0.5, 0.52], "best": [0.4333333, 0.46222222, 0.36396822, 0.3578231, 0.45502642, 0.45609757, 0.40081772, 0.40355125, 0.45456788, 0.4561403, 0.36167526, 0.36396825, 0.455102, 0.45581758, 0.39028823, 0.40622565, 0.45487177, 0.45587876, 0.4063547, 0.4075975, 0.45603713, 0.41024235, 0.4119449, 0.42169026, 0.40323174, 0.45574713, 0.4563191, 0.45716473, 0.45783222, 0.42168513, 0.431608, 0.4246352, 0.45782974, 0.45816004, 0.45847094, 0.43789998, 0.45893884, 0.45897865, 0.46, 0.460844, 0.46138975, 0.44298804, 0.46120217, 0.45189503, 0.45074406, 0.4614279, 0.46173003, 0.4538051, 0.4619234, 0.4610522], "duration": [43429, 40195, 53960, 43484, 50562, 48216, 46295, 39127, 45581, 40380, 37496, 38841, 46517, 39962, 45079, 38699, 38867, 46720, 46031, 39212, 45338, 46048, 39932, 39189, 39703, 39819, 39647, 40041, 45935, 52858, 38536, 39430, 40224, 39795, 39165, 45961, 39945, 39587, 40106, 40134, 40157, 46100, 39371, 46597, 44863, 40187, 39922, 39804, 39777, 47135]}