{"avg": [0.32428572, 0.3586984, 0.3688659, 0.3661807, 0.36063078, 0.36631736, 0.38692945, 0.3931616, 0.3854356, 0.39035204, 0.38578132, 0.38961807, 0.40935993, 0.39383385, 0.38530046, 0.39556086, 0.41924503, 0.39561594, 0.42701113, 0.43904045, 0.4510511, 0.44071755, 0.39699852, 0.43685165, 0.41821924, 0.4223971, 0.42335936, 0.44291776, 0.41866884, 0.4259667, 0.4114647, 0.4448717, 0.45031637, 0.40355012, 0.45072046, 0.47013795, 0.4344485, 0.48517162, 0.4527204, 0.46056125, 0.4559188, 0.4303986, 0.48793757, 0.48219755, 0.4690227, 0.4876895, 0.44878203, 0.4608074, 0.48827124, 0.47214788], "std": [0.11276669, 0.09379252, 0.0630864, 0.055127148, 0.091105126, 0.09266504, 0.06639174, 0.06182603, 0.10002345, 0.09453566, 0.09586186, 0.09989288, 0.06800162, 0.09511361, 0.10511722, 0.071515866, 0.076699406, 0.07045311, 0.085871786, 0.09785852, 0.08765808, 0.081448205, 0.07585008, 0.09838459, 0.09142031, 0.092720404, 0.073489316, 0.070967935, 0.09230996, 0.0626925, 0.08327394, 0.09957484, 0.0648701, 0.07855909, 0.10110177, 0.06976549, 0.10499482, 0.094971105, 0.10516691, 0.08163754, 0.068173215, 0.07935573, 0.07512648, 0.07681086, 0.08152271, 0.096130185, 0.07919672, 0.07290899, 0.07783217, 0.08778706], "var": [0.98, 0.98, 0.98, 0.96, 0.94, 0.94, 0.92, 0.92, 0.92, 0.9, 0.9, 0.88, 0.88, 0.84, 0.82, 0.8, 0.8, 0.78, 0.76, 0.76, 0.74, 0.7, 0.7, 0.7, 0.68, 0.68, 0.7, 0.72, 0.7, 0.7, 0.7, 0.7, 0.68, 0.68, 0.7, 0.66, 0.64, 0.62, 0.6, 0.6, 0.56, 0.6, 0.58, 0.6, 0.6, 0.58, 0.54, 0.54, 0.52, 0.5], "best": [0.55, 0.57166666, 0.44797617, 0.44336733, 0.5662699, 0.56707317, 0.5006133, 0.50266343, 0.56592596, 0.5675, 0.5676829, 0.5686441, 0.5690722, 0.56935096, 0.5697778, 0.57123435, 0.57155514, 0.50960726, 0.5715909, 0.57344264, 0.5755418, 0.5779412, 0.51710474, 0.5783602, 0.57952195, 0.5793317, 0.5213095, 0.5792431, 0.5799335, 0.5221659, 0.57994795, 0.5799595, 0.52274954, 0.52145576, 0.58194447, 0.5831982, 0.5839755, 0.584753, 0.58656716, 0.5880049, 0.58875394, 0.5889482, 0.5887519, 0.5898026, 0.59055793, 0.59108394, 0.59228396, 0.5923518, 0.5924572, 0.59337854], "duration": [38026, 39782, 52735, 42921, 49718, 47757, 45610, 38677, 38314, 39373, 38739, 39274, 39355, 38895, 46203, 39411, 45155, 45228, 45888, 46185, 51460, 39449, 37734, 40024, 45528, 38895, 39115, 39611, 39181, 38677, 39197, 39328, 39363, 38781, 45316, 39151, 38608, 39747, 40016, 45979, 45921, 39386, 39668, 39986, 39987, 39364, 39695, 45854, 40152, 39569]}