{"avg": [0.1952381, 0.2288254, 0.23434834, 0.22904518, 0.22896822, 0.2309541, 0.24246792, 0.2531299, 0.2479723, 0.25675684, 0.24538973, 0.23353176, 0.25615436, 0.2620262, 0.24042138, 0.23593387, 0.24272344, 0.24805692, 0.24235964, 0.23536204, 0.2637382, 0.23860666, 0.27706218, 0.27674717, 0.262425, 0.27234977, 0.25338316, 0.25861356, 0.2620856, 0.28259292, 0.262808, 0.27600762, 0.26196268, 0.28067955, 0.25741723, 0.31141785, 0.2831122, 0.26818758, 0.26773384, 0.28226817, 0.30842587, 0.29114828, 0.31609276, 0.2890336, 0.3079798, 0.31052575, 0.30428222, 0.30710128, 0.29123887, 0.2919102], "std": [0.06404275, 0.055207532, 0.03822634, 0.03188001, 0.058588732, 0.057981182, 0.03982118, 0.038077332, 0.05961913, 0.05437083, 0.047574896, 0.034049816, 0.050080944, 0.04724542, 0.053138524, 0.053527735, 0.057391, 0.04603686, 0.04573401, 0.0699832, 0.044279713, 0.05798871, 0.044607416, 0.03888238, 0.062483434, 0.046664763, 0.05308453, 0.06323762, 0.058123983, 0.05075336, 0.04556403, 0.05878694, 0.052809525, 0.06524283, 0.06115196, 0.04120669, 0.0805807, 0.0560657, 0.06492004, 0.066507965, 0.061584216, 0.05700303, 0.058103833, 0.07183174, 0.067261375, 0.06283082, 0.053687714, 0.058681972, 0.08249205, 0.08454943], "var": [0.98, 0.98, 0.98, 0.96, 0.94, 0.94, 0.92, 0.92, 0.88, 0.88, 0.88, 0.86, 0.84, 0.82, 0.82, 0.8, 0.8, 0.82, 0.82, 0.8, 0.8, 0.78, 0.76, 0.76, 0.74, 0.72, 0.72, 0.72, 0.72, 0.72, 0.7, 0.7, 0.68, 0.64, 0.62, 0.62, 0.62, 0.64, 0.66, 0.64, 0.64, 0.6, 0.6, 0.56, 0.54, 0.54, 0.5, 0.5, 0.5, 0.48], "best": [0.325, 0.3683333, 0.2888095, 0.27959183, 0.35753968, 0.35914633, 0.31551227, 0.3196126, 0.35685185, 0.35921052, 0.28816694, 0.28416666, 0.35765305, 0.3587264, 0.3068609, 0.3234192, 0.3576923, 0.35972726, 0.28821924, 0.32292742, 0.3601735, 0.32743117, 0.36063218, 0.3617123, 0.36266404, 0.3634131, 0.3404473, 0.36384976, 0.34241885, 0.3644967, 0.34911093, 0.34938776, 0.3517222, 0.36494252, 0.36552045, 0.3659584, 0.36682776, 0.36255193, 0.36316854, 0.3672204, 0.36758673, 0.36774194, 0.3692105, 0.37211135, 0.37299877, 0.37619048, 0.37780508, 0.37878293, 0.3807801, 0.3823638], "duration": [43058, 40152, 52804, 43007, 45760, 43357, 45888, 38668, 45425, 40396, 37431, 38564, 45863, 40418, 44856, 38554, 40696, 39857, 39368, 38361, 45990, 39449, 38561, 39741, 39070, 42471, 39203, 38224, 46167, 46266, 39207, 39696, 45622, 45867, 46424, 39520, 39287, 39650, 39337, 39436, 40638, 39467, 40159, 46641, 39884, 40143, 46570, 46063, 39247, 39404]}