{"avg": [0.26031747, 0.2896931, 0.29307437, 0.29300287, 0.29136732, 0.29402542, 0.31064278, 0.31833312, 0.30946973, 0.30788437, 0.31181094, 0.31360838, 0.33152744, 0.31922942, 0.311353, 0.32328752, 0.33742473, 0.3208212, 0.34854615, 0.35364124, 0.36442664, 0.35399246, 0.32041782, 0.36126986, 0.35259667, 0.3420335, 0.34263888, 0.3466514, 0.34141818, 0.3370705, 0.34147885, 0.34139138, 0.3544727, 0.3344248, 0.35653043, 0.37741092, 0.37010846, 0.37510535, 0.3937376, 0.38177243, 0.38966718, 0.41527322, 0.41366348, 0.38738754, 0.36224034, 0.38507292, 0.41879907, 0.3957001, 0.36220592, 0.41092005, 0.40938336, 0.40288082, 0.424297, 0.41987053, 0.3791699, 0.40197873, 0.42939332, 0.41241226, 0.41870475, 0.40304717, 0.38308227, 0.42611435, 0.43618676, 0.43693107, 0.43856704, 0.4210701, 0.4384675, 0.42601725, 0.436325, 0.44488403, 0.4722642, 0.45315847, 0.44381392, 0.430566, 0.44439882, 0.4734429, 0.44193476, 0.47058964, 0.46147972, 0.46284962, 0.49545163, 0.45696086, 0.4744172, 0.4775196, 0.49171135, 0.47170654, 0.4262416, 0.45941365, 0.47259814, 0.42664593, 0.46195862, 0.45638433, 0.48231685, 0.48873064, 0.4590267, 0.46455702, 0.49108055, 0.4948089, 0.44608894, 0.4800658, 0.47566137, 0.5178287, 0.4924009, 0.49544173, 0.5056718, 0.49749658, 0.5032848, 0.50701857, 0.4831304, 0.5239937, 0.51795065, 0.51138663, 0.5027071, 0.529538, 0.4895182, 0.48999268, 0.51847607, 0.53274405, 0.5400493, 0.46714923, 0.52526015, 0.49268696, 0.5292237, 0.4940114, 0.54106224, 0.5393507, 0.51761585, 0.5097879, 0.5185739, 0.555798, 0.5092535, 0.5307474, 0.529952, 0.52298784, 0.53323364, 0.51731116, 0.48994344, 0.49751747, 0.49603775, 0.5353958, 0.5530906, 0.48290533, 0.47879615, 0.5057907, 0.5803826, 0.51153207, 0.4945461, 0.52523685, 0.5678234, 0.53303313], "std": [0.08539034, 0.07409099, 0.047121577, 0.04365753, 0.06961222, 0.077167965, 0.052799568, 0.04808029, 0.080868416, 0.074942775, 0.076668784, 0.08069113, 0.05396703, 0.075628735, 0.08337226, 0.05506054, 0.062996954, 0.057451107, 0.067326784, 0.08285264, 0.074608505, 0.0698374, 0.059465308, 0.079787895, 0.05638997, 0.076195925, 0.05906897, 0.058086697, 0.06293304, 0.059759565, 0.07580013, 0.055560235, 0.06827347, 0.06371328, 0.064762466, 0.066448525, 0.076655634, 0.07263654, 0.076291054, 0.07707798, 0.0703047, 0.052445356, 0.057171322, 0.06351367, 0.07502345, 0.07890012, 0.057649095, 0.06600859, 0.0817588, 0.068189695, 0.06948596, 0.062711194, 0.06638555, 0.07143311, 0.07137983, 0.079000786, 0.06848457, 0.08628164, 0.07514492, 0.08899938, 0.08230922, 0.085222535, 0.074447125, 0.07605986, 0.07406034, 0.09041384, 0.082748674, 0.095723145, 0.0765191, 0.09281604, 0.07514566, 0.07635566, 0.09213776, 0.09029989, 0.0914554, 0.08068756, 0.09254081, 0.07176277, 0.08135717, 0.09338405, 0.0726829, 0.10466692, 0.0827598, 0.07688401, 0.07700431, 0.09470104, 0.11155743, 0.10060004, 0.08564889, 0.114496216, 0.10351428, 0.10430777, 0.09888348, 0.10119118, 0.11329399, 0.10680536, 0.09018708, 0.096243106, 0.11283361, 0.10804087, 0.11139819, 0.08255293, 0.10865603, 0.101154685, 0.09610627, 0.10600809, 0.10585011, 0.10284898, 0.119687825, 0.08481318, 0.09848376, 0.10357285, 0.1061826, 0.08923296, 0.11867086, 0.12185299, 0.104004994, 0.0870859, 0.088086285, 0.13062975, 0.1026303, 0.120263375, 0.10227883, 0.1208216, 0.09149521, 0.089799, 0.11160539, 0.11615689, 0.11489299, 0.08069317, 0.12089199, 0.11068181, 0.11036703, 0.11717594, 0.1065101, 0.11982027, 0.13423783, 0.12777385, 0.13439378, 0.112261616, 0.092365384, 0.13558748, 0.13230023, 0.13068813, 0.048492692, 0.124660976, 0.13577753, 0.12267051, 0.08308528, 0.117186874], "var": [0.98, 0.98, 0.98, 0.96, 0.94, 0.94, 0.92, 0.92, 0.92, 0.9, 0.9, 0.88, 0.88, 0.84, 0.82, 0.8, 0.8, 0.78, 0.76, 0.76, 0.74, 0.7, 0.7, 0.7, 0.68, 0.68, 0.7, 0.72, 0.7, 0.72, 0.7, 0.7, 0.68, 0.66, 0.64, 0.6, 0.58, 0.56, 0.56, 0.54, 0.54, 0.52, 0.52, 0.52, 0.5, 0.5, 0.48, 0.5, 0.48, 0.48, 0.46, 0.46, 0.42, 0.4, 0.42, 0.4, 0.4, 0.4, 0.42, 0.42, 0.42, 0.42, 0.44, 0.44, 0.42, 0.4, 0.36, 0.36, 0.32, 0.3, 0.28, 0.28, 0.32, 0.32, 0.32, 0.28, 0.3, 0.3, 0.28, 0.28, 0.28, 0.26, 0.26, 0.24, 0.26, 0.26, 0.26, 0.26, 0.24, 0.24, 0.22, 0.2, 0.2, 0.2, 0.2, 0.18, 0.16, 0.16, 0.14, 0.14, 0.14, 0.14, 0.14, 0.12, 0.12, 0.12, 0.12, 0.12, 0.12, 0.1, 0.1, 0.1, 0.1, 0.1, 0.1, 0.1, 0.1, 0.1, 0.1, 0.1, 0.1, 0.1, 0.1, 0.1, 0.1, 0.1, 0.08, 0.08, 0.08, 0.08, 0.08, 0.08, 0.08, 0.08, 0.06, 0.1, 0.1, 0.08, 0.06, 0.06, 0.06, 0.06, 0.06, 0.06, 0.04, 0.04, 0.04, 0.04, 0.04, 0.04], "best": [0.4333333, 0.46222222, 0.36396822, 0.3578231, 0.45502642, 0.45609757, 0.40081772, 0.40355125, 0.45456788, 0.41857144, 0.45691058, 0.45819208, 0.45876288, 0.4591346, 0.45970368, 0.46164572, 0.46207348, 0.41280973, 0.46212122, 0.46459016, 0.46738902, 0.4705882, 0.42280635, 0.47114694, 0.42574134, 0.4719472, 0.42984128, 0.47247705, 0.472949, 0.47304657, 0.47340277, 0.4738866, 0.4739726, 0.473891, 0.47373924, 0.4742993, 0.4755517, 0.47640064, 0.47880283, 0.48140407, 0.48242044, 0.48346016, 0.48459634, 0.4858527, 0.48598483, 0.48619246, 0.48727766, 0.48817202, 0.48837718, 0.48870274, 0.4898862, 0.4910256, 0.49162617, 0.49323785, 0.49453554, 0.49470654, 0.49605855, 0.49745288, 0.4989481, 0.50024927, 0.50129414, 0.50165117, 0.5028513, 0.5041416, 0.5057971, 0.50710803, 0.5081176, 0.51, 0.5113383, 0.5124351, 0.5148482, 0.5170522, 0.5184341, 0.5197349, 0.5207445, 0.52200675, 0.52395225, 0.5249247, 0.5265911, 0.5282828, 0.5299239, 0.5321937, 0.53369147, 0.5349014, 0.536284, 0.538, 0.53910065, 0.5396664, 0.5408017, 0.5417611, 0.54246026, 0.54339576, 0.5443681, 0.5456832, 0.5470483, 0.5479556, 0.5490002, 0.5503476, 0.5519639, 0.5525845, 0.5537587, 0.55484676, 0.55651814, 0.557741, 0.55878896, 0.5599438, 0.56110114, 0.5624779, 0.56382394, 0.5647376, 0.56607413, 0.5674427, 0.5685435, 0.5696581, 0.5710289, 0.5718117, 0.5726171, 0.5735416, 0.57472855, 0.57598376, 0.57641804, 0.57738405, 0.57799035, 0.5791047, 0.579688, 0.5807673, 0.58200765, 0.5828784, 0.5835796, 0.5842388, 0.58550864, 0.58608836, 0.5869059, 0.5876959, 0.5885171, 0.5893826, 0.5899984, 0.5903707, 0.5909839, 0.5915267, 0.5922603, 0.59336907, 0.59363526, 0.5939006, 0.59438115, 0.5952837, 0.59574866, 0.5960607, 0.5966567, 0.59788495], "duration": [43329, 40218, 53123, 43127, 49954, 47939, 45636, 38772, 38357, 39506, 38955, 39350, 39722, 39210, 46404, 39505, 45168, 45456, 46240, 46390, 52992, 39901, 37843, 40735, 46413, 39725, 38469, 39212, 39441, 39270, 39607, 39522, 39632, 45946, 45138, 39776, 39730, 46220, 40337, 46216, 46467, 46286, 40201, 40228, 39742, 40530, 47397, 39754, 40093, 47056, 39550, 39805, 40320, 46597, 39226, 46705, 39874, 40002, 46695, 46621, 39698, 39715, 39979, 40264, 40374, 40073, 53923, 40150, 40289, 40229, 40498, 40480, 39918, 40302, 40491, 40496, 40018, 47186, 47167, 40326, 40468, 40429, 47145, 40400, 40404, 40271, 46295, 40240, 40410, 40329, 40484, 40825, 40594, 40529, 40494, 47222, 40653, 47371, 39861, 40638, 40630, 47471, 40626, 40302, 40057, 40616, 40550, 47414, 40594, 40757, 40717, 40668, 47306, 40890, 47279, 40642, 40767, 40652, 47497, 39690, 40545, 40200, 47456, 40540, 40539, 40431, 40645, 40550, 40382, 47593, 40776, 40750, 40553, 40535, 47513, 39852, 40242, 53758, 53759, 40475, 53959, 39746, 40312, 40579, 47262, 40582, 40425, 40346, 54072, 40486]}