{"avg": [0.25055555, 0.27957404, 0.28621346, 0.2793975, 0.28068432, 0.28313604, 0.29955253, 0.3085992, 0.3016594, 0.3161967, 0.296884, 0.2886863, 0.30856717, 0.32196835, 0.29380026, 0.28690234, 0.2900299, 0.3053438, 0.29365468, 0.29255238, 0.3166202, 0.31175813, 0.3079468, 0.30988023, 0.32327724, 0.32314584, 0.31939104, 0.29547742, 0.33192715, 0.3314506, 0.32250184, 0.31481114, 0.3449989, 0.3039635, 0.32060528, 0.31570527, 0.33774596, 0.3354229, 0.3337047, 0.3540586, 0.3200841, 0.34493133, 0.37596238, 0.35772058, 0.34459054, 0.3778745, 0.34674093, 0.36368805, 0.3579191, 0.34386605], "std": [0.08177525, 0.07094504, 0.047984827, 0.048879027, 0.07037692, 0.07390629, 0.050961293, 0.047561564, 0.07388494, 0.06222711, 0.060109552, 0.041973185, 0.062983975, 0.052830856, 0.0673614, 0.066692695, 0.06718368, 0.056039046, 0.057853665, 0.06894086, 0.046619687, 0.06388225, 0.057623815, 0.040933553, 0.055952337, 0.04830693, 0.056239337, 0.06686041, 0.04880551, 0.047634475, 0.055256136, 0.054405637, 0.046676405, 0.071063094, 0.05953052, 0.055767942, 0.059049997, 0.038179692, 0.06641714, 0.05420682, 0.070648335, 0.061746486, 0.045919843, 0.07596112, 0.061577547, 0.06998151, 0.07947136, 0.078197494, 0.085811935, 0.08137417], "var": [0.98, 0.98, 0.98, 0.96, 0.94, 0.94, 0.92, 0.92, 0.88, 0.88, 0.88, 0.86, 0.84, 0.82, 0.82, 0.8, 0.8, 0.8, 0.8, 0.78, 0.78, 0.74, 0.74, 0.74, 0.74, 0.72, 0.7, 0.68, 0.68, 0.68, 0.68, 0.66, 0.62, 0.6, 0.6, 0.6, 0.58, 0.62, 0.62, 0.6, 0.62, 0.64, 0.66, 0.64, 0.6, 0.62, 0.62, 0.62, 0.6, 0.58], "best": [0.41666666, 0.44555557, 0.35027775, 0.34413263, 0.43835977, 0.43943092, 0.38653198, 0.38926554, 0.43790123, 0.43947366, 0.34984937, 0.35027778, 0.43843535, 0.43915093, 0.377193, 0.3918033, 0.43846154, 0.43981817, 0.34988424, 0.3914754, 0.4401157, 0.39357433, 0.3972381, 0.39881924, 0.3989556, 0.44033334, 0.4020032, 0.409392, 0.44044396, 0.4106036, 0.41242924, 0.40749827, 0.40797102, 0.4150592, 0.40951493, 0.4105263, 0.4156213, 0.41280735, 0.41862133, 0.4202256, 0.41740274, 0.4230479, 0.42427945, 0.45705882, 0.42503604, 0.45926967, 0.46058574, 0.43825912, 0.43860927, 0.4389033], "duration": [43029, 39991, 52607, 38051, 49858, 47818, 45583, 38566, 44846, 39626, 37279, 38174, 45780, 40226, 45183, 38617, 38612, 39786, 39020, 38640, 45939, 45784, 39051, 38341, 39637, 39261, 38988, 38480, 39514, 39272, 45257, 39507, 39020, 39634, 37858, 38771, 39081, 39301, 45671, 39412, 39643, 39950, 39084, 39636, 39034, 40244, 39290, 39566, 39540, 39285]}