{"avg": [0.2742857, 0.26924604, 0.30729645, 0.27398533, 0.27748325, 0.29810464, 0.2952515, 0.3098141, 0.30029923, 0.29137307, 0.29426196, 0.3083906, 0.29767838, 0.2930759, 0.2950061, 0.3055889, 0.31665373, 0.30374876, 0.31613517, 0.31307083, 0.32386455, 0.316774, 0.3280922, 0.31427017, 0.30831107, 0.31515744, 0.28568828, 0.30327833, 0.30989423, 0.31711978, 0.3162411, 0.32020953, 0.29456562, 0.30991438, 0.3109185, 0.33764824, 0.30913556, 0.36342373, 0.31725606, 0.33846444, 0.33447227, 0.34602425, 0.34021896, 0.33520806, 0.32112765, 0.32962745, 0.33604267, 0.31220528, 0.3321082, 0.3261159], "std": [0.054399766, 0.0422869, 0.056242727, 0.03383549, 0.06911221, 0.07531424, 0.07099315, 0.037757687, 0.06341551, 0.07095031, 0.06278144, 0.050183743, 0.055148926, 0.05128471, 0.06637334, 0.047078192, 0.04694538, 0.042164944, 0.03971928, 0.054246563, 0.03713397, 0.03769004, 0.044558905, 0.058581926, 0.07305557, 0.06693905, 0.0682305, 0.07378588, 0.05231971, 0.07552349, 0.04964898, 0.05539175, 0.07287329, 0.03888574, 0.073832475, 0.040340148, 0.04923505, 0.043498978, 0.048082978, 0.048941914, 0.047718905, 0.037960485, 0.044105366, 0.066237025, 0.059838895, 0.048228774, 0.060781863, 0.057279166, 0.064542435, 0.055935234], "var": [1.0, 0.9866667, 0.97333336, 0.96, 0.94666666, 0.93333334, 0.92, 0.92, 0.93333334, 0.93333334, 0.93333334, 0.92, 0.9066667, 0.8933333, 0.8933333, 0.8666667, 0.85333335, 0.84, 0.85333335, 0.84, 0.84, 0.85333335, 0.8666667, 0.8666667, 0.88, 0.88, 0.88, 0.8666667, 0.8666667, 0.85333335, 0.8666667, 0.84, 0.82666665, 0.82666665, 0.81333333, 0.8, 0.7733333, 0.7733333, 0.7733333, 0.7733333, 0.76, 0.76, 0.74666667, 0.73333335, 0.72, 0.73333335, 0.73333335, 0.73333335, 0.72, 0.70666665], "best": [0.34761906, 0.3352381, 0.43870965, 0.31965554, 0.36264881, 0.44583333, 0.44747472, 0.3833944, 0.3998557, 0.40137425, 0.38920632, 0.40347984, 0.40440115, 0.38926896, 0.40568492, 0.40661594, 0.44576922, 0.36518824, 0.4063764, 0.40728927, 0.4076307, 0.40890267, 0.4094976, 0.40846562, 0.44548523, 0.40530777, 0.39664328, 0.40962076, 0.4473493, 0.4480392, 0.40931132, 0.39987838, 0.40867868, 0.39284834, 0.40050712, 0.40092897, 0.36616287, 0.4088379, 0.4047773, 0.40950882, 0.4113789, 0.4121717, 0.40986395, 0.45291606, 0.40844575, 0.4055448, 0.41055956, 0.39837158, 0.45390162, 0.4100095], "duration": [40039, 37428, 39070, 43547, 42843, 46569, 45072, 52666, 39386, 46908, 39976, 39048, 38738, 39501, 39170, 38805, 39179, 45874, 45808, 49488, 39810, 39388, 40358, 39111, 39746, 39118, 39143, 39643, 39894, 39804, 39954, 39759, 40259, 39750, 39684, 40391, 39254, 40164, 38722, 39610, 40040, 40055, 46666, 40326, 39782, 46049, 40164, 39253, 39909, 39428]}