{"avg": [0.26358974, 0.29335612, 0.29959068, 0.29679674, 0.29929096, 0.29363757, 0.31517336, 0.32326734, 0.3139386, 0.3206264, 0.31617838, 0.32246423, 0.3307973, 0.33645582, 0.33431676, 0.32719418, 0.35382372, 0.33949593, 0.33994555, 0.33164805, 0.37095782, 0.34000927, 0.35020146, 0.3578628, 0.35062197, 0.32219625, 0.37715355, 0.37417707, 0.33391044, 0.3339101, 0.34366822, 0.3597087, 0.37963244, 0.3800226, 0.37630677, 0.3927929, 0.3621133, 0.3694498, 0.36431322, 0.37616095, 0.37112498, 0.3673603, 0.38976905, 0.40359524, 0.42740405, 0.38567472, 0.38863647, 0.43705443, 0.40714204, 0.37417182], "std": [0.08774178, 0.07603299, 0.049179625, 0.044736624, 0.07242026, 0.07665391, 0.05761889, 0.048588675, 0.08249427, 0.07250349, 0.078559324, 0.07860843, 0.06416451, 0.07749168, 0.09971023, 0.0645875, 0.08173119, 0.0841997, 0.08447891, 0.06603208, 0.07044323, 0.079099044, 0.09445279, 0.06892966, 0.07408359, 0.0756944, 0.07453412, 0.072040126, 0.074533954, 0.06931105, 0.0836768, 0.07813741, 0.06693521, 0.083659545, 0.08272953, 0.08325973, 0.0879893, 0.07055738, 0.073986836, 0.080211766, 0.07871379, 0.06360156, 0.067838006, 0.08859559, 0.069539525, 0.09014551, 0.09011961, 0.08024653, 0.09785935, 0.0972732], "var": [0.98, 0.98, 0.98, 0.96, 0.94, 0.94, 0.92, 0.92, 0.92, 0.9, 0.9, 0.88, 0.88, 0.84, 0.82, 0.8, 0.8, 0.8, 0.8, 0.78, 0.76, 0.78, 0.74, 0.7, 0.7, 0.72, 0.7, 0.72, 0.74, 0.74, 0.74, 0.7, 0.68, 0.64, 0.62, 0.62, 0.64, 0.62, 0.62, 0.6, 0.58, 0.6, 0.58, 0.54, 0.56, 0.56, 0.54, 0.56, 0.54, 0.52], "best": [0.44102564, 0.46991456, 0.3698291, 0.36368394, 0.46271876, 0.4637899, 0.4070448, 0.40977836, 0.46226022, 0.46435902, 0.46460292, 0.46588442, 0.46645522, 0.46658123, 0.46739602, 0.4717419, 0.4725572, 0.47423732, 0.474359, 0.47619882, 0.4764166, 0.47881004, 0.48029122, 0.48201665, 0.4831036, 0.4833747, 0.48356533, 0.48529172, 0.4864063, 0.48618695, 0.48602566, 0.48665738, 0.48748437, 0.4888244, 0.49068928, 0.49248138, 0.49473894, 0.49512216, 0.4952943, 0.49562427, 0.49599186, 0.49593952, 0.49586916, 0.49695373, 0.49856248, 0.5004864, 0.5014908, 0.5026296, 0.50554603, 0.50696206], "duration": [42946, 39859, 52873, 42797, 49788, 47762, 45840, 38549, 38376, 39361, 38856, 38978, 45996, 39366, 46267, 38672, 39459, 46171, 46184, 39475, 40049, 38733, 40254, 39910, 39980, 39066, 46694, 40347, 39376, 38885, 46481, 39062, 39426, 40166, 40013, 46564, 39475, 45271, 39220, 39647, 39400, 39277, 40082, 40514, 40299, 39704, 40078, 46903, 39287, 38526]}