{"avg": [0.4365079, 0.35753968, 0.44576716, 0.44792768, 0.26792327, 0.2676455, 0.42645502, 0.2662408, 0.5342705, 0.5346592, 0.44503966, 0.35709164, 0.17876983, 0.4466431, 0.35691467, 0.2673957, 0.44647166, 0.5344671, 0.4458562, 0.53572863, 0.3567734, 0.26691386, 0.5353199, 0.35618213, 0.4461402, 0.4452436, 0.32068747, 0.44541106, 0.44604155, 0.35641536, 0.35632643, 0.32139683, 0.44512653, 0.32144102, 0.42789117, 0.35647556, 0.44606242, 0.21353006, 0.2678426, 0.35657242, 0.4462181, 0.4455475, 0.267621, 0.44596133, 0.534002, 0.42761174, 0.35643902, 0.21370582, 0.44516334, 0.5345365], "std": [0.19521227, 0.25286704, 0.19937895, 0.20032677, 0.26793087, 0.26764578, 0.21324278, 0.2662426, 0.001361922, 0.0012122338, 0.1990285, 0.2525023, 0.2528276, 0.19974773, 0.2523784, 0.2674006, 0.19966996, 0.0012827279, 0.19940628, 0.0021260146, 0.2522818, 0.2669205, 0.002199869, 0.25186193, 0.19952542, 0.19912219, 0.2618403, 0.1991969, 0.19948056, 0.25202757, 0.25196105, 0.26241964, 0.19907025, 0.2624562, 0.2139488, 0.25206745, 0.19948947, 0.26152015, 0.26784277, 0.2521359, 0.19955525, 0.19925818, 0.2676217, 0.19944146, 0.000688892, 0.21380778, 0.2520439, 0.26173568, 0.19908465, 0.00058732205], "var": [1.0, 1.0, 1.0, 1.0, 1.0, 1.0, 1.0, 1.0, 1.0, 1.0, 1.0, 1.0, 1.0, 1.0, 1.0, 1.0, 1.0, 1.0, 1.0, 1.0, 1.0, 1.0, 1.0, 1.0, 1.0, 1.0, 1.0, 1.0, 1.0, 1.0, 1.0, 1.0, 1.0, 1.0, 1.0, 1.0, 1.0, 1.0, 1.0, 1.0, 1.0, 1.0, 1.0, 1.0, 1.0, 1.0, 1.0, 1.0, 1.0, 1.0], "best": [0.5238095, 0.5460318, 0.5376984, 0.54047614, 0.5390873, 0.5360317, 0.5376984, 0.5343786, 0.5365755, 0.5362278, 0.53511906, 0.5361751, 0.53998595, 0.5377735, 0.5371428, 0.5366002, 0.5372153, 0.5370748, 0.5382326, 0.53835493, 0.53788996, 0.5374707, 0.5381324, 0.535589, 0.5379582, 0.53553367, 0.534847, 0.53641635, 0.5380071, 0.5367063, 0.53492063, 0.5362169, 0.5358816, 0.53672403, 0.5362245, 0.5360815, 0.5379802, 0.5344511, 0.53634775, 0.5360119, 0.5362733, 0.5369451, 0.53634393, 0.5357719, 0.5352268, 0.53573257, 0.53726864, 0.5351256, 0.5350414, 0.5355117], "duration": [340, 325, 331, 322, 324, 324, 328, 492, 327, 366, 325, 322, 323, 324, 327, 865, 365, 366, 327, 328, 324, 332, 329, 326, 326, 329, 329, 326, 325, 337, 325, 327, 331, 325, 327, 326, 328, 324, 325, 322, 325, 365, 325, 362, 325, 324, 322, 322, 359, 325]}