{"avg": [0.25777778, 0.28715342, 0.2930743, 0.2902818, 0.2913673, 0.29336274, 0.31261072, 0.30653918, 0.29340538, 0.3030702, 0.3254192, 0.32565162, 0.3252373, 0.338696, 0.3225114, 0.3123504, 0.32815155, 0.31951833, 0.30961782, 0.3369902, 0.35301134, 0.3328279, 0.3386308, 0.33536038, 0.35603672, 0.36308283, 0.36468548, 0.3514212, 0.36740878, 0.3643332, 0.36569312, 0.35447526, 0.35368606, 0.36715811, 0.3344888, 0.3422389, 0.3716874, 0.34171993, 0.36572728, 0.36211607, 0.3721666, 0.36864132, 0.3724164, 0.38012442, 0.39557925, 0.38406134, 0.38690963, 0.37516588, 0.39234102, 0.3872748], "std": [0.08726752, 0.07461725, 0.048427258, 0.043432835, 0.07330871, 0.073451154, 0.05846358, 0.058602404, 0.04511267, 0.037184164, 0.034024235, 0.049048215, 0.06428224, 0.04605269, 0.05776243, 0.04799529, 0.059593156, 0.054342143, 0.074901685, 0.057741355, 0.07083166, 0.060321897, 0.06782346, 0.058905836, 0.063518256, 0.07009349, 0.062049888, 0.061135385, 0.057736795, 0.061117936, 0.072121605, 0.060284104, 0.059193533, 0.0604578, 0.05389328, 0.06043368, 0.051542874, 0.06072845, 0.07010415, 0.07270553, 0.059866842, 0.068777226, 0.06842013, 0.07011375, 0.05724944, 0.06089232, 0.076053366, 0.075475335, 0.058542475, 0.06799562], "var": [0.98, 0.98, 0.98, 0.96, 0.96, 0.92, 0.9, 0.9, 0.9, 0.88, 0.86, 0.86, 0.86, 0.88, 0.84, 0.84, 0.82, 0.86, 0.84, 0.84, 0.84, 0.8, 0.8, 0.78, 0.78, 0.76, 0.74, 0.74, 0.74, 0.72, 0.72, 0.72, 0.7, 0.72, 0.72, 0.7, 0.7, 0.7, 0.68, 0.66, 0.68, 0.7, 0.68, 0.68, 0.68, 0.7, 0.68, 0.66, 0.64, 0.6], "best": [0.4333333, 0.46222222, 0.36396822, 0.3578231, 0.45502642, 0.45609757, 0.40115443, 0.40422824, 0.35338345, 0.3638862, 0.38789198, 0.452037, 0.4527638, 0.45311525, 0.4538913, 0.3977947, 0.41633186, 0.39982364, 0.45419577, 0.41277698, 0.4535005, 0.45491967, 0.4563515, 0.45789954, 0.4582677, 0.45835432, 0.4593674, 0.4603286, 0.46037877, 0.46123347, 0.46114647, 0.46243167, 0.46296296, 0.4628773, 0.41797063, 0.4181315, 0.46189633, 0.46174955, 0.46174493, 0.47091332, 0.46218666, 0.4729241, 0.4631712, 0.47000143, 0.46502414, 0.46581677, 0.47325397, 0.4746891, 0.46675482, 0.47568536], "duration": [43163, 40129, 53037, 43031, 49992, 47837, 39696, 38980, 38336, 39176, 38731, 45595, 39741, 45231, 39349, 38374, 39638, 39001, 38807, 46467, 39773, 45948, 39374, 39182, 40100, 40061, 40032, 39847, 39563, 40105, 39920, 39690, 40084, 39542, 38440, 39310, 40028, 38421, 40052, 39499, 39636, 46919, 40350, 39863, 40511, 40165, 47215, 40243, 40393, 40271]}