{"avg": [0.2551111, 0.2817778, 0.29128653, 0.2847943, 0.28964636, 0.29044, 0.30075136, 0.31196523, 0.30367076, 0.30731747, 0.3058036, 0.30084857, 0.30563003, 0.2930021, 0.2997607, 0.31029755, 0.32141688, 0.3532984, 0.33229035, 0.33029407, 0.35939184, 0.33839732, 0.33749333, 0.3445986, 0.33390093, 0.3408876, 0.35452747, 0.33935055, 0.3944842, 0.3524743, 0.37309405, 0.35762903, 0.4051459, 0.36277023, 0.35264292, 0.31616583, 0.37644956, 0.37928486, 0.3937228, 0.39906567, 0.3685689, 0.34726784, 0.38029855, 0.38863945, 0.38417232, 0.3858523, 0.39566848, 0.37201118, 0.4109169, 0.4110177], "std": [0.08346094, 0.072940364, 0.04884136, 0.04051971, 0.06785916, 0.07295674, 0.055583086, 0.047241163, 0.07912481, 0.074307166, 0.0750333, 0.08109523, 0.06734048, 0.0658727, 0.08612342, 0.049220674, 0.06564578, 0.052793987, 0.054256424, 0.0634568, 0.04949435, 0.05360883, 0.049392555, 0.08439013, 0.065194376, 0.06747554, 0.06333906, 0.064058274, 0.054745242, 0.08874832, 0.07200782, 0.07069273, 0.050411653, 0.071972035, 0.09152364, 0.06685056, 0.08592359, 0.07861639, 0.05897437, 0.068378516, 0.08575905, 0.10519665, 0.08288946, 0.07488943, 0.08647472, 0.08537611, 0.08880878, 0.07848473, 0.07725548, 0.084768154], "var": [0.98, 0.98, 0.98, 0.96, 0.94, 0.94, 0.92, 0.92, 0.92, 0.9, 0.88, 0.86, 0.84, 0.82, 0.82, 0.82, 0.8, 0.8, 0.8, 0.78, 0.8, 0.78, 0.76, 0.72, 0.7, 0.7, 0.68, 0.68, 0.66, 0.66, 0.64, 0.64, 0.64, 0.62, 0.58, 0.56, 0.52, 0.54, 0.52, 0.56, 0.56, 0.56, 0.56, 0.58, 0.56, 0.52, 0.56, 0.56, 0.52, 0.52], "best": [0.42444444, 0.45333335, 0.35666665, 0.35052153, 0.44613755, 0.44720867, 0.3931987, 0.39593223, 0.44567898, 0.44777778, 0.44802168, 0.44930318, 0.4001375, 0.44912395, 0.44903705, 0.40218493, 0.44934562, 0.44997108, 0.40737593, 0.45019695, 0.45183298, 0.4526106, 0.41540828, 0.4530159, 0.45497075, 0.45601454, 0.45705137, 0.45754302, 0.45792928, 0.45976016, 0.46055555, 0.4622636, 0.4629674, 0.4643797, 0.46532497, 0.43394497, 0.4650992, 0.46713653, 0.46907625, 0.47652778, 0.4779378, 0.47301438, 0.47927165, 0.47985116, 0.47663102, 0.47851643, 0.48026273, 0.48198304, 0.48219845, 0.4833013], "duration": [42797, 39536, 52339, 42711, 49384, 47580, 45255, 38325, 38142, 39136, 38582, 39154, 38659, 38887, 38473, 43006, 45028, 43741, 43447, 45172, 38841, 45394, 38754, 39441, 39279, 39136, 38276, 44149, 39629, 43634, 39682, 38482, 39757, 38849, 43379, 37625, 39064, 39509, 39524, 38843, 38931, 38767, 39468, 39229, 39665, 39582, 39532, 38485, 39552, 39652]}