{"avg": [0.25777778, 0.3065533, 0.3017406, 0.27552083, 0.29113594, 0.31750864, 0.2985022, 0.29208997, 0.32486516, 0.30651602, 0.28740463, 0.33257395, 0.3005274, 0.3167243, 0.3293495, 0.32358468, 0.35122845, 0.33666846, 0.35706833, 0.34743944, 0.34676948, 0.33526853, 0.34665486, 0.33644688, 0.34505826, 0.34419978, 0.3585034, 0.35184917, 0.3510079, 0.3727435, 0.36953384, 0.35527408, 0.3732402, 0.3785016, 0.35288194, 0.38010782, 0.38943508, 0.37564692, 0.37581545, 0.39226565, 0.393456, 0.39543757, 0.40807754, 0.3859871, 0.40111533, 0.39537996, 0.42432088, 0.41488636, 0.41674605, 0.44393536], "std": [0.08726752, 0.06067475, 0.04437651, 0.06958092, 0.082739174, 0.059340384, 0.071235195, 0.048523027, 0.05947978, 0.0776667, 0.072548255, 0.06364359, 0.055314064, 0.080636546, 0.06464237, 0.06646436, 0.045296762, 0.05442323, 0.04239524, 0.061683085, 0.06621769, 0.041240737, 0.058568962, 0.054565236, 0.063314326, 0.03129971, 0.054006197, 0.05003132, 0.036336794, 0.0476255, 0.037628334, 0.025768178, 0.055709835, 0.06003948, 0.050741922, 0.0572373, 0.058137033, 0.062534615, 0.042626306, 0.05951496, 0.038499247, 0.07465888, 0.046118956, 0.0671956, 0.061120145, 0.056801733, 0.06338062, 0.07420405, 0.055146296, 0.06490791], "var": [1.0, 1.0, 1.0, 1.0, 0.98, 0.98, 0.96, 0.96, 0.94, 0.92, 0.92, 0.9, 0.9, 0.86, 0.84, 0.82, 0.82, 0.8, 0.78, 0.78, 0.8, 0.8, 0.8, 0.8, 0.8, 0.8, 0.78, 0.78, 0.8, 0.76, 0.76, 0.78, 0.74, 0.76, 0.76, 0.74, 0.74, 0.74, 0.7, 0.7, 0.72, 0.7, 0.68, 0.7, 0.7, 0.72, 0.7, 0.68, 0.66, 0.64], "best": [0.4333333, 0.46222222, 0.36141217, 0.3688312, 0.45555556, 0.4561403, 0.37225676, 0.3585097, 0.4598916, 0.4611111, 0.38959098, 0.4614341, 0.36536098, 0.4585406, 0.462037, 0.46094418, 0.46494022, 0.4625468, 0.46643105, 0.4671156, 0.46582544, 0.3894101, 0.46704867, 0.44908425, 0.4681579, 0.41243854, 0.4702179, 0.451288, 0.38707945, 0.47263464, 0.47417542, 0.41408166, 0.4748849, 0.4767619, 0.4168783, 0.47835732, 0.4796748, 0.4818027, 0.4825344, 0.48327973, 0.48195526, 0.4861702, 0.4877349, 0.48924264, 0.49100754, 0.4925517, 0.49072072, 0.49584985, 0.4978411, 0.4993223], "duration": [43174, 39463, 38611, 42765, 39209, 39356, 39347, 39216, 39804, 39564, 39381, 47048, 39131, 46145, 40134, 45986, 46382, 39827, 40127, 47219, 53645, 40076, 39907, 40187, 40122, 39720, 39966, 40346, 39656, 40533, 40617, 46863, 54146, 40372, 40187, 53229, 47178, 40552, 40318, 47395, 40324, 47153, 40602, 40582, 47204, 40143, 40708, 40603, 40497, 40672]}