{"avg": [0.26866665, 0.2880476, 0.29288474, 0.29361144, 0.2948233, 0.29851243, 0.30073845, 0.2997352, 0.30406, 0.30976164, 0.30883718, 0.3089612, 0.30709413, 0.30716076, 0.3023867, 0.30571476, 0.30865988, 0.31087852, 0.3123027, 0.31593597, 0.31822798, 0.3155638, 0.31733084, 0.31782275, 0.31550595, 0.31685075, 0.3149677, 0.31621805, 0.31782717, 0.31570113, 0.31753582, 0.31839252, 0.3226835, 0.32045636, 0.3171557, 0.3232701, 0.3250923, 0.32731524, 0.3282977, 0.3257598, 0.32779753, 0.32963812, 0.33552215, 0.3403089, 0.33680135, 0.33798707, 0.33644485, 0.33843148, 0.33820754, 0.33746907], "std": [0.06510476, 0.06082516, 0.056984533, 0.055512805, 0.056097884, 0.05747863, 0.056491394, 0.05536513, 0.057001997, 0.048281457, 0.049926616, 0.049809992, 0.050101105, 0.053342555, 0.056727704, 0.05141003, 0.051036824, 0.04852694, 0.05069332, 0.048128016, 0.045923803, 0.048451632, 0.048438948, 0.052277, 0.05309937, 0.053212143, 0.061431687, 0.05994242, 0.055039432, 0.058002856, 0.05797548, 0.059432074, 0.057123765, 0.05932418, 0.060304236, 0.05440653, 0.055287726, 0.057547316, 0.058083694, 0.061182752, 0.061668366, 0.05935275, 0.057550922, 0.053203102, 0.055471737, 0.057514463, 0.05966213, 0.057034668, 0.058825538, 0.061999626], "var": [1.0, 1.0, 1.0, 1.0, 1.0, 1.0, 0.98, 0.94, 0.92, 0.9, 0.9, 0.9, 0.9, 0.9, 0.88, 0.86, 0.84, 0.86, 0.84, 0.82, 0.8, 0.8, 0.78, 0.76, 0.76, 0.76, 0.76, 0.76, 0.76, 0.78, 0.76, 0.74, 0.74, 0.74, 0.72, 0.7, 0.68, 0.66, 0.68, 0.72, 0.72, 0.72, 0.7, 0.68, 0.68, 0.7, 0.7, 0.7, 0.66, 0.64], "best": [0.4333333, 0.44999996, 0.44999996, 0.44999996, 0.45016667, 0.4504, 0.45111108, 0.45161903, 0.45208332, 0.45237038, 0.45266664, 0.45296967, 0.4533889, 0.45374358, 0.454, 0.45426667, 0.45445833, 0.45462742, 0.45451853, 0.45473683, 0.45493332, 0.45511112, 0.4552424, 0.45536232, 0.45544443, 0.45549333, 0.4555128, 0.45555556, 0.45559523, 0.45560917, 0.4556222, 0.4556344, 0.4556875, 0.45581818, 0.45594117, 0.45607617, 0.45627776, 0.4565045, 0.45673683, 0.45697436, 0.45718333, 0.45746338, 0.45776188, 0.45806202, 0.4178615, 0.41893756, 0.41999587, 0.4208673, 0.42174408, 0.42258504], "duration": [99392, 97727, 101222, 101775, 101796, 101661, 101570, 102534, 105730, 105075, 103433, 103155, 102243, 102341, 105494, 106643, 105875, 106874, 106755, 106251, 106915, 103860, 103672, 103963, 102346, 102175, 102500, 101946, 102870, 103152, 100760, 100688, 102646, 101764, 100918, 100588, 101926, 99881, 102385, 100377, 101609, 100678, 102287, 103198, 102420, 102977, 103740, 102604, 102560, 102827]}