{"avg": [0.22312926, 0.25491157, 0.25779808, 0.25062475, 0.2563552, 0.25726438, 0.27489564, 0.2769796, 0.27628532, 0.2643882, 0.26479742, 0.26726404, 0.2618906, 0.28177392, 0.26746914, 0.25143597, 0.26426414, 0.28312773, 0.29474372, 0.30371445, 0.2634186, 0.28642538, 0.30306008, 0.27831137, 0.26439875, 0.29548702, 0.28083748, 0.28067374, 0.28255174, 0.29061383, 0.2878084, 0.2941536, 0.31753558, 0.29935265, 0.2945793, 0.27478245, 0.30194074, 0.32770795, 0.30142525, 0.2932612, 0.3320706, 0.32412404, 0.32707313, 0.30249482, 0.33381316, 0.3246267, 0.316867, 0.328466, 0.31983477, 0.33275273], "std": [0.07319172, 0.063218124, 0.042349122, 0.039228287, 0.06425876, 0.065233596, 0.0492027, 0.059211656, 0.039972052, 0.04764521, 0.0393558, 0.05092164, 0.056287315, 0.05617745, 0.054067228, 0.06401832, 0.061717078, 0.065276, 0.0513015, 0.030047992, 0.06036911, 0.0697231, 0.04326314, 0.060892858, 0.07233104, 0.05847446, 0.05524636, 0.06361599, 0.060272783, 0.054928515, 0.07196278, 0.049390554, 0.03574536, 0.042035583, 0.07617126, 0.06250403, 0.04593083, 0.031323943, 0.058001515, 0.04742786, 0.048530575, 0.04237069, 0.051951442, 0.045339752, 0.04157249, 0.041756105, 0.05444342, 0.03977497, 0.051377367, 0.058155347], "var": [0.98, 0.98, 0.98, 0.96, 0.94, 0.94, 0.92, 0.92, 0.9, 0.9, 0.86, 0.84, 0.84, 0.84, 0.82, 0.8, 0.8, 0.78, 0.78, 0.78, 0.78, 0.8, 0.8, 0.78, 0.76, 0.76, 0.76, 0.76, 0.74, 0.74, 0.74, 0.72, 0.74, 0.72, 0.72, 0.7, 0.7, 0.72, 0.7, 0.68, 0.66, 0.68, 0.72, 0.7, 0.7, 0.68, 0.68, 0.66, 0.66, 0.64], "best": [0.37142855, 0.40857142, 0.3210204, 0.3131195, 0.3993197, 0.40069684, 0.35207176, 0.40124223, 0.358179, 0.357059, 0.34392193, 0.35769945, 0.31995463, 0.40195122, 0.35852805, 0.357483, 0.35760635, 0.35834882, 0.36155367, 0.36156923, 0.3242347, 0.4054007, 0.40563908, 0.3267707, 0.3618384, 0.36137292, 0.36244085, 0.3631185, 0.36384505, 0.40825891, 0.36453432, 0.36307478, 0.36443615, 0.36557457, 0.41082168, 0.35166588, 0.36870146, 0.37138972, 0.41500717, 0.3714886, 0.41605443, 0.37469515, 0.41890308, 0.37858945, 0.3791925, 0.37946823, 0.42405286, 0.38197234, 0.39275846, 0.4270706], "duration": [43146, 40068, 53165, 42939, 45113, 48059, 39360, 38803, 45111, 39628, 39177, 38414, 38294, 39107, 40115, 38948, 39259, 47124, 39450, 46552, 39143, 46227, 39729, 39631, 38954, 40044, 38970, 46110, 39723, 52995, 38737, 45936, 40207, 39311, 39821, 39792, 40005, 39907, 53120, 45861, 40472, 39860, 53505, 40121, 40453, 40036, 53112, 40475, 39987, 53977]}