{"avg": [0.2467262, 0.2829696, 0.2679194, 0.2735409, 0.26283243, 0.2929817, 0.30079076, 0.27076045, 0.28329447, 0.3094877, 0.29487127, 0.27851185, 0.30123252, 0.28153655, 0.27264625, 0.3048793, 0.2972864, 0.27411056, 0.2827413, 0.27479118, 0.2901675, 0.27596876, 0.30558056, 0.29737604, 0.31530875, 0.29417074, 0.30975026, 0.2643595, 0.3242332, 0.29832822, 0.28724083, 0.29721534, 0.30764523, 0.29904363, 0.28679764, 0.30116886, 0.3049027, 0.2915708, 0.31100494, 0.29019815, 0.2895157, 0.29617223, 0.3129162, 0.29907733, 0.2933879, 0.30814186, 0.31439662, 0.3198078, 0.3131246, 0.32080132], "std": [0.06925704, 0.052435268, 0.060530286, 0.044998106, 0.0660556, 0.04650254, 0.04947821, 0.05920863, 0.04844769, 0.050555285, 0.0350797, 0.066648684, 0.04766139, 0.048919965, 0.072011836, 0.061717868, 0.03282831, 0.063851774, 0.0724894, 0.05761935, 0.059800327, 0.06554004, 0.041219715, 0.05070115, 0.065598466, 0.05301004, 0.03344404, 0.091715544, 0.03099436, 0.045095198, 0.055102088, 0.054210354, 0.056133732, 0.057352457, 0.061189637, 0.07681758, 0.037044592, 0.06121314, 0.04617018, 0.05389979, 0.06872764, 0.048831996, 0.043759633, 0.045566708, 0.044662815, 0.0582377, 0.06278144, 0.07744212, 0.044217527, 0.042314712], "var": [1.0, 0.992, 0.984, 0.984, 0.984, 0.976, 0.968, 0.968, 0.96, 0.944, 0.936, 0.92, 0.912, 0.904, 0.904, 0.896, 0.888, 0.888, 0.88, 0.88, 0.872, 0.872, 0.864, 0.864, 0.864, 0.856, 0.856, 0.856, 0.856, 0.856, 0.848, 0.84, 0.832, 0.832, 0.824, 0.824, 0.832, 0.832, 0.84, 0.84, 0.824, 0.816, 0.816, 0.808, 0.8, 0.792, 0.776, 0.776, 0.768, 0.768], "best": [0.34761906, 0.41190472, 0.3565826, 0.35567763, 0.36076757, 0.35293463, 0.40929034, 0.38305083, 0.36232495, 0.3792208, 0.35905316, 0.40871325, 0.3796748, 0.36443588, 0.38479778, 0.40890995, 0.36416316, 0.3834975, 0.40930736, 0.34559706, 0.3787172, 0.3799074, 0.35858282, 0.41008115, 0.41072878, 0.39971277, 0.38084635, 0.44384834, 0.38119838, 0.38423154, 0.38474905, 0.38152984, 0.38418427, 0.41068098, 0.36012614, 0.44411442, 0.36080232, 0.41091517, 0.3813293, 0.3818002, 0.3837916, 0.38486564, 0.36592242, 0.38455284, 0.3557149, 0.38464856, 0.44454312, 0.39826086, 0.3848189, 0.40066645], "duration": [38206, 38746, 53293, 38470, 53200, 38491, 43228, 38393, 43436, 43498, 39288, 43383, 39398, 37993, 38222, 43861, 43130, 44382, 39111, 43206, 44609, 38743, 45591, 38322, 50480, 45506, 44310, 38705, 43331, 39389, 39376, 43921, 38818, 43140, 48423, 44240, 42924, 43907, 38480, 38623, 43119, 39053, 38749, 45907, 43290, 38041, 43965, 39252, 43717, 44203]}