{"avg": [0.1, 0.1, 0.093333334, 0.093333334, 0.093333334, 0.086666666, 0.086666666, 0.093333334, 0.086666666, 0.086666666, 0.086666666, 0.086666666, 0.086666666, 0.086666666, 0.086666666, 0.086666666, 0.08, 0.07333333, 0.07333333, 0.07333333, 0.07333333, 0.07333333, 0.06666667, 0.06666667, 0.06666667], "std": [0.3000003, 0.3000003, 0.29089898, 0.29089898, 0.29089898, 0.28134605, 0.28134605, 0.29089895, 0.28134605, 0.28134605, 0.28134605, 0.28134605, 0.28134605, 0.28134605, 0.28134605, 0.28134605, 0.27129337, 0.26068285, 0.26068285, 0.26068285, 0.26068285, 0.26068285, 0.24944378, 0.24944378, 0.2494438], "var": [0.99333334, 0.9866667, 0.98, 0.97333336, 0.96666664, 0.9533333, 0.94, 0.93333334, 0.92, 0.92, 0.9066667, 0.9, 0.9, 0.8933333, 0.8933333, 0.88, 0.8666667, 0.85333335, 0.8466667, 0.8333333, 0.82666665, 0.8333333, 0.84, 0.8333333, 0.82666665], "best": [1.0, 1.0, 1.0, 1.0, 1.0, 1.0, 1.0, 1.0, 1.0, 1.0, 1.0, 1.0, 1.0, 1.0, 1.0, 1.0, 1.0, 1.0, 1.0, 1.0, 1.0, 1.0, 1.0, 1.0, 1.0], "duration": [4820, 4744, 4733, 4686, 4674, 4680, 4749, 4701, 4753, 4726, 4663, 4722, 4751, 4730, 4704, 4926, 4742, 4707, 4711, 4680, 4706, 4690, 4667, 4658, 4746]}