{"avg": [0.33333334, 0.36666667, 0.34666666, 0.3, 0.36, 0.35333332, 0.39333335, 0.37333333, 0.37333333, 0.32, 0.32666665, 0.35333332, 0.36, 0.36666667, 0.31333333, 0.30666667, 0.31333333, 0.34666666, 0.31333333, 0.34666666, 0.33333334, 0.32, 0.32, 0.29333332, 0.28666666], "std": [0.4714043, 0.4818947, 0.4759086, 0.45825762, 0.48, 0.4780049, 0.4884897, 0.4836895, 0.4836895, 0.46647617, 0.4689941, 0.47800493, 0.48000005, 0.4818947, 0.46384835, 0.4611095, 0.46384844, 0.47590864, 0.4638484, 0.47590867, 0.4714043, 0.46647617, 0.46647617, 0.4552899, 0.45220464], "var": [0.99333334, 0.98, 0.97333336, 0.97333336, 0.96666664, 0.96666664, 0.96666664, 0.96, 0.96, 0.94666666, 0.94, 0.94666666, 0.93333334, 0.93333334, 0.93333334, 0.9266667, 0.91333336, 0.9066667, 0.9, 0.9, 0.9, 0.9, 0.88666666, 0.88666666, 0.87333333], "best": [1.0, 1.0, 1.0, 1.0, 1.0, 1.0, 1.0, 1.0, 1.0, 1.0, 1.0, 1.0, 1.0, 1.0, 1.0, 1.0, 1.0, 1.0, 1.0, 1.0, 1.0, 1.0, 1.0, 1.0, 1.0], "duration": [8376, 8269, 8339, 8253, 8245, 8366, 8330, 8307, 8369, 8317, 8307, 8302, 8254, 8273, 8308, 8262, 8115, 8415, 8310, 8305, 8329, 8553, 8240, 8259, 8305]}