{"avg": [0.26031747, 0.2896931, 0.2930743, 0.2930029, 0.29136732, 0.29336274, 0.30990863, 0.29967242, 0.30175924, 0.3193945, 0.31025246, 0.291891, 0.28399137, 0.29185182, 0.30806994, 0.3239908, 0.33131653, 0.32484066, 0.3195931, 0.3309342, 0.32846564, 0.33311626, 0.31541187, 0.32646355, 0.32595614, 0.35795933, 0.33536464, 0.3491759, 0.372749, 0.35040233, 0.34852004, 0.32663813, 0.35307544, 0.3504725, 0.34758356, 0.37523633, 0.37661365, 0.35718414, 0.37403187, 0.35446432, 0.3434008, 0.36140507, 0.39677987, 0.38224488, 0.37828553, 0.38535875, 0.4064994, 0.4191586, 0.39195797, 0.42081496], "std": [0.08539034, 0.07409099, 0.048833013, 0.03754851, 0.06961222, 0.073451154, 0.058331393, 0.05713325, 0.058344588, 0.054607254, 0.03221021, 0.06100529, 0.06741187, 0.03175572, 0.032222006, 0.05024942, 0.05634509, 0.04447048, 0.050098397, 0.04647592, 0.050114032, 0.07399881, 0.07420127, 0.062175963, 0.06487219, 0.0627976, 0.055791453, 0.062374797, 0.044402856, 0.071066976, 0.06331125, 0.065552294, 0.052811544, 0.06930436, 0.062422905, 0.06276688, 0.06153246, 0.07339094, 0.0890625, 0.09119446, 0.07917314, 0.08047482, 0.09444018, 0.07748399, 0.07526287, 0.058747355, 0.06129923, 0.049127925, 0.0624189, 0.068954684], "var": [0.98, 0.98, 0.98, 0.96, 0.96, 0.92, 0.92, 0.9, 0.9, 0.9, 0.9, 0.9, 0.88, 0.88, 0.84, 0.86, 0.84, 0.82, 0.82, 0.78, 0.76, 0.76, 0.76, 0.76, 0.76, 0.76, 0.76, 0.74, 0.74, 0.76, 0.74, 0.72, 0.7, 0.72, 0.7, 0.7, 0.7, 0.72, 0.72, 0.7, 0.72, 0.7, 0.66, 0.66, 0.66, 0.66, 0.68, 0.64, 0.6, 0.56], "best": [0.4333333, 0.46222222, 0.36396822, 0.3578231, 0.45502642, 0.45609757, 0.40115443, 0.40383375, 0.45407405, 0.45607063, 0.36253583, 0.36385158, 0.38650393, 0.3506173, 0.365276, 0.45349792, 0.45477125, 0.40325722, 0.40504596, 0.40589723, 0.44306877, 0.4566265, 0.4570605, 0.40877607, 0.4569808, 0.44673145, 0.44937587, 0.45825544, 0.45852184, 0.46011642, 0.4613588, 0.46202183, 0.4617063, 0.46219668, 0.43099228, 0.46311674, 0.46409807, 0.46529445, 0.46666667, 0.46753106, 0.45777476, 0.45796588, 0.47185293, 0.4712745, 0.4723823, 0.47357783, 0.47463167, 0.47843662, 0.4783487, 0.47890893], "duration": [42770, 39781, 52509, 42731, 49936, 47575, 45867, 38092, 38430, 39337, 37672, 38578, 45661, 38419, 38208, 39433, 39561, 39351, 39209, 39434, 52235, 39583, 38603, 45606, 38795, 46325, 45809, 39612, 46332, 39823, 39115, 39220, 46102, 46162, 39633, 39680, 39266, 39681, 39815, 45812, 39367, 39034, 39900, 39838, 39799, 39729, 46472, 40122, 39694, 39968]}