{"avg": [0.21798943, 0.22645502, 0.24867727, 0.2636357, 0.2558592, 0.2631065, 0.25787562, 0.24288768, 0.26616138, 0.2615126, 0.26908872, 0.26245683, 0.2913724, 0.2991285, 0.26124334, 0.27321196, 0.26837403, 0.29593807, 0.2798978, 0.30259332, 0.3101952, 0.2982336, 0.31868303, 0.3087382, 0.2815811, 0.33935574, 0.28248528, 0.2822541, 0.33634123, 0.32523412, 0.29191983, 0.34059143, 0.339675, 0.32223174, 0.34881178, 0.3120378, 0.3044005, 0.3606145, 0.352225, 0.35450593, 0.35035363, 0.39600408, 0.3657272, 0.37719607, 0.3403446, 0.36411685, 0.42271936, 0.37328473, 0.40264133, 0.40608248], "std": [0.12598372, 0.11620191, 0.120080024, 0.09737622, 0.07794567, 0.12046379, 0.102033146, 0.113360055, 0.09388128, 0.11737391, 0.1001208, 0.100030415, 0.08794372, 0.083567135, 0.1403208, 0.123291686, 0.10096223, 0.09488487, 0.070764594, 0.12374672, 0.1132969, 0.1305663, 0.112943284, 0.087679766, 0.10728934, 0.090504006, 0.088630594, 0.16583356, 0.09222867, 0.114452906, 0.10019375, 0.07257448, 0.13475871, 0.10376179, 0.10403459, 0.09487317, 0.07485354, 0.102868825, 0.1035504, 0.10251462, 0.09163404, 0.08962389, 0.11074581, 0.08173651, 0.10004113, 0.106035925, 0.08372126, 0.09908265, 0.08907201, 0.10834526], "var": [0.98, 0.98, 0.98, 0.94, 0.94, 0.92, 0.9, 0.9, 0.88, 0.88, 0.88, 0.88, 0.88, 0.86, 0.86, 0.84, 0.84, 0.8, 0.8, 0.78, 0.74, 0.72, 0.74, 0.72, 0.72, 0.68, 0.66, 0.64, 0.6, 0.62, 0.66, 0.62, 0.62, 0.64, 0.62, 0.66, 0.66, 0.64, 0.62, 0.62, 0.6, 0.6, 0.58, 0.6, 0.62, 0.62, 0.6, 0.58, 0.56, 0.58], "best": [0.47619048, 0.5050794, 0.50095236, 0.3389418, 0.36672047, 0.4958252, 0.36776698, 0.49574175, 0.50400794, 0.5071252, 0.35307017, 0.5084308, 0.4931365, 0.49431014, 0.5084932, 0.509623, 0.37015876, 0.5103841, 0.35078788, 0.5111274, 0.5141047, 0.5148049, 0.5163421, 0.51814634, 0.493354, 0.5180755, 0.4934775, 0.5189529, 0.51999557, 0.52123016, 0.3706144, 0.5214302, 0.5218206, 0.5233094, 0.53051716, 0.5313865, 0.3730415, 0.5330959, 0.5336251, 0.53426385, 0.5247578, 0.53566235, 0.53710955, 0.53777915, 0.5383921, 0.5284442, 0.5387411, 0.52986836, 0.54020745, 0.5415725], "duration": [7561, 2446, 2592, 12346, 12292, 7431, 7429, 2420, 7810, 12269, 7316, 2439, 7428, 2596, 7435, 8069, 7800, 2457, 17143, 2927, 2549, 2597, 17885, 7872, 2958, 7442, 7818, 7380, 12276, 17227, 12245, 7387, 12334, 26808, 17097, 21877, 21953, 17539, 13367, 12105, 2381, 16961, 23105, 7795, 12201, 7422, 12266, 21922, 22366, 21945]}