{"avg": [0.27174604, 0.26924604, 0.30729645, 0.27398533, 0.2708752, 0.2980608, 0.29519537, 0.3028246, 0.297218, 0.2864853, 0.29417875, 0.3053457, 0.2943659, 0.2930871, 0.29204583, 0.31051302, 0.30300584, 0.3142959, 0.29093727, 0.32027635, 0.31226787, 0.31175196, 0.31626874, 0.2954119, 0.31945667, 0.31736425, 0.31683794, 0.30974907, 0.32083398, 0.29599813, 0.285207, 0.29828483, 0.27473292, 0.2969793, 0.32013202, 0.303573, 0.30248964, 0.3190684, 0.29481894, 0.27697062, 0.32068682, 0.30040157, 0.31302476, 0.3003179, 0.31632787, 0.33245558, 0.31058693, 0.3324655, 0.32655397, 0.29290137], "std": [0.05469538, 0.0422869, 0.056242727, 0.03718574, 0.07454361, 0.075305045, 0.07102701, 0.051653154, 0.05977303, 0.070850655, 0.058465257, 0.045322042, 0.04982894, 0.053407505, 0.062353402, 0.043189522, 0.034584302, 0.041004773, 0.041149713, 0.045105368, 0.06813002, 0.03670008, 0.047259137, 0.07496044, 0.06237022, 0.06556974, 0.030770995, 0.06948678, 0.037206456, 0.06468832, 0.09996891, 0.077953584, 0.11142757, 0.090035304, 0.06767688, 0.068387784, 0.06715516, 0.08128323, 0.09571652, 0.10108692, 0.056721173, 0.08037529, 0.067060485, 0.060489666, 0.074229635, 0.057844996, 0.0682704, 0.07232024, 0.08144293, 0.08978575], "var": [1.0, 0.9866667, 0.97333336, 0.96, 0.94666666, 0.93333334, 0.92, 0.92, 0.93333334, 0.93333334, 0.93333334, 0.92, 0.9066667, 0.8933333, 0.8933333, 0.8666667, 0.84, 0.82666665, 0.82666665, 0.82666665, 0.82666665, 0.84, 0.85333335, 0.82666665, 0.82666665, 0.82666665, 0.82666665, 0.82666665, 0.81333333, 0.8, 0.7866667, 0.7866667, 0.76, 0.74666667, 0.76, 0.74666667, 0.74666667, 0.72, 0.73333335, 0.70666665, 0.6933333, 0.6933333, 0.6933333, 0.70666665, 0.70666665, 0.72, 0.70666665, 0.6933333, 0.68, 0.68], "best": [0.34761906, 0.3352381, 0.43870965, 0.31965554, 0.36264881, 0.44625, 0.44781145, 0.3833944, 0.3858225, 0.38753596, 0.38920632, 0.36666667, 0.36243388, 0.38926896, 0.36303756, 0.4029274, 0.36441395, 0.36518824, 0.3681406, 0.44519958, 0.39128456, 0.37049294, 0.40335587, 0.37170795, 0.44595054, 0.40426004, 0.366521, 0.44707668, 0.3921888, 0.37346652, 0.3926469, 0.39384922, 0.39429307, 0.37569913, 0.44700542, 0.37702048, 0.39540115, 0.40924692, 0.37782404, 0.39702097, 0.39722344, 0.40678537, 0.39136037, 0.37981117, 0.3799282, 0.39862275, 0.399073, 0.4144349, 0.41512105, 0.40158728], "duration": [40424, 37504, 39157, 43566, 42965, 46932, 45304, 52659, 39485, 46901, 39774, 39004, 38666, 39318, 39123, 38940, 38990, 52174, 39201, 39959, 39419, 39413, 40039, 38911, 38787, 39432, 38568, 39363, 39541, 39926, 45276, 43517, 39613, 39284, 39751, 43423, 44081, 39603, 38943, 39024, 39305, 38730, 38665, 38334, 39677, 38944, 45831, 39912, 38679, 38053]}