{"avg": [0.2694286, 0.28383046, 0.28153142, 0.2794826, 0.2830519, 0.28080684, 0.2799734, 0.2796591, 0.27852958, 0.27910754, 0.27903166, 0.27589318, 0.27622077, 0.2785657, 0.2761019, 0.27931046, 0.27783346, 0.27968392, 0.27830318, 0.2769226, 0.2756432, 0.27496317, 0.27551553, 0.27669433, 0.27580574, 0.27830797, 0.2763776, 0.27800217, 0.28030002, 0.27409, 0.28099206, 0.27684358, 0.27423054, 0.27460238, 0.27039096, 0.2665272, 0.26482576, 0.26115036, 0.2632863, 0.26204616, 0.26416293, 0.26643622, 0.2615283, 0.25901294, 0.26059368, 0.25448087, 0.24572222, 0.2480691, 0.25016305, 0.24797603], "std": [0.06366786, 0.06477969, 0.06308865, 0.06280913, 0.06227039, 0.058110088, 0.05841649, 0.0565929, 0.05824566, 0.05815378, 0.05758583, 0.06162377, 0.058263537, 0.059211653, 0.059602723, 0.05945348, 0.058088444, 0.057260428, 0.061510034, 0.06722491, 0.06615417, 0.06536422, 0.06566542, 0.068102375, 0.06612897, 0.06707885, 0.068239786, 0.067163095, 0.06706096, 0.07095973, 0.06847452, 0.06717392, 0.06801837, 0.067671746, 0.06686154, 0.0717505, 0.07218316, 0.07371144, 0.075152256, 0.07420841, 0.075888574, 0.07813793, 0.07928201, 0.07841114, 0.078803234, 0.080052204, 0.07609938, 0.079897664, 0.08332111, 0.084441066], "var": [0.98, 0.96, 0.96, 0.94, 0.92, 0.94, 0.92, 0.9, 0.92, 0.9, 0.92, 0.92, 0.92, 0.9, 0.92, 0.92, 0.92, 0.94, 0.92, 0.9, 0.88, 0.88, 0.88, 0.9, 0.9, 0.88, 0.88, 0.88, 0.86, 0.86, 0.86, 0.86, 0.84, 0.84, 0.84, 0.84, 0.82, 0.82, 0.8, 0.8, 0.82, 0.8, 0.8, 0.8, 0.82, 0.82, 0.84, 0.86, 0.86, 0.82], "best": [0.4333333, 0.44999996, 0.44966665, 0.4491111, 0.44883332, 0.3618857, 0.3617302, 0.36161909, 0.3615357, 0.36139682, 0.36128572, 0.3626753, 0.36123016, 0.36115754, 0.36114287, 0.36104128, 0.36095238, 0.36091316, 0.3578571, 0.35783958, 0.3575, 0.35799995, 0.35842422, 0.3589855, 0.3595278, 0.36005333, 0.36051282, 0.36093828, 0.36133334, 0.3684893, 0.36226666, 0.3627957, 0.3684821, 0.3684733, 0.36435294, 0.36487618, 0.36537036, 0.3658018, 0.36619297, 0.366547, 0.3854024, 0.38550523, 0.38563493, 0.3857586, 0.38587666, 0.38597462, 0.36771014, 0.37334752, 0.38609126, 0.38629934], "duration": [101951, 103399, 103288, 99643, 99345, 101335, 98978, 102599, 103396, 101100, 105828, 101496, 103587, 102935, 103018, 103502, 103707, 105239, 102444, 100310, 103137, 102949, 103197, 100456, 100632, 101902, 101018, 102957, 100883, 99021, 100519, 101628, 98790, 99846, 98282, 96732, 97896, 95184, 93231, 98523, 98626, 97863, 95837, 94323, 93674, 91094, 91200, 89668, 91813, 95230]}