{"avg": [0.0, 0.0, 0.0, 0.0, 0.0, 0.0, 0.0, 0.0, 0.0, 0.0, 0.0, 0.0, 0.0, 0.0, 0.0, 0.0, 0.0, 0.0, 0.0, 0.0, 0.0, 0.0, 0.0, 0.0, 0.0], "std": [0.0, 0.0, 0.0, 0.0, 0.0, 0.0, 0.0, 0.0, 0.0, 0.0, 0.0, 0.0, 0.0, 0.0, 0.0, 0.0, 0.0, 0.0, 0.0, 0.0, 0.0, 0.0, 0.0, 0.0, 0.0], "var": [0.9866667, 0.98, 0.98, 0.97333336, 0.96666664, 0.96, 0.94666666, 0.93333334, 0.9266667, 0.91333336, 0.9066667, 0.9066667, 0.9066667, 0.91333336, 0.9066667, 0.9, 0.88666666, 0.88666666, 0.87333333, 0.86, 0.85333335, 0.84, 0.8333333, 0.82666665, 0.82666665], "best": [0.0, 0.0, 0.0, 0.0, 0.0, 0.0, 0.0, 0.0, 0.0, 0.0, 0.0, 0.0, 0.0, 0.0, 0.0, 0.0, 0.0, 0.0, 0.0, 0.0, 0.0, 0.0, 0.0, 0.0, 0.0], "duration": [30179, 30357, 31403, 31456, 30733, 31869, 31351, 31654, 30862, 31495, 30411, 30618, 30714, 32186, 30533, 30478, 31733, 30380, 32890, 30485, 30623, 31428, 31287, 31921, 31868]}