{"avg": [0.27873012, 0.2773122, 0.28256083, 0.24880576, 0.30822667, 0.2914764, 0.28532347, 0.31516024, 0.28146136, 0.29613972, 0.29280078, 0.30955642, 0.3161552, 0.3244284, 0.2968909, 0.32505187, 0.33482087, 0.31295973, 0.33428895, 0.31880406, 0.32080084, 0.3176274, 0.32399598, 0.29751185, 0.34591216, 0.32803175, 0.33342305, 0.33134308, 0.3492374, 0.32814097, 0.3517631, 0.33045024, 0.35470334, 0.3252898, 0.3531229, 0.3499533, 0.3649405, 0.33227825, 0.35834783, 0.36733302, 0.37554947, 0.37685516, 0.3691582, 0.36104488, 0.36751422, 0.37914443, 0.36343548, 0.38507333, 0.36234093, 0.39651394], "std": [0.042337827, 0.062245633, 0.0692909, 0.07756291, 0.039537232, 0.049618904, 0.070704274, 0.030290646, 0.07662196, 0.08320207, 0.09161396, 0.059622213, 0.043167368, 0.039306894, 0.039625555, 0.029085308, 0.045466185, 0.050463106, 0.06533096, 0.07289215, 0.07181783, 0.06258558, 0.062350824, 0.066950105, 0.060066607, 0.050453726, 0.071096845, 0.048120063, 0.050862797, 0.060514722, 0.038756244, 0.055736996, 0.056791645, 0.06805384, 0.0545534, 0.051982347, 0.053489413, 0.06037765, 0.05312105, 0.054293323, 0.049948104, 0.04184613, 0.053756934, 0.0644742, 0.05894375, 0.04532434, 0.058336817, 0.053869143, 0.06769741, 0.04554577], "var": [0.98, 0.98, 0.98, 0.94, 0.92, 0.9, 0.88, 0.86, 0.86, 0.86, 0.86, 0.86, 0.86, 0.84, 0.84, 0.84, 0.84, 0.84, 0.84, 0.82, 0.82, 0.8, 0.78, 0.78, 0.76, 0.72, 0.72, 0.72, 0.74, 0.74, 0.7, 0.72, 0.68, 0.64, 0.62, 0.62, 0.58, 0.58, 0.58, 0.56, 0.56, 0.56, 0.54, 0.52, 0.52, 0.52, 0.54, 0.52, 0.56, 0.54], "best": [0.34285712, 0.3784127, 0.385873, 0.36137566, 0.36037123, 0.36523154, 0.44507575, 0.36612758, 0.38795748, 0.4465686, 0.4482456, 0.38919306, 0.404683, 0.3777056, 0.34976527, 0.38000837, 0.4059864, 0.39258242, 0.44739392, 0.40873834, 0.38787878, 0.39537075, 0.38850716, 0.37535247, 0.4479501, 0.39289975, 0.4485667, 0.39654705, 0.41044793, 0.39573324, 0.4108216, 0.39852488, 0.41169962, 0.3998886, 0.41317642, 0.407156, 0.44886902, 0.4158069, 0.41640124, 0.41772965, 0.41851345, 0.41873512, 0.4196583, 0.44891515, 0.42155245, 0.4164252, 0.41914627, 0.42197952, 0.44893897, 0.44930735], "duration": [42390, 43417, 39044, 39200, 39003, 38602, 49826, 38883, 46291, 38497, 39730, 39454, 46557, 39231, 39308, 45940, 39994, 45583, 39753, 46368, 39063, 46181, 39074, 38753, 40159, 39475, 45638, 46164, 39517, 39250, 39879, 38986, 40114, 39375, 39587, 46750, 39960, 38738, 39972, 39637, 39833, 39814, 59456, 39908, 39973, 39247, 39458, 39459, 39871, 40246]}