{"avg": [0.26814815, 0.2985185, 0.3056725, 0.30177847, 0.30508494, 0.30468836, 0.32110223, 0.33000445, 0.31685597, 0.3265238, 0.32221386, 0.32606405, 0.34397644, 0.33118084, 0.32597885, 0.33540866, 0.34435284, 0.3349865, 0.36330634, 0.36823922, 0.38010967, 0.36805552, 0.33095306, 0.37392598, 0.3596018, 0.35344955, 0.3537897, 0.35840672, 0.3790286, 0.36573, 0.3638939, 0.34793922, 0.37779665, 0.38545233, 0.35705763, 0.38511217, 0.39831683, 0.39167875, 0.39907262, 0.37042156, 0.395999, 0.44343227, 0.42287883, 0.41815662, 0.41036642, 0.3971756, 0.38351384, 0.428279, 0.4201525, 0.443643], "std": [0.09035338, 0.07841503, 0.05008491, 0.04367324, 0.07454729, 0.08200084, 0.05464754, 0.04950199, 0.08525901, 0.0744981, 0.08080841, 0.08205888, 0.05613627, 0.07826093, 0.08642584, 0.056652457, 0.06893539, 0.0584546, 0.06946293, 0.08389, 0.07676074, 0.07082519, 0.058208223, 0.08293843, 0.06259575, 0.079699725, 0.06158511, 0.06102145, 0.07002629, 0.06722881, 0.08000334, 0.081753045, 0.06564069, 0.06473469, 0.072720885, 0.08037414, 0.076177664, 0.06710968, 0.07364059, 0.080281116, 0.09197103, 0.07258092, 0.09899593, 0.09902283, 0.11486869, 0.086707786, 0.089750454, 0.07534114, 0.088118225, 0.09293599], "var": [0.98, 0.98, 0.98, 0.96, 0.94, 0.94, 0.92, 0.92, 0.92, 0.9, 0.9, 0.88, 0.88, 0.84, 0.82, 0.8, 0.8, 0.78, 0.76, 0.76, 0.76, 0.72, 0.72, 0.72, 0.7, 0.7, 0.72, 0.74, 0.72, 0.72, 0.7, 0.72, 0.68, 0.66, 0.66, 0.64, 0.62, 0.62, 0.58, 0.6, 0.58, 0.58, 0.6, 0.58, 0.56, 0.56, 0.58, 0.56, 0.56, 0.52], "best": [0.4511111, 0.48000002, 0.37888893, 0.37274376, 0.47280422, 0.47387537, 0.4154209, 0.41815445, 0.47234568, 0.47444448, 0.47468838, 0.47596988, 0.47654068, 0.4769124, 0.47748148, 0.47942352, 0.48011374, 0.42728987, 0.4803652, 0.48302367, 0.48578605, 0.48895428, 0.43712863, 0.48964158, 0.44000003, 0.49038506, 0.444127, 0.49086645, 0.49131808, 0.49225807, 0.49249998, 0.4931489, 0.49351165, 0.4947106, 0.49549386, 0.49585584, 0.4969736, 0.49867347, 0.49967623, 0.5012453, 0.50189483, 0.5034557, 0.5066998, 0.5090314, 0.5112714, 0.51371497, 0.51452136, 0.5147152, 0.51730037, 0.51913834], "duration": [43159, 40080, 52859, 43030, 49982, 43433, 45785, 38753, 38512, 39688, 39147, 39296, 39719, 39007, 46455, 39532, 45161, 45553, 46344, 46339, 53015, 39872, 37933, 40274, 45856, 39562, 38494, 39248, 39709, 38596, 39986, 38661, 39524, 39640, 39642, 46489, 39744, 39360, 46614, 39675, 39069, 53588, 40340, 53613, 47333, 40094, 46169, 40555, 40449, 53750]}