{"avg": [0.26251855, 0.2985185, 0.30766082, 0.29844508, 0.2986522, 0.3069106, 0.31911397, 0.3322266, 0.32306463, 0.33915308, 0.3176181, 0.30252317, 0.33120608, 0.34573573, 0.31538013, 0.30683288, 0.3136781, 0.32745922, 0.3159423, 0.30870977, 0.336695, 0.3340897, 0.32108873, 0.33021042, 0.348221, 0.34806073, 0.3423977, 0.3162937, 0.34727046, 0.34739503, 0.37706435, 0.3554611, 0.3617961, 0.35471445, 0.35165733, 0.33605295, 0.36668894, 0.36005753, 0.37531713, 0.37778372, 0.379287, 0.36578265, 0.3739326, 0.38825324, 0.36107397, 0.39536938, 0.35549128, 0.37375113, 0.36981538, 0.37242085], "std": [0.09504556, 0.07841503, 0.05117577, 0.05277842, 0.08037869, 0.07939864, 0.053273156, 0.05071118, 0.08098514, 0.06838173, 0.06616522, 0.049794763, 0.06724678, 0.058221757, 0.07333443, 0.073304616, 0.074030496, 0.060567196, 0.06322171, 0.0791755, 0.05444098, 0.068642266, 0.060834967, 0.045835067, 0.060397655, 0.051910885, 0.059913732, 0.07872911, 0.043571707, 0.0646088, 0.045622673, 0.06839579, 0.06916161, 0.086886615, 0.04850656, 0.070004374, 0.054279115, 0.05824086, 0.06456402, 0.06544905, 0.045901734, 0.061280165, 0.063514285, 0.052141964, 0.06214872, 0.06942827, 0.07598834, 0.07073061, 0.06835798, 0.07577187], "var": [0.98, 0.98, 0.98, 0.96, 0.94, 0.94, 0.92, 0.92, 0.88, 0.88, 0.88, 0.86, 0.84, 0.82, 0.82, 0.8, 0.8, 0.8, 0.8, 0.78, 0.78, 0.74, 0.74, 0.74, 0.74, 0.72, 0.7, 0.68, 0.68, 0.68, 0.68, 0.7, 0.7, 0.7, 0.7, 0.68, 0.66, 0.68, 0.68, 0.68, 0.7, 0.7, 0.72, 0.7, 0.72, 0.74, 0.72, 0.72, 0.7, 0.72], "best": [0.4511111, 0.48000002, 0.37888893, 0.37274376, 0.47280422, 0.47387537, 0.4154209, 0.41815445, 0.47234568, 0.4739181, 0.37846053, 0.37351856, 0.4728798, 0.47359538, 0.40108192, 0.4206922, 0.472906, 0.47426262, 0.37849537, 0.4203643, 0.4745601, 0.4223628, 0.38825396, 0.42761734, 0.4277575, 0.47469446, 0.43081197, 0.44340327, 0.43235016, 0.44513497, 0.4465959, 0.47388205, 0.4745238, 0.47511372, 0.4510444, 0.47568533, 0.47645155, 0.4514368, 0.47722968, 0.4870503, 0.47937313, 0.48007202, 0.4801645, 0.46675476, 0.49052683, 0.48074594, 0.48109278, 0.48151255, 0.48197532, 0.49391267], "duration": [40802, 40078, 52689, 37932, 44983, 47885, 45767, 38488, 44876, 39939, 37407, 38274, 45889, 39660, 44861, 38594, 38762, 39720, 39027, 38630, 45933, 45715, 39284, 38284, 39756, 39205, 39072, 38576, 38801, 39803, 39180, 39608, 39687, 39169, 38353, 38985, 39997, 40157, 46847, 40366, 39633, 39790, 53037, 39915, 39841, 40102, 39186, 46298, 39547, 39758]}