{"avg": [0.26031747, 0.2896931, 0.29507932, 0.29572397, 0.29337233, 0.29402545, 0.30663276, 0.31833312, 0.30693004, 0.31060544, 0.31181094, 0.31360838, 0.32880634, 0.31922942, 0.31679517, 0.3237896, 0.332943, 0.3212722, 0.35293037, 0.35136092, 0.36455414, 0.3540476, 0.32067534, 0.3612699, 0.34990996, 0.3417035, 0.3423016, 0.34894642, 0.34139705, 0.33432052, 0.33826175, 0.34325916, 0.3541683, 0.3342268, 0.35416293, 0.38632366, 0.3698219, 0.36790046, 0.38708767, 0.37189332, 0.38589442, 0.41521487, 0.39849997, 0.39039356, 0.35907686, 0.38709998, 0.42380953, 0.39943916, 0.37523848, 0.41303018], "std": [0.08539034, 0.07409099, 0.048330657, 0.043414567, 0.070916995, 0.073289685, 0.051439833, 0.04808029, 0.08126013, 0.07946732, 0.076668784, 0.077234015, 0.059119623, 0.075628735, 0.082947746, 0.054519445, 0.06609318, 0.056616955, 0.066176884, 0.08083959, 0.07499102, 0.0703209, 0.056470133, 0.080014035, 0.05891987, 0.076664396, 0.05949399, 0.056327954, 0.063176386, 0.0617917, 0.07772535, 0.054335743, 0.06788358, 0.063992605, 0.0660271, 0.0645426, 0.07734781, 0.07750202, 0.07435738, 0.07831938, 0.07206431, 0.052520897, 0.06325583, 0.06144404, 0.07105812, 0.06481851, 0.06566605, 0.064558335, 0.07852597, 0.056395914], "var": [0.98, 0.98, 0.98, 0.96, 0.94, 0.94, 0.92, 0.92, 0.92, 0.9, 0.9, 0.88, 0.88, 0.84, 0.82, 0.8, 0.8, 0.78, 0.76, 0.76, 0.76, 0.72, 0.72, 0.72, 0.7, 0.7, 0.72, 0.74, 0.72, 0.74, 0.72, 0.7, 0.68, 0.66, 0.66, 0.62, 0.6, 0.6, 0.6, 0.58, 0.56, 0.56, 0.56, 0.56, 0.58, 0.58, 0.56, 0.56, 0.54, 0.54], "best": [0.4333333, 0.46222222, 0.36396822, 0.3578231, 0.45502642, 0.45609757, 0.40081772, 0.40355125, 0.45456788, 0.45666668, 0.45691058, 0.45819208, 0.45876288, 0.4591346, 0.45970368, 0.46164572, 0.46233594, 0.4126867, 0.4625874, 0.46524587, 0.46800825, 0.47117648, 0.42252544, 0.47186378, 0.42539683, 0.47260725, 0.42952383, 0.47308865, 0.47354028, 0.47362006, 0.47395834, 0.47442642, 0.4746249, 0.4745247, 0.47435424, 0.47489563, 0.47619045, 0.4770232, 0.47924218, 0.48140407, 0.48242044, 0.48351088, 0.48514116, 0.48638567, 0.48660037, 0.48684332, 0.4873689, 0.48893368, 0.4909649, 0.49042094], "duration": [42961, 39821, 52703, 43008, 49964, 47861, 45995, 38604, 38582, 39625, 39044, 39338, 39700, 39003, 46225, 39623, 45496, 45585, 46257, 46472, 52927, 39748, 37804, 40011, 45873, 39617, 38394, 39267, 39328, 39232, 39684, 39558, 39561, 46003, 45052, 39877, 39912, 45903, 40230, 46169, 47140, 46696, 39830, 40270, 39854, 39706, 47022, 39880, 40271, 46823]}