{"avg": [0.26031747, 0.3043386, 0.28811294, 0.30472222, 0.3061177, 0.29640597, 0.29812765, 0.29735643, 0.29833272, 0.3156139, 0.3152933, 0.30979076, 0.31691912, 0.3312038, 0.34689653, 0.32370228, 0.3220278, 0.33315718, 0.33021054, 0.3208969, 0.33712, 0.35417378, 0.35050598, 0.3309735, 0.35072133, 0.38366917, 0.3588252, 0.36308718, 0.3632255, 0.34393415, 0.36582884, 0.34056222, 0.38514552, 0.387715, 0.38584185, 0.3559241, 0.37571707, 0.3650516, 0.40205723, 0.40092626, 0.3879092, 0.3934174, 0.42295095, 0.38643226, 0.37124696, 0.36418653, 0.37673274, 0.3846722, 0.3733422, 0.40217012], "std": [0.08539034, 0.075287916, 0.050198525, 0.058414854, 0.06642528, 0.08023082, 0.057525035, 0.059246972, 0.072399005, 0.06173643, 0.052036192, 0.043517873, 0.04908176, 0.055367984, 0.03652894, 0.05510109, 0.035805304, 0.04924857, 0.074162565, 0.063938044, 0.077210255, 0.038675524, 0.06754005, 0.07383604, 0.055396467, 0.047227945, 0.061625276, 0.06317131, 0.052779105, 0.052941624, 0.05747643, 0.05186168, 0.069198705, 0.05754594, 0.055621713, 0.06399259, 0.06479192, 0.07004388, 0.051315267, 0.06662247, 0.082348384, 0.06446188, 0.06964533, 0.061984286, 0.07574706, 0.072772995, 0.08071344, 0.078000724, 0.08265186, 0.08446071], "var": [1.0, 0.98, 0.98, 0.94, 0.94, 0.94, 0.94, 0.92, 0.92, 0.9, 0.9, 0.9, 0.88, 0.88, 0.9, 0.9, 0.88, 0.88, 0.88, 0.88, 0.86, 0.88, 0.86, 0.84, 0.8, 0.82, 0.82, 0.8, 0.78, 0.76, 0.74, 0.74, 0.72, 0.7, 0.68, 0.7, 0.68, 0.66, 0.68, 0.68, 0.64, 0.64, 0.62, 0.6, 0.6, 0.58, 0.56, 0.54, 0.56, 0.58], "best": [0.4333333, 0.46222222, 0.37619045, 0.45902777, 0.45925924, 0.45949364, 0.36601505, 0.36785713, 0.41616833, 0.45873013, 0.41863355, 0.37259197, 0.3730491, 0.38978603, 0.45565608, 0.41783693, 0.3835107, 0.44586834, 0.45601848, 0.45720568, 0.45807126, 0.45005703, 0.45961905, 0.4611111, 0.45234355, 0.4617968, 0.46283618, 0.4554958, 0.45729372, 0.46601304, 0.46617544, 0.41775247, 0.46712962, 0.46974948, 0.47152647, 0.4721818, 0.47289827, 0.46755242, 0.47535992, 0.47658536, 0.47844687, 0.47984496, 0.48104572, 0.48333332, 0.48405793, 0.48484418, 0.48506224, 0.48577234, 0.48687002, 0.4874729], "duration": [43006, 44641, 46097, 39713, 48431, 44085, 39724, 37814, 45749, 44217, 43645, 39032, 39180, 44374, 39996, 52951, 45965, 39468, 39900, 55684, 44075, 46157, 39690, 43621, 39465, 39880, 39713, 39947, 46472, 39534, 49504, 39693, 40269, 40147, 39935, 39286, 53582, 39671, 40305, 40154, 39577, 39830, 40087, 39707, 46535, 46786, 40043, 40163, 40094, 59962]}