{"avg": [0.2679048, 0.2833524, 0.28054002, 0.28307807, 0.27828428, 0.28257033, 0.28517398, 0.28552383, 0.2847881, 0.28575343, 0.2853341, 0.28914824, 0.29220164, 0.29244745, 0.28827906, 0.2865678, 0.28284326, 0.2893673, 0.28831592, 0.2877979, 0.28786814, 0.28899622, 0.29094228, 0.29046035, 0.2907371, 0.29081947, 0.2895713, 0.28846818, 0.28995287, 0.28917208, 0.29041457, 0.29012725, 0.2924468, 0.29293296, 0.2925008, 0.29355204, 0.29222423, 0.29333895, 0.29407635, 0.29394862, 0.29843444, 0.29971877, 0.30334696, 0.30471238, 0.31088656, 0.3100876, 0.30662766, 0.30794883, 0.31300133, 0.31093553], "std": [0.063772626, 0.062880516, 0.0649753, 0.062263362, 0.06522124, 0.06399102, 0.06493061, 0.063700825, 0.06460607, 0.06535121, 0.064087294, 0.0632851, 0.06109773, 0.06072793, 0.06279826, 0.05653295, 0.05855313, 0.05935389, 0.056398343, 0.05598317, 0.054439608, 0.055425327, 0.05536492, 0.05476222, 0.05575353, 0.060252637, 0.059828635, 0.06015439, 0.060263466, 0.059960883, 0.060886916, 0.060657505, 0.061730262, 0.061431408, 0.06189565, 0.062932596, 0.061444953, 0.061038204, 0.061614834, 0.06263463, 0.062118355, 0.058596622, 0.06454617, 0.06312134, 0.060591534, 0.06246645, 0.06293538, 0.06560238, 0.062113322, 0.06435001], "var": [1.0, 0.98, 1.0, 1.0, 1.0, 1.0, 1.0, 0.98, 0.98, 0.98, 0.96, 0.96, 0.94, 0.94, 0.96, 0.94, 0.94, 0.96, 0.92, 0.9, 0.88, 0.9, 0.9, 0.9, 0.9, 0.9, 0.86, 0.84, 0.86, 0.84, 0.84, 0.82, 0.82, 0.8, 0.8, 0.82, 0.84, 0.86, 0.84, 0.82, 0.8, 0.8, 0.8, 0.82, 0.8, 0.78, 0.78, 0.74, 0.76, 0.76], "best": [0.4333333, 0.44999996, 0.4493333, 0.4491111, 0.449, 0.44893333, 0.449, 0.44895235, 0.44891664, 0.44881478, 0.44866666, 0.44854546, 0.449, 0.4493846, 0.44971427, 0.45004442, 0.44991663, 0.44984314, 0.44977775, 0.44975436, 0.44976664, 0.44971427, 0.44966665, 0.44968116, 0.44969442, 0.44967997, 0.4498974, 0.45007408, 0.45016667, 0.45025286, 0.45033333, 0.45043007, 0.45054165, 0.45060602, 0.45066667, 0.4507238, 0.45079628, 0.45088288, 0.45098245, 0.451094, 0.45121667, 0.41970965, 0.4514762, 0.45156586, 0.45163634, 0.45171848, 0.45184055, 0.45195743, 0.45205554, 0.45214963], "duration": [100000, 100890, 97523, 100067, 96932, 97681, 95857, 97101, 96551, 97767, 100446, 98999, 99148, 100799, 97053, 100251, 100380, 99167, 99563, 99493, 101584, 101621, 98779, 100676, 100656, 100082, 99701, 96864, 96506, 99885, 99737, 99394, 99734, 97857, 100211, 100944, 100021, 99759, 100743, 100120, 101497, 102250, 102408, 101467, 103768, 104516, 106051, 105525, 103974, 101199]}