{"avg": [0.25777778, 0.27374998, 0.30259332, 0.26763785, 0.29010108, 0.2865091, 0.2770981, 0.30169308, 0.31163836, 0.29694003, 0.2872612, 0.290946, 0.32060546, 0.30921423, 0.3162098, 0.32464185, 0.30656904, 0.30856335, 0.28318366, 0.32585976, 0.3321346, 0.34124026, 0.34663692, 0.31034824, 0.33941174, 0.31183186, 0.34490168, 0.34332895, 0.32770646, 0.33623102, 0.34279704, 0.33260322, 0.33653882, 0.35447374, 0.3339927, 0.32769445, 0.35934278, 0.338587, 0.35992962, 0.36237213, 0.34158653, 0.35791424, 0.34093043, 0.30555865, 0.34388664, 0.3624219, 0.2981967, 0.38164648, 0.3621345, 0.3603607], "std": [0.08726752, 0.053553224, 0.058322508, 0.060715776, 0.04946471, 0.062488146, 0.059111074, 0.05759588, 0.051525857, 0.056547757, 0.044878926, 0.047836762, 0.04840341, 0.053022124, 0.06551747, 0.062514514, 0.051286556, 0.06012714, 0.05497496, 0.053465366, 0.06498337, 0.04458396, 0.066714115, 0.047615666, 0.05671208, 0.06118876, 0.06548285, 0.047889326, 0.045333937, 0.037925705, 0.06464365, 0.06241874, 0.06763444, 0.05754467, 0.061339784, 0.08084057, 0.064174175, 0.077775605, 0.055038106, 0.078873865, 0.06444929, 0.078677356, 0.09834179, 0.09614764, 0.08019704, 0.08149039, 0.104355164, 0.09810614, 0.090096824, 0.106083274], "var": [0.98, 0.98, 0.98, 0.98, 0.98, 0.98, 0.98, 0.96, 0.96, 0.96, 0.94, 0.94, 0.92, 0.92, 0.92, 0.92, 0.92, 0.9, 0.88, 0.86, 0.84, 0.8, 0.82, 0.8, 0.82, 0.8, 0.78, 0.76, 0.76, 0.74, 0.74, 0.72, 0.7, 0.7, 0.68, 0.68, 0.66, 0.68, 0.68, 0.7, 0.7, 0.7, 0.72, 0.72, 0.72, 0.72, 0.7, 0.7, 0.72, 0.7], "best": [0.4333333, 0.35396823, 0.44946232, 0.35744047, 0.38635394, 0.3894678, 0.36925974, 0.44871795, 0.3898629, 0.45057473, 0.35, 0.3899679, 0.4517182, 0.39120528, 0.45206487, 0.452517, 0.38440564, 0.45434782, 0.36290297, 0.45465365, 0.45531693, 0.45562074, 0.4562441, 0.3863337, 0.45794472, 0.39476192, 0.45833334, 0.4591398, 0.4595238, 0.42196223, 0.46022174, 0.46080807, 0.46154344, 0.4624528, 0.42532983, 0.4635119, 0.4653333, 0.4669496, 0.4682068, 0.46892473, 0.47071502, 0.5166448, 0.4720802, 0.47376406, 0.5183781, 0.47386625, 0.51991636, 0.5201214, 0.5215915, 0.47840858], "duration": [43041, 42860, 46900, 45435, 45817, 50432, 38517, 44472, 39567, 39602, 42764, 39608, 43889, 45967, 45890, 46323, 39663, 50719, 38896, 39994, 40256, 40006, 44481, 39855, 40224, 43473, 40176, 40815, 45803, 45553, 45233, 52077, 41295, 42034, 48566, 41723, 41434, 41752, 41834, 41268, 40984, 41704, 41722, 40762, 48060, 41581, 44889, 41719, 41863, 41748]}