{"avg": [0.1952381, 0.2288254, 0.23434834, 0.22904518, 0.23385547, 0.23137426, 0.24511635, 0.24504763, 0.24830016, 0.24162751, 0.24194619, 0.2356175, 0.23574735, 0.25142094, 0.24835539, 0.2324876, 0.23302943, 0.25583166, 0.26496503, 0.2587539, 0.24482621, 0.26122922, 0.25912318, 0.25453764, 0.26039362, 0.2701783, 0.26422888, 0.27166128, 0.27353185, 0.26735145, 0.26667172, 0.26610103, 0.27901232, 0.26478115, 0.25437164, 0.2659264, 0.28260583, 0.2687992, 0.2866454, 0.28258982, 0.26763034, 0.27107516, 0.28779402, 0.2708091, 0.29218614, 0.296684, 0.2899851, 0.31472686, 0.28795448, 0.28672495], "std": [0.06404275, 0.055207532, 0.03822634, 0.03188001, 0.054109056, 0.057425704, 0.045304857, 0.05237955, 0.035892982, 0.04336078, 0.034433324, 0.047507368, 0.050501034, 0.05557871, 0.060606975, 0.065700114, 0.060769297, 0.064670004, 0.057172913, 0.050898418, 0.0631305, 0.06330084, 0.05049673, 0.056934398, 0.06970808, 0.047134, 0.060979683, 0.045849085, 0.05747854, 0.03842562, 0.05336352, 0.035640843, 0.055943064, 0.055080004, 0.05681525, 0.049069677, 0.04862494, 0.043340124, 0.04343942, 0.04393891, 0.058649886, 0.045309737, 0.050178394, 0.053457238, 0.055787332, 0.052995086, 0.05567129, 0.04837347, 0.04512802, 0.056319628], "var": [0.98, 0.98, 0.98, 0.96, 0.94, 0.94, 0.92, 0.92, 0.9, 0.9, 0.86, 0.84, 0.84, 0.84, 0.84, 0.82, 0.82, 0.82, 0.82, 0.78, 0.78, 0.76, 0.76, 0.76, 0.76, 0.78, 0.78, 0.76, 0.78, 0.76, 0.78, 0.82, 0.82, 0.8, 0.82, 0.8, 0.8, 0.8, 0.76, 0.76, 0.74, 0.72, 0.72, 0.72, 0.72, 0.72, 0.76, 0.76, 0.76, 0.74], "best": [0.325, 0.3683333, 0.2888095, 0.27959183, 0.35753968, 0.35914633, 0.31551227, 0.3597826, 0.32263738, 0.32133073, 0.3083851, 0.32207793, 0.28941798, 0.36060974, 0.36210406, 0.36410254, 0.32396132, 0.36609846, 0.3681408, 0.37073377, 0.3395154, 0.37223926, 0.3735294, 0.34016114, 0.3731333, 0.37461537, 0.3752469, 0.3764184, 0.377164, 0.34609815, 0.3784188, 0.34591097, 0.3781187, 0.3794747, 0.38005617, 0.34016076, 0.38002643, 0.34720042, 0.38032445, 0.3810778, 0.38149762, 0.38213176, 0.38270393, 0.38340706, 0.38344154, 0.38439265, 0.385729, 0.38793564, 0.3555733, 0.35756114], "duration": [42750, 39625, 52288, 42706, 49409, 47619, 38830, 38362, 44708, 39018, 38549, 38048, 38039, 38700, 39623, 38952, 38376, 39490, 39306, 38689, 38895, 39528, 45159, 38928, 38844, 39308, 45646, 38799, 39376, 39081, 38820, 38844, 39439, 52805, 45720, 39328, 38997, 44962, 39387, 39151, 39308, 38364, 45248, 39458, 39545, 52599, 52956, 39210, 39076, 39383]}