{"avg": [0.24948148, 0.28429633, 0.29128653, 0.2847943, 0.28765804, 0.28599557, 0.30392677, 0.30592594, 0.30760685, 0.29668292, 0.29884154, 0.29146853, 0.30599427, 0.30048445, 0.30447692, 0.29078603, 0.3065046, 0.3245084, 0.3236686, 0.31514266, 0.30630127, 0.3335629, 0.31324744, 0.3324567, 0.33698535, 0.3501833, 0.32252833, 0.34474936, 0.3198672, 0.3078413, 0.34582618, 0.33159116, 0.32924002, 0.31594586, 0.3058544, 0.3379205, 0.34070262, 0.32417524, 0.35711646, 0.36963984, 0.37026423, 0.35438165, 0.35117984, 0.3615506, 0.36677912, 0.3614821, 0.33354947, 0.3597413, 0.37012827, 0.36247167], "std": [0.088128105, 0.07241157, 0.04884136, 0.04051971, 0.06939596, 0.07737338, 0.06003782, 0.065158784, 0.04734164, 0.049470507, 0.04248435, 0.05285212, 0.071786605, 0.060087696, 0.05153059, 0.05939956, 0.05982688, 0.036415704, 0.056811042, 0.041657507, 0.053209145, 0.051962506, 0.04862388, 0.028986966, 0.049545918, 0.044954944, 0.06769811, 0.07228813, 0.06816023, 0.058066253, 0.053538408, 0.07215312, 0.06630316, 0.05923849, 0.07110401, 0.063341826, 0.04919721, 0.054812893, 0.028575186, 0.04800581, 0.05592104, 0.055338737, 0.06481352, 0.05557816, 0.06452048, 0.0584796, 0.07396878, 0.03532097, 0.07544171, 0.06304906], "var": [0.98, 0.98, 0.98, 0.96, 0.94, 0.94, 0.92, 0.92, 0.9, 0.9, 0.86, 0.84, 0.84, 0.84, 0.82, 0.8, 0.76, 0.74, 0.74, 0.72, 0.72, 0.7, 0.72, 0.72, 0.72, 0.72, 0.7, 0.72, 0.72, 0.74, 0.72, 0.7, 0.7, 0.68, 0.64, 0.62, 0.6, 0.56, 0.56, 0.56, 0.6, 0.6, 0.56, 0.54, 0.5, 0.5, 0.48, 0.46, 0.5, 0.5], "best": [0.42444444, 0.45333335, 0.35666665, 0.35052153, 0.44613755, 0.44720867, 0.3931987, 0.44763282, 0.39794874, 0.38293758, 0.38432023, 0.35847223, 0.44613755, 0.39674804, 0.38616392, 0.44623932, 0.3860912, 0.38792932, 0.44654718, 0.39686942, 0.3975563, 0.39846158, 0.4497148, 0.38688394, 0.4502306, 0.4009107, 0.40101418, 0.4506805, 0.40536404, 0.4061482, 0.4508094, 0.4512227, 0.45163742, 0.4517112, 0.39809406, 0.40801725, 0.4105427, 0.4018551, 0.40254244, 0.45245102, 0.45274833, 0.45390546, 0.4545108, 0.45543596, 0.5098148, 0.45639482, 0.45665732, 0.42131874, 0.5114461, 0.5124462], "duration": [38399, 40286, 52914, 42951, 49818, 43443, 39300, 38695, 45104, 39149, 39040, 38142, 39670, 38849, 39369, 38326, 38393, 45769, 39176, 39001, 38753, 39797, 45057, 39309, 39705, 39907, 39489, 46246, 39304, 39377, 39589, 45993, 39494, 38891, 38876, 39052, 38690, 38906, 38798, 45751, 39720, 39161, 39213, 39497, 39826, 39723, 39312, 46042, 39878, 39219]}