{"avg": [0.2015873, 0.22643326, 0.22936198, 0.23270266, 0.23817609, 0.22389255, 0.23805273, 0.26814815, 0.21465704, 0.24226804, 0.23991142, 0.26070678, 0.22949393, 0.22596595, 0.21874458, 0.304092, 0.22805914, 0.2690096, 0.2719311, 0.2764233, 0.26754355, 0.29675913, 0.25508386, 0.29728964, 0.2689582, 0.29221156, 0.2791047, 0.30222738, 0.3101022, 0.28507763, 0.3254163, 0.26945242, 0.2826113, 0.31129983, 0.2440879, 0.24813017, 0.28103215, 0.30312753, 0.2892206, 0.27115837, 0.31533065, 0.3309551, 0.31893522, 0.27526054, 0.35816553, 0.31724072, 0.3050853, 0.31680524, 0.32617223, 0.31842512], "std": [0.10862874, 0.11275821, 0.12620386, 0.097135134, 0.08919425, 0.09766839, 0.09521668, 0.112597235, 0.10348109, 0.07921026, 0.13374121, 0.10862742, 0.10440087, 0.108524114, 0.10544588, 0.12917267, 0.06904612, 0.10431404, 0.10758755, 0.10680522, 0.12050025, 0.12386896, 0.13343212, 0.12541614, 0.14001256, 0.10747017, 0.15134561, 0.09255404, 0.10273945, 0.1308848, 0.113483675, 0.126951, 0.13378556, 0.1427342, 0.1388762, 0.14524625, 0.13656858, 0.12709194, 0.16034189, 0.11902124, 0.14498125, 0.13572481, 0.12609619, 0.123077214, 0.116652876, 0.12608501, 0.15755096, 0.16118427, 0.14593576, 0.13676059], "var": [0.98, 0.96, 0.96, 0.94, 0.92, 0.92, 0.9, 0.9, 0.88, 0.86, 0.86, 0.84, 0.84, 0.82, 0.84, 0.86, 0.86, 0.86, 0.84, 0.82, 0.78, 0.76, 0.76, 0.76, 0.8, 0.8, 0.8, 0.8, 0.82, 0.82, 0.82, 0.8, 0.8, 0.8, 0.8, 0.78, 0.78, 0.78, 0.76, 0.76, 0.72, 0.72, 0.74, 0.72, 0.72, 0.76, 0.76, 0.74, 0.76, 0.74], "best": [0.45238099, 0.48126987, 0.48154762, 0.39404765, 0.47980034, 0.47954145, 0.39863947, 0.47781956, 0.34365082, 0.3909328, 0.49247503, 0.49458876, 0.49521354, 0.39144707, 0.39168832, 0.4960849, 0.35477126, 0.47361553, 0.38773274, 0.47292742, 0.49689445, 0.4970291, 0.47585514, 0.47666416, 0.49787748, 0.49927744, 0.49921396, 0.47450078, 0.48422953, 0.49992287, 0.50033873, 0.47717774, 0.48669663, 0.5003916, 0.48755255, 0.48004946, 0.48768532, 0.50134784, 0.50130445, 0.5016724, 0.48972473, 0.50183654, 0.48278773, 0.48323977, 0.5028673, 0.49112347, 0.5036182, 0.49171874, 0.48674926, 0.5040407], "duration": [7988, 3461, 3025, 2985, 8384, 12721, 3083, 2940, 4018, 3483, 12724, 3037, 2986, 3039, 8817, 3046, 2909, 3579, 3049, 3142, 8341, 3039, 13293, 3018, 3198, 7984, 7944, 7951, 3191, 7989, 3168, 3108, 4147, 3141, 3044, 7905, 3001, 3097, 8950, 3160, 3099, 3552, 3141, 3500, 4147, 3628, 3624, 7981, 3075, 3557]}