{"avg": [0.26285714, 0.28715342, 0.29307437, 0.2902818, 0.2928711, 0.29626632, 0.30663276, 0.31833312, 0.31055292, 0.32797393, 0.30798092, 0.2972057, 0.31779337, 0.32706508, 0.30169013, 0.30885866, 0.29327878, 0.30642444, 0.30890736, 0.30686602, 0.3246215, 0.33213213, 0.34854192, 0.3163059, 0.3248241, 0.31784788, 0.31407905, 0.3678856, 0.29143837, 0.34230244, 0.35207206, 0.33711115, 0.3253666, 0.32972547, 0.36336595, 0.34211847, 0.350535, 0.36804092, 0.3401309, 0.3529731, 0.3417474, 0.35179237, 0.34487987, 0.39088118, 0.35804078, 0.36950734, 0.3407422, 0.35638016, 0.3703129, 0.38343117], "std": [0.0841156, 0.07461725, 0.047121577, 0.041381273, 0.07386619, 0.07559127, 0.05629524, 0.050187677, 0.07483658, 0.06492253, 0.06272913, 0.051613506, 0.062657155, 0.05608794, 0.08045261, 0.06664904, 0.04236053, 0.064711556, 0.061995853, 0.06766911, 0.03907683, 0.06747582, 0.044684242, 0.0696237, 0.0390691, 0.05937707, 0.094926514, 0.046984337, 0.07535245, 0.05077881, 0.064905755, 0.063016996, 0.079064496, 0.07996086, 0.058107685, 0.06104336, 0.06684073, 0.04561987, 0.06659664, 0.07816545, 0.08041438, 0.0594026, 0.08487858, 0.044640955, 0.074258305, 0.041914172, 0.08049036, 0.048542716, 0.05668202, 0.06393771], "var": [0.98, 0.98, 0.98, 0.96, 0.94, 0.94, 0.92, 0.92, 0.88, 0.88, 0.88, 0.86, 0.84, 0.8, 0.8, 0.82, 0.82, 0.8, 0.8, 0.78, 0.76, 0.74, 0.74, 0.74, 0.72, 0.72, 0.7, 0.68, 0.68, 0.7, 0.66, 0.66, 0.68, 0.64, 0.62, 0.6, 0.6, 0.62, 0.62, 0.64, 0.66, 0.66, 0.64, 0.66, 0.66, 0.66, 0.66, 0.62, 0.62, 0.6], "best": [0.4333333, 0.46222222, 0.36396822, 0.3578231, 0.45502642, 0.45609757, 0.40081772, 0.40355125, 0.45456788, 0.4561403, 0.36353984, 0.35859787, 0.455102, 0.45581758, 0.45628655, 0.4061253, 0.362779, 0.3693024, 0.40818247, 0.40852714, 0.36880648, 0.45465466, 0.45552352, 0.45619833, 0.40400204, 0.374583, 0.4555827, 0.45796075, 0.4561883, 0.45643273, 0.4567301, 0.45725968, 0.41976142, 0.46238002, 0.4590174, 0.46001208, 0.46460542, 0.4658662, 0.4252484, 0.46183494, 0.41592336, 0.42774233, 0.4680744, 0.47157583, 0.46354914, 0.42045686, 0.4747378, 0.4272255, 0.47546172, 0.47346234], "duration": [43528, 40387, 53738, 43493, 45386, 48430, 46291, 39074, 45418, 40067, 37595, 38815, 46490, 39895, 38402, 38815, 38770, 39799, 39288, 40266, 52707, 40015, 39581, 39963, 46828, 39247, 39516, 40420, 46167, 39951, 47011, 39592, 40526, 39980, 40265, 39700, 39932, 40223, 40062, 40710, 46279, 40338, 47407, 40445, 40056, 53973, 40083, 40353, 40246, 47068]}