{"avg": [0.64, 0.62333333, 0.625, 0.6383333, 0.63, 0.64, 0.62666667, 0.6333333, 0.64166665, 0.65, 0.645, 0.6383333, 0.63166666, 0.62333333, 0.62166667, 0.63, 0.63666666, 0.62333333, 0.63, 0.62333333, 0.625, 0.625, 0.62, 0.61833334, 0.625], "std": [0.20712319, 0.19524914, 0.19947849, 0.20521662, 0.19519225, 0.20305994, 0.19947153, 0.19930437, 0.20899886, 0.20412424, 0.21846056, 0.20723705, 0.22304074, 0.2116339, 0.21744093, 0.21740903, 0.21328129, 0.22125907, 0.2135416, 0.20765893, 0.21164042, 0.21554196, 0.21931717, 0.21349598, 0.21746647], "var": [1.0, 0.99333334, 0.99333334, 0.9866667, 0.9866667, 0.97333336, 0.98, 0.97333336, 0.97333336, 0.97333336, 0.96, 0.94666666, 0.93333334, 0.94, 0.94, 0.9266667, 0.92, 0.91333336, 0.91333336, 0.9, 0.88666666, 0.8933333, 0.88, 0.87333333, 0.86], "best": [1.0, 1.0, 1.0, 1.0, 1.0, 1.0, 1.0, 1.0, 1.0, 1.0, 1.0, 1.0, 1.0, 1.0, 1.0, 1.0, 1.0, 1.0, 1.0, 1.0, 1.0, 1.0, 1.0, 1.0, 1.0], "duration": [229839, 231608, 232416, 232364, 230735, 232420, 230256, 230539, 229645, 228794, 228430, 227754, 224936, 220987, 222233, 222301, 221358, 220428, 222533, 222524, 219534, 221750, 219993, 221269, 218490]}