{"avg": [0.26031747, 0.2896931, 0.29708436, 0.29300287, 0.29136732, 0.29178452, 0.31064278, 0.320574, 0.30834097, 0.32504535, 0.31316, 0.29685232, 0.32470894, 0.32884076, 0.30424494, 0.32078367, 0.3389698, 0.3321033, 0.35563034, 0.34649885, 0.32630295, 0.33875695, 0.35324836, 0.33090523, 0.31799358, 0.31559035, 0.32895264, 0.34560722, 0.36069936, 0.32447216, 0.34249347, 0.35094386, 0.32860005, 0.33949426, 0.35268202, 0.33314225, 0.3464502, 0.35434312, 0.36198583, 0.38099223, 0.37211034, 0.3504708, 0.37723833, 0.38337222, 0.36162943, 0.38993794, 0.39469504, 0.37259063, 0.37457344, 0.40019953], "std": [0.08539034, 0.07409099, 0.04982655, 0.04365753, 0.06961222, 0.07578598, 0.052799568, 0.0491792, 0.08057846, 0.06462788, 0.07608933, 0.066111684, 0.04230329, 0.06397372, 0.07350731, 0.056210987, 0.03925798, 0.04990822, 0.06498517, 0.07148657, 0.06950273, 0.073975764, 0.074143134, 0.045072656, 0.049127802, 0.070847265, 0.07623682, 0.05892224, 0.0685425, 0.07532073, 0.08844265, 0.07514638, 0.053925574, 0.060081612, 0.057163727, 0.061619002, 0.058480643, 0.062186796, 0.06775828, 0.06538244, 0.060048968, 0.056221608, 0.06032517, 0.068736255, 0.05307067, 0.0616868, 0.047175717, 0.0650529, 0.0623471, 0.054970656], "var": [0.98, 0.98, 0.98, 0.96, 0.94, 0.94, 0.92, 0.92, 0.92, 0.9, 0.9, 0.88, 0.88, 0.86, 0.84, 0.82, 0.8, 0.8, 0.82, 0.8, 0.8, 0.8, 0.78, 0.78, 0.76, 0.74, 0.78, 0.74, 0.7, 0.68, 0.66, 0.62, 0.64, 0.64, 0.62, 0.62, 0.6, 0.6, 0.58, 0.56, 0.54, 0.56, 0.56, 0.54, 0.58, 0.54, 0.54, 0.52, 0.52, 0.5], "best": [0.4333333, 0.46222222, 0.36396822, 0.3578231, 0.45502642, 0.45609757, 0.40081772, 0.40355125, 0.45456788, 0.45599997, 0.45650408, 0.36771587, 0.38826704, 0.4557692, 0.45688888, 0.4576011, 0.40798652, 0.4113337, 0.4581585, 0.46218577, 0.4633437, 0.46397206, 0.46628678, 0.38859478, 0.4184742, 0.46733332, 0.467466, 0.46775195, 0.46778274, 0.3968117, 0.46820402, 0.46911064, 0.42524374, 0.43129638, 0.46956253, 0.46954432, 0.46987176, 0.46990344, 0.47048092, 0.4714671, 0.4721698, 0.47198364, 0.47203004, 0.4728863, 0.45623258, 0.47416198, 0.47447488, 0.47515723, 0.47591367, 0.4764427], "duration": [43249, 39889, 52736, 43027, 49794, 47929, 45849, 38713, 38884, 39186, 38723, 38802, 39557, 38926, 45878, 39421, 45569, 45492, 46487, 38939, 38994, 39240, 39536, 38731, 39617, 38240, 39601, 45835, 39593, 38514, 39216, 38957, 45834, 39981, 39416, 38625, 39227, 38737, 39955, 46404, 39241, 38555, 52720, 39350, 39089, 39388, 39835, 39542, 39096, 39563]}