{"avg": [0.23296294, 0.25874075, 0.27385965, 0.25768545, 0.28766534, 0.2802515, 0.23131509, 0.26463583, 0.26336712, 0.24825248, 0.27200755, 0.2780039, 0.2806557, 0.29487547, 0.2853729, 0.31948215, 0.28635386, 0.28827906, 0.29879525, 0.31027737, 0.30522922, 0.29152277, 0.31828356, 0.3137629, 0.31354952, 0.30518895, 0.32824266, 0.31449118, 0.30492172, 0.3224897, 0.29046595, 0.34311342, 0.3263094, 0.3278264, 0.32213688, 0.32258192, 0.33235136, 0.3377629, 0.34873128, 0.34935418, 0.3667732, 0.35632402, 0.39035124, 0.3494472, 0.3131224, 0.39375, 0.37991884, 0.36651003, 0.37312743, 0.35460716], "std": [0.093809776, 0.08074638, 0.05299033, 0.034944564, 0.05199371, 0.06125167, 0.08149846, 0.08101793, 0.04995769, 0.06539614, 0.07151583, 0.06478165, 0.06645033, 0.064088225, 0.06773472, 0.05102411, 0.05785049, 0.061212942, 0.07040832, 0.06600169, 0.054556068, 0.05678821, 0.058418136, 0.07598128, 0.051469903, 0.06491529, 0.056034133, 0.08382077, 0.05768246, 0.0434093, 0.080243714, 0.06224196, 0.06549856, 0.08752105, 0.06586284, 0.08033643, 0.081018046, 0.05475907, 0.08657416, 0.08391098, 0.07184304, 0.07570583, 0.06388734, 0.10279565, 0.096187845, 0.06376057, 0.09939171, 0.08669419, 0.07415813, 0.094836995], "var": [0.98, 0.98, 0.98, 0.96, 0.96, 0.94, 0.92, 0.92, 0.9, 0.9, 0.9, 0.9, 0.9, 0.88, 0.88, 0.88, 0.88, 0.88, 0.88, 0.86, 0.88, 0.86, 0.84, 0.84, 0.82, 0.8, 0.78, 0.76, 0.76, 0.76, 0.74, 0.74, 0.72, 0.72, 0.7, 0.68, 0.7, 0.7, 0.7, 0.68, 0.64, 0.66, 0.64, 0.68, 0.64, 0.62, 0.62, 0.62, 0.62, 0.62], "best": [0.42222223, 0.4511111, 0.3544444, 0.30941042, 0.44391534, 0.44542897, 0.31388888, 0.44484127, 0.33359173, 0.3365415, 0.33814582, 0.44140828, 0.3598566, 0.44274768, 0.4435312, 0.44458687, 0.36237273, 0.36374268, 0.4454725, 0.4462402, 0.39526618, 0.36489436, 0.44722223, 0.44807634, 0.40923962, 0.4502256, 0.45092142, 0.45185184, 0.39800406, 0.41230598, 0.45247313, 0.45277777, 0.45448458, 0.45529616, 0.45662475, 0.45702612, 0.45775008, 0.4579819, 0.45902896, 0.46045753, 0.46205184, 0.4637463, 0.4653684, 0.46747443, 0.469005, 0.4693617, 0.47159806, 0.47362623, 0.4749261, 0.47606838], "duration": [43001, 39861, 52530, 42886, 43873, 43613, 39115, 45417, 38394, 39290, 38813, 44063, 45045, 46015, 38796, 39436, 38827, 44724, 39105, 39327, 46451, 55057, 39374, 39591, 39744, 39581, 44385, 39448, 43862, 39539, 43358, 40044, 45893, 46288, 38903, 45826, 39238, 46769, 46278, 39881, 39932, 46590, 39845, 40157, 39767, 46681, 46742, 39985, 39499, 40165]}