{"avg": [0.26031747, 0.30812696, 0.2928345, 0.2901515, 0.3086915, 0.2707259, 0.28935117, 0.314141, 0.32384762, 0.31462616, 0.2900621, 0.31763008, 0.29013902, 0.31966096, 0.33213437, 0.3246043, 0.32898763, 0.3222777, 0.34404868, 0.32643294, 0.3175013, 0.33448628, 0.3355887, 0.32755315, 0.3286639, 0.34889707, 0.3486406, 0.35059726, 0.3413513, 0.36169317, 0.35344487, 0.3499857, 0.36086386, 0.37010637, 0.3609483, 0.34455073, 0.3550796, 0.35817146, 0.3666015, 0.3691851, 0.3609828, 0.36577418, 0.3690219, 0.36674795, 0.38048065, 0.36466578, 0.37213263, 0.37980527, 0.39311892, 0.37972626], "std": [0.08539034, 0.05777426, 0.04251061, 0.0607121, 0.043251716, 0.049036417, 0.06433345, 0.052997097, 0.04936764, 0.054039303, 0.04536897, 0.05152835, 0.05633635, 0.048249554, 0.039134424, 0.04591867, 0.03299764, 0.025330052, 0.0364289, 0.04650182, 0.039010957, 0.046107974, 0.040794447, 0.049812295, 0.05128691, 0.030363942, 0.04669008, 0.029661356, 0.042123225, 0.03188347, 0.040881805, 0.047821146, 0.04767705, 0.03581188, 0.05189608, 0.040692575, 0.035602648, 0.043426912, 0.046730295, 0.041116472, 0.043390702, 0.045802396, 0.04499983, 0.04121901, 0.044286434, 0.05028674, 0.05298694, 0.050447863, 0.039624885, 0.05753614], "var": [0.98, 0.98, 0.98, 0.96, 0.94, 0.9, 0.88, 0.86, 0.86, 0.88, 0.88, 0.86, 0.82, 0.8, 0.78, 0.76, 0.74, 0.74, 0.74, 0.74, 0.7, 0.68, 0.68, 0.66, 0.62, 0.6, 0.6, 0.58, 0.58, 0.58, 0.56, 0.54, 0.52, 0.5, 0.5, 0.48, 0.46, 0.44, 0.46, 0.44, 0.46, 0.46, 0.46, 0.44, 0.42, 0.4, 0.4, 0.44, 0.44, 0.44], "best": [0.4333333, 0.46222222, 0.34857145, 0.3587662, 0.35811135, 0.3624127, 0.364709, 0.44923544, 0.45146665, 0.45324072, 0.36770186, 0.40143657, 0.3883543, 0.45112178, 0.4045941, 0.40636906, 0.36746344, 0.36902997, 0.40653923, 0.40715083, 0.37135342, 0.40729973, 0.44813752, 0.44872496, 0.4088614, 0.40940356, 0.44919482, 0.39282393, 0.41106474, 0.44946003, 0.41201302, 0.4124153, 0.449546, 0.44978026, 0.45003045, 0.3958651, 0.3960537, 0.44999996, 0.4504918, 0.45066452, 0.45093456, 0.4512898, 0.45155096, 0.4073361, 0.45126402, 0.45149013, 0.45219532, 0.45276317, 0.4528676, 0.45417717], "duration": [43071, 39508, 39226, 47759, 38906, 45450, 52478, 38888, 59075, 38761, 44609, 39338, 38889, 45139, 40034, 39215, 38215, 38654, 38977, 38993, 39524, 39941, 39289, 38571, 38378, 39292, 38904, 45807, 51633, 59184, 45007, 39386, 39594, 39854, 39517, 39447, 38986, 39038, 39751, 39749, 40002, 46535, 39864, 59728, 39669, 39983, 46498, 40067, 46847, 40119]}