{"avg": [0.26503703, 0.29407406, 0.301462, 0.29765147, 0.29806742, 0.29828313, 0.31212124, 0.31629628, 0.318718, 0.30690515, 0.307689, 0.3024019, 0.29660937, 0.32211384, 0.31108406, 0.28962293, 0.30448872, 0.31850678, 0.33943632, 0.3440104, 0.31406653, 0.31110817, 0.360409, 0.34972224, 0.3235988, 0.33372036, 0.35048357, 0.32170567, 0.34194127, 0.35675, 0.36367533, 0.36228126, 0.36645332, 0.3735405, 0.38087633, 0.35560146, 0.36002973, 0.3677157, 0.3657138, 0.36298227, 0.38222224, 0.37792498, 0.38232422, 0.3924784, 0.3912382, 0.38519993, 0.39578146, 0.40607986, 0.41319346, 0.4274635], "std": [0.08591111, 0.074500985, 0.05047924, 0.044405464, 0.07139191, 0.073837176, 0.056540757, 0.06722353, 0.04611796, 0.05616293, 0.04413239, 0.057779837, 0.07060906, 0.06512116, 0.061287664, 0.07401658, 0.07161314, 0.082691304, 0.058607068, 0.036139894, 0.07880573, 0.07016321, 0.035147734, 0.054068375, 0.078101344, 0.04557663, 0.058202848, 0.060136076, 0.05723503, 0.0649662, 0.05293631, 0.05778809, 0.0473236, 0.05294879, 0.066356465, 0.058119938, 0.07245606, 0.05417146, 0.06756006, 0.07107107, 0.061499145, 0.042937662, 0.07177358, 0.07834522, 0.059955433, 0.062576026, 0.060546957, 0.07659955, 0.06711073, 0.06656198], "var": [0.98, 0.98, 0.98, 0.96, 0.94, 0.94, 0.92, 0.92, 0.9, 0.9, 0.86, 0.84, 0.84, 0.84, 0.82, 0.8, 0.8, 0.78, 0.78, 0.78, 0.76, 0.74, 0.74, 0.72, 0.7, 0.66, 0.68, 0.68, 0.68, 0.66, 0.66, 0.62, 0.6, 0.56, 0.56, 0.54, 0.52, 0.54, 0.52, 0.52, 0.52, 0.54, 0.54, 0.52, 0.5, 0.5, 0.5, 0.48, 0.48, 0.48], "best": [0.43777776, 0.46666667, 0.36777773, 0.36385486, 0.45947087, 0.460542, 0.40653202, 0.46096614, 0.41128206, 0.410411, 0.39765355, 0.41090915, 0.36917105, 0.4615176, 0.4115536, 0.41074076, 0.4108367, 0.41141418, 0.41378736, 0.41380632, 0.4148718, 0.41491875, 0.41515505, 0.46601853, 0.46735775, 0.41648674, 0.4688066, 0.4704777, 0.4199234, 0.4711111, 0.4215022, 0.42312503, 0.4751111, 0.4763538, 0.4775262, 0.46603465, 0.4801426, 0.4317851, 0.4825782, 0.4836659, 0.48391107, 0.48499563, 0.48554197, 0.48755422, 0.4749067, 0.49026707, 0.47767565, 0.49205828, 0.49380994, 0.49587175], "duration": [43011, 40040, 52867, 42954, 49905, 47775, 39397, 38740, 45181, 39477, 38830, 38403, 38329, 39152, 39765, 38545, 39096, 46465, 39451, 46510, 38911, 52394, 39298, 39562, 38961, 39061, 39649, 39733, 39187, 39661, 39746, 52200, 39633, 39950, 40155, 39149, 40274, 39777, 39813, 39135, 39957, 39716, 39940, 39644, 39975, 39656, 39790, 40286, 46923, 40370]}