{"avg": [0.26051283, 0.29592025, 0.30377418, 0.2966136, 0.29794145, 0.30012324, 0.3190657, 0.3163077, 0.31810898, 0.30633533, 0.31174177, 0.30129102, 0.30272183, 0.3265549, 0.31232166, 0.28430536, 0.29945308, 0.30614546, 0.337669, 0.34670126, 0.30432692, 0.3378077, 0.35561502, 0.3228872, 0.307, 0.3349688, 0.33831608, 0.30348185, 0.32472473, 0.31853682, 0.3432336, 0.3447122, 0.356193, 0.33355716, 0.33862796, 0.36017576, 0.33178475, 0.36409456, 0.3468527, 0.36280203, 0.36694217, 0.36194378, 0.3650339, 0.3766797, 0.3550662, 0.36704198, 0.3867857, 0.37749812, 0.36009642, 0.36835316], "std": [0.09244435, 0.07603299, 0.05097117, 0.04238252, 0.07511782, 0.07613766, 0.057021588, 0.069899894, 0.047874354, 0.05251527, 0.043962102, 0.056069616, 0.06694955, 0.06539144, 0.05248193, 0.06666324, 0.065588295, 0.073877096, 0.055317298, 0.032588568, 0.075096495, 0.08301044, 0.04840387, 0.07575116, 0.085419364, 0.06980062, 0.056961823, 0.07293047, 0.078444354, 0.08297484, 0.07030349, 0.073185325, 0.059953496, 0.06828754, 0.057633504, 0.053925443, 0.06822092, 0.05379047, 0.05436992, 0.058002573, 0.05453673, 0.045783915, 0.050436042, 0.044733018, 0.054029122, 0.051458195, 0.0453464, 0.04748847, 0.06341225, 0.06185631], "var": [0.98, 0.98, 0.98, 0.96, 0.94, 0.94, 0.92, 0.92, 0.9, 0.9, 0.86, 0.84, 0.84, 0.84, 0.82, 0.8, 0.8, 0.78, 0.78, 0.78, 0.8, 0.8, 0.8, 0.76, 0.74, 0.72, 0.72, 0.72, 0.72, 0.72, 0.7, 0.66, 0.68, 0.66, 0.66, 0.66, 0.64, 0.62, 0.64, 0.64, 0.64, 0.62, 0.66, 0.66, 0.68, 0.7, 0.72, 0.74, 0.74, 0.74], "best": [0.44358978, 0.47247866, 0.37239313, 0.366248, 0.4652829, 0.466354, 0.40960893, 0.46677816, 0.41435897, 0.39798033, 0.39936295, 0.3741987, 0.3749152, 0.46505317, 0.4, 0.37678063, 0.36947593, 0.41032442, 0.41555008, 0.4174463, 0.41794872, 0.46310195, 0.46357027, 0.42083606, 0.42154124, 0.40182486, 0.46329054, 0.4241161, 0.42430866, 0.4630094, 0.42564106, 0.4636451, 0.46443972, 0.46512425, 0.4297812, 0.43008485, 0.43087837, 0.43209994, 0.41916195, 0.46592093, 0.4668012, 0.43339685, 0.4546506, 0.43477285, 0.42374456, 0.4553293, 0.46932235, 0.47014877, 0.47068682, 0.47136757], "duration": [38194, 39996, 52970, 42987, 49958, 43445, 39262, 38759, 45229, 39281, 39052, 38244, 38261, 39189, 39589, 38415, 39021, 46115, 38982, 46259, 38979, 46034, 39473, 39317, 38799, 39578, 38770, 44990, 39642, 52226, 39436, 46145, 39796, 39573, 39070, 46755, 38637, 39859, 39787, 40038, 39757, 53114, 52819, 39809, 39429, 38694, 46859, 39827, 39759, 39770]}