{"avg": [0.26031747, 0.2896931, 0.29507932, 0.29028183, 0.29738235, 0.28730273, 0.30663276, 0.320574, 0.31055292, 0.32525286, 0.30798092, 0.29482475, 0.31779337, 0.33420795, 0.3049238, 0.29059577, 0.29623565, 0.3054559, 0.3026562, 0.30299637, 0.3253508, 0.3204891, 0.31929973, 0.31920412, 0.33504033, 0.33543155, 0.33135387, 0.30282894, 0.34159723, 0.33968574, 0.33243126, 0.32487357, 0.3515992, 0.35439494, 0.347635, 0.36652604, 0.3673201, 0.31922114, 0.35154977, 0.3510527, 0.32082227, 0.35627997, 0.35484555, 0.35810736, 0.35857424, 0.38801524, 0.34414992, 0.38018376, 0.38600034, 0.38636214], "std": [0.08539034, 0.07409099, 0.048330657, 0.04261538, 0.06889062, 0.076476336, 0.0507433, 0.0491792, 0.077986486, 0.06967578, 0.06272913, 0.049345482, 0.066701435, 0.055016633, 0.070135094, 0.07470063, 0.07679111, 0.067998074, 0.06012162, 0.07011668, 0.05157307, 0.06483254, 0.05964776, 0.04387512, 0.059327446, 0.04835426, 0.05790888, 0.075103775, 0.050670613, 0.053771663, 0.05734966, 0.057116523, 0.06261571, 0.04589398, 0.06610726, 0.04190103, 0.05561094, 0.071500756, 0.075293005, 0.082032695, 0.09759567, 0.08442529, 0.07264678, 0.06260597, 0.060306583, 0.04774314, 0.07333405, 0.059866194, 0.05804925, 0.08482122], "var": [0.98, 0.98, 0.98, 0.96, 0.94, 0.94, 0.92, 0.92, 0.88, 0.88, 0.88, 0.86, 0.84, 0.82, 0.82, 0.8, 0.8, 0.8, 0.8, 0.78, 0.78, 0.74, 0.74, 0.74, 0.74, 0.72, 0.7, 0.68, 0.68, 0.68, 0.7, 0.68, 0.66, 0.64, 0.62, 0.62, 0.62, 0.64, 0.62, 0.6, 0.58, 0.56, 0.56, 0.58, 0.6, 0.58, 0.54, 0.52, 0.54, 0.54], "best": [0.4333333, 0.46222222, 0.36396822, 0.3578231, 0.45502642, 0.45609757, 0.40081772, 0.40355125, 0.45456788, 0.4561403, 0.36353984, 0.36396825, 0.455102, 0.45581758, 0.39028823, 0.40608904, 0.455, 0.4562424, 0.36370704, 0.40576112, 0.45646688, 0.40775964, 0.41142857, 0.41301417, 0.41315433, 0.45666668, 0.41620883, 0.42530802, 0.4566591, 0.42652908, 0.42835912, 0.42151138, 0.4223566, 0.43194938, 0.4561338, 0.4268837, 0.45622063, 0.43035412, 0.45635054, 0.43703875, 0.4394387, 0.43997088, 0.44124606, 0.44257823, 0.44113111, 0.43753505, 0.44619963, 0.4468712, 0.44850135, 0.4552258], "duration": [43462, 40427, 53147, 43517, 50544, 48229, 46149, 38820, 45534, 40238, 37687, 38777, 46474, 40476, 45026, 39128, 38929, 40376, 39555, 39098, 46528, 46425, 39850, 38773, 40262, 39833, 39424, 38922, 39917, 39828, 45671, 46508, 39161, 40112, 39291, 39175, 39471, 39042, 60094, 39994, 40549, 40068, 39606, 39965, 40167, 40015, 57504, 39812, 40239, 39827]}