{"avg": [0.2525926, 0.28429633, 0.29128653, 0.28749272, 0.2856697, 0.29044, 0.30472797, 0.31418747, 0.30685544, 0.32169276, 0.30206257, 0.29377314, 0.31162274, 0.32531905, 0.2966301, 0.29183292, 0.28646153, 0.29813212, 0.30385756, 0.31521252, 0.33059424, 0.29443946, 0.3344839, 0.32971272, 0.3111144, 0.34448302, 0.3185703, 0.33068845, 0.3429987, 0.34070775, 0.35117474, 0.33609417, 0.3579933, 0.33748975, 0.3336338, 0.34329906, 0.35734716, 0.36491352, 0.3702277, 0.3266923, 0.3586054, 0.37038463, 0.36493567, 0.36178538, 0.39428633, 0.38802895, 0.39151433, 0.3826266, 0.36773786, 0.40549845], "std": [0.08530041, 0.07241157, 0.04884136, 0.042779334, 0.068115205, 0.07295674, 0.05181723, 0.048314735, 0.07534582, 0.06348273, 0.061330374, 0.043274436, 0.06306583, 0.058836944, 0.0677597, 0.06761169, 0.05740806, 0.041049328, 0.066447705, 0.06372281, 0.045723073, 0.0706535, 0.052283294, 0.04327583, 0.080244295, 0.05947341, 0.085139714, 0.057142984, 0.046955287, 0.053603042, 0.06226951, 0.07276831, 0.057128258, 0.062010825, 0.056372207, 0.06538316, 0.06289749, 0.058317583, 0.057799134, 0.059617057, 0.075825796, 0.061174117, 0.065375574, 0.06837087, 0.05687664, 0.073013626, 0.07647395, 0.07278853, 0.07001195, 0.06368844], "var": [0.98, 0.98, 0.98, 0.96, 0.94, 0.94, 0.92, 0.92, 0.88, 0.88, 0.88, 0.86, 0.84, 0.82, 0.82, 0.8, 0.8, 0.8, 0.82, 0.8, 0.8, 0.8, 0.8, 0.78, 0.74, 0.74, 0.72, 0.72, 0.7, 0.7, 0.72, 0.68, 0.66, 0.64, 0.6, 0.56, 0.58, 0.58, 0.6, 0.58, 0.54, 0.54, 0.54, 0.54, 0.54, 0.5, 0.5, 0.46, 0.44, 0.44], "best": [0.42444444, 0.45333335, 0.35666665, 0.35052153, 0.44613755, 0.44720867, 0.3931987, 0.39593223, 0.44567898, 0.44725144, 0.35623828, 0.35666668, 0.44621313, 0.4469287, 0.38330412, 0.39847, 0.39884618, 0.35212123, 0.39891207, 0.39989075, 0.44568524, 0.40214863, 0.44609192, 0.40456626, 0.44666663, 0.44812202, 0.449585, 0.450646, 0.4510961, 0.45159146, 0.4519286, 0.45374772, 0.45474747, 0.45560244, 0.4564096, 0.45656785, 0.45742503, 0.4588069, 0.4602263, 0.46130082, 0.4616684, 0.46370825, 0.46434417, 0.4648366, 0.46535572, 0.4665202, 0.46772733, 0.46956363, 0.47105834, 0.4713006], "duration": [43050, 40016, 52821, 43043, 49963, 47880, 45651, 38855, 45029, 39958, 37325, 38426, 46207, 39869, 44870, 38708, 38185, 39215, 39761, 39317, 46467, 39126, 39896, 39608, 39151, 46003, 46629, 39419, 39570, 39933, 39868, 39516, 40272, 38708, 46297, 38950, 39148, 39561, 39769, 45746, 46900, 39476, 40111, 40086, 46892, 40178, 54123, 40211, 39467, 53973]}