{"avg": [0.2663248, 0.29592025, 0.30174989, 0.29936084, 0.29794145, 0.302989, 0.31666183, 0.31887183, 0.32532054, 0.31146353, 0.30982006, 0.30458468, 0.30208758, 0.31940198, 0.31617355, 0.28959274, 0.29798755, 0.32803807, 0.34168085, 0.34551284, 0.2990919, 0.32941237, 0.31270456, 0.30845425, 0.3184256, 0.30741966, 0.34048775, 0.32477516, 0.318154, 0.34322414, 0.3349193, 0.33589074, 0.3320286, 0.33799595, 0.3611943, 0.35498464, 0.3461749, 0.33075392, 0.3275707, 0.35124677, 0.3544224, 0.34812015, 0.3551234, 0.35670328, 0.3801079, 0.34421876, 0.36034995, 0.35667711, 0.38885945, 0.38626215], "std": [0.08836731, 0.07603299, 0.0498777, 0.04235865, 0.07511782, 0.076609924, 0.05604165, 0.068271816, 0.04866525, 0.05541707, 0.0428434, 0.0607662, 0.066114284, 0.070267275, 0.056706585, 0.07259436, 0.076923184, 0.076571666, 0.059354093, 0.036114816, 0.06867539, 0.081849724, 0.046329986, 0.08574197, 0.08024809, 0.07144045, 0.06390445, 0.070019916, 0.08387154, 0.042020287, 0.07810659, 0.05637774, 0.06990861, 0.05566159, 0.058046617, 0.03509801, 0.053569052, 0.072840326, 0.07428694, 0.05645682, 0.0521837, 0.08534162, 0.07128935, 0.06103188, 0.046945304, 0.047062214, 0.044274732, 0.044246588, 0.040817235, 0.0480309], "var": [0.98, 0.98, 0.98, 0.96, 0.94, 0.94, 0.92, 0.92, 0.9, 0.9, 0.86, 0.84, 0.84, 0.84, 0.82, 0.8, 0.8, 0.78, 0.78, 0.78, 0.78, 0.76, 0.76, 0.74, 0.72, 0.76, 0.76, 0.76, 0.74, 0.74, 0.74, 0.76, 0.78, 0.76, 0.74, 0.72, 0.72, 0.72, 0.68, 0.7, 0.68, 0.66, 0.68, 0.64, 0.62, 0.6, 0.58, 0.6, 0.62, 0.62], "best": [0.44358978, 0.47247866, 0.37239313, 0.366248, 0.4652829, 0.466354, 0.40960893, 0.46677816, 0.41435897, 0.4134879, 0.39936295, 0.41398606, 0.37156424, 0.46700442, 0.41447964, 0.41367522, 0.4137808, 0.4143648, 0.41686428, 0.4167706, 0.3744658, 0.4695044, 0.41342783, 0.37518492, 0.41603088, 0.41623712, 0.41709188, 0.4183607, 0.41776517, 0.4164549, 0.41761717, 0.41807696, 0.4176103, 0.41795373, 0.471126, 0.41915536, 0.4200358, 0.4157274, 0.41998008, 0.472886, 0.42058226, 0.42111006, 0.4226203, 0.42351878, 0.4242777, 0.42575678, 0.42602763, 0.40690362, 0.47793987, 0.4278821], "duration": [43331, 40177, 53119, 43088, 49858, 47902, 39257, 38649, 45128, 39474, 38845, 38412, 38253, 39193, 39611, 38580, 39159, 46704, 39412, 46460, 38704, 46205, 38734, 38981, 38811, 39363, 39574, 46085, 39518, 39120, 45750, 46057, 39645, 39723, 39681, 39353, 39576, 39527, 52291, 39634, 39160, 39961, 59837, 39714, 40286, 39840, 53408, 39988, 40296, 40213]}