{"avg": [0.0, 0.0, 0.0, 0.027855726, 0.0, 0.0, 0.0, 0.0, 0.0, 0.0, 0.0, 0.0, 0.0, 0.02425023, 0.0, 0.0, 0.0, 0.0, 0.0, 0.0, 0.023267569, 0.0, 0.0, 0.0, 0.0, 0.0, 0.0, 0.0, 0.0, 0.023058424, 0.022952072, 0.0, 0.051947497, 0.026028188, 0.0, 0.0, 0.07362587, 0.026021712, 0.0, 0.0, 0.021734701, 0.049077697, 0.0, 0.0, 0.04364486, 0.02442512, 0.02608997, 0.0, 0.06037789, 0.0], "std": [0.0, 0.0, 0.0, 0.100435264, 0.0, 0.0, 0.0, 0.0, 0.0, 0.0, 0.0, 0.0, 0.0, 0.09392074, 0.0, 0.0, 0.0, 0.0, 0.0, 0.0, 0.09307026, 0.0, 0.0, 0.0, 0.0, 0.0, 0.0, 0.0, 0.0, 0.09223369, 0.0918083, 0.0, 0.13244066, 0.097388566, 0.0, 0.0, 0.15326747, 0.097364314, 0.0, 0.0, 0.089614466, 0.12984772, 0.0, 0.0, 0.1234463, 0.09459807, 0.09761973, 0.0, 0.14159887, 0.0], "var": [1.0, 1.0, 1.0, 1.0, 1.0, 1.0, 1.0, 1.0, 1.0, 1.0, 1.0, 1.0, 1.0, 1.0, 1.0, 1.0, 1.0, 1.0, 1.0, 1.0, 1.0, 1.0, 1.0, 1.0, 1.0, 1.0, 1.0, 1.0, 1.0, 1.0, 1.0, 1.0, 1.0, 1.0, 1.0, 1.0, 1.0, 1.0, 1.0, 1.0, 1.0, 1.0, 1.0, 1.0, 1.0, 1.0, 1.0, 1.0, 1.0, 1.0], "best": [0.0, 0.0, 0.0, 0.38998017, 0.0, 0.0, 0.0, 0.0, 0.0, 0.0, 0.0, 0.0, 0.0, 0.38800368, 0.0, 0.0, 0.0, 0.0, 0.0, 0.0, 0.39554867, 0.0, 0.0, 0.0, 0.0, 0.0, 0.0, 0.0, 0.0, 0.3919932, 0.39018524, 0.0, 0.38967034, 0.39042282, 0.0, 0.0, 0.39531136, 0.39032567, 0.0, 0.0, 0.39122462, 0.39344618, 0.0, 0.0, 0.39287385, 0.3908019, 0.39134955, 0.0, 0.39303467, 0.0], "duration": [4517, 4313, 4316, 4414, 4289, 4853, 5175, 4891, 4361, 4524, 4949, 6154, 4356, 4352, 4380, 4616, 5084, 4782, 5068, 4975, 4382, 4495, 4411, 5053, 5505, 4389, 4341, 4338, 4309, 4465, 4522, 4442, 5056, 6088, 4349, 4518, 4480, 4551, 4515, 5376, 4363, 4481, 8753, 4260, 4400, 5116, 4583, 4670, 4332, 4521]}