{"avg": [0.19333334, 0.2288254, 0.23284458, 0.23108599, 0.22934417, 0.23473562, 0.24511637, 0.24885716, 0.24472868, 0.23972276, 0.24194619, 0.23781532, 0.23753305, 0.25142094, 0.2549488, 0.23080695, 0.22863382, 0.25802946, 0.26675075, 0.2587539, 0.24101669, 0.26122922, 0.25912318, 0.25453764, 0.25658414, 0.27017826, 0.26422885, 0.27166128, 0.2754366, 0.26531062, 0.2685765, 0.271802, 0.28201562, 0.2618563, 0.24184828, 0.27365908, 0.28018448, 0.2864414, 0.26803875, 0.28623226, 0.26844633, 0.26206857, 0.27930823, 0.30476946, 0.29686588, 0.2913928, 0.29722974, 0.2895098, 0.30340934, 0.30171514], "std": [0.065450646, 0.055207532, 0.037326954, 0.033661578, 0.05293724, 0.056461744, 0.043378443, 0.052977245, 0.041112214, 0.04213876, 0.034433324, 0.046557814, 0.051077716, 0.05557871, 0.05341209, 0.06460621, 0.05834271, 0.06499822, 0.057406828, 0.050898418, 0.06341163, 0.06330084, 0.05049673, 0.056934398, 0.07026347, 0.050270006, 0.06066671, 0.045849085, 0.05737773, 0.039897338, 0.053241495, 0.038606446, 0.03578739, 0.051002238, 0.04647383, 0.050968703, 0.06063961, 0.05784703, 0.03521141, 0.067068, 0.050275937, 0.045676444, 0.053331293, 0.045241766, 0.050046768, 0.06283516, 0.0607106, 0.049589086, 0.053041514, 0.060519718], "var": [0.98, 0.98, 0.98, 0.96, 0.94, 0.94, 0.92, 0.92, 0.9, 0.9, 0.86, 0.84, 0.84, 0.84, 0.84, 0.82, 0.82, 0.82, 0.82, 0.78, 0.78, 0.76, 0.76, 0.76, 0.76, 0.78, 0.78, 0.76, 0.78, 0.76, 0.78, 0.82, 0.82, 0.8, 0.78, 0.78, 0.76, 0.8, 0.78, 0.78, 0.8, 0.78, 0.78, 0.76, 0.74, 0.72, 0.74, 0.74, 0.76, 0.74], "best": [0.325, 0.3683333, 0.2888095, 0.27959183, 0.35753968, 0.35914633, 0.31551227, 0.3597826, 0.32263738, 0.32133073, 0.3083851, 0.32207793, 0.28941798, 0.36060974, 0.36210406, 0.36410254, 0.32396132, 0.36609846, 0.3681408, 0.37073377, 0.3395154, 0.37223926, 0.3735294, 0.34016114, 0.3731333, 0.37461537, 0.3752469, 0.3764184, 0.377164, 0.34609815, 0.3784188, 0.34591097, 0.37892354, 0.3794747, 0.29574925, 0.33956045, 0.37901786, 0.3801304, 0.34181598, 0.38193068, 0.38453525, 0.33909628, 0.34507504, 0.38604477, 0.38731778, 0.38824362, 0.38963246, 0.3916216, 0.39164454, 0.39268133], "duration": [43114, 40017, 52946, 43000, 49825, 47952, 39281, 38647, 45136, 39497, 39005, 38493, 38294, 39035, 40040, 39309, 38670, 39891, 39528, 39034, 39262, 39913, 45693, 39477, 39304, 39980, 46190, 39085, 39873, 39434, 39136, 39567, 39551, 46449, 39282, 39060, 40264, 39085, 39095, 47011, 38819, 39206, 39860, 46913, 52629, 46480, 46887, 39942, 39930, 40277]}