{"avg": [0.26031747, 0.2896931, 0.29708436, 0.2930029, 0.29337233, 0.29402545, 0.30863774, 0.31833312, 0.30946973, 0.31060544, 0.31181094, 0.31584927, 0.32608527, 0.31922942, 0.311353, 0.32074782, 0.33294293, 0.31574187, 0.3505512, 0.35364124, 0.36666754, 0.3539925, 0.31565592, 0.36380953, 0.34811488, 0.34441447, 0.34740078, 0.34919104, 0.34141818, 0.35231608, 0.35362315, 0.33505765, 0.3628963, 0.33611843, 0.3544515, 0.37516746, 0.37451297, 0.3863131, 0.39539185, 0.34204483, 0.3576138, 0.37024695, 0.38686293, 0.39162317, 0.39671, 0.3886016, 0.4095625, 0.41491985, 0.41962928, 0.38235292], "std": [0.08539034, 0.07409099, 0.04982655, 0.04130452, 0.070916995, 0.073289685, 0.05244847, 0.04808029, 0.080868416, 0.07946732, 0.076668784, 0.07770989, 0.059362188, 0.075628735, 0.08337226, 0.056655873, 0.06606997, 0.06306321, 0.06674319, 0.08285264, 0.07355066, 0.06567727, 0.060253732, 0.07837554, 0.060485944, 0.07319429, 0.055087965, 0.055884797, 0.059538025, 0.060841367, 0.079180405, 0.06841487, 0.06333478, 0.06034658, 0.08364441, 0.07400537, 0.06477902, 0.07233806, 0.05752337, 0.07664746, 0.07148902, 0.08165288, 0.07428951, 0.06958695, 0.071503244, 0.07118747, 0.06177398, 0.07012158, 0.067062475, 0.08618663], "var": [0.98, 0.98, 0.98, 0.96, 0.94, 0.94, 0.92, 0.92, 0.92, 0.9, 0.9, 0.88, 0.88, 0.84, 0.82, 0.8, 0.8, 0.78, 0.76, 0.76, 0.74, 0.7, 0.7, 0.7, 0.68, 0.68, 0.7, 0.72, 0.7, 0.74, 0.72, 0.72, 0.7, 0.7, 0.7, 0.7, 0.66, 0.64, 0.64, 0.64, 0.66, 0.62, 0.6, 0.56, 0.54, 0.54, 0.54, 0.5, 0.48, 0.48], "best": [0.4333333, 0.46222222, 0.36396822, 0.3578231, 0.45502642, 0.45609757, 0.40081772, 0.40355125, 0.45456788, 0.45666668, 0.45691058, 0.45819208, 0.45876288, 0.4591346, 0.45970368, 0.46164572, 0.46207348, 0.41280973, 0.46212122, 0.46459016, 0.46738902, 0.4705882, 0.42280635, 0.47114694, 0.42574134, 0.4719472, 0.42984128, 0.47247705, 0.472949, 0.47304657, 0.47340277, 0.47462884, 0.4324201, 0.43462792, 0.47450614, 0.47603604, 0.47727272, 0.47777775, 0.47952536, 0.48096773, 0.4447933, 0.4812436, 0.48183632, 0.48243043, 0.4832616, 0.48452213, 0.48506847, 0.48611107, 0.48724714, 0.48860213], "duration": [42750, 39571, 52254, 42569, 49561, 43052, 45350, 38361, 38146, 39165, 38491, 38860, 39296, 38615, 45753, 39152, 44660, 45018, 45556, 45786, 52451, 39239, 37528, 39539, 45258, 39149, 37950, 38690, 38788, 38908, 39147, 37962, 38751, 38431, 38377, 45999, 39124, 38739, 39361, 38896, 38768, 38982, 39438, 38706, 39407, 38955, 39053, 39189, 39306, 39396]}