{"avg": [0.53333336, 0.53333336, 0.52, 0.5133333, 0.5133333, 0.5133333, 0.52, 0.52666664, 0.52, 0.50666666, 0.5, 0.50666666, 0.50666666, 0.49333334, 0.48, 0.48, 0.48666668, 0.49333334, 0.5, 0.48666668, 0.49333334, 0.49333334, 0.48666668, 0.48666668, 0.46666667], "std": [0.49888754, 0.49888754, 0.49959978, 0.4998223, 0.49982232, 0.4998223, 0.49959975, 0.49928865, 0.49959975, 0.4999556, 0.5, 0.4999556, 0.4999556, 0.4999556, 0.49959978, 0.49959978, 0.4998223, 0.4999556, 0.5, 0.4998223, 0.4999556, 0.4999556, 0.4998223, 0.4998223, 0.49888754], "var": [0.99333334, 0.98, 0.97333336, 0.96666664, 0.96666664, 0.96, 0.9533333, 0.94, 0.93333334, 0.93333334, 0.92, 0.92, 0.92, 0.9066667, 0.91333336, 0.92, 0.91333336, 0.91333336, 0.9, 0.8933333, 0.88666666, 0.88, 0.88666666, 0.87333333, 0.8666667], "best": [1.0, 1.0, 1.0, 1.0, 1.0, 1.0, 1.0, 1.0, 1.0, 1.0, 1.0, 1.0, 1.0, 1.0, 1.0, 1.0, 1.0, 1.0, 1.0, 1.0, 1.0, 1.0, 1.0, 1.0, 1.0], "duration": [20184, 21737, 21736, 22070, 22049, 21727, 21956, 21930, 21819, 18156, 18467, 20158, 22060, 20441, 18666, 18600, 20593, 20432, 20613, 18723, 15083, 16684, 15264, 16613, 13175]}