{"avg": [0.3085714, 0.3353397, 0.34486717, 0.33927116, 0.34218884, 0.3428018, 0.36277667, 0.37452927, 0.3594808, 0.38298637, 0.36767626, 0.3483635, 0.3756418, 0.38352302, 0.34970978, 0.38407648, 0.3796408, 0.37597522, 0.37547165, 0.3933001, 0.37743142, 0.41009706, 0.40591824, 0.3550129, 0.39617795, 0.42646304, 0.41442648, 0.4095476, 0.37800404, 0.39924648, 0.42217258, 0.41412076, 0.4182344, 0.4013904, 0.4198501, 0.42125526, 0.44062984, 0.44932324, 0.45637402, 0.42250234, 0.41337892, 0.41079074, 0.44737, 0.45800623, 0.44515297, 0.45112446, 0.4362925, 0.45582095, 0.45968044, 0.4614641], "std": [0.10608685, 0.09218236, 0.05948807, 0.049537197, 0.08409604, 0.08808045, 0.06177632, 0.05816748, 0.09529746, 0.076691575, 0.08969565, 0.074925646, 0.05669114, 0.07442517, 0.09275921, 0.031230656, 0.06570659, 0.06722817, 0.070178755, 0.05946422, 0.06129713, 0.068004064, 0.08022239, 0.089742415, 0.08662829, 0.07971279, 0.08267746, 0.05979619, 0.07245657, 0.06301339, 0.06096586, 0.064507976, 0.06694763, 0.080951504, 0.07157639, 0.081030026, 0.07520999, 0.06838287, 0.06362385, 0.10812478, 0.080721475, 0.07745202, 0.06339677, 0.06935033, 0.08091721, 0.0648834, 0.080941975, 0.08946055, 0.084031515, 0.07872609], "var": [0.98, 0.98, 0.98, 0.96, 0.94, 0.94, 0.92, 0.92, 0.92, 0.9, 0.9, 0.88, 0.88, 0.86, 0.84, 0.82, 0.82, 0.8, 0.82, 0.8, 0.78, 0.74, 0.74, 0.74, 0.7, 0.68, 0.66, 0.7, 0.68, 0.7, 0.68, 0.66, 0.66, 0.66, 0.66, 0.66, 0.66, 0.64, 0.62, 0.62, 0.6, 0.56, 0.56, 0.54, 0.52, 0.52, 0.52, 0.52, 0.5, 0.54], "best": [0.52, 0.5373333, 0.4240952, 0.42040816, 0.53301585, 0.5336585, 0.4690621, 0.47070223, 0.5327407, 0.5336, 0.5339024, 0.42634383, 0.45581737, 0.5334615, 0.5341333, 0.42640764, 0.53409445, 0.5345725, 0.53499997, 0.5354817, 0.47503424, 0.5356442, 0.5365294, 0.47719923, 0.53779566, 0.5386189, 0.5397537, 0.52323806, 0.54027647, 0.54039997, 0.5404292, 0.5404583, 0.5411267, 0.54175436, 0.5421632, 0.54375, 0.5443291, 0.5434722, 0.5441216, 0.5447463, 0.5449681, 0.54481363, 0.5472146, 0.545693, 0.5457558, 0.54541075, 0.5464921, 0.5489281, 0.54913604, 0.5498853], "duration": [38374, 40239, 53073, 43151, 50038, 47931, 45813, 38802, 38922, 39474, 38840, 38894, 39443, 39086, 46040, 39065, 38931, 45686, 38461, 38559, 39465, 39477, 39491, 51960, 46266, 40285, 39598, 39724, 39352, 39536, 39649, 39555, 39244, 39698, 47119, 39854, 40065, 40072, 53730, 40302, 39788, 39296, 40023, 47186, 39658, 39837, 52776, 47216, 48732, 40208]}