{"avg": [0.25952384, 0.2596561, 0.31792328, 0.25582013, 0.2518188, 0.25981483, 0.30222222, 0.255362, 0.29379433, 0.29180208, 0.25248018, 0.2731055, 0.2670168, 0.2957958, 0.2722917, 0.2560262, 0.25335577, 0.2558957, 0.30656287, 0.24128427, 0.24006568, 0.27396563, 0.30960566, 0.26353383, 0.29749915, 0.2912972, 0.28558815, 0.29791412, 0.30024004, 0.27166003, 0.25514048, 0.24869843, 0.25104678, 0.2368836, 0.23765306, 0.27320936, 0.24728167, 0.25190702, 0.23499346, 0.27710816, 0.26217046, 0.26603782, 0.24260461, 0.24188429, 0.30939883, 0.26901832, 0.24469602, 0.25073272, 0.29245457, 0.31906027], "std": [0.03560831, 0.10886468, 0.027085476, 0.05002565, 0.025610726, 0.053107943, 0.061396033, 0.07737397, 0.06494499, 0.04013951, 0.043722548, 0.07067853, 0.052665167, 0.035735264, 0.044442017, 0.05220026, 0.09546594, 0.04123635, 0.051451262, 0.04348054, 0.07779872, 0.048568238, 0.0398533, 0.062142886, 0.0324318, 0.03830699, 0.018518137, 0.052277252, 0.031262167, 0.043144822, 0.040570673, 0.051948264, 0.042859644, 0.043684762, 0.024588006, 0.06965201, 0.078790925, 0.06028977, 0.06393645, 0.0802285, 0.049320973, 0.056335352, 0.038225275, 0.044856288, 0.054751556, 0.041025452, 0.054608215, 0.025523568, 0.04667046, 0.03962725], "var": [1.0, 1.0, 1.0, 1.0, 1.0, 1.0, 1.0, 1.0, 1.0, 1.0, 1.0, 1.0, 1.0, 1.0, 1.0, 1.0, 1.0, 1.0, 1.0, 1.0, 1.0, 1.0, 1.0, 1.0, 1.0, 1.0, 1.0, 1.0, 1.0, 1.0, 1.0, 1.0, 1.0, 1.0, 1.0, 1.0, 1.0, 1.0, 1.0, 1.0, 1.0, 1.0, 1.0, 1.0, 1.0, 1.0, 1.0, 1.0, 1.0, 1.0], "best": [0.30476192, 0.45555556, 0.356746, 0.33201057, 0.28869048, 0.34079364, 0.38531744, 0.38908246, 0.3556231, 0.34509805, 0.30059525, 0.3504608, 0.3541316, 0.34845558, 0.3394048, 0.31755263, 0.44197723, 0.30986395, 0.382326, 0.30199137, 0.34195402, 0.34426227, 0.36469492, 0.39749375, 0.34272012, 0.3382266, 0.30605486, 0.35225883, 0.35273364, 0.34444442, 0.31568146, 0.34042332, 0.3130502, 0.30234358, 0.26955783, 0.37893865, 0.3951231, 0.32968923, 0.3305155, 0.37886906, 0.34103522, 0.3286521, 0.29348683, 0.30720046, 0.4046869, 0.30613554, 0.35155436, 0.29530838, 0.38976884, 0.35778454], "duration": [12541, 12748, 13221, 13555, 12815, 12574, 13317, 12787, 12488, 13159, 12518, 12669, 17462, 13256, 13473, 12564, 14088, 12060, 12724, 12612, 12088, 12747, 12650, 9260, 12746, 13387, 12942, 12583, 12536, 12677, 12897, 12989, 13074, 12850, 8005, 13358, 12654, 9472, 12803, 13369, 12126, 12416, 12033, 11967, 13222, 12090, 12120, 12125, 12868, 12652]}