{"avg": [0.20304762, 0.23163177, 0.23830576, 0.23629738, 0.23595656, 0.23720023, 0.24961343, 0.2584703, 0.25182322, 0.261732, 0.24774037, 0.23931353, 0.24450181, 0.25425696, 0.25117323, 0.2614648, 0.26984298, 0.27131736, 0.26449046, 0.25400436, 0.28335065, 0.26793882, 0.25501767, 0.28219122, 0.2694906, 0.28500882, 0.27599588, 0.2989031, 0.28069058, 0.27563205, 0.2758326, 0.29755235, 0.2733352, 0.2705564, 0.283275, 0.26307195, 0.28147835, 0.28724796, 0.2889275, 0.30386835, 0.28174657, 0.29592928, 0.3046429, 0.30142602, 0.28268632, 0.292573, 0.29265147, 0.29491147, 0.31100014, 0.32698], "std": [0.06875743, 0.059293028, 0.03951866, 0.03525341, 0.056544896, 0.061020013, 0.042453323, 0.037474837, 0.062875465, 0.05762574, 0.05056962, 0.040956695, 0.05809566, 0.031765994, 0.035460662, 0.027817672, 0.05384178, 0.051032692, 0.04221614, 0.041045174, 0.033210006, 0.038716055, 0.046317138, 0.047105957, 0.04785932, 0.044553205, 0.04617984, 0.034870274, 0.061642535, 0.045152973, 0.061026897, 0.047065023, 0.049431495, 0.04703142, 0.074605204, 0.056576725, 0.04543245, 0.0661495, 0.04923448, 0.051647443, 0.046956047, 0.056197725, 0.048816103, 0.058800016, 0.05442593, 0.0646701, 0.05141598, 0.057665452, 0.05102898, 0.057705183], "var": [0.98, 0.98, 0.98, 0.96, 0.94, 0.94, 0.92, 0.92, 0.88, 0.88, 0.88, 0.86, 0.84, 0.82, 0.82, 0.82, 0.82, 0.82, 0.82, 0.82, 0.78, 0.8, 0.78, 0.78, 0.78, 0.74, 0.76, 0.76, 0.72, 0.72, 0.68, 0.66, 0.66, 0.7, 0.68, 0.68, 0.68, 0.7, 0.72, 0.7, 0.7, 0.7, 0.68, 0.68, 0.68, 0.68, 0.66, 0.66, 0.64, 0.66], "best": [0.34, 0.37466666, 0.29676193, 0.28938776, 0.36603177, 0.36731708, 0.32098123, 0.3242615, 0.3654815, 0.36736843, 0.29624787, 0.32869843, 0.32897958, 0.29509056, 0.29398364, 0.32917607, 0.3642471, 0.36540145, 0.37169552, 0.29857144, 0.33468887, 0.3360809, 0.33837882, 0.37320757, 0.37515464, 0.37585187, 0.3771564, 0.3440677, 0.36713657, 0.368145, 0.3688199, 0.36937627, 0.348816, 0.35037595, 0.38372943, 0.3520183, 0.38553634, 0.3712985, 0.37238097, 0.38834396, 0.35760942, 0.36018643, 0.3607738, 0.39252177, 0.36388507, 0.3752486, 0.36630276, 0.3672356, 0.39638492, 0.39747772], "duration": [43083, 40085, 52810, 42994, 49955, 43283, 45903, 38747, 44989, 39811, 37424, 38920, 51893, 38093, 38436, 46163, 38972, 46218, 46273, 46249, 39570, 38994, 39440, 46014, 46077, 39823, 39656, 39529, 39063, 38941, 39747, 40147, 45304, 39469, 39669, 39025, 39364, 39414, 53076, 40074, 39797, 39376, 46783, 39240, 39698, 40176, 52965, 39662, 39997, 40383]}