{"avg": [0.35, 0.35, 0.35, 0.345, 0.34, 0.32833335, 0.33833334, 0.33666667, 0.325, 0.33166668, 0.33166668, 0.32666665, 0.33166668, 0.33833334, 0.34, 0.345, 0.345, 0.345, 0.33833334, 0.34, 0.33666667, 0.335, 0.34333333, 0.33833334, 0.345], "std": [0.22173567, 0.21984853, 0.22546257, 0.21922217, 0.22781572, 0.22199222, 0.21628813, 0.22543788, 0.219374, 0.21698056, 0.21310538, 0.2272053, 0.22266695, 0.22199225, 0.22597936, 0.2229911, 0.22299111, 0.22485186, 0.22199225, 0.2184796, 0.22543788, 0.22328985, 0.22647053, 0.22386132, 0.23746936], "var": [0.9866667, 0.9866667, 0.98, 0.98, 0.97333336, 0.96, 0.9533333, 0.94666666, 0.94, 0.9266667, 0.92, 0.91333336, 0.9266667, 0.9266667, 0.92, 0.91333336, 0.9, 0.88666666, 0.88, 0.88, 0.88, 0.87333333, 0.87333333, 0.87333333, 0.8666667], "best": [0.75, 0.75, 0.75, 0.75, 0.75, 0.75, 0.75, 0.75, 0.75, 0.75, 0.75, 0.75, 0.75, 0.75, 0.75, 0.75, 0.75, 0.75, 0.75, 0.75, 0.75, 0.75, 0.75, 0.75, 0.75], "duration": [35767, 35265, 34979, 35042, 35231, 34944, 35330, 34637, 35252, 35711, 35080, 35774, 35830, 35695, 36466, 36130, 35961, 35616, 35543, 34964, 35148, 35430, 35913, 34590, 34851]}