{"avg": [0.26714286, 0.28801334, 0.28996763, 0.29091117, 0.29068097, 0.29355544, 0.29873744, 0.30041716, 0.30268574, 0.30610517, 0.31319144, 0.31666198, 0.3197097, 0.3208828, 0.32432857, 0.32890692, 0.3270533, 0.33075038, 0.3355257, 0.3376402, 0.34511524, 0.34491238, 0.35213527, 0.35315123, 0.35305038, 0.3550969, 0.3594388, 0.36049193, 0.36432004, 0.36529624, 0.37204486, 0.37397662, 0.37485668, 0.37853488, 0.3788628, 0.38487312, 0.38760945, 0.38577902, 0.39212272, 0.39410782, 0.39226013, 0.3942006, 0.39307362, 0.39421397, 0.39533693, 0.39263454, 0.39296466, 0.3948047, 0.39739326, 0.39615998], "std": [0.06446184, 0.06523118, 0.06604292, 0.067348264, 0.06515654, 0.060636006, 0.061618578, 0.0618294, 0.054774918, 0.053953223, 0.056774292, 0.057925962, 0.05802052, 0.058147524, 0.057757743, 0.056348037, 0.060926165, 0.059349794, 0.06107811, 0.05803029, 0.058790393, 0.05926879, 0.054591633, 0.050638206, 0.05485119, 0.05461696, 0.04979063, 0.052271813, 0.04772839, 0.048374906, 0.044415463, 0.039315317, 0.039298583, 0.0362518, 0.03232824, 0.027347373, 0.03143185, 0.029454643, 0.023511669, 0.024472661, 0.022808246, 0.023936147, 0.022848768, 0.023475394, 0.023155117, 0.022096878, 0.023047093, 0.02425013, 0.024255164, 0.023400249], "var": [1.0, 0.98, 0.96, 0.96, 0.96, 0.92, 0.9, 0.9, 0.86, 0.82, 0.8, 0.78, 0.78, 0.76, 0.74, 0.72, 0.72, 0.7, 0.68, 0.68, 0.66, 0.66, 0.64, 0.64, 0.64, 0.62, 0.6, 0.6, 0.56, 0.54, 0.54, 0.54, 0.52, 0.52, 0.5, 0.48, 0.48, 0.46, 0.46, 0.46, 0.46, 0.46, 0.46, 0.46, 0.46, 0.46, 0.46, 0.46, 0.46, 0.46], "best": [0.4333333, 0.44999996, 0.44999996, 0.44977775, 0.44966665, 0.44959998, 0.44988886, 0.45019045, 0.45025, 0.45029628, 0.45026663, 0.4502424, 0.45022222, 0.45015383, 0.45014286, 0.45013332, 0.45012498, 0.45011762, 0.45018518, 0.45017543, 0.45013332, 0.45006347, 0.44999996, 0.44994202, 0.44988886, 0.44983998, 0.44979486, 0.44972837, 0.44966665, 0.44960916, 0.44955555, 0.44948387, 0.4494375, 0.4493939, 0.44937253, 0.45192382, 0.4521296, 0.4498018, 0.45275438, 0.45305982, 0.45334998, 0.453626, 0.4538889, 0.4541395, 0.45437875, 0.4546074, 0.4548261, 0.45503545, 0.45523608, 0.45542857], "duration": [100378, 100701, 102075, 101639, 104707, 102013, 103099, 102205, 102456, 102128, 101404, 102109, 101818, 102679, 102645, 103120, 102754, 103285, 104227, 107700, 108007, 107684, 108515, 108049, 109090, 109531, 109026, 109452, 109773, 109601, 109795, 109786, 109559, 110165, 110455, 110795, 110877, 111112, 110884, 111133, 111041, 111182, 111142, 111464, 111320, 111181, 111015, 111124, 110742, 111040]}