{"avg": [0.33948535, 0.36549687, 0.39080843, 0.40395865, 0.43566626, 0.43501282, 0.4389388, 0.45413083, 0.47323045, 0.49593025, 0.50837046, 0.5375545, 0.54535145, 0.5679247, 0.58497125, 0.5783374, 0.59869033, 0.6230867, 0.6302606, 0.6385725, 0.6518032, 0.6697147, 0.6862918, 0.69555795, 0.70353925, 0.70117176, 0.7094803, 0.70805997, 0.71076596, 0.7196705, 0.7197306, 0.71511567, 0.7241446, 0.7284872, 0.7228946, 0.7272334, 0.7313149, 0.73516536, 0.7314747, 0.72856057, 0.7347615, 0.7405312, 0.72767633, 0.73581403, 0.7330147, 0.74033934, 0.7411728, 0.7404026, 0.74534035, 0.74088657, 0.74680203, 0.744956, 0.74050653, 0.7491668, 0.752225, 0.75099725, 0.749301, 0.74927187, 0.75053686, 0.75072014, 0.7463743, 0.7545755, 0.74956554, 0.74746263, 0.7557862, 0.74646187, 0.7571234, 0.7596958, 0.7552481, 0.75811356, 0.7586349, 0.7559383, 0.7477312, 0.753212, 0.7547826], "std": [0.10176646, 0.090824656, 0.08579869, 0.07604799, 0.07152059, 0.0674017, 0.084867366, 0.08182869, 0.07797549, 0.066214606, 0.0699376, 0.055114564, 0.056318395, 0.05296395, 0.0553729, 0.067358695, 0.04993874, 0.053639736, 0.05351817, 0.04757619, 0.04452816, 0.037371423, 0.026662901, 0.021360716, 0.010246875, 0.021527221, 0.01026758, 0.01965205, 0.019941306, 0.0011020928, 0.009731557, 0.019443698, 0.010937003, 1.1920929e-07, 0.01748921, 0.014377639, 0.010202389, 1.1920929e-07, 0.015031469, 0.01923314, 0.014080659, 1.7881393e-07, 0.022126745, 0.017139304, 0.020362783, 0.014080659, 0.014377656, 0.016495422, 0.010674865, 0.017860046, 0.010936988, 0.015031467, 0.019968119, 0.010430648, 5.9604645e-08, 0.009597998, 0.014080645, 0.015031451, 0.014080657, 0.01469389, 0.019591855, 0.009988471, 0.017860046, 0.01996814, 0.010674869, 0.021208806, 0.009787421, 1.1920929e-07, 0.014693892, 0.010674864, 0.01043065, 0.0153928185, 0.022126745, 0.018891184, 0.017860046], "var": [1.0, 1.0, 1.0, 1.0, 1.0, 1.0, 1.0, 1.0, 1.0, 1.0, 1.0, 1.0, 0.92, 0.92, 0.92, 0.88, 0.76, 0.76, 0.72, 0.68, 0.64, 0.52, 0.44, 0.36, 0.28, 0.24, 0.16, 0.16, 0.12, 0.08, 0.08, 0.04, 0.04, 0.04, 0.04, 0.04, 0.04, 0.04, 0.04, 0.04, 0.04, 0.04, 0.04, 0.04, 0.04, 0.04, 0.04, 0.04, 0.04, 0.04, 0.04, 0.04, 0.04, 0.04, 0.04, 0.04, 0.04, 0.04, 0.04, 0.04, 0.04, 0.04, 0.04, 0.04, 0.04, 0.04, 0.04, 0.04, 0.04, 0.04, 0.04, 0.04, 0.04, 0.04, 0.04], "best": [0.57551014, 0.58482695, 0.5858092, 0.5873405, 0.5879472, 0.5875262, 0.5883102, 0.5893033, 0.5917872, 0.59415036, 0.5965986, 0.5994282, 0.6701814, 0.6732601, 0.6767127, 0.68180484, 0.6829238, 0.68663013, 0.6923016, 0.6948085, 0.6952087, 0.7003223, 0.7034903, 0.7061395, 0.7086908, 0.7112107, 0.71316046, 0.7157723, 0.71802014, 0.720213, 0.72226983, 0.72469425, 0.7267223, 0.7284873, 0.7302415, 0.731898, 0.73354113, 0.73516524, 0.73663044, 0.73788995, 0.7392144, 0.7405314, 0.7416704, 0.7428111, 0.7438989, 0.74479204, 0.74583757, 0.74679124, 0.7477893, 0.74862033, 0.7493798, 0.7501119, 0.7508179, 0.7514992, 0.75222504, 0.7529565, 0.75375384, 0.75442755, 0.75498945, 0.75561816, 0.7561703, 0.75670487, 0.757299, 0.75777394, 0.7582353, 0.7587066, 0.7591642, 0.7596957, 0.760146, 0.7605624, 0.7609673, 0.76138055, 0.7617254, 0.7621174, 0.76251644], "duration": [109414, 96882, 112543, 107624, 81328, 87453, 94771, 81628, 111282, 122903, 103494, 103279, 106363, 97068, 108502, 120738, 92469, 115946, 87939, 102763, 103375, 109994, 95695, 116225, 101856, 109095, 94255, 100729, 100952, 93204, 93601, 151914, 86581, 100558, 86451, 100886, 122412, 100703, 93752, 100828, 93469, 114826, 101223, 101467, 100284, 116689, 101681, 108533, 94501, 94082, 100964, 108125, 128713, 136403, 114531, 129499, 107847, 93594, 94130, 122945, 86694, 107549, 107911, 86410, 93219, 86616, 116235, 108717, 86599, 100829, 100264, 91510, 91720, 120072, 85255]}