{"avg": [0.30122453, 0.33116552, 0.3381024, 0.33817163, 0.33298722, 0.33353442, 0.35176468, 0.36385334, 0.3563443, 0.3739777, 0.34969792, 0.33778343, 0.36372083, 0.38021395, 0.3403173, 0.33890095, 0.3291575, 0.34520167, 0.35211006, 0.36760852, 0.38243225, 0.34127122, 0.38377213, 0.39044136, 0.36775404, 0.38303468, 0.3878758, 0.3727167, 0.3695731, 0.36885834, 0.39557618, 0.38693365, 0.39458874, 0.38863483, 0.41177106, 0.38825166, 0.39250386, 0.38400388, 0.43788967, 0.40564853, 0.40253726, 0.40848365, 0.39620078, 0.43338946, 0.42840442, 0.44847307, 0.47544882, 0.4354818, 0.44918832, 0.43574306], "std": [0.097427115, 0.08490297, 0.05736414, 0.04522703, 0.084278606, 0.087812446, 0.059129477, 0.05709504, 0.087309144, 0.07307845, 0.07145747, 0.0497243, 0.074895576, 0.062043622, 0.07685885, 0.07852326, 0.06699673, 0.04732333, 0.07710805, 0.07294208, 0.053312615, 0.0793388, 0.06547843, 0.062235013, 0.08499913, 0.081023045, 0.05657576, 0.057687197, 0.07318914, 0.056623727, 0.07467567, 0.08496871, 0.055375893, 0.07894128, 0.068652116, 0.06968305, 0.087845035, 0.07130276, 0.044586528, 0.067262456, 0.056800097, 0.05875876, 0.07414167, 0.067336805, 0.08026081, 0.057452604, 0.08565699, 0.07282125, 0.09412393, 0.08771194], "var": [0.98, 0.98, 0.98, 0.96, 0.94, 0.94, 0.92, 0.92, 0.88, 0.88, 0.88, 0.86, 0.84, 0.82, 0.82, 0.8, 0.8, 0.8, 0.82, 0.8, 0.8, 0.78, 0.78, 0.74, 0.72, 0.72, 0.72, 0.72, 0.72, 0.72, 0.7, 0.7, 0.72, 0.72, 0.72, 0.72, 0.7, 0.68, 0.68, 0.64, 0.64, 0.64, 0.62, 0.62, 0.6, 0.62, 0.62, 0.6, 0.58, 0.58], "best": [0.49999997, 0.52476186, 0.4119728, 0.40670553, 0.5185941, 0.5195122, 0.45784375, 0.46018678, 0.518201, 0.51954883, 0.4116056, 0.4119728, 0.5186588, 0.5192722, 0.4488185, 0.46236202, 0.46268445, 0.40753245, 0.46274093, 0.4635798, 0.51820636, 0.46551514, 0.518555, 0.58031875, 0.580781, 0.46852416, 0.520319, 0.5208277, 0.471327, 0.47239527, 0.58240557, 0.5828656, 0.52169836, 0.5218845, 0.5841568, 0.4753206, 0.5846704, 0.51003194, 0.5104057, 0.5112578, 0.5228935, 0.47886726, 0.51144713, 0.52502185, 0.58705014, 0.5262679, 0.58826953, 0.52747333, 0.59042174, 0.59162915], "duration": [43138, 40031, 54458, 43396, 45144, 47899, 45606, 38608, 45000, 39880, 37464, 38374, 45981, 39704, 44876, 38589, 38142, 39327, 39625, 39196, 46042, 39029, 39786, 39808, 39510, 39286, 45864, 38692, 38768, 38408, 39684, 43860, 39796, 39545, 46125, 39220, 39917, 39789, 39965, 39396, 39545, 40620, 40243, 39891, 39884, 39768, 40391, 40105, 39856, 39978]}