{"avg": [0.1703638, 0.28971186, 0.28660512, 0.37060508, 0.37805033, 0.43669498, 0.4604447, 0.44504082, 0.51559824, 0.41397566, 0.47269866, 0.473141, 0.5046345, 0.53335387, 0.48172656, 0.4879194, 0.54661304, 0.52392083, 0.5062518, 0.47860056, 0.5339456, 0.51422256, 0.56965613, 0.5117035, 0.52196527, 0.5772636, 0.52647966, 0.58122635, 0.5216314, 0.5553569, 0.53517705, 0.43334126, 0.5301174, 0.5611328, 0.56228405, 0.53371954, 0.5628344, 0.5950773, 0.56633794, 0.59706473, 0.54103106, 0.5988526, 0.49055335, 0.5055967, 0.60108083, 0.54452026, 0.5422754, 0.6031571, 0.50842977, 0.5467575, 0.54122233, 0.5765752, 0.5770904, 0.5745455, 0.60691804, 0.6073558, 0.60780054, 0.6082725, 0.6087064, 0.5450416, 0.60952944, 0.60993844, 0.4716346, 0.61073124, 0.55552983, 0.5240906, 0.5811799, 0.5508652, 0.584533, 0.5820492, 0.46701846, 0.55749613, 0.5521811, 0.61378974, 0.61407495], "std": [0.23328021, 0.24707001, 0.24821492, 0.22149387, 0.21828791, 0.17355296, 0.14946087, 0.17242739, 0.0054847496, 0.20706275, 0.1534296, 0.15780635, 0.11296667, 0.0058705136, 0.16532823, 0.16272652, 0.005389125, 0.12024992, 0.1562765, 0.1954064, 0.1258654, 0.1626399, 0.0028435749, 0.17553039, 0.16507898, 0.0011846814, 0.16649131, 0.0012202106, 0.17892306, 0.12741476, 0.16516438, 0.25897095, 0.17671213, 0.12873273, 0.12899682, 0.17790653, 0.13266134, 1.7881393e-07, 0.12992682, 5.9604645e-08, 0.17553368, 5.9604645e-08, 0.23124903, 0.21892975, 0.0, 0.17666571, 0.18075846, 0.0, 0.22015654, 0.17739157, 0.1856377, 0.12892614, 0.12904134, 0.13542172, 1.1920929e-07, 5.9604645e-08, 1.1920929e-07, 5.9604645e-08, 5.9604645e-08, 0.18694775, 5.9604645e-08, 1.1920929e-07, 0.2557798, 5.9604645e-08, 0.17567393, 0.2139591, 0.13333179, 0.18362173, 0.12755558, 0.13353124, 0.26107123, 0.17629576, 0.18406041, 1.1920929e-07, 1.1920929e-07], "var": [1.0, 1.0, 1.0, 1.0, 1.0, 1.0, 1.0, 0.92, 0.92, 0.92, 0.92, 0.84, 0.76, 0.6, 0.56, 0.6, 0.52, 0.56, 0.48, 0.36, 0.28, 0.24, 0.2, 0.16, 0.08, 0.08, 0.08, 0.08, 0.08, 0.08, 0.08, 0.08, 0.04, 0.04, 0.04, 0.04, 0.04, 0.04, 0.04, 0.04, 0.04, 0.04, 0.04, 0.04, 0.04, 0.04, 0.04, 0.04, 0.04, 0.04, 0.04, 0.04, 0.04, 0.04, 0.04, 0.04, 0.04, 0.04, 0.04, 0.04, 0.04, 0.04, 0.04, 0.04, 0.04, 0.04, 0.04, 0.04, 0.04, 0.04, 0.04, 0.04, 0.04, 0.04, 0.04], "best": [0.48979592, 0.5034605, 0.50612247, 0.50884354, 0.50965655, 0.51195335, 0.5152721, 0.5175568, 0.5217646, 0.52508086, 0.5276566, 0.53137755, 0.53651726, 0.5405776, 0.5442415, 0.5479224, 0.55168605, 0.5554608, 0.5588111, 0.5622868, 0.5652565, 0.56793547, 0.57076937, 0.5730178, 0.5751888, 0.577551, 0.579399, 0.5814993, 0.5833524, 0.58491313, 0.5864525, 0.588106, 0.58940214, 0.59066623, 0.59187794, 0.59302175, 0.59410304, 0.5950771, 0.59614515, 0.5970647, 0.59798175, 0.59885263, 0.5995651, 0.60039604, 0.60108083, 0.6018383, 0.60252815, 0.6031571, 0.6037603, 0.6043109, 0.60489553, 0.6054041, 0.605945, 0.6064648, 0.6069179, 0.6073557, 0.60780066, 0.60827243, 0.60870636, 0.6091642, 0.6095294, 0.6099383, 0.61035067, 0.6107313, 0.61108273, 0.61143905, 0.61176825, 0.61207247, 0.612368, 0.61268336, 0.6129617, 0.61324567, 0.61353457, 0.61378986, 0.61407506], "duration": [2058, 1943, 2113, 2046, 2213, 2172, 2381, 2884, 2656, 2616, 3043, 2260, 3128, 2482, 2471, 2014, 3486, 2578, 2420, 2843, 2579, 2785, 2109, 2415, 2694, 2347, 2609, 2424, 2977, 2353, 2077, 2192, 2227, 2652, 2566, 2106, 2030, 2893, 2538, 2402, 2254, 2188, 2423, 2246, 3470, 2989, 2007, 2549, 2397, 2626, 2772, 2971, 2529, 1990, 2477, 2833, 3054, 3045, 2440, 2584, 2294, 2507, 2137, 3097, 3432, 2347, 2376, 2329, 3970, 2888, 2179, 3505, 2810, 2184, 2538]}