{"avg": [0.25055555, 0.27957404, 0.28621346, 0.27731416, 0.28068432, 0.27872428, 0.29757887, 0.3085992, 0.29726955, 0.31067464, 0.30464354, 0.30100945, 0.3182192, 0.29804865, 0.29794842, 0.30315667, 0.32635823, 0.3252252, 0.33471113, 0.31530577, 0.35203484, 0.33669895, 0.346677, 0.31862926, 0.31826046, 0.30092463, 0.361044, 0.34725705, 0.3230826, 0.32949305, 0.32634646, 0.37422633, 0.35204235, 0.35975614, 0.35706887, 0.36934736, 0.35078156, 0.363028, 0.35233763, 0.39584014, 0.37851733, 0.3784461, 0.3712903, 0.36040398, 0.36083007, 0.38244978, 0.3948951, 0.39946786, 0.35363355, 0.38815582], "std": [0.08177525, 0.07094504, 0.047984827, 0.04604262, 0.07037692, 0.06814521, 0.048805516, 0.047561564, 0.07726529, 0.06646107, 0.07227953, 0.06975505, 0.05597257, 0.062405232, 0.07856894, 0.053126737, 0.03754602, 0.059282497, 0.06611807, 0.068896145, 0.07223385, 0.06484179, 0.07346371, 0.071384184, 0.0722526, 0.07710872, 0.06990285, 0.07251663, 0.06405277, 0.061647277, 0.070238836, 0.07884172, 0.07444288, 0.061426714, 0.07233079, 0.0701921, 0.08557716, 0.08644277, 0.08713144, 0.08826216, 0.071885675, 0.112379245, 0.10419212, 0.08018744, 0.07917402, 0.08701196, 0.09131259, 0.089022614, 0.11199272, 0.08478012], "var": [0.98, 0.98, 0.98, 0.96, 0.94, 0.94, 0.92, 0.92, 0.92, 0.9, 0.88, 0.86, 0.84, 0.82, 0.8, 0.78, 0.78, 0.76, 0.76, 0.74, 0.74, 0.74, 0.7, 0.68, 0.66, 0.64, 0.64, 0.64, 0.6, 0.6, 0.62, 0.6, 0.6, 0.58, 0.56, 0.54, 0.52, 0.52, 0.54, 0.52, 0.52, 0.5, 0.54, 0.52, 0.54, 0.54, 0.5, 0.48, 0.5, 0.46], "best": [0.41666666, 0.44555557, 0.35027775, 0.34413263, 0.43835977, 0.40193093, 0.38653198, 0.38926554, 0.43790123, 0.43933332, 0.43983743, 0.44114876, 0.44175258, 0.44214746, 0.44214812, 0.44414225, 0.39317584, 0.44405207, 0.44479907, 0.44653246, 0.4479766, 0.45091745, 0.45155945, 0.45409682, 0.45588234, 0.4563086, 0.45668316, 0.45926365, 0.4606576, 0.46101388, 0.46139064, 0.46208417, 0.46555117, 0.46711195, 0.4680581, 0.4688668, 0.4698119, 0.47128996, 0.47327778, 0.4742523, 0.47685775, 0.47820115, 0.48060194, 0.4822453, 0.48299566, 0.4834275, 0.4848548, 0.4867209, 0.4888152, 0.48990488], "duration": [43121, 40191, 53187, 43057, 49908, 47829, 45694, 38725, 38934, 39621, 38698, 39690, 39091, 39204, 45841, 39307, 38912, 39362, 39127, 39635, 40160, 46331, 40327, 46712, 39565, 38988, 39390, 59348, 40151, 53000, 38782, 40119, 40062, 39932, 39957, 39750, 40061, 39384, 39502, 40233, 40121, 47464, 39750, 46487, 40353, 40535, 40433, 47138, 40343, 40267]}