{"avg": [0.26285714, 0.2896931, 0.29708436, 0.2902818, 0.2893623, 0.29402545, 0.30863777, 0.31614208, 0.30691355, 0.3132789, 0.30884928, 0.31132317, 0.33152744, 0.31465337, 0.31188512, 0.3245401, 0.32184225, 0.34142736, 0.32375467, 0.34877065, 0.32270113, 0.34948412, 0.3452521, 0.32872897, 0.3356849, 0.3405296, 0.34188342, 0.33268505, 0.33501014, 0.34896013, 0.3335504, 0.33076924, 0.36133552, 0.36001116, 0.32880044, 0.35300025, 0.33755574, 0.3599674, 0.37904325, 0.37939966, 0.3659941, 0.3781325, 0.3905172, 0.3849969, 0.39112064, 0.3958964, 0.35572484, 0.38119212, 0.4036912, 0.38995442], "std": [0.0841156, 0.07409099, 0.04982655, 0.048084922, 0.07199143, 0.073552005, 0.0482538, 0.044889767, 0.082092166, 0.07578628, 0.07548592, 0.07498709, 0.053951126, 0.071100995, 0.088385865, 0.04060709, 0.05523003, 0.05815214, 0.068271, 0.06737515, 0.041799184, 0.06415432, 0.06935818, 0.074575454, 0.06114142, 0.06018554, 0.05450118, 0.06646987, 0.07161263, 0.05452787, 0.06681425, 0.071329325, 0.063627586, 0.060632214, 0.042611994, 0.06672753, 0.05966612, 0.06401203, 0.07400149, 0.07213503, 0.0803786, 0.076978765, 0.07126005, 0.07208586, 0.07837115, 0.07571978, 0.106695876, 0.08409583, 0.07615465, 0.081454866], "var": [0.98, 0.98, 0.98, 0.96, 0.94, 0.94, 0.92, 0.9, 0.9, 0.88, 0.88, 0.86, 0.86, 0.82, 0.8, 0.76, 0.74, 0.74, 0.76, 0.74, 0.72, 0.7, 0.68, 0.68, 0.66, 0.62, 0.66, 0.66, 0.68, 0.68, 0.7, 0.66, 0.68, 0.7, 0.7, 0.68, 0.66, 0.66, 0.66, 0.62, 0.58, 0.62, 0.62, 0.64, 0.62, 0.62, 0.58, 0.56, 0.56, 0.52], "best": [0.4333333, 0.46222222, 0.36396822, 0.3578231, 0.45502642, 0.45609757, 0.3848966, 0.36630344, 0.454321, 0.4564444, 0.45670733, 0.45800376, 0.45841923, 0.4588141, 0.45925924, 0.42299262, 0.46141732, 0.46158612, 0.46182033, 0.4621924, 0.38814846, 0.4632008, 0.46461388, 0.4664799, 0.46773902, 0.4687285, 0.4693004, 0.46967533, 0.46956518, 0.47070482, 0.4707977, 0.47149757, 0.47224462, 0.47348928, 0.400099, 0.47339448, 0.4745098, 0.47737476, 0.47876748, 0.47955045, 0.47825852, 0.47960353, 0.48134553, 0.48248756, 0.48352766, 0.484539, 0.48708332, 0.48798183, 0.4892746, 0.49090514], "duration": [43585, 40729, 53714, 43415, 50358, 48175, 46108, 39435, 38836, 40123, 39394, 39477, 39986, 39300, 46889, 39509, 38638, 39532, 39223, 39250, 39108, 39591, 40149, 39455, 40008, 46685, 39629, 39809, 46748, 39693, 46414, 40059, 40018, 46411, 38619, 46535, 46127, 39906, 40282, 47110, 39928, 40488, 40184, 40247, 47081, 40700, 40225, 40713, 40535, 40381]}