{"avg": [0.45696542, 0.5271296, 0.5286086, 0.53041756, 0.5720384, 0.5874013, 0.62461466, 0.60804343, 0.6187137, 0.6342616, 0.63006985, 0.64400506, 0.6518178, 0.6582351, 0.66590565, 0.6700779, 0.6800895, 0.67070365, 0.6868636, 0.68505704, 0.6694852, 0.6967027, 0.6753044, 0.69613755, 0.69383216, 0.7001441, 0.7022493, 0.70009357, 0.6934104, 0.7081579, 0.7046619, 0.6915683, 0.70571405, 0.7022959, 0.6976987, 0.716352, 0.6999528, 0.70098543, 0.71884084, 0.7028006, 0.70251596, 0.72135913, 0.71103436, 0.69062185, 0.7170597, 0.72475016, 0.72512645, 0.7254133, 0.71644163, 0.7085672, 0.7078142, 0.70492846, 0.7152698, 0.7294918, 0.7291185, 0.72309446, 0.70577806, 0.7045805, 0.7265358, 0.7304241, 0.7134539, 0.7254163, 0.72799045, 0.7098735, 0.73380566, 0.71745664, 0.74005693, 0.72869176, 0.7222885, 0.7205271, 0.7353493, 0.7092345, 0.7358712, 0.73613435, 0.7363899], "std": [0.082471654, 0.09781063, 0.07470263, 0.08407759, 0.065485574, 0.05453074, 0.03303416, 0.047136776, 0.045717467, 0.03222428, 0.044695463, 0.032408725, 0.033841006, 0.03073856, 0.02708287, 0.026522156, 0.0012650788, 0.03786576, 0.0016102274, 0.024887413, 0.04866907, 0.0026257704, 0.048822645, 0.02665256, 0.03520162, 0.028811526, 0.02804834, 0.03450261, 0.044650078, 0.026687136, 0.035201605, 0.049920328, 0.03757864, 0.042848222, 0.04808287, 0.026076596, 0.048082888, 0.048082866, 0.027342476, 0.04808287, 0.04897959, 0.027342474, 0.042848222, 0.056917906, 0.03757864, 0.026076594, 0.026687136, 0.027342474, 0.041238505, 0.04897959, 0.04992031, 0.052153192, 0.044650078, 0.025505986, 0.027342476, 0.03757864, 0.05302199, 0.05392011, 0.03450261, 0.028811524, 0.04897959, 0.03757864, 0.034502614, 0.05215319, 0.025505995, 0.047227908, 1.1920929e-07, 0.035944104, 0.043723036, 0.045634042, 0.026076593, 0.05392009, 0.0260766, 0.0260766, 0.026076611], "var": [1.0, 1.0, 1.0, 0.92, 0.96, 0.96, 0.96, 0.88, 0.88, 0.76, 0.76, 0.68, 0.52, 0.4, 0.48, 0.32, 0.24, 0.2, 0.12, 0.12, 0.12, 0.08, 0.08, 0.04, 0.04, 0.04, 0.04, 0.04, 0.04, 0.04, 0.04, 0.04, 0.04, 0.04, 0.04, 0.04, 0.04, 0.04, 0.04, 0.04, 0.04, 0.04, 0.04, 0.04, 0.04, 0.04, 0.04, 0.04, 0.04, 0.04, 0.04, 0.04, 0.04, 0.04, 0.04, 0.04, 0.04, 0.04, 0.04, 0.04, 0.04, 0.04, 0.04, 0.04, 0.04, 0.04, 0.04, 0.04, 0.04, 0.04, 0.04, 0.04, 0.04, 0.04, 0.04], "best": [0.61734694, 0.62790596, 0.6316327, 0.63552874, 0.63678217, 0.6395841, 0.6434437, 0.646799, 0.6484292, 0.6526365, 0.65736085, 0.6629854, 0.6662931, 0.6699076, 0.67373794, 0.67763835, 0.6811918, 0.6846762, 0.6877159, 0.6911503, 0.6946929, 0.69755393, 0.7001595, 0.70266443, 0.7049641, 0.707347, 0.709052, 0.71074146, 0.71274436, 0.71428055, 0.71579367, 0.71734697, 0.7186036, 0.7197886, 0.7210222, 0.72218275, 0.72327656, 0.7243091, 0.72528553, 0.7261243, 0.72700566, 0.7278037, 0.72852707, 0.72928995, 0.7299492, 0.73058087, 0.73124903, 0.73185796, 0.73241323, 0.73305696, 0.7335929, 0.7340828, 0.7346038, 0.73505753, 0.7355632, 0.73598385, 0.7363904, 0.7368038, 0.7371835, 0.73762697, 0.7379438, 0.73830557, 0.7386384, 0.73902804, 0.7393717, 0.7397199, 0.7400568, 0.7403535, 0.7406558, 0.74093527, 0.74118, 0.7414578, 0.74170226, 0.7419652, 0.7422207], "duration": [87932, 66059, 81846, 65799, 71031, 83723, 98579, 65579, 71203, 82706, 71152, 76680, 82095, 77053, 76333, 71243, 76589, 87636, 98602, 76737, 71153, 65577, 76509, 82099, 71171, 76606, 71558, 104020, 76782, 87473, 71010, 65559, 71090, 82011, 76601, 87537, 71141, 82603, 82098, 65610, 71516, 76544, 65616, 71436, 71102, 87625, 82204, 71048, 76539, 71137, 76600, 76497, 93085, 98440, 76562, 71061, 71137, 65627, 71044, 65682, 82001, 71418, 76603, 92992, 65517, 76617, 82021, 82109, 76660, 65700, 82003, 87669, 71011, 87355, 76558]}