{"avg": [0.26714286, 0.2856552, 0.28948668, 0.2940051, 0.29473335, 0.2976065, 0.29909465, 0.30039427, 0.30168432, 0.30816674, 0.30728537, 0.30511898, 0.305537, 0.30560613, 0.30006954, 0.30263516, 0.30863488, 0.30913606, 0.31132373, 0.31667253, 0.31626752, 0.31709266, 0.3186291, 0.3179467, 0.3195727, 0.31876445, 0.312733, 0.3087818, 0.30846524, 0.30834502, 0.3121487, 0.3088634, 0.30584443, 0.30842197, 0.31456292, 0.3161798, 0.31788713, 0.31920952, 0.32478228, 0.32558227, 0.32198024, 0.32222432, 0.32481906, 0.3236108, 0.32874873, 0.33717716, 0.33872727, 0.34376815, 0.34120595, 0.33925283], "std": [0.063268855, 0.060816757, 0.05898899, 0.05820533, 0.056070767, 0.058408253, 0.055647653, 0.056206662, 0.05486063, 0.049287613, 0.048142638, 0.049235605, 0.052196376, 0.053462867, 0.05624669, 0.05267108, 0.049823947, 0.04786394, 0.05330128, 0.04730637, 0.046345383, 0.048423175, 0.048109498, 0.047142167, 0.04784529, 0.051267132, 0.057397775, 0.06473036, 0.070749775, 0.06839951, 0.06532416, 0.0685195, 0.07511514, 0.07293317, 0.06559852, 0.065948844, 0.06404424, 0.06717939, 0.060094833, 0.060901746, 0.064813755, 0.07144368, 0.06696718, 0.07102603, 0.066672154, 0.06252512, 0.052926153, 0.054190133, 0.062031206, 0.06626906], "var": [1.0, 1.0, 1.0, 1.0, 1.0, 1.0, 0.98, 0.94, 0.92, 0.9, 0.9, 0.9, 0.9, 0.9, 0.88, 0.86, 0.84, 0.86, 0.84, 0.84, 0.84, 0.84, 0.82, 0.82, 0.82, 0.82, 0.82, 0.78, 0.78, 0.8, 0.82, 0.8, 0.8, 0.82, 0.8, 0.78, 0.74, 0.74, 0.74, 0.72, 0.72, 0.74, 0.72, 0.7, 0.7, 0.7, 0.68, 0.64, 0.66, 0.7], "best": [0.4333333, 0.44999996, 0.44999996, 0.44999996, 0.45016667, 0.4504, 0.45111108, 0.45161903, 0.45208332, 0.45237038, 0.45266664, 0.45296967, 0.4533889, 0.45374358, 0.454, 0.45426667, 0.45445833, 0.45462742, 0.45451853, 0.45473683, 0.45493332, 0.4550476, 0.4551818, 0.45530435, 0.45541665, 0.45552, 0.45561537, 0.4556049, 0.45559523, 0.45560917, 0.4556, 0.4556129, 0.45562497, 0.45565656, 0.45568624, 0.45569524, 0.4557037, 0.4556757, 0.455614, 0.45552135, 0.45556664, 0.45560977, 0.45568252, 0.45576742, 0.45584846, 0.4559259, 0.45599997, 0.45604253, 0.4561111, 0.45619047], "duration": [98972, 100357, 100618, 101506, 101344, 101468, 101146, 101974, 105197, 104762, 102741, 103061, 102029, 102222, 105103, 106292, 105331, 104398, 105907, 106043, 105637, 102972, 103315, 106075, 106469, 102036, 101510, 101260, 101167, 101056, 102016, 101059, 100656, 101238, 101754, 102458, 102530, 102468, 102573, 102637, 100850, 101835, 101402, 101593, 104954, 105374, 106705, 106599, 103356, 104257]}