{"avg": [0.26916668, 0.2954074, 0.30331874, 0.29904032, 0.30217558, 0.3020086, 0.3214824, 0.33016783, 0.31726953, 0.3344841, 0.32547686, 0.32527423, 0.34262395, 0.3142251, 0.31431746, 0.32113668, 0.3275205, 0.33604962, 0.36297712, 0.35874724, 0.35973275, 0.3325206, 0.3481268, 0.38961896, 0.3536739, 0.36354297, 0.3621961, 0.3909718, 0.38592342, 0.37273893, 0.4119192, 0.39947635, 0.39475518, 0.40380362, 0.41247094, 0.40191418, 0.42827863, 0.36964485, 0.38436997, 0.41802958, 0.40413877, 0.4351848, 0.41186303, 0.41567335, 0.45906854, 0.42031682, 0.40094474, 0.44064048, 0.45460644, 0.4387997], "std": [0.086385764, 0.07720776, 0.04967114, 0.043173093, 0.07378664, 0.07376976, 0.05331718, 0.05003965, 0.082030624, 0.06557011, 0.07582478, 0.07278533, 0.05345166, 0.06993593, 0.08184253, 0.057919268, 0.06511645, 0.059999894, 0.06667202, 0.06489347, 0.05264611, 0.0654555, 0.05477627, 0.06603176, 0.08262401, 0.069095194, 0.060702868, 0.07038428, 0.06678986, 0.06722318, 0.049340468, 0.073444076, 0.074681945, 0.073806636, 0.079097435, 0.08250601, 0.064068556, 0.079311185, 0.07856011, 0.08284754, 0.07953431, 0.066132054, 0.0885678, 0.0786592, 0.06423424, 0.08212226, 0.0907002, 0.077772625, 0.08058156, 0.07882913], "var": [0.98, 0.98, 0.98, 0.96, 0.94, 0.94, 0.92, 0.92, 0.92, 0.9, 0.88, 0.86, 0.84, 0.8, 0.8, 0.76, 0.78, 0.74, 0.74, 0.72, 0.74, 0.7, 0.7, 0.68, 0.64, 0.6, 0.62, 0.6, 0.6, 0.6, 0.58, 0.54, 0.56, 0.56, 0.54, 0.5, 0.5, 0.48, 0.48, 0.48, 0.44, 0.42, 0.4, 0.44, 0.4, 0.4, 0.38, 0.4, 0.38, 0.36], "best": [0.4416667, 0.47055557, 0.37111107, 0.36913264, 0.4633598, 0.46443093, 0.41153196, 0.4142655, 0.46290123, 0.46433333, 0.46483743, 0.46614876, 0.46675262, 0.46714747, 0.46714815, 0.4691423, 0.46948823, 0.41983393, 0.46928906, 0.4710265, 0.4721519, 0.47288522, 0.42836213, 0.4725275, 0.47569808, 0.4771721, 0.47837353, 0.47848842, 0.4810811, 0.48249638, 0.48225865, 0.4828552, 0.48455206, 0.48965132, 0.4881841, 0.490245, 0.49537694, 0.49418673, 0.49473247, 0.4989178, 0.5006857, 0.50191325, 0.5002266, 0.50208026, 0.559947, 0.5093179, 0.50764465, 0.5116712, 0.51314574, 0.5157264], "duration": [42758, 39530, 52153, 42628, 49425, 47573, 45294, 38432, 38544, 38946, 38621, 39187, 40016, 38991, 45470, 39049, 44281, 45396, 38795, 38947, 45545, 38877, 38067, 46205, 38746, 39161, 45315, 39164, 39451, 39012, 39455, 39615, 39446, 39581, 39390, 39348, 39876, 39585, 52006, 39315, 38886, 39106, 39754, 39669, 52949, 39697, 39807, 39674, 39821, 53092]}