{"avg": [0.2188889, 0.2546667, 0.2548148, 0.25605822, 0.2747646, 0.23544833, 0.26754045, 0.28128764, 0.26848117, 0.26026338, 0.2737778, 0.29514432, 0.28222153, 0.2979705, 0.2617299, 0.2866852, 0.28397363, 0.30593765, 0.28319824, 0.30657122, 0.28436458, 0.32150143, 0.32453364, 0.30666667, 0.3198459, 0.33203882, 0.32155016, 0.32491004, 0.3136135, 0.33430973, 0.32651556, 0.3349077, 0.32940128, 0.33892766, 0.34461707, 0.33617866, 0.339824, 0.33967024, 0.33987746, 0.3440972, 0.34791726, 0.3533856, 0.36240432, 0.35512242, 0.3454925, 0.36339748, 0.381102, 0.35468608, 0.35732335, 0.34913114], "std": [0.07205965, 0.06573823, 0.05266037, 0.062802576, 0.051786862, 0.07156311, 0.05392102, 0.044579063, 0.041263588, 0.05953516, 0.04616713, 0.05820817, 0.055872403, 0.05108418, 0.08301914, 0.052228227, 0.059220694, 0.04672086, 0.05873923, 0.05937849, 0.056772046, 0.04059165, 0.030092128, 0.044255078, 0.039331306, 0.0371599, 0.050496776, 0.058749482, 0.047832847, 0.03805782, 0.042499643, 0.036511153, 0.048313834, 0.042302392, 0.041005764, 0.051310774, 0.045303125, 0.055570755, 0.049458068, 0.04085683, 0.04471171, 0.048387058, 0.04010453, 0.041317414, 0.06381094, 0.042227734, 0.030942174, 0.06257165, 0.054378077, 0.05775467], "var": [0.98, 0.98, 0.98, 0.94, 0.94, 0.94, 0.94, 0.94, 0.92, 0.9, 0.9, 0.86, 0.88, 0.84, 0.84, 0.82, 0.8, 0.8, 0.78, 0.78, 0.76, 0.78, 0.76, 0.74, 0.74, 0.74, 0.74, 0.72, 0.7, 0.7, 0.7, 0.7, 0.66, 0.68, 0.66, 0.68, 0.66, 0.62, 0.58, 0.58, 0.6, 0.58, 0.58, 0.56, 0.56, 0.6, 0.62, 0.62, 0.62, 0.58], "best": [0.33888888, 0.3677778, 0.30222222, 0.31407407, 0.3603578, 0.3612573, 0.3656288, 0.36163032, 0.3629326, 0.364321, 0.33733335, 0.36858585, 0.3671943, 0.37052155, 0.3731701, 0.37385187, 0.37346706, 0.37479624, 0.37622222, 0.37657502, 0.36045754, 0.3975078, 0.37863246, 0.3772128, 0.37068653, 0.37937126, 0.40055004, 0.38119045, 0.37283525, 0.37340477, 0.3747258, 0.38404796, 0.3847139, 0.37622738, 0.38578153, 0.3871521, 0.3899177, 0.3909186, 0.40087184, 0.39446247, 0.39474332, 0.40163147, 0.39792082, 0.39931774, 0.40037987, 0.40206394, 0.4237878, 0.40510872, 0.40664914, 0.40842247], "duration": [43157, 40058, 38466, 37674, 50820, 39705, 39145, 38492, 38641, 43156, 43741, 40091, 45443, 43192, 39748, 39407, 45650, 54963, 38598, 39863, 50535, 39810, 39793, 44105, 44646, 39725, 45836, 39608, 46147, 48682, 46607, 40503, 44182, 39956, 40053, 53436, 39556, 52984, 39532, 40277, 43958, 59191, 40001, 40155, 39612, 39938, 40465, 39833, 39969, 47027]}