{"avg": [0.26031747, 0.2896931, 0.29507938, 0.29300287, 0.29337233, 0.28954366, 0.30863777, 0.320574, 0.31279385, 0.32525286, 0.30525985, 0.2972057, 0.32017434, 0.33182698, 0.30254284, 0.2882148, 0.293696, 0.3083863, 0.3026562, 0.32453683, 0.3355546, 0.30025187, 0.32966614, 0.34462327, 0.31475127, 0.3709336, 0.30215225, 0.2867307, 0.32825252, 0.32919353, 0.33408493, 0.32786143, 0.32113308, 0.31442955, 0.35600746, 0.3641534, 0.3230967, 0.3652904, 0.36340827, 0.31216297, 0.34506926, 0.34025568, 0.34460643, 0.35887763, 0.35048097, 0.34087574, 0.35026306, 0.36279088, 0.33396354, 0.35765302], "std": [0.08539034, 0.07409099, 0.04873721, 0.04365753, 0.069251955, 0.07413893, 0.057517584, 0.0491792, 0.07701867, 0.06967578, 0.061064214, 0.041438103, 0.05933371, 0.06008574, 0.06924296, 0.07508847, 0.07672514, 0.06760765, 0.058971733, 0.06291721, 0.047667667, 0.06987589, 0.0716684, 0.056026462, 0.076258115, 0.06468387, 0.06464846, 0.06684537, 0.04755858, 0.065195665, 0.037261218, 0.052387066, 0.075154535, 0.070156015, 0.06853007, 0.056510326, 0.053018074, 0.0692308, 0.07506672, 0.05238648, 0.045986116, 0.06353296, 0.08569905, 0.05082221, 0.056497406, 0.10013755, 0.063321784, 0.094071336, 0.07405338, 0.07605052], "var": [0.98, 0.98, 0.98, 0.96, 0.94, 0.94, 0.92, 0.92, 0.88, 0.88, 0.88, 0.86, 0.84, 0.82, 0.82, 0.8, 0.8, 0.8, 0.82, 0.8, 0.8, 0.78, 0.78, 0.76, 0.74, 0.72, 0.72, 0.74, 0.74, 0.74, 0.74, 0.74, 0.72, 0.72, 0.72, 0.72, 0.72, 0.74, 0.76, 0.72, 0.7, 0.66, 0.68, 0.68, 0.68, 0.68, 0.7, 0.66, 0.64, 0.64], "best": [0.4333333, 0.46222222, 0.36396822, 0.3578231, 0.45502642, 0.45609757, 0.40081772, 0.40355125, 0.45456788, 0.4561403, 0.36167526, 0.35859787, 0.41700676, 0.45581758, 0.39028823, 0.40608904, 0.455, 0.4562424, 0.36370704, 0.40576112, 0.45625654, 0.40806082, 0.4565134, 0.5114677, 0.45765528, 0.5125825, 0.3890661, 0.41381624, 0.41405845, 0.5135042, 0.41512963, 0.4152381, 0.5141069, 0.41620514, 0.4763504, 0.46043554, 0.3755438, 0.5158458, 0.5163765, 0.421669, 0.42136443, 0.42170462, 0.4608761, 0.42402026, 0.43583453, 0.5167504, 0.43713495, 0.51738095, 0.4619991, 0.45571983], "duration": [43175, 39757, 52913, 43189, 49802, 47803, 45600, 38600, 45007, 39870, 37403, 38294, 45753, 39688, 44812, 38588, 38779, 39798, 39148, 39260, 46216, 39013, 39172, 39760, 38832, 39629, 38879, 37578, 45830, 44828, 38765, 39767, 38338, 39283, 39451, 39273, 39597, 39829, 39974, 39176, 39215, 39696, 45839, 39785, 39948, 39561, 45938, 45860, 39238, 39518]}