{"avg": [0.35333323, 0.3466666, 0.34666657, 0.34444436, 0.34222212, 0.33555543, 0.33999988, 0.33333325, 0.33555546, 0.33777767, 0.33777767, 0.33555546, 0.33333328, 0.33333325, 0.33777767, 0.33333325, 0.33555543, 0.3333332, 0.33111095, 0.3266666, 0.3288888, 0.32444435, 0.32444435, 0.32222217, 0.31999993], "std": [0.25012597, 0.24609539, 0.2460955, 0.2446968, 0.24629608, 0.24493884, 0.247865, 0.24944387, 0.25091434, 0.24940419, 0.24940418, 0.2509143, 0.2494438, 0.24944386, 0.24641623, 0.24645641, 0.24794456, 0.24645637, 0.24493876, 0.24485825, 0.24339153, 0.24326995, 0.24326995, 0.24165069, 0.24306677], "var": [0.99333334, 0.9866667, 0.9866667, 0.97333336, 0.97333336, 0.96, 0.9533333, 0.94666666, 0.94, 0.93333334, 0.93333334, 0.93333334, 0.9266667, 0.92, 0.92, 0.92, 0.91333336, 0.91333336, 0.92, 0.91333336, 0.91333336, 0.9066667, 0.8933333, 0.8933333, 0.8933333], "best": [1.0, 1.0, 1.0, 1.0, 1.0, 1.0, 1.0, 1.0, 1.0, 1.0, 1.0, 1.0, 1.0, 1.0, 1.0, 1.0, 1.0, 1.0, 1.0, 1.0, 1.0, 1.0, 1.0, 1.0, 1.0], "duration": [30335, 30819, 31119, 31452, 31400, 31074, 31871, 31853, 32173, 31992, 32404, 31575, 31255, 31450, 31267, 31527, 31247, 31275, 31217, 30633, 30859, 30272, 30522, 30290, 30607]}