{"avg": [0.35833332, 0.35666665, 0.35833332, 0.35833332, 0.35, 0.345, 0.34833333, 0.34833333, 0.345, 0.355, 0.345, 0.34666666, 0.34, 0.33666667, 0.34833333, 0.345, 0.335, 0.34333333, 0.345, 0.34333333, 0.33833334, 0.32833335, 0.34666666, 0.33333334, 0.33666667], "std": [0.22623114, 0.22238612, 0.22063667, 0.22806549, 0.21794505, 0.22669737, 0.22154121, 0.22527134, 0.22485186, 0.22596096, 0.22669737, 0.23235507, 0.22781572, 0.223582, 0.22527134, 0.22852796, 0.23063324, 0.2227605, 0.22852798, 0.22647056, 0.22386135, 0.2201073, 0.22691162, 0.22298487, 0.22727863], "var": [0.9866667, 0.99333334, 0.9866667, 0.98, 0.96666664, 0.96, 0.9533333, 0.94666666, 0.94, 0.93333334, 0.9266667, 0.92, 0.9066667, 0.9, 0.88666666, 0.88, 0.88666666, 0.8933333, 0.8933333, 0.8933333, 0.88666666, 0.88, 0.88, 0.87333333, 0.88], "best": [0.75, 0.75, 0.75, 0.75, 0.75, 0.75, 0.75, 0.75, 0.75, 0.75, 0.75, 0.75, 0.75, 0.75, 0.75, 0.75, 0.75, 0.75, 0.75, 0.75, 0.75, 0.75, 0.75, 0.75, 0.75], "duration": [34800, 34345, 34223, 34331, 33956, 33904, 33834, 33792, 33737, 33956, 33461, 33603, 33601, 33424, 33242, 33007, 32607, 32942, 32785, 32987, 32765, 32547, 32561, 32598, 32684]}