{"avg": [0.21798943, 0.22645502, 0.24867727, 0.2511338, 0.24452129, 0.2631065, 0.25787562, 0.24288768, 0.26616138, 0.2615126, 0.26908872, 0.26245683, 0.28052065, 0.291192, 0.26124334, 0.2671651, 0.26837403, 0.29593807, 0.27242815, 0.3252189, 0.30958253, 0.25122705, 0.3220928, 0.25513855, 0.27502552, 0.3300128, 0.25280762, 0.3153175, 0.29399675, 0.30587062, 0.31193513, 0.33678415, 0.32208672, 0.29129842, 0.30811617, 0.35042095, 0.34114373, 0.34271327, 0.37519473, 0.34778312, 0.36257547, 0.39663318, 0.370049, 0.33670238, 0.34533718, 0.36155155, 0.3895058, 0.34372994, 0.3659964, 0.37256768], "std": [0.12598372, 0.11620191, 0.120080024, 0.117173195, 0.07538164, 0.12046379, 0.102033146, 0.113360055, 0.09388128, 0.11737391, 0.1001208, 0.100030415, 0.10979967, 0.08777673, 0.1403208, 0.12415475, 0.10096223, 0.09488487, 0.07294524, 0.11370546, 0.09124459, 0.1396326, 0.07754747, 0.14352758, 0.077968195, 0.075958066, 0.09729007, 0.11821319, 0.115710445, 0.11838969, 0.09028594, 0.089822836, 0.10639286, 0.10014232, 0.12500854, 0.08590048, 0.10923702, 0.08560222, 0.08329629, 0.1159928, 0.08046754, 0.072954126, 0.10594006, 0.07481431, 0.07599267, 0.087176494, 0.06811947, 0.087375484, 0.113942966, 0.105900094], "var": [0.98, 0.98, 0.98, 0.94, 0.94, 0.92, 0.9, 0.9, 0.88, 0.88, 0.88, 0.88, 0.88, 0.86, 0.86, 0.84, 0.84, 0.8, 0.82, 0.78, 0.76, 0.78, 0.8, 0.8, 0.76, 0.76, 0.74, 0.74, 0.74, 0.74, 0.7, 0.68, 0.66, 0.64, 0.62, 0.62, 0.62, 0.58, 0.6, 0.56, 0.58, 0.58, 0.56, 0.54, 0.54, 0.54, 0.54, 0.52, 0.54, 0.56], "best": [0.47619048, 0.5050794, 0.50095236, 0.3389418, 0.36672047, 0.4958252, 0.36776698, 0.49574175, 0.50400794, 0.5071252, 0.35307017, 0.5084308, 0.4931365, 0.49431014, 0.5084932, 0.509623, 0.37015876, 0.5103841, 0.35078788, 0.5111274, 0.49388865, 0.51366264, 0.51415306, 0.5146623, 0.37363872, 0.5143725, 0.3691896, 0.5156545, 0.51433724, 0.514784, 0.5151736, 0.51568335, 0.5246032, 0.5256837, 0.517636, 0.51626104, 0.5165079, 0.5172383, 0.51955086, 0.519092, 0.52146274, 0.52275294, 0.5224125, 0.52356964, 0.5225989, 0.5335595, 0.52378094, 0.52494454, 0.52508694, 0.52790767], "duration": [7607, 2369, 2550, 7330, 7409, 7464, 12290, 2409, 7864, 12214, 7297, 2512, 2523, 2448, 7339, 8093, 7767, 2359, 17138, 2534, 7337, 2505, 7755, 2390, 7463, 7374, 7334, 7784, 12209, 7797, 21922, 12312, 16979, 21909, 7306, 12131, 12234, 17990, 17479, 22315, 21926, 17476, 17106, 32094, 17062, 12266, 17056, 17532, 21921, 12107]}