{"avg": [0.25777778, 0.30124715, 0.29193208, 0.3143812, 0.3003067, 0.29125503, 0.29085833, 0.31502426, 0.32772642, 0.32671767, 0.31499648, 0.3149878, 0.3359971, 0.30884987, 0.32062897, 0.34126568, 0.3014312, 0.32997856, 0.3230142, 0.3359516, 0.33859122, 0.3546106, 0.33668393, 0.3474647, 0.35072404, 0.33972734, 0.3466052, 0.3671344, 0.3590008, 0.35356188, 0.33650944, 0.35669765, 0.35546488, 0.3629025, 0.37800148, 0.3803461, 0.37609154, 0.338921, 0.38719717, 0.3773767, 0.36473686, 0.36825755, 0.38694435, 0.38223302, 0.3859623, 0.3979042, 0.3786226, 0.3897818, 0.41370293, 0.39962092], "std": [0.08726752, 0.051722854, 0.05419561, 0.052738067, 0.05252307, 0.048698638, 0.046743594, 0.04517298, 0.04706449, 0.058621757, 0.037696153, 0.04264204, 0.06363521, 0.069668345, 0.090733826, 0.042228255, 0.08407107, 0.06777705, 0.056938425, 0.06576616, 0.06946893, 0.05675488, 0.06907467, 0.062492047, 0.067258544, 0.059280142, 0.07897285, 0.056432832, 0.058413446, 0.06202591, 0.073199086, 0.07871207, 0.06509314, 0.064877495, 0.071434036, 0.051680665, 0.057669077, 0.0685903, 0.06367029, 0.0549782, 0.06972315, 0.064383194, 0.048373085, 0.049790237, 0.053626746, 0.0460325, 0.05977897, 0.071936846, 0.0445687, 0.06676238], "var": [1.0, 1.0, 0.98, 0.98, 0.96, 0.94, 0.92, 0.88, 0.84, 0.86, 0.86, 0.86, 0.86, 0.84, 0.84, 0.82, 0.82, 0.8, 0.76, 0.76, 0.72, 0.74, 0.74, 0.74, 0.76, 0.76, 0.74, 0.72, 0.72, 0.7, 0.66, 0.66, 0.64, 0.6, 0.6, 0.6, 0.56, 0.54, 0.52, 0.56, 0.54, 0.52, 0.5, 0.5, 0.5, 0.48, 0.46, 0.46, 0.46, 0.46], "best": [0.4333333, 0.3847619, 0.36600986, 0.44924238, 0.36143637, 0.3575238, 0.39185187, 0.3930335, 0.4486111, 0.45085156, 0.38377193, 0.36746028, 0.45174953, 0.4034566, 0.4537383, 0.405261, 0.45546448, 0.4063063, 0.45571777, 0.45647192, 0.45827886, 0.4585921, 0.45890546, 0.46055397, 0.4615525, 0.4623909, 0.4627104, 0.46407768, 0.46510538, 0.41172162, 0.46652174, 0.46708682, 0.4680952, 0.4683168, 0.46980166, 0.47059187, 0.47113526, 0.418035, 0.47248855, 0.47367835, 0.47422513, 0.47522593, 0.4759086, 0.47702017, 0.47712028, 0.47826084, 0.47941455, 0.47999075, 0.4814111, 0.48264718], "duration": [42868, 39324, 42649, 46012, 38884, 45229, 39262, 45638, 39128, 39116, 39410, 39097, 39473, 45553, 39328, 39414, 39934, 38940, 39167, 39303, 39330, 39273, 39663, 39102, 39657, 39604, 45830, 39030, 39651, 45671, 39755, 39450, 39392, 39818, 39618, 39796, 46519, 39188, 39664, 39980, 46370, 39645, 39774, 39340, 39984, 39788, 39860, 39960, 40009, 40046]}