{"avg": [0.45999995, 0.4577777, 0.4577777, 0.45999995, 0.46444443, 0.45555547, 0.45777777, 0.45555547, 0.45555553, 0.45777777, 0.45555553, 0.46222225, 0.46444443, 0.46222225, 0.45999995, 0.45999995, 0.4555554, 0.45999995, 0.4622222, 0.45555547, 0.45111105, 0.45555547, 0.451111, 0.451111, 0.451111], "std": [0.22987936, 0.2294813, 0.2294813, 0.22987936, 0.2337985, 0.23544042, 0.23584874, 0.23544042, 0.23544034, 0.23584874, 0.23544034, 0.2397119, 0.24005145, 0.2366016, 0.2362361, 0.2362361, 0.23544033, 0.2362361, 0.23660159, 0.2354404, 0.23769481, 0.2354404, 0.23455776, 0.23769483, 0.23769483], "var": [0.99333334, 0.99333334, 0.9866667, 0.97333336, 0.97333336, 0.96666664, 0.96, 0.9533333, 0.94, 0.93333334, 0.9266667, 0.92, 0.92, 0.91333336, 0.91333336, 0.91333336, 0.91333336, 0.9066667, 0.9, 0.88666666, 0.88666666, 0.88666666, 0.87333333, 0.87333333, 0.88666666], "best": [1.0, 1.0, 1.0, 1.0, 1.0, 1.0, 1.0, 1.0, 1.0, 1.0, 1.0, 1.0, 1.0, 1.0, 1.0, 1.0, 1.0, 1.0, 1.0, 1.0, 1.0, 1.0, 1.0, 1.0, 1.0], "duration": [26379, 26210, 25983, 26123, 26116, 23079, 25932, 24304, 24443, 24459, 24459, 24507, 24441, 24354, 24444, 24325, 23208, 25827, 25979, 24198, 24217, 25812, 25783, 25976, 26065]}