{"avg": [0.34920633, 0.3967196, 0.39649737, 0.3865306, 0.4240747, 0.32308325, 0.5116703, 0.5060797, 0.36167654, 0.47385108, 0.47085425, 0.5021915, 0.46371254, 0.5131681, 0.4188351, 0.50879014, 0.545971, 0.5049909, 0.51714617, 0.54633284, 0.38191974, 0.5108701, 0.4904141, 0.33932588, 0.51836014, 0.51665545, 0.52112633, 0.4886683, 0.44323745, 0.5220142, 0.5167259, 0.48304355, 0.555758, 0.48889166, 0.48941275, 0.48458365, 0.5287022, 0.49503666, 0.48930883, 0.4981491, 0.4963925, 0.5252493, 0.5717879, 0.5357505, 0.53465146, 0.56641215, 0.56902695, 0.57146484, 0.5796959, 0.57900786], "std": [0.24692617, 0.23934524, 0.23914778, 0.24451473, 0.22149676, 0.26383033, 0.12414226, 0.13530926, 0.2557779, 0.1791823, 0.18473841, 0.13938424, 0.18936642, 0.12838697, 0.2294619, 0.13611789, 0.0050879517, 0.14590181, 0.12944469, 0.00669786, 0.25465125, 0.14186676, 0.17915672, 0.2683542, 0.13411112, 0.13385078, 0.13484131, 0.18486993, 0.22174114, 0.1351748, 0.13863233, 0.18974735, 0.010963978, 0.18510781, 0.18524471, 0.19041835, 0.13281465, 0.17545013, 0.1921996, 0.18243803, 0.18805748, 0.14648551, 0.013297909, 0.13890988, 0.1343023, 0.014923833, 0.015582131, 0.016143687, 0.013293817, 0.016021857], "var": [0.98, 0.98, 0.98, 0.94, 0.94, 0.92, 0.9, 0.88, 0.88, 0.88, 0.86, 0.86, 0.84, 0.84, 0.82, 0.82, 0.8, 0.8, 0.8, 0.78, 0.76, 0.74, 0.74, 0.7, 0.7, 0.7, 0.72, 0.7, 0.66, 0.68, 0.68, 0.66, 0.66, 0.64, 0.64, 0.66, 0.66, 0.62, 0.62, 0.62, 0.58, 0.54, 0.54, 0.52, 0.52, 0.48, 0.48, 0.48, 0.44, 0.42], "best": [0.5238095, 0.55714285, 0.54825395, 0.55269843, 0.54527843, 0.5480104, 0.54843074, 0.5483378, 0.55273515, 0.5537115, 0.5536341, 0.55315083, 0.5486714, 0.5528694, 0.5546271, 0.5555132, 0.5540873, 0.55597097, 0.5573907, 0.5577256, 0.5575903, 0.558429, 0.56257874, 0.56649953, 0.565218, 0.56666666, 0.5672204, 0.5688881, 0.5709853, 0.5707373, 0.57203174, 0.5729851, 0.5738095, 0.57458085, 0.5757913, 0.57648754, 0.57754725, 0.5796027, 0.5796529, 0.580768, 0.5826202, 0.5842561, 0.58574396, 0.5880409, 0.5893865, 0.59008974, 0.5905706, 0.5916288, 0.59255666, 0.5951181], "duration": [1120, 1063, 1084, 1073, 1070, 1083, 1248, 1137, 1304, 1115, 1055, 1045, 1079, 1067, 1073, 1064, 1264, 1113, 1052, 1059, 1049, 1062, 1283, 1095, 1106, 1051, 1085, 1218, 1108, 1008, 1022, 1013, 1109, 1068, 1069, 1079, 1089, 1258, 1253, 1105, 1088, 1063, 1089, 1082, 1089, 1109, 1106, 1093, 1080, 1086]}