{"avg": [0.06349207, 0.19695769, 0.06580688, 0.13223104, 0.13068783, 0.13068783, 0.07896826, 0.06525358, 0.09772036, 0.15695612, 0.06537699, 0.26122633, 0.13106911, 0.1964822, 0.13087302, 0.0, 0.06572636, 0.0, 0.1967262, 0.064805195, 0.065599345, 0.13030834, 0.07853423, 0.19594823, 0.130901, 0.13054736, 0.15732577, 0.13011804, 0.06530962, 0.06534392, 0.13062398, 0.1571217, 0.0, 0.0, 0.07833333, 0.06553739, 0.13127829, 0.31321263, 0.13121451, 0.26148313, 0.06556936, 0.13025625, 0.06537453, 0.06546339, 0.19572555, 0.15694506, 0.13151245, 0.1570058, 0.13050668, 0.098163635], "std": [0.14197257, 0.19701861, 0.14714865, 0.1870037, 0.1848205, 0.18482162, 0.15793651, 0.14591144, 0.16925663, 0.19223131, 0.1461874, 0.18471995, 0.18536057, 0.19648501, 0.18508303, 0.0, 0.14696862, 0.0, 0.19672889, 0.14490883, 0.1466846, 0.18428467, 0.15706846, 0.19594999, 0.18512715, 0.18462281, 0.19268575, 0.1840147, 0.14603676, 0.14611344, 0.18473023, 0.19243433, 0.0, 0.0, 0.15666667, 0.14654607, 0.18565701, 0.15660836, 0.1855667, 0.18489847, 0.14661755, 0.18421021, 0.1461819, 0.14638059, 0.19572638, 0.19221793, 0.1859867, 0.19229607, 0.1845671, 0.1700244], "var": [1.0, 1.0, 1.0, 1.0, 1.0, 1.0, 1.0, 1.0, 1.0, 1.0, 1.0, 1.0, 1.0, 1.0, 1.0, 1.0, 1.0, 1.0, 1.0, 1.0, 1.0, 1.0, 1.0, 1.0, 1.0, 1.0, 1.0, 1.0, 1.0, 1.0, 1.0, 1.0, 1.0, 1.0, 1.0, 1.0, 1.0, 1.0, 1.0, 1.0, 1.0, 1.0, 1.0, 1.0, 1.0, 1.0, 1.0, 1.0, 1.0, 1.0], "best": [0.3809524, 0.40317464, 0.39484128, 0.39761904, 0.3920635, 0.39317462, 0.39484128, 0.39152148, 0.39088145, 0.39271712, 0.39226195, 0.39331797, 0.3941877, 0.3949164, 0.3934524, 0.0, 0.3943582, 0.0, 0.3953755, 0.38883117, 0.39359608, 0.39188135, 0.39267114, 0.39273188, 0.39510107, 0.39267656, 0.39463893, 0.39035413, 0.39185774, 0.3920635, 0.3920635, 0.3933598, 0.0, 0.0, 0.39166668, 0.39322436, 0.3951231, 0.392846, 0.3948668, 0.39315477, 0.39341617, 0.39098063, 0.39224717, 0.39278033, 0.39236972, 0.39287546, 0.3946631, 0.39448252, 0.39327124, 0.39265454], "duration": [364, 344, 343, 340, 340, 328, 333, 354, 325, 334, 334, 336, 329, 327, 323, 340, 377, 345, 341, 360, 340, 382, 350, 376, 338, 343, 364, 352, 348, 342, 325, 333, 340, 350, 348, 356, 326, 340, 347, 339, 344, 347, 343, 352, 353, 341, 354, 349, 406, 381]}