{"avg": [0.25421247, 0.29413924, 0.3004329, 0.31185186, 0.31922802, 0.29725555, 0.289421, 0.29625973, 0.31043494, 0.2999911, 0.30738536, 0.30788395, 0.32558507, 0.3340499, 0.29888445, 0.2933962, 0.30096704, 0.3172994, 0.346702, 0.3148703, 0.3425883, 0.3274641, 0.3318184, 0.2679455, 0.30469254, 0.29598394, 0.29983336, 0.3240141, 0.29702008, 0.3401633, 0.3241954, 0.29201463, 0.31156155, 0.32920814, 0.32505146, 0.323426, 0.29359242, 0.3135338, 0.3161324, 0.31941587, 0.3239163, 0.31845132, 0.29170653, 0.3226713, 0.31278107, 0.34141788, 0.3252996, 0.3148001, 0.33789608, 0.33577627], "std": [0.088606834, 0.034050353, 0.08314884, 0.025997316, 0.074950464, 0.047809016, 0.06376758, 0.07138186, 0.050397754, 0.065751165, 0.058764104, 0.041777767, 0.06595184, 0.065997034, 0.046308126, 0.060655974, 0.07039773, 0.033120442, 0.053095095, 0.039590035, 0.05137695, 0.045431007, 0.067894384, 0.07159398, 0.053933926, 0.022733051, 0.06817206, 0.0646897, 0.029309325, 0.032320444, 0.057976995, 0.06635109, 0.037122317, 0.040705394, 0.056825127, 0.059795026, 0.04132963, 0.08965208, 0.07979746, 0.049057167, 0.053540695, 0.041394744, 0.07174607, 0.047270242, 0.042577215, 0.038833972, 0.047688745, 0.043491796, 0.04482726, 0.05626324], "var": [1.0, 0.98, 0.98, 0.96, 0.96, 0.94, 0.92, 0.92, 0.92, 0.92, 0.9, 0.88, 0.88, 0.88, 0.88, 0.88, 0.88, 0.88, 0.86, 0.86, 0.86, 0.86, 0.86, 0.86, 0.84, 0.84, 0.84, 0.84, 0.84, 0.84, 0.84, 0.82, 0.82, 0.82, 0.82, 0.8, 0.8, 0.8, 0.8, 0.8, 0.8, 0.8, 0.8, 0.8, 0.8, 0.8, 0.82, 0.82, 0.82, 0.82], "best": [0.4333333, 0.33882785, 0.4611111, 0.3466667, 0.4598485, 0.3564241, 0.34888396, 0.4564444, 0.38693246, 0.45532644, 0.39118168, 0.3612187, 0.45374677, 0.45539567, 0.39239988, 0.39386043, 0.4561403, 0.36373624, 0.45578584, 0.3711963, 0.4565284, 0.3973383, 0.4566807, 0.34871796, 0.37566963, 0.3237382, 0.36296678, 0.45478663, 0.35370982, 0.39824483, 0.45414078, 0.35496923, 0.37071085, 0.37525412, 0.45446265, 0.45499554, 0.37704957, 0.45505428, 0.41184673, 0.42287073, 0.42330012, 0.3794187, 0.3599224, 0.3961412, 0.35766414, 0.39639428, 0.39742184, 0.39781746, 0.42415297, 0.453944], "duration": [36563, 25807, 26636, 26437, 26726, 26217, 26466, 30943, 30765, 26343, 26170, 26036, 26446, 26718, 24834, 25548, 26859, 26232, 26647, 26036, 26598, 26221, 26605, 25342, 26186, 26303, 25542, 26701, 25745, 26384, 25589, 25987, 25121, 26684, 26587, 26146, 31837, 26266, 26017, 25689, 32772, 25962, 25874, 25890, 25651, 26544, 26357, 26146, 26004, 26496]}