{"avg": [0.31238094, 0.3353397, 0.3472732, 0.33927116, 0.3373768, 0.3367514, 0.35876083, 0.36392385, 0.3629808, 0.35246053, 0.35620707, 0.3544668, 0.34269178, 0.36694336, 0.35747898, 0.32974863, 0.34006214, 0.37693146, 0.38935634, 0.3998034, 0.34903103, 0.3776643, 0.40215874, 0.3626938, 0.3799424, 0.3699805, 0.36239, 0.3731699, 0.38954175, 0.39175943, 0.41486785, 0.3876418, 0.41203508, 0.37696284, 0.40833896, 0.3907177, 0.37276372, 0.40999436, 0.4217335, 0.4149906, 0.4135621, 0.4331599, 0.41970617, 0.42313057, 0.42649686, 0.39778036, 0.41976154, 0.4284057, 0.42543963, 0.43557006], "std": [0.1024684, 0.0884283, 0.059272986, 0.051696315, 0.08527427, 0.09474766, 0.06228098, 0.07851855, 0.061200727, 0.061615665, 0.05019878, 0.06794678, 0.0848332, 0.08285264, 0.0706224, 0.083083354, 0.088471435, 0.08902599, 0.067986734, 0.040189274, 0.082872875, 0.09478916, 0.052688997, 0.093299076, 0.059154846, 0.06874956, 0.0826689, 0.073304616, 0.07431991, 0.039961483, 0.049424928, 0.071721405, 0.059108518, 0.077829525, 0.051640145, 0.07322657, 0.07946611, 0.043785803, 0.05447558, 0.06352113, 0.06556219, 0.04938159, 0.06366784, 0.064401545, 0.065015905, 0.074132234, 0.059462834, 0.06365427, 0.061046775, 0.085804366], "var": [0.98, 0.98, 0.98, 0.96, 0.94, 0.94, 0.92, 0.92, 0.9, 0.9, 0.86, 0.84, 0.84, 0.84, 0.82, 0.8, 0.8, 0.78, 0.78, 0.78, 0.78, 0.8, 0.8, 0.76, 0.78, 0.76, 0.74, 0.72, 0.74, 0.74, 0.72, 0.74, 0.76, 0.74, 0.7, 0.7, 0.68, 0.68, 0.68, 0.66, 0.66, 0.66, 0.64, 0.6, 0.64, 0.64, 0.62, 0.62, 0.62, 0.62], "best": [0.52, 0.5373333, 0.4240952, 0.42040816, 0.53301585, 0.5336585, 0.4690621, 0.533913, 0.4719121, 0.47138944, 0.45763975, 0.47168833, 0.42433858, 0.5342439, 0.472075, 0.47158733, 0.47164488, 0.47199136, 0.47348696, 0.47349423, 0.42559522, 0.5358536, 0.53596485, 0.4267787, 0.47361985, 0.45854545, 0.47230497, 0.4738335, 0.47431225, 0.47289234, 0.47412562, 0.47416592, 0.53637826, 0.47514677, 0.5373764, 0.4760708, 0.47606373, 0.4755722, 0.5383701, 0.53894734, 0.47695208, 0.47708088, 0.48075992, 0.5387815, 0.53947675, 0.5418466, 0.54189414, 0.5424897, 0.49771732, 0.5444037], "duration": [43401, 40418, 53285, 43109, 50053, 43549, 39369, 38833, 45181, 39447, 39173, 38530, 38483, 39193, 39766, 38821, 39362, 46876, 39749, 46591, 39293, 46116, 39627, 39665, 38592, 45729, 45419, 39796, 39425, 39084, 39126, 46167, 40160, 39599, 39629, 40045, 39485, 40042, 53405, 52779, 39843, 40131, 40095, 40144, 40385, 38747, 39986, 40383, 39776, 47090]}