{"avg": [0.25496298, 0.2865185, 0.29116955, 0.28431812, 0.28999725, 0.28821775, 0.30273968, 0.31627893, 0.30881628, 0.32375628, 0.30428478, 0.28877315, 0.3159283, 0.32990238, 0.29635236, 0.29361507, 0.2998832, 0.3124196, 0.30131534, 0.29104736, 0.33060923, 0.29442605, 0.33633086, 0.34485543, 0.32605428, 0.33237648, 0.32271665, 0.33984497, 0.35840878, 0.33749655, 0.32287392, 0.3238476, 0.32483515, 0.31806895, 0.32890302, 0.32171193, 0.32332224, 0.34014842, 0.33815128, 0.33007753, 0.31217328, 0.33567882, 0.3277331, 0.34492466, 0.33896536, 0.37170002, 0.3670817, 0.3556205, 0.36724824, 0.36929494], "std": [0.08520309, 0.07241157, 0.049988262, 0.040098764, 0.06927807, 0.07399775, 0.055700265, 0.04871746, 0.07567559, 0.063719, 0.061330374, 0.04585961, 0.06453891, 0.053849038, 0.06760099, 0.067025, 0.06972367, 0.054660987, 0.057244096, 0.08977847, 0.05345889, 0.07418739, 0.06128256, 0.04551697, 0.076106854, 0.054108974, 0.06260058, 0.065945, 0.059063494, 0.055611145, 0.06967251, 0.07900359, 0.066682555, 0.06273528, 0.07424614, 0.05040868, 0.07460621, 0.05296791, 0.07348707, 0.074166, 0.07615534, 0.051255792, 0.094332874, 0.07666006, 0.06285652, 0.05340426, 0.057681497, 0.08779828, 0.086982094, 0.07153299], "var": [0.98, 0.98, 0.98, 0.96, 0.94, 0.94, 0.92, 0.92, 0.88, 0.88, 0.88, 0.86, 0.84, 0.82, 0.82, 0.8, 0.8, 0.82, 0.82, 0.8, 0.8, 0.78, 0.76, 0.76, 0.74, 0.76, 0.74, 0.7, 0.7, 0.7, 0.66, 0.62, 0.66, 0.66, 0.64, 0.6, 0.6, 0.6, 0.58, 0.58, 0.54, 0.56, 0.56, 0.56, 0.56, 0.58, 0.54, 0.54, 0.54, 0.5], "best": [0.42666665, 0.45555556, 0.35888886, 0.35274374, 0.44835976, 0.4494309, 0.3954209, 0.39815447, 0.44790122, 0.44947365, 0.35846052, 0.35351852, 0.44843534, 0.44915092, 0.38552633, 0.40069222, 0.44833335, 0.449697, 0.35872686, 0.4003643, 0.44980022, 0.40336683, 0.45013407, 0.45086756, 0.45151356, 0.4520235, 0.41210178, 0.45263565, 0.4539462, 0.4544203, 0.41641355, 0.4548875, 0.41914535, 0.42066118, 0.42145112, 0.42250052, 0.42255208, 0.45445395, 0.45476905, 0.4550054, 0.42819163, 0.42486224, 0.4547948, 0.42941752, 0.42790937, 0.43104577, 0.45451304, 0.45478883, 0.45573437, 0.4571576], "duration": [43154, 40076, 52961, 43022, 50078, 47889, 46010, 38890, 45292, 40146, 37377, 38548, 46055, 39857, 45082, 38997, 38862, 40052, 39530, 38402, 46214, 39672, 38852, 39819, 39180, 45776, 45772, 46679, 39748, 39428, 38848, 38979, 39192, 39349, 39611, 39354, 39650, 40016, 39518, 39291, 46278, 52957, 39526, 53104, 40153, 40229, 40265, 39872, 40126, 39844]}