{"avg": [0.26866665, 0.28904763, 0.2900181, 0.2903911, 0.29701567, 0.29631886, 0.29354638, 0.29306674, 0.2915636, 0.29996487, 0.3036061, 0.3042549, 0.3040551, 0.30440122, 0.30301714, 0.30220443, 0.3051194, 0.31077695, 0.31633216, 0.31695056, 0.32077467, 0.32715556, 0.32225382, 0.32997692, 0.33004287, 0.33117366, 0.3386463, 0.34083977, 0.3444433, 0.3444779, 0.34992248, 0.34825706, 0.34714657, 0.35551494, 0.36027607, 0.3663776, 0.36740014, 0.37102014, 0.37576216, 0.38008475, 0.38084796, 0.38874167, 0.38738158, 0.39285508, 0.39394456, 0.39601377, 0.39612156, 0.39737603, 0.4018399, 0.40288952], "std": [0.063866995, 0.067115456, 0.0672521, 0.06687021, 0.063952126, 0.06665938, 0.067194186, 0.0729924, 0.07744176, 0.07435228, 0.07325728, 0.07719126, 0.07465491, 0.07823635, 0.07928406, 0.07696254, 0.07868229, 0.07869731, 0.08119581, 0.07996702, 0.082141034, 0.079303674, 0.080174625, 0.07959103, 0.08384749, 0.086065605, 0.079840295, 0.08157048, 0.081388615, 0.0826829, 0.06715941, 0.07280774, 0.076055415, 0.07790406, 0.071066074, 0.06785362, 0.059950117, 0.062151857, 0.062037427, 0.048844993, 0.04601927, 0.041113693, 0.042028606, 0.04297333, 0.036347736, 0.033017043, 0.03696066, 0.04156321, 0.029990027, 0.03273662], "var": [1.0, 0.98, 0.96, 0.96, 0.96, 0.96, 0.96, 0.94, 0.92, 0.92, 0.92, 0.92, 0.92, 0.92, 0.9, 0.88, 0.88, 0.88, 0.9, 0.9, 0.88, 0.86, 0.84, 0.82, 0.82, 0.8, 0.78, 0.76, 0.78, 0.76, 0.78, 0.76, 0.76, 0.76, 0.74, 0.72, 0.7, 0.66, 0.66, 0.64, 0.64, 0.62, 0.62, 0.6, 0.58, 0.58, 0.58, 0.58, 0.58, 0.58], "best": [0.4333333, 0.44999996, 0.45066667, 0.45088887, 0.45099998, 0.45119998, 0.45155552, 0.45180953, 0.45216665, 0.45244443, 0.45266664, 0.45290908, 0.45311108, 0.45317948, 0.4532857, 0.4533333, 0.4533333, 0.4533725, 0.45344445, 0.45382455, 0.45416665, 0.45473015, 0.4552424, 0.45568117, 0.4563333, 0.45698667, 0.4575641, 0.45814812, 0.4587381, 0.45926437, 0.45975554, 0.46021506, 0.46066666, 0.4611515, 0.46162745, 0.46203807, 0.46244442, 0.4628288, 0.4632105, 0.46358976, 0.46395, 0.46429268, 0.46466663, 0.46500775, 0.46534848, 0.46568885, 0.46601447, 0.46631205, 0.4665972, 0.46695235], "duration": [100021, 98196, 102284, 102518, 104175, 103067, 100379, 99798, 101947, 99217, 103167, 103495, 105151, 103203, 103230, 103094, 104302, 103766, 102994, 103152, 103667, 104613, 104928, 103970, 104913, 105393, 106406, 104333, 107609, 107446, 107104, 104449, 104254, 103464, 103418, 105806, 109669, 110185, 109921, 110415, 110988, 111519, 110840, 111020, 110994, 111081, 110974, 111379, 111101, 111353]}