{"avg": [0.25777778, 0.2896931, 0.29507932, 0.2902818, 0.2893623, 0.29402545, 0.30983946, 0.31013665, 0.3039645, 0.30233988, 0.30253163, 0.29316387, 0.30313215, 0.30239, 0.2826234, 0.2977229, 0.30723146, 0.309947, 0.30043387, 0.31459564, 0.32959956, 0.30836433, 0.33905336, 0.3294176, 0.33117098, 0.31340662, 0.32098764, 0.33407936, 0.3207371, 0.35329834, 0.32745454, 0.3424691, 0.3544641, 0.3313595, 0.362825, 0.38145897, 0.3760119, 0.37619823, 0.34116042, 0.35817757, 0.37175617, 0.39097533, 0.37160003, 0.37307063, 0.3786511, 0.38516033, 0.3564941, 0.37859094, 0.4120949, 0.4056806, 0.41631088, 0.37980166, 0.39751565, 0.41357893, 0.4101787, 0.37139937, 0.4002328, 0.425672, 0.42323706, 0.40404567, 0.444624, 0.4358787, 0.4239016, 0.40147462, 0.4194147, 0.41119868, 0.4351998, 0.42242247, 0.4188323, 0.45777285, 0.43379414, 0.44090858, 0.45842654, 0.4298533, 0.4032691], "std": [0.08726752, 0.07409099, 0.048330657, 0.044402268, 0.07199143, 0.073552005, 0.05360611, 0.06795762, 0.043062363, 0.06447731, 0.04292091, 0.04527896, 0.07102036, 0.072191685, 0.08686702, 0.06321422, 0.043448307, 0.074626446, 0.06327079, 0.086482294, 0.05307009, 0.051865496, 0.051931906, 0.051559437, 0.03481861, 0.08462406, 0.06739555, 0.049642924, 0.071172155, 0.04650948, 0.08078344, 0.07132047, 0.051990855, 0.07369514, 0.05206821, 0.05242251, 0.058806732, 0.06755398, 0.06946133, 0.072588675, 0.063938476, 0.05845905, 0.07525735, 0.04955937, 0.05388582, 0.07233173, 0.08021654, 0.068945356, 0.05609994, 0.057140257, 0.06915937, 0.08250101, 0.074010134, 0.07049273, 0.0673591, 0.08396927, 0.06867897, 0.08171082, 0.07561667, 0.07596975, 0.07801534, 0.08558683, 0.09112742, 0.09131923, 0.09888657, 0.11068707, 0.089556836, 0.09750922, 0.10145, 0.07487636, 0.09158017, 0.09857517, 0.09111434, 0.11081235, 0.12611829], "var": [0.98, 0.98, 0.98, 0.96, 0.94, 0.94, 0.94, 0.94, 0.92, 0.9, 0.9, 0.9, 0.88, 0.86, 0.84, 0.84, 0.84, 0.82, 0.8, 0.8, 0.82, 0.8, 0.78, 0.74, 0.74, 0.74, 0.72, 0.72, 0.72, 0.74, 0.7, 0.68, 0.7, 0.68, 0.66, 0.64, 0.62, 0.64, 0.62, 0.62, 0.62, 0.6, 0.6, 0.6, 0.6, 0.56, 0.54, 0.5, 0.5, 0.54, 0.56, 0.54, 0.54, 0.56, 0.6, 0.58, 0.56, 0.54, 0.5, 0.48, 0.48, 0.5, 0.46, 0.48, 0.48, 0.46, 0.46, 0.44, 0.46, 0.46, 0.46, 0.48, 0.44, 0.44, 0.4], "best": [0.4333333, 0.46222222, 0.36396822, 0.3578231, 0.45502642, 0.45609757, 0.40081772, 0.45652172, 0.38783884, 0.45687643, 0.39168176, 0.36289564, 0.401095, 0.4548922, 0.4015946, 0.45474136, 0.35886404, 0.40292212, 0.39960465, 0.45544216, 0.45587918, 0.40086985, 0.45696077, 0.40438843, 0.39573598, 0.456898, 0.40161085, 0.40728495, 0.40797317, 0.41929153, 0.4116334, 0.42148808, 0.41913366, 0.4018973, 0.45786163, 0.45640755, 0.45815477, 0.45893684, 0.42755792, 0.46503758, 0.46588954, 0.47994363, 0.46892837, 0.46975413, 0.4841155, 0.47256014, 0.4741553, 0.48730588, 0.47574958, 0.48321617, 0.49122557, 0.48168683, 0.4947051, 0.48357, 0.4969372, 0.48661816, 0.4991244, 0.5002976, 0.49007416, 0.4901522, 0.5038045, 0.49402526, 0.5047962, 0.49677885, 0.4978799, 0.49930838, 0.5114673, 0.5129362, 0.50289387, 0.51512057, 0.5145425, 0.5180171, 0.51944166, 0.5212824, 0.52246666], "duration": [43045, 39842, 52729, 43024, 50015, 47880, 39432, 38604, 37876, 38848, 38543, 38957, 38826, 38824, 45114, 45314, 38433, 39691, 38414, 39556, 39140, 51063, 45972, 45701, 39441, 38916, 39853, 39712, 39294, 39086, 40219, 39436, 40097, 53096, 39623, 39640, 40097, 40292, 38814, 39772, 39750, 53594, 39963, 46595, 39884, 46795, 59796, 40206, 40267, 46390, 40477, 39730, 40299, 46957, 40296, 40161, 40628, 40367, 40349, 39616, 47114, 40293, 39985, 46111, 39935, 40010, 46970, 39604, 40279, 40543, 40362, 39893, 40413, 40426, 40150]}