{"avg": [0.50000006, 0.49733344, 0.5013334, 0.49333337, 0.49666676, 0.4913335, 0.49133345, 0.49666676, 0.49333343, 0.48933354, 0.49066687, 0.4893335, 0.4853335, 0.4860002, 0.48666677, 0.48600015, 0.48800018, 0.48666683, 0.48400024, 0.48333344, 0.4853335, 0.4840001, 0.4853335, 0.48666683, 0.47800007], "std": [0.1321615, 0.13263823, 0.13465343, 0.13498972, 0.13387395, 0.1331348, 0.1326331, 0.13486624, 0.13597386, 0.13122328, 0.13132484, 0.13423692, 0.12878227, 0.13712762, 0.13548267, 0.13368116, 0.13755971, 0.13984118, 0.13469961, 0.13337493, 0.13681448, 0.13469961, 0.13485128, 0.1349897, 0.13704984], "var": [1.0, 0.9866667, 0.9866667, 0.98, 0.97333336, 0.96666664, 0.9533333, 0.9533333, 0.94666666, 0.93333334, 0.9266667, 0.92, 0.92, 0.91333336, 0.9, 0.8933333, 0.88666666, 0.88, 0.88, 0.87333333, 0.8666667, 0.86, 0.86, 0.86, 0.85333335], "best": [0.9, 0.9, 0.9, 0.9, 0.9, 0.9, 0.8, 0.9, 0.9, 0.9, 0.9, 0.9, 0.8, 0.9, 0.9, 0.9, 0.9, 0.9, 0.9, 0.9, 0.9, 0.9, 0.9, 0.9, 0.9], "duration": [280799, 281124, 281987, 278902, 280724, 281004, 280684, 283166, 283509, 278319, 281489, 283160, 281469, 279011, 283152, 280836, 280943, 283659, 281761, 283237, 282373, 282406, 281089, 286226, 284978]}