{"avg": [0.16666667, 0.1548535, 0.124722905, 0.1595291, 0.20012364, 0.17818278, 0.14031634, 0.16436781, 0.23418842, 0.28591838, 0.20072773, 0.19983834, 0.1661937, 0.24639806, 0.18891738, 0.21217525, 0.22606984, 0.2599175, 0.25175107, 0.28411, 0.2468726, 0.3286565, 0.31766436, 0.2136294, 0.24926458, 0.26378563, 0.27723894, 0.29781613, 0.1782122, 0.33111957, 0.2999961, 0.31691802, 0.24100755, 0.3554614, 0.30032095, 0.3158125, 0.2822914, 0.35459206, 0.21724558, 0.20494175, 0.35143706, 0.2327655, 0.36305538, 0.2982365, 0.3256772, 0.33190238, 0.31814653, 0.33480102, 0.3128944, 0.31924844], "std": [0.18898223, 0.19596383, 0.18503922, 0.19541101, 0.20017093, 0.19927496, 0.19000302, 0.19646887, 0.19595961, 0.18084702, 0.20074965, 0.19986536, 0.19666012, 0.19481161, 0.20038584, 0.20129527, 0.19940056, 0.19198576, 0.19501737, 0.18345337, 0.1969665, 0.15791199, 0.16594146, 0.2014426, 0.19710109, 0.1948368, 0.1883992, 0.17965527, 0.20209982, 0.15910165, 0.18094921, 0.16943544, 0.20167035, 0.13945986, 0.1811854, 0.17519866, 0.19037631, 0.13925043, 0.20484851, 0.20496732, 0.1435919, 0.2052891, 0.13723628, 0.18503179, 0.1701473, 0.16600472, 0.17651218, 0.16102971, 0.18076576, 0.17716509], "var": [1.0, 0.98, 0.98, 0.96, 0.92, 0.92, 0.92, 0.92, 0.96, 0.96, 0.92, 0.9, 0.88, 0.86, 0.86, 0.86, 0.86, 0.86, 0.86, 0.82, 0.8, 0.8, 0.78, 0.74, 0.72, 0.72, 0.72, 0.72, 0.72, 0.74, 0.74, 0.72, 0.68, 0.68, 0.66, 0.66, 0.66, 0.64, 0.64, 0.64, 0.64, 0.64, 0.64, 0.64, 0.64, 0.64, 0.64, 0.62, 0.58, 0.56], "best": [0.3809524, 0.4122024, 0.41198686, 0.40465608, 0.40967035, 0.4118166, 0.40216455, 0.40250412, 0.40275693, 0.40561906, 0.40635893, 0.4061376, 0.40452144, 0.40523812, 0.4054666, 0.4056746, 0.4079794, 0.4079827, 0.40892044, 0.4090909, 0.41110623, 0.41088438, 0.4105717, 0.4105324, 0.41061053, 0.41105995, 0.41246033, 0.41231155, 0.4128907, 0.4129382, 0.41332552, 0.41335428, 0.41428575, 0.41515636, 0.41579816, 0.41617027, 0.41794494, 0.4184037, 0.41466573, 0.41513094, 0.41798374, 0.4160957, 0.41732943, 0.41874614, 0.4191011, 0.4199712, 0.4200809, 0.421049, 0.4213395, 0.42225036], "duration": [1254, 1028, 1027, 1339, 1015, 1184, 1043, 1015, 1054, 1015, 993, 1014, 993, 1048, 1224, 1214, 1083, 997, 1018, 1021, 1404, 1080, 1116, 1030, 1035, 1017, 1353, 1001, 1014, 1189, 1019, 1177, 1179, 1059, 1039, 1017, 993, 1046, 1023, 1189, 1067, 1179, 1001, 1013, 1017, 1016, 1169, 1011, 1041, 1015]}