{"avg": [0.2188889, 0.2546667, 0.2548148, 0.25605822, 0.2747646, 0.23544833, 0.26476267, 0.28128764, 0.26848117, 0.26026338, 0.2737778, 0.29514432, 0.28222153, 0.2979705, 0.2617299, 0.2866852, 0.28397363, 0.30593765, 0.28319824, 0.30657122, 0.28436458, 0.32150143, 0.32453364, 0.30666667, 0.3198459, 0.33203882, 0.32155016, 0.32491004, 0.3136135, 0.33430973, 0.32651556, 0.3339273, 0.32940128, 0.3307537, 0.34671217, 0.33269632, 0.33468497, 0.36001688, 0.3465399, 0.345163, 0.33711314, 0.350573, 0.36162698, 0.3535877, 0.358788, 0.34169343, 0.3423448, 0.34493566, 0.3413342, 0.35045183], "std": [0.07205965, 0.06573823, 0.05266037, 0.062802576, 0.051786862, 0.07156311, 0.056526814, 0.044579063, 0.041263588, 0.05953516, 0.04616713, 0.05820817, 0.055872403, 0.05108418, 0.08301914, 0.052228227, 0.059220694, 0.04672086, 0.05873923, 0.05937849, 0.056772046, 0.04059165, 0.030092128, 0.044255078, 0.039331306, 0.0371599, 0.050496776, 0.058749482, 0.047832847, 0.03805782, 0.042499643, 0.036783237, 0.048313834, 0.0536819, 0.043845303, 0.050650235, 0.045018893, 0.03762431, 0.04517486, 0.04299043, 0.040109936, 0.046448532, 0.0388928, 0.048059292, 0.045087628, 0.050029114, 0.050167795, 0.04679021, 0.048560377, 0.049239915], "var": [0.98, 0.98, 0.98, 0.94, 0.94, 0.94, 0.94, 0.94, 0.92, 0.9, 0.9, 0.86, 0.88, 0.84, 0.84, 0.82, 0.8, 0.8, 0.78, 0.78, 0.76, 0.78, 0.76, 0.74, 0.74, 0.74, 0.74, 0.72, 0.7, 0.7, 0.7, 0.7, 0.66, 0.64, 0.64, 0.62, 0.66, 0.64, 0.64, 0.64, 0.62, 0.62, 0.62, 0.62, 0.6, 0.62, 0.62, 0.64, 0.64, 0.64], "best": [0.33888888, 0.3677778, 0.30222222, 0.31407407, 0.3603578, 0.3612573, 0.3656288, 0.36163032, 0.3629326, 0.364321, 0.33733335, 0.36858585, 0.3671943, 0.37052155, 0.3731701, 0.37385187, 0.37346706, 0.37479624, 0.37622222, 0.37657502, 0.36045754, 0.3975078, 0.37863246, 0.3772128, 0.37068653, 0.37937126, 0.40055004, 0.38119045, 0.37283525, 0.37340477, 0.3747258, 0.38404796, 0.3847139, 0.37622738, 0.4011927, 0.38684747, 0.3883874, 0.3894061, 0.40307093, 0.39198336, 0.38579854, 0.39246953, 0.40451494, 0.3948219, 0.41571936, 0.39135018, 0.39750957, 0.39814815, 0.40554082, 0.39944372], "duration": [43084, 39938, 38452, 37745, 50897, 39933, 39181, 38364, 38821, 42847, 43525, 40121, 45378, 43258, 39717, 39676, 45882, 55145, 38648, 39639, 50623, 39961, 39929, 44089, 44719, 39719, 46217, 39364, 46140, 44207, 46477, 37227, 44116, 40245, 39660, 46636, 39354, 40342, 46778, 47119, 40191, 44371, 40076, 44384, 53629, 39778, 39366, 39439, 40051, 39897]}