{"avg": [0.25777778, 0.30812696, 0.2928345, 0.2901515, 0.3086915, 0.2758053, 0.28935117, 0.314141, 0.32184258, 0.31910795, 0.28843343, 0.30378786, 0.30021057, 0.31725606, 0.301019, 0.32522935, 0.31600145, 0.30217725, 0.30947474, 0.3194243, 0.33603284, 0.310812, 0.32084545, 0.3315883, 0.3507165, 0.2951165, 0.33976215, 0.33491024, 0.32955185, 0.33788761, 0.32230592, 0.35319728, 0.3427381, 0.34351346, 0.33476537, 0.3401316, 0.36076075, 0.34257016, 0.3522333, 0.36276904, 0.3360509, 0.34974647, 0.3644968, 0.35642046, 0.36711168, 0.35611928, 0.34855857, 0.36205414, 0.35657784, 0.36709687], "std": [0.08726752, 0.05777426, 0.04251061, 0.0607121, 0.043251716, 0.052936327, 0.06433345, 0.052997097, 0.051740758, 0.05288312, 0.050435048, 0.048407283, 0.049754374, 0.049924314, 0.03841572, 0.0499916, 0.040654533, 0.03362856, 0.05389091, 0.044089213, 0.049950887, 0.036974344, 0.05012063, 0.03960283, 0.036781233, 0.07331367, 0.042343676, 0.032897502, 0.037292, 0.04696086, 0.037657246, 0.032798927, 0.040026788, 0.04833724, 0.05372733, 0.039415345, 0.030970376, 0.046042755, 0.043580193, 0.024774114, 0.058019906, 0.035247736, 0.028901767, 0.055453327, 0.047416136, 0.053294588, 0.050306827, 0.04310009, 0.05184283, 0.05687255], "var": [0.98, 0.98, 0.98, 0.96, 0.94, 0.9, 0.88, 0.86, 0.86, 0.88, 0.88, 0.86, 0.86, 0.84, 0.8, 0.78, 0.78, 0.8, 0.78, 0.76, 0.74, 0.72, 0.7, 0.7, 0.7, 0.66, 0.66, 0.64, 0.64, 0.64, 0.62, 0.62, 0.64, 0.64, 0.64, 0.6, 0.58, 0.56, 0.56, 0.52, 0.54, 0.54, 0.52, 0.54, 0.54, 0.56, 0.52, 0.54, 0.54, 0.52], "best": [0.4333333, 0.46222222, 0.34857145, 0.3587662, 0.35811135, 0.3624127, 0.364709, 0.44923544, 0.45146665, 0.45324072, 0.36542442, 0.36747834, 0.38596758, 0.45163396, 0.36816016, 0.451216, 0.36748573, 0.36909285, 0.3825909, 0.36974978, 0.45037273, 0.37497464, 0.4509232, 0.39701888, 0.39761904, 0.37974373, 0.4515004, 0.38438717, 0.38011202, 0.45175436, 0.37311992, 0.39863947, 0.39927253, 0.45285806, 0.40097728, 0.38385954, 0.38786134, 0.38725826, 0.3885382, 0.38855603, 0.39010987, 0.39076102, 0.40272418, 0.42892703, 0.4538314, 0.40430903, 0.4048922, 0.45496216, 0.39611182, 0.4641694], "duration": [43131, 40068, 39299, 47865, 39273, 45530, 52621, 38871, 59173, 38724, 38224, 39034, 38272, 39366, 39903, 39496, 38576, 46008, 39017, 38062, 39210, 39541, 38512, 39709, 38968, 39361, 38805, 39543, 38795, 39383, 39261, 39978, 40063, 39719, 39358, 45161, 39244, 39034, 46068, 38946, 39323, 39397, 39635, 39135, 52501, 39431, 38964, 39355, 39479, 39568]}