{"avg": [0.2442577, 0.2908088, 0.2880311, 0.2887146, 0.27319866, 0.2682409, 0.2946021, 0.2928751, 0.295552, 0.2717297, 0.27316195, 0.30853704, 0.2746251, 0.29654735, 0.266529, 0.29272965, 0.2974221, 0.29692176, 0.30363816, 0.29619333, 0.30952635, 0.28137806, 0.30176848, 0.32281053, 0.28381133, 0.30104157, 0.2720832, 0.31072763, 0.30909133, 0.30442452, 0.3254169, 0.31127954, 0.31791323, 0.28492677, 0.3059357, 0.30126548, 0.30198205, 0.29977807, 0.30824703, 0.34711328, 0.30790457, 0.3198592, 0.30936933, 0.31623456, 0.32568884, 0.3276224, 0.3273748, 0.34817433, 0.3312612, 0.34154], "std": [0.06483611, 0.062391713, 0.0728322, 0.042947523, 0.05084315, 0.04211318, 0.05195513, 0.046582423, 0.04415693, 0.060425177, 0.041391835, 0.044152636, 0.051607817, 0.049715344, 0.046110045, 0.059395663, 0.039861877, 0.027852178, 0.043498535, 0.062240403, 0.037032526, 0.04812563, 0.07073141, 0.06070903, 0.056673516, 0.04593041, 0.084172055, 0.059283752, 0.050327573, 0.0856499, 0.046810307, 0.044186834, 0.040857118, 0.079061106, 0.05519407, 0.052235793, 0.045006532, 0.031152667, 0.05657507, 0.038156945, 0.071763135, 0.062013596, 0.06653104, 0.07123901, 0.051059015, 0.07147946, 0.049090933, 0.05488859, 0.05230773, 0.03880457], "var": [1.0, 1.0, 0.99, 0.99, 0.98, 0.97, 0.96, 0.95, 0.95, 0.95, 0.95, 0.95, 0.95, 0.94, 0.94, 0.93, 0.92, 0.91, 0.9, 0.89, 0.88, 0.88, 0.86, 0.86, 0.85, 0.83, 0.83, 0.82, 0.8, 0.8, 0.79, 0.79, 0.79, 0.79, 0.79, 0.79, 0.79, 0.8, 0.8, 0.8, 0.79, 0.8, 0.8, 0.8, 0.82, 0.82, 0.81, 0.81, 0.8, 0.79], "best": [0.34761906, 0.37927172, 0.39163056, 0.38496733, 0.35800862, 0.3653145, 0.3879269, 0.38603988, 0.36282873, 0.3883772, 0.34366944, 0.38841355, 0.3665025, 0.362429, 0.36294258, 0.41316637, 0.36231187, 0.35700917, 0.3866446, 0.38780233, 0.36451378, 0.35986975, 0.36619952, 0.4439236, 0.3865198, 0.37567905, 0.36908033, 0.38775814, 0.37123644, 0.44437626, 0.4170431, 0.37247965, 0.3888069, 0.41771868, 0.41869274, 0.39075634, 0.38482726, 0.37523353, 0.3773496, 0.44412506, 0.41938624, 0.4447495, 0.44518098, 0.44542527, 0.39150944, 0.44578946, 0.3935914, 0.44997892, 0.4467409, 0.39412716], "duration": [38408, 43954, 39717, 43202, 53867, 42765, 43602, 39595, 52293, 37822, 38200, 38945, 38625, 43976, 37487, 44422, 38389, 42850, 38957, 42538, 43823, 47404, 43949, 43602, 37632, 38814, 43847, 55459, 43186, 39150, 38744, 55765, 39826, 38044, 43427, 38656, 38285, 45468, 38843, 48182, 38253, 44510, 43289, 49463, 44195, 43612, 38945, 40806, 43692, 55421]}