{"avg": [0.26031747, 0.28715342, 0.29708436, 0.29300287, 0.2928711, 0.29626632, 0.31064278, 0.320574, 0.30834097, 0.32232428, 0.31316, 0.29685232, 0.32743004, 0.32884076, 0.31754497, 0.31288517, 0.32456946, 0.30060187, 0.32132432, 0.3166773, 0.3544082, 0.34287998, 0.3244664, 0.3200358, 0.32056636, 0.37020558, 0.38195843, 0.3855658, 0.34811735, 0.36484984, 0.34213632, 0.32658634, 0.3444793, 0.34228167, 0.34127825, 0.35267392, 0.361166, 0.3816321, 0.36016616, 0.36277494, 0.35256675, 0.36282536, 0.3637631, 0.35791278, 0.3775763, 0.36186302, 0.36538464, 0.42396864, 0.3950159, 0.39549494, 0.39403468, 0.41054904, 0.3810454, 0.43401417, 0.433447, 0.44036803, 0.40415585, 0.39053172, 0.41901755, 0.42188936, 0.40801772, 0.4396194, 0.4174142, 0.4259501, 0.45380813, 0.43416846, 0.44623226, 0.45998308, 0.45952517, 0.43883967, 0.43717024, 0.42945677, 0.45694965, 0.46168655, 0.47649324, 0.45542085, 0.4709581, 0.46716496, 0.47133097, 0.47453815, 0.47643718, 0.48036864, 0.47092178, 0.45366922, 0.46413228, 0.45694232, 0.5018875, 0.4815169, 0.4833561, 0.5062772, 0.50223166, 0.4792146, 0.43665823, 0.4762399, 0.48817468, 0.5140126, 0.46877217, 0.4570798, 0.48675153, 0.4731944, 0.49341995, 0.5255299, 0.4600369, 0.4710966, 0.50251704, 0.4911884, 0.4701506, 0.48972443, 0.43928927, 0.49394426, 0.50496686, 0.50442606, 0.5217213, 0.5000153, 0.45386985, 0.4750566, 0.48683956, 0.4925812, 0.5406364, 0.50363463, 0.54136276, 0.54430366, 0.5007601, 0.4959973, 0.48200205, 0.51558053, 0.49559018, 0.48784065, 0.545476, 0.49580044, 0.5250756, 0.53153604, 0.500672, 0.5232396, 0.49616268, 0.4684405, 0.49670854, 0.5413014, 0.5020642, 0.52630544, 0.5114184, 0.53896326, 0.540481, 0.518478, 0.5167869, 0.55829316, 0.5436091, 0.5695411, 0.56718695, 0.5193592], "std": [0.08539034, 0.07461725, 0.04982655, 0.04365753, 0.071457215, 0.07465063, 0.052799568, 0.0491792, 0.08057846, 0.06927916, 0.07669192, 0.066111684, 0.039407905, 0.06397372, 0.066981204, 0.06710365, 0.05133403, 0.07924792, 0.07459037, 0.096680865, 0.062071815, 0.06398708, 0.05784876, 0.06021319, 0.05808717, 0.06512844, 0.061006293, 0.06618072, 0.061241325, 0.06609499, 0.11004478, 0.049415953, 0.05766557, 0.08080376, 0.05475464, 0.08191508, 0.09574783, 0.06414132, 0.090474024, 0.07859028, 0.06685016, 0.10661557, 0.08676902, 0.08053043, 0.08055135, 0.08565357, 0.07126589, 0.07192365, 0.08407013, 0.07808642, 0.068532564, 0.076786235, 0.07729571, 0.050085545, 0.06260415, 0.058597323, 0.0816488, 0.09126416, 0.08932265, 0.07950264, 0.082166284, 0.073122434, 0.080272645, 0.08676495, 0.06320476, 0.07324168, 0.0542944, 0.060492303, 0.06287383, 0.10370615, 0.08583782, 0.09401006, 0.0770984, 0.08994029, 0.072688274, 0.08271379, 0.08219733, 0.08032403, 0.07485606, 0.08670864, 0.06850902, 0.08977751, 0.091599226, 0.11234776, 0.09557332, 0.11470061, 0.061074845, 0.09028366, 0.09885358, 0.08358324, 0.060378242, 0.117196, 0.14487325, 0.12947127, 0.1148381, 0.07182864, 0.12179721, 0.13651316, 0.11188546, 0.12154444, 0.11363245, 0.055349413, 0.13884859, 0.12503427, 0.105623074, 0.12235466, 0.13180633, 0.11938429, 0.14003101, 0.12574962, 0.114464805, 0.11051997, 0.09108847, 0.12290976, 0.16294219, 0.13742271, 0.1397637, 0.1446653, 0.083701864, 0.1282924, 0.09360516, 0.070111245, 0.13317925, 0.13676564, 0.15606722, 0.1375906, 0.15174392, 0.15543598, 0.096544184, 0.15178977, 0.12038596, 0.12769954, 0.15383221, 0.13487785, 0.15816821, 0.17255189, 0.15718485, 0.12239893, 0.16030824, 0.14113592, 0.15187739, 0.12978536, 0.12624623, 0.14920227, 0.15420534, 0.105087206, 0.12728749, 0.089683846, 0.09633912, 0.15702176], "var": [0.98, 0.98, 0.98, 0.96, 0.94, 0.94, 0.92, 0.92, 0.92, 0.9, 0.9, 0.88, 0.88, 0.86, 0.84, 0.84, 0.82, 0.84, 0.82, 0.82, 0.82, 0.8, 0.8, 0.78, 0.74, 0.74, 0.7, 0.7, 0.68, 0.7, 0.68, 0.68, 0.64, 0.62, 0.64, 0.62, 0.6, 0.62, 0.6, 0.58, 0.58, 0.58, 0.58, 0.56, 0.56, 0.54, 0.54, 0.52, 0.5, 0.48, 0.5, 0.48, 0.46, 0.46, 0.46, 0.48, 0.46, 0.46, 0.44, 0.44, 0.46, 0.48, 0.48, 0.44, 0.44, 0.42, 0.42, 0.42, 0.42, 0.4, 0.42, 0.4, 0.38, 0.36, 0.34, 0.3, 0.28, 0.26, 0.28, 0.24, 0.24, 0.24, 0.22, 0.22, 0.22, 0.22, 0.22, 0.2, 0.2, 0.2, 0.2, 0.2, 0.18, 0.18, 0.2, 0.18, 0.2, 0.18, 0.2, 0.18, 0.18, 0.18, 0.18, 0.18, 0.18, 0.18, 0.16, 0.16, 0.14, 0.14, 0.14, 0.14, 0.14, 0.14, 0.14, 0.14, 0.14, 0.14, 0.14, 0.12, 0.12, 0.12, 0.1, 0.1, 0.1, 0.1, 0.08, 0.08, 0.08, 0.08, 0.06, 0.06, 0.06, 0.06, 0.06, 0.04, 0.04, 0.04, 0.04, 0.04, 0.04, 0.04, 0.04, 0.04, 0.04, 0.04, 0.04, 0.04, 0.04, 0.04], "best": [0.4333333, 0.46222222, 0.36396822, 0.3578231, 0.45502642, 0.45609757, 0.40081772, 0.40355125, 0.45456788, 0.45599997, 0.45650408, 0.36771587, 0.38826704, 0.4557692, 0.45688888, 0.45770308, 0.458498, 0.45947954, 0.46063828, 0.46120402, 0.46237943, 0.46380365, 0.46403506, 0.46406683, 0.4125174, 0.4638748, 0.46552846, 0.46729708, 0.4680334, 0.4696703, 0.47085106, 0.4246852, 0.47205588, 0.47228682, 0.47283018, 0.47266054, 0.47313166, 0.4746251, 0.47502804, 0.47846994, 0.47937265, 0.48033127, 0.481307, 0.48232397, 0.48316595, 0.479061, 0.4842491, 0.48497525, 0.48742303, 0.48854434, 0.48949364, 0.490665, 0.4859052, 0.49234447, 0.49381116, 0.49494597, 0.49738634, 0.4983985, 0.4989389, 0.50039554, 0.5013093, 0.50205284, 0.49423864, 0.4951466, 0.5043536, 0.50540274, 0.50624794, 0.50711787, 0.5087324, 0.50953704, 0.5108075, 0.5050959, 0.5120567, 0.5135662, 0.514885, 0.51599884, 0.51707315, 0.5184939, 0.51972675, 0.5209277, 0.52225775, 0.52330965, 0.52470773, 0.5257179, 0.52682865, 0.52795297, 0.5288922, 0.53047615, 0.53174144, 0.5329277, 0.53477234, 0.53587765, 0.5376441, 0.53844744, 0.5393116, 0.54068094, 0.5419827, 0.54274744, 0.5438654, 0.5449752, 0.5460145, 0.547224, 0.5490723, 0.54993814, 0.5510512, 0.55230576, 0.5539215, 0.5547562, 0.5557583, 0.5562889, 0.55737734, 0.55860156, 0.559742, 0.56100446, 0.5622694, 0.5630041, 0.5636947, 0.5648673, 0.56607205, 0.56747097, 0.5685274, 0.5698136, 0.57106453, 0.5723143, 0.57332647, 0.5742493, 0.5751769, 0.57608294, 0.5768477, 0.57802504, 0.5787268, 0.57980186, 0.58092475, 0.58168584, 0.58250713, 0.58315974, 0.5837482, 0.58457595, 0.58578247, 0.58648604, 0.5872509, 0.5880175, 0.58900386, 0.59005505, 0.5908647, 0.59166294, 0.59251314, 0.5935101, 0.5944876, 0.595526], "duration": [42978, 40070, 52681, 42862, 44957, 47782, 45791, 38714, 38917, 39196, 38779, 38698, 39173, 38968, 39133, 38432, 45486, 38788, 39049, 38479, 46323, 39308, 38869, 46653, 39199, 39604, 39764, 46475, 45887, 39807, 39392, 37971, 38819, 39467, 39073, 45865, 39447, 39034, 39937, 39419, 38943, 39754, 52453, 52986, 39412, 46003, 39288, 40606, 40389, 46868, 46114, 39538, 39271, 40072, 40465, 39702, 39693, 39745, 46815, 40095, 40003, 40343, 40157, 40140, 40070, 40269, 39988, 39732, 40055, 40218, 40085, 39987, 40396, 40240, 40508, 46809, 40160, 40220, 40394, 40309, 40107, 40116, 40347, 40179, 40448, 60511, 40342, 40395, 40491, 40494, 40390, 47306, 40417, 40513, 40391, 40615, 40382, 40393, 39734, 40456, 40423, 47140, 47082, 40336, 40526, 47089, 40432, 40244, 40185, 40418, 40360, 47172, 40561, 40507, 34833, 40478, 40374, 40460, 40333, 40409, 40411, 40432, 60619, 47130, 47110, 40476, 40374, 40351, 40447, 40496, 40515, 40538, 40548, 40416, 40474, 40499, 47049, 47199, 40466, 40574, 40437, 47179, 47229, 40513, 40500, 40464, 40543, 47232, 40572, 53987]}