{"avg": [0.38666666, 0.38666666, 0.37333333, 0.36666667, 0.36666667, 0.36666667, 0.35333332, 0.34666666, 0.35333332, 0.34666666, 0.34, 0.34, 0.33333334, 0.34, 0.34, 0.34, 0.34, 0.34666666, 0.34, 0.34, 0.34, 0.34666666, 0.34, 0.33333334, 0.34], "std": [0.4869864, 0.48698643, 0.4836895, 0.4818947, 0.4818947, 0.4818947, 0.47800496, 0.47590864, 0.47800496, 0.47590864, 0.47370896, 0.473709, 0.4714043, 0.473709, 0.473709, 0.473709, 0.473709, 0.4759086, 0.473709, 0.47370896, 0.47370896, 0.4759086, 0.47370896, 0.4714043, 0.47370896], "var": [1.0, 0.99333334, 0.9866667, 0.98, 0.97333336, 0.97333336, 0.96666664, 0.96, 0.94666666, 0.94, 0.9266667, 0.92, 0.92, 0.92, 0.9066667, 0.9066667, 0.92, 0.9066667, 0.9066667, 0.8933333, 0.88666666, 0.88, 0.8666667, 0.85333335, 0.85333335], "best": [1.0, 1.0, 1.0, 1.0, 1.0, 1.0, 1.0, 1.0, 1.0, 1.0, 1.0, 1.0, 1.0, 1.0, 1.0, 1.0, 1.0, 1.0, 1.0, 1.0, 1.0, 1.0, 1.0, 1.0, 1.0], "duration": [23483, 23340, 23266, 22685, 22525, 22331, 22018, 21849, 21938, 21696, 21679, 21508, 21336, 21469, 21539, 21674, 21524, 21490, 21521, 21338, 21851, 21689, 21861, 21522, 21835]}