{"avg": [0.2442577, 0.28842783, 0.28379834, 0.2912543, 0.26905724, 0.26281923, 0.3082973, 0.28417966, 0.2900399, 0.29073206, 0.31501073, 0.2990833, 0.30211085, 0.29576457, 0.28388536, 0.28466582, 0.29603857, 0.27621743, 0.2779356, 0.2803767, 0.290841, 0.29192862, 0.3026622, 0.2900032, 0.3006138, 0.34043998, 0.298316, 0.29151556, 0.29326978, 0.2879333, 0.29596972, 0.3030622, 0.29999605, 0.3120911, 0.3070239, 0.3064473, 0.321919, 0.30338416, 0.3255133, 0.31515044, 0.31240666, 0.32112548, 0.311913, 0.3062681, 0.32403147, 0.30788162, 0.2977226, 0.32561615, 0.31672165, 0.30889475], "std": [0.06741803, 0.064730935, 0.07045261, 0.04479748, 0.052584723, 0.041811325, 0.03992507, 0.055195957, 0.047917303, 0.058095302, 0.052724406, 0.049703598, 0.06085098, 0.049176183, 0.04264844, 0.03926574, 0.0396201, 0.06713719, 0.053611044, 0.043613072, 0.0611641, 0.047715537, 0.044883005, 0.06505306, 0.042001903, 0.042553406, 0.04779142, 0.04858458, 0.028514698, 0.061010282, 0.03714178, 0.033910085, 0.06081092, 0.06368155, 0.061106756, 0.048319895, 0.043874376, 0.05654415, 0.044577397, 0.04898511, 0.05544483, 0.06033866, 0.050630096, 0.065796554, 0.0513409, 0.056864016, 0.050556757, 0.030117627, 0.049685597, 0.050531056], "var": [1.0, 1.0, 0.99, 0.99, 0.98, 0.98, 0.97, 0.96, 0.96, 0.96, 0.96, 0.95, 0.94, 0.93, 0.93, 0.93, 0.92, 0.93, 0.93, 0.92, 0.91, 0.91, 0.9, 0.88, 0.88, 0.89, 0.88, 0.87, 0.87, 0.87, 0.86, 0.86, 0.87, 0.86, 0.87, 0.86, 0.85, 0.85, 0.84, 0.82, 0.83, 0.84, 0.84, 0.84, 0.84, 0.82, 0.81, 0.82, 0.82, 0.81], "best": [0.36666667, 0.37927172, 0.39163056, 0.38496733, 0.35880232, 0.33633158, 0.388937, 0.3618641, 0.36403695, 0.44210526, 0.44372547, 0.44652405, 0.44822004, 0.398582, 0.36158863, 0.34167132, 0.36221758, 0.3889543, 0.36341992, 0.35975897, 0.387413, 0.39953315, 0.36353016, 0.38775513, 0.36493933, 0.40375352, 0.38771644, 0.4005861, 0.3609241, 0.40039113, 0.36481485, 0.36088827, 0.38958225, 0.44868103, 0.382548, 0.36476675, 0.44873485, 0.40203318, 0.40176618, 0.4030389, 0.40322423, 0.44978228, 0.40512612, 0.44999996, 0.40571558, 0.40539098, 0.36478162, 0.3648561, 0.40528905, 0.36848876], "duration": [38121, 43586, 39539, 42907, 59130, 42107, 43928, 42778, 42227, 43338, 38631, 54373, 50001, 44108, 44805, 43132, 43149, 43335, 38009, 42534, 38531, 38870, 44598, 43238, 38292, 39350, 38242, 39437, 42053, 38139, 47926, 39029, 38334, 39051, 39549, 38500, 39375, 47701, 39608, 43788, 38776, 39561, 48367, 38144, 44210, 44186, 43745, 43187, 38761, 39003]}