{"avg": [0.33730158, 0.40687826, 0.4123677, 0.35423282, 0.37245372, 0.3709259, 0.33746034, 0.312108, 0.39736575, 0.31323066, 0.36359128, 0.3782642, 0.39717552, 0.38349417, 0.362371, 0.35999444, 0.30097482, 0.31819728, 0.4002137, 0.34128428, 0.3587165, 0.36761644, 0.40436754, 0.3337719, 0.39988008, 0.41510677, 0.382731, 0.4173586, 0.3288115, 0.3895172, 0.35791826, 0.340127, 0.24271344, 0.29212168, 0.29908162, 0.32876492, 0.37664676, 0.37524033, 0.31554902, 0.36242557, 0.30502757, 0.36246637, 0.3283189, 0.3601382, 0.39114484, 0.4085421, 0.31294996, 0.39978033, 0.37380376, 0.40656027], "std": [0.075813375, 0.09106219, 0.056782767, 0.09514128, 0.039857976, 0.0901885, 0.03325402, 0.051270522, 0.053173546, 0.06117288, 0.09870335, 0.05766821, 0.04327263, 0.07283873, 0.093928725, 0.04326907, 0.10130677, 0.07394594, 0.09361845, 0.05368522, 0.091533825, 0.0767844, 0.024014445, 0.08718468, 0.09156566, 0.071612656, 0.03698188, 0.04991658, 0.06042029, 0.032256845, 0.04588783, 0.05327606, 0.07378458, 0.08187881, 0.06868377, 0.08679583, 0.0852647, 0.04430241, 0.07614133, 0.056978222, 0.09789435, 0.012826722, 0.1106457, 0.09155988, 0.047644336, 0.03750089, 0.05198382, 0.045121476, 0.06642333, 0.049126107], "var": [1.0, 1.0, 1.0, 1.0, 1.0, 1.0, 1.0, 1.0, 1.0, 1.0, 1.0, 1.0, 1.0, 1.0, 1.0, 1.0, 1.0, 1.0, 1.0, 1.0, 1.0, 1.0, 1.0, 1.0, 1.0, 1.0, 1.0, 1.0, 1.0, 1.0, 1.0, 1.0, 1.0, 1.0, 1.0, 1.0, 1.0, 1.0, 1.0, 1.0, 1.0, 1.0, 1.0, 1.0, 1.0, 1.0, 1.0, 1.0, 1.0, 1.0], "best": [0.44047618, 0.49841273, 0.49007937, 0.49285713, 0.4501984, 0.48619047, 0.35912696, 0.35499418, 0.48611954, 0.39075628, 0.48750004, 0.48801842, 0.487465, 0.4879022, 0.4886905, 0.39374304, 0.45388198, 0.39421764, 0.49061358, 0.39428568, 0.48883417, 0.48711944, 0.45219493, 0.48546365, 0.49033916, 0.4869951, 0.45151368, 0.48559222, 0.3918577, 0.4515873, 0.3918719, 0.39224866, 0.35658944, 0.39281973, 0.39336732, 0.45274815, 0.49036118, 0.45111778, 0.45194408, 0.45267856, 0.45293996, 0.3909806, 0.48748526, 0.48815286, 0.4856393, 0.45239925, 0.39441147, 0.48578456, 0.48500693, 0.48789263], "duration": [10915, 10954, 10981, 11040, 10936, 11001, 10973, 10944, 10945, 11009, 10987, 10966, 10975, 10991, 10981, 10974, 10948, 11038, 10980, 11133, 10936, 11005, 10940, 6555, 10961, 10972, 10999, 10966, 11034, 10986, 11003, 10993, 6012, 10947, 6018, 11013, 11026, 6450, 10970, 10997, 10960, 10973, 10976, 11043, 11065, 10981, 11014, 11009, 10966, 10961]}