{"avg": [0.25777778, 0.3043386, 0.2925695, 0.29864734, 0.30514792, 0.3195148, 0.30297804, 0.30978644, 0.32337478, 0.33762553, 0.33416146, 0.3178794, 0.3202653, 0.31477326, 0.32241708, 0.32564673, 0.33360133, 0.33394065, 0.34402007, 0.319875, 0.3398056, 0.32035255, 0.32756945, 0.33993807, 0.32448027, 0.35915908, 0.33154473, 0.35562307, 0.36823478, 0.3534912, 0.37368813, 0.38441214, 0.38153586, 0.39661768, 0.35616887, 0.3741656, 0.36258718, 0.3647292, 0.37424028, 0.39490148, 0.38868165, 0.3562137, 0.40605742, 0.40168974, 0.3936654, 0.37705556, 0.421595, 0.4079935, 0.3860398, 0.40880185], "std": [0.08726752, 0.06999364, 0.05162963, 0.05867207, 0.0635559, 0.07336688, 0.04525464, 0.04476767, 0.06311913, 0.055458054, 0.05284461, 0.06439061, 0.054429118, 0.04587617, 0.05839112, 0.07536536, 0.04669099, 0.0688295, 0.06821427, 0.074404605, 0.06477999, 0.052204862, 0.06552829, 0.05926857, 0.070840456, 0.059661288, 0.048166543, 0.06654265, 0.076525114, 0.076667406, 0.08481923, 0.08052528, 0.07844542, 0.07392854, 0.09732466, 0.07686664, 0.0787593, 0.08370879, 0.08943612, 0.084736556, 0.086469516, 0.06687245, 0.06833931, 0.09284537, 0.084362656, 0.09252486, 0.068203524, 0.10082452, 0.10198099, 0.081107736], "var": [1.0, 0.98, 0.98, 0.94, 0.94, 0.92, 0.92, 0.9, 0.9, 0.9, 0.92, 0.92, 0.9, 0.88, 0.88, 0.88, 0.84, 0.8, 0.8, 0.8, 0.78, 0.78, 0.76, 0.74, 0.72, 0.74, 0.74, 0.74, 0.7, 0.68, 0.68, 0.66, 0.64, 0.66, 0.66, 0.64, 0.62, 0.62, 0.6, 0.56, 0.52, 0.54, 0.52, 0.5, 0.52, 0.5, 0.5, 0.5, 0.48, 0.46], "best": [0.4333333, 0.42412698, 0.37619045, 0.45869565, 0.46065572, 0.46033752, 0.3646115, 0.36488092, 0.4594315, 0.46190476, 0.46356106, 0.46439394, 0.46511224, 0.41126987, 0.4645833, 0.4652661, 0.46666667, 0.46678922, 0.4685185, 0.470077, 0.47145832, 0.4125992, 0.4723018, 0.47315064, 0.47384074, 0.47441077, 0.47557187, 0.47515574, 0.47659895, 0.47905794, 0.4805322, 0.4831636, 0.48550725, 0.49694395, 0.4899814, 0.49117115, 0.4925861, 0.49342403, 0.49421486, 0.4950377, 0.49770832, 0.42566785, 0.49930242, 0.50097466, 0.5024355, 0.503683, 0.50472295, 0.50679094, 0.50885415, 0.50971866], "duration": [43021, 44473, 39193, 43254, 45968, 39685, 39805, 38779, 46750, 39908, 39713, 45878, 39776, 38800, 39459, 45658, 45691, 39676, 39699, 51474, 39947, 39499, 40088, 39826, 39523, 39738, 52524, 39732, 40170, 39853, 40206, 39952, 40344, 46789, 39114, 52812, 39892, 39942, 40764, 59587, 40221, 39307, 40409, 51827, 44705, 46924, 40112, 40217, 40181, 40002]}