{"avg": [0.22234432, 0.31405023, 0.2996767, 0.3129426, 0.30293128, 0.30866688, 0.31744996, 0.32470846, 0.32219386, 0.3358686, 0.3232344, 0.34078142, 0.33678907, 0.33717817, 0.34235197, 0.3554357, 0.3418924, 0.37255064, 0.33334857, 0.35487664, 0.39794207, 0.36895794, 0.39950544, 0.3682967, 0.393131, 0.38564894, 0.40743238, 0.39999172, 0.39361686, 0.356384, 0.3599796, 0.3891255, 0.44191676, 0.40831903, 0.42383036, 0.42065492, 0.43381056, 0.4192297, 0.43370593, 0.40302986, 0.43396664, 0.4063709, 0.4461904, 0.4759046, 0.45183492, 0.4852587, 0.4717788, 0.4737354, 0.47773546, 0.494733], "std": [0.06691176, 0.05440826, 0.04796043, 0.05696388, 0.06354487, 0.04462981, 0.064453304, 0.055203408, 0.065509774, 0.054188628, 0.07059788, 0.0607535, 0.048733436, 0.07457387, 0.049769595, 0.04992231, 0.08807608, 0.043291852, 0.09407637, 0.060544696, 0.030895496, 0.07033848, 0.047914997, 0.0470365, 0.05828417, 0.035235066, 0.04023303, 0.06659271, 0.0749926, 0.08962135, 0.11374554, 0.094545916, 0.042346988, 0.08794301, 0.04334093, 0.08660659, 0.090154804, 0.100831814, 0.08839715, 0.10478486, 0.084754385, 0.09816395, 0.10785912, 0.08515522, 0.09146452, 0.08280847, 0.089846306, 0.08750486, 0.097632, 0.08552249], "var": [0.92, 0.96, 0.96, 0.88, 0.88, 0.84, 0.84, 0.8, 0.8, 0.76, 0.76, 0.72, 0.76, 0.76, 0.76, 0.76, 0.68, 0.72, 0.64, 0.64, 0.64, 0.56, 0.64, 0.64, 0.64, 0.68, 0.68, 0.68, 0.6, 0.56, 0.6, 0.52, 0.48, 0.48, 0.52, 0.52, 0.48, 0.48, 0.48, 0.48, 0.4, 0.36, 0.36, 0.32, 0.32, 0.28, 0.28, 0.24, 0.24, 0.2], "best": [0.30476192, 0.44358972, 0.36860672, 0.45299146, 0.45660377, 0.38440302, 0.45596707, 0.45714283, 0.45863092, 0.46031746, 0.4611111, 0.4614379, 0.40826163, 0.40510392, 0.4094994, 0.4597156, 0.4605926, 0.46272853, 0.46453333, 0.46474358, 0.46569696, 0.46678242, 0.46843266, 0.42876923, 0.47074413, 0.47333333, 0.48570073, 0.47465935, 0.489418, 0.47800508, 0.49315178, 0.48035002, 0.4958333, 0.49760297, 0.49919763, 0.48912576, 0.50228214, 0.4958249, 0.4993451, 0.50262314, 0.5063935, 0.5071038, 0.5084967, 0.5123113, 0.5164111, 0.5199005, 0.5249865, 0.5287066, 0.53179246, 0.5356391], "duration": [47971, 43080, 38487, 52640, 45310, 39241, 52490, 44695, 39185, 38505, 38488, 45343, 38983, 39699, 45532, 39447, 39493, 39276, 38762, 51672, 39763, 39400, 40131, 39458, 38711, 46199, 46570, 39464, 46603, 38804, 45937, 39378, 40128, 39330, 46144, 40106, 40154, 39904, 40083, 40163, 40095, 40097, 46815, 40249, 40089, 40170, 46796, 46704, 46692, 40211]}