{"avg": [0.171875, 0.1849603, 0.21341893, 0.21576366, 0.22862877, 0.2301244, 0.22144666, 0.21361609, 0.2286776, 0.22036111, 0.21582565, 0.25307095, 0.2313404, 0.22562636, 0.28941935, 0.23301515, 0.24438554, 0.30017596, 0.22308679, 0.2775576, 0.22875085, 0.25530797, 0.29609314, 0.29310644, 0.24580994, 0.29884657, 0.28834277, 0.24794102, 0.32221884, 0.30255833, 0.30617172, 0.2628806, 0.32200044, 0.2525581, 0.2587226, 0.31087786, 0.32011974, 0.30564895, 0.28592804, 0.25788516, 0.27579695, 0.28369108, 0.26191813, 0.28449383, 0.33354434, 0.30362356, 0.29779336, 0.2895229, 0.31315863, 0.32808414], "std": [0.12198524, 0.14192419, 0.10514569, 0.111446634, 0.10738159, 0.094627135, 0.10401816, 0.097093426, 0.1127603, 0.10107402, 0.11064358, 0.11588202, 0.1020227, 0.08538004, 0.08874759, 0.103545986, 0.11289372, 0.090399995, 0.082463585, 0.10448454, 0.118136235, 0.10124759, 0.08914719, 0.096602686, 0.12954919, 0.104838304, 0.120401286, 0.10624181, 0.06880373, 0.10205649, 0.12156008, 0.123159006, 0.09721602, 0.12158104, 0.14973578, 0.10586655, 0.11131001, 0.12472049, 0.124961555, 0.12151738, 0.10828329, 0.13479252, 0.14473522, 0.11657393, 0.11439852, 0.12043137, 0.10259281, 0.1301335, 0.10315584, 0.117692634], "var": [1.0, 1.0, 1.0, 1.0, 1.0, 0.98, 0.96, 0.96, 0.96, 0.96, 0.94, 0.92, 0.9, 0.88, 0.88, 0.88, 0.86, 0.84, 0.82, 0.82, 0.82, 0.82, 0.8, 0.78, 0.76, 0.74, 0.76, 0.76, 0.76, 0.72, 0.7, 0.7, 0.66, 0.64, 0.64, 0.64, 0.66, 0.66, 0.64, 0.62, 0.6, 0.6, 0.6, 0.6, 0.6, 0.6, 0.6, 0.6, 0.58, 0.56], "best": [0.3452381, 0.38720238, 0.3970814, 0.37857142, 0.37079367, 0.3657509, 0.395846, 0.3702381, 0.365937, 0.39631882, 0.36867896, 0.39752162, 0.37081125, 0.39827266, 0.37208995, 0.37124383, 0.3986943, 0.37476912, 0.37821302, 0.37857142, 0.3983113, 0.3989322, 0.38086367, 0.38177657, 0.40006235, 0.38493657, 0.40169492, 0.40236986, 0.38833117, 0.38965836, 0.39225563, 0.3953391, 0.40326157, 0.40382946, 0.40434745, 0.4046588, 0.40611294, 0.40696034, 0.4013492, 0.40204024, 0.4076191, 0.40871298, 0.403937, 0.39523807, 0.40920177, 0.40987256, 0.4046404, 0.41031638, 0.41137567, 0.4116087], "duration": [5895, 6897, 6346, 5261, 7575, 7481, 5877, 5825, 6435, 5792, 5271, 6371, 7577, 4760, 6474, 5836, 6457, 6380, 6377, 7509, 7859, 6823, 7517, 7528, 6423, 6452, 6820, 6384, 6438, 5720, 8627, 6398, 6447, 5730, 6373, 6319, 6366, 6397, 6427, 6324, 7347, 6310, 7394, 6337, 6542, 6351, 6471, 5860, 6295, 6403]}