{"avg": [0.26866665, 0.28459236, 0.28229335, 0.27719685, 0.2807662, 0.28080684, 0.28149718, 0.2796591, 0.27700576, 0.27682185, 0.2805555, 0.27836934, 0.27545884, 0.27685142, 0.2745781, 0.27873906, 0.27935728, 0.28044584, 0.27677935, 0.27526003, 0.27552158, 0.2748438, 0.2795339, 0.28274992, 0.27607176, 0.27681512, 0.2764906, 0.27514195, 0.27864948, 0.27733105, 0.26981947, 0.27035138, 0.27250567, 0.27306926, 0.27377903, 0.27415997, 0.27026284, 0.27105954, 0.26787937, 0.26147276, 0.26317734, 0.2656395, 0.26653275, 0.266067, 0.26441678, 0.26338002, 0.26666263, 0.26656199, 0.26581135, 0.2648117], "std": [0.06521612, 0.064650506, 0.06393628, 0.062963404, 0.06135669, 0.05825974, 0.05824987, 0.056866623, 0.0588973, 0.05930087, 0.057651743, 0.058827024, 0.058107637, 0.059981436, 0.05825644, 0.058262542, 0.05879769, 0.058017366, 0.06142691, 0.06717083, 0.06669828, 0.06640144, 0.06679072, 0.06718076, 0.06815586, 0.06835116, 0.06752999, 0.06727299, 0.06294307, 0.06854388, 0.075289354, 0.07528875, 0.074837305, 0.070370264, 0.072392255, 0.07272113, 0.070719495, 0.07202667, 0.07328746, 0.07023889, 0.070694804, 0.06541701, 0.06524591, 0.06639222, 0.06322373, 0.06387282, 0.06476056, 0.062494125, 0.06282049, 0.06246593], "var": [0.98, 0.96, 0.96, 0.94, 0.92, 0.94, 0.92, 0.9, 0.92, 0.9, 0.92, 0.92, 0.92, 0.9, 0.92, 0.92, 0.92, 0.94, 0.92, 0.92, 0.9, 0.88, 0.86, 0.84, 0.82, 0.8, 0.8, 0.78, 0.82, 0.8, 0.8, 0.78, 0.8, 0.76, 0.76, 0.76, 0.78, 0.78, 0.74, 0.72, 0.74, 0.72, 0.74, 0.74, 0.74, 0.74, 0.74, 0.76, 0.76, 0.76], "best": [0.4333333, 0.44999996, 0.44966665, 0.4491111, 0.44883332, 0.3618857, 0.3617302, 0.36161909, 0.3615357, 0.36139682, 0.36128572, 0.3612554, 0.36123016, 0.36115754, 0.36114287, 0.36104128, 0.36095238, 0.3665042, 0.3578571, 0.35783958, 0.35746667, 0.358, 0.35845456, 0.35892752, 0.35496822, 0.3690438, 0.37875822, 0.37916756, 0.3795476, 0.37992445, 0.38025394, 0.3805622, 0.38089284, 0.38114285, 0.38137814, 0.41971424, 0.38184655, 0.40677223, 0.40700504, 0.38252747, 0.3825762, 0.38260627, 0.3826349, 0.3826622, 0.36166668, 0.36174813, 0.36184058, 0.3590679, 0.35902977, 0.35912928], "duration": [99756, 101421, 101208, 97358, 97137, 98829, 96799, 100732, 101306, 98779, 103422, 102866, 101226, 100133, 100977, 102306, 101685, 102924, 100327, 100796, 97932, 100847, 100258, 99309, 97102, 97570, 95035, 95880, 94646, 92058, 93550, 93372, 96975, 93017, 96496, 96908, 97255, 97510, 97334, 99421, 100982, 100128, 103817, 99182, 101081, 99326, 97764, 100387, 98672, 96863]}