{"avg": [0.4980001, 0.5000001, 0.49733344, 0.49800003, 0.49866667, 0.49800003, 0.49466676, 0.4953334, 0.49400005, 0.49266672, 0.48666668, 0.486, 0.4893334, 0.4893333, 0.48666668, 0.4873334, 0.49133337, 0.48466665, 0.48533335, 0.48666677, 0.48733333, 0.48133332, 0.4813334, 0.4806667, 0.47666666], "std": [0.13239837, 0.13316655, 0.13512798, 0.13830888, 0.13759199, 0.13734148, 0.13305965, 0.13433127, 0.1367382, 0.13667315, 0.13840362, 0.13615182, 0.13669752, 0.1371843, 0.13743688, 0.1353005, 0.13610613, 0.13795486, 0.13485134, 0.13743684, 0.1362824, 0.13485137, 0.13385896, 0.13696554, 0.13634108], "var": [1.0, 0.99333334, 0.9866667, 0.98, 0.96666664, 0.96, 0.96, 0.9533333, 0.94666666, 0.94666666, 0.93333334, 0.9266667, 0.9266667, 0.9266667, 0.92, 0.91333336, 0.9066667, 0.9, 0.88666666, 0.88666666, 0.88, 0.87333333, 0.86, 0.85333335, 0.85333335], "best": [0.9, 0.9, 0.9, 0.9, 0.9, 0.9, 0.9, 0.9, 0.9, 0.9, 0.9, 0.9, 0.9, 0.9, 0.9, 0.9, 0.9, 0.9, 0.9, 0.9, 0.9, 0.9, 0.9, 0.9, 0.9], "duration": [280870, 280849, 279385, 279238, 281094, 283042, 280053, 279847, 278176, 280512, 279652, 277731, 282695, 280902, 282251, 283341, 283433, 283828, 281865, 282715, 280420, 278679, 278691, 276186, 276472]}