{"avg": [0.2546032, 0.2896931, 0.3017143, 0.2954215, 0.271648, 0.27304474, 0.29787463, 0.31105322, 0.3084952, 0.3035059, 0.2984079, 0.3170497, 0.33742592, 0.31628522, 0.32401472, 0.3115837, 0.34834132, 0.33329803, 0.352451, 0.34449506, 0.34938923, 0.33211786, 0.37103373, 0.339797, 0.35119027, 0.358675, 0.37679577, 0.3849767, 0.37195614, 0.38615635, 0.3654961, 0.38931325, 0.38834512, 0.40705752, 0.39265788, 0.41114765, 0.3904534, 0.4364917, 0.41847947, 0.42640448, 0.4219282, 0.43882412, 0.43923682, 0.40930316, 0.4501606, 0.46312237, 0.45925236, 0.43285993, 0.47055227, 0.4474176], "std": [0.088642515, 0.07409099, 0.041931044, 0.062766604, 0.07974729, 0.07125555, 0.05489811, 0.053551942, 0.077714905, 0.07705914, 0.05017281, 0.053030062, 0.06401935, 0.08099022, 0.092908, 0.07642258, 0.045221277, 0.07595952, 0.0547987, 0.073526114, 0.07972865, 0.063768126, 0.048473556, 0.07472406, 0.07533523, 0.068752505, 0.05920846, 0.07365932, 0.07035467, 0.064056456, 0.073694505, 0.07517889, 0.07456031, 0.050133795, 0.052729435, 0.0665384, 0.062513344, 0.04732776, 0.077576436, 0.07132857, 0.07753172, 0.07530357, 0.07877211, 0.09763675, 0.04959493, 0.042894315, 0.059518736, 0.079003274, 0.053899784, 0.08805204], "var": [1.0, 1.0, 1.0, 1.0, 0.98, 0.98, 0.98, 0.98, 0.98, 0.98, 0.98, 0.98, 0.96, 0.98, 0.98, 0.98, 0.94, 0.94, 0.94, 0.94, 0.94, 0.94, 0.94, 0.94, 0.94, 0.92, 0.9, 0.9, 0.9, 0.88, 0.86, 0.86, 0.86, 0.84, 0.84, 0.84, 0.82, 0.78, 0.74, 0.7, 0.68, 0.68, 0.68, 0.66, 0.66, 0.62, 0.58, 0.58, 0.6, 0.56], "best": [0.4333333, 0.46222222, 0.36396822, 0.35841265, 0.3623016, 0.3852814, 0.38845754, 0.4487654, 0.45134404, 0.439579, 0.37547466, 0.41933444, 0.4520947, 0.44143566, 0.454321, 0.44204614, 0.45514902, 0.4557252, 0.45690474, 0.45712683, 0.46160337, 0.43858144, 0.4506481, 0.4614612, 0.46211722, 0.4628788, 0.46319613, 0.46721053, 0.47054434, 0.46846262, 0.4705718, 0.47479674, 0.4763036, 0.4756705, 0.4811379, 0.48264512, 0.48214078, 0.48613468, 0.5401845, 0.504447, 0.5451893, 0.49503326, 0.55013543, 0.5521366, 0.553194, 0.5031835, 0.55833334, 0.50907457, 0.51081675, 0.56443125], "duration": [38243, 40174, 39494, 43477, 44758, 39260, 38786, 39730, 40192, 38882, 40118, 39578, 40122, 38404, 44849, 39333, 38769, 46404, 39714, 46266, 46323, 46527, 39995, 39155, 40099, 39898, 39872, 47088, 47476, 40008, 40325, 39911, 40488, 39976, 46748, 40141, 40115, 40256, 40405, 40020, 40359, 40411, 40524, 40279, 40262, 40670, 40437, 40202, 40498, 40420]}