{"avg": [0.82666665, 0.82666665, 0.82, 0.82, 0.82, 0.81333333, 0.8066667, 0.8066667, 0.8066667, 0.8, 0.8, 0.8, 0.8, 0.8066667, 0.8, 0.8, 0.79333335, 0.7866667, 0.7866667, 0.7866667, 0.7866667, 0.7866667, 0.7866667, 0.79333335, 0.79333335], "std": [0.37853533, 0.37853533, 0.38418752, 0.38418752, 0.3841875, 0.3896439, 0.39491215, 0.39491215, 0.39491215, 0.4000004, 0.4000004, 0.4000004, 0.4000004, 0.39491215, 0.4000004, 0.4000004, 0.4049143, 0.40966123, 0.40966123, 0.40966123, 0.40966123, 0.40966123, 0.40966123, 0.4049143, 0.4049143], "var": [0.9866667, 0.98, 0.97333336, 0.98, 0.97333336, 0.97333336, 0.96, 0.94666666, 0.94666666, 0.94666666, 0.94666666, 0.94, 0.93333334, 0.9266667, 0.91333336, 0.9066667, 0.9066667, 0.8933333, 0.88666666, 0.8933333, 0.88666666, 0.88666666, 0.87333333, 0.86, 0.86], "best": [1.0, 1.0, 1.0, 1.0, 1.0, 1.0, 1.0, 1.0, 1.0, 1.0, 1.0, 1.0, 1.0, 1.0, 1.0, 1.0, 1.0, 1.0, 1.0, 1.0, 1.0, 1.0, 1.0, 1.0, 1.0], "duration": [4708, 4725, 4738, 4692, 4641, 4739, 4668, 4720, 4758, 4719, 4721, 4660, 4652, 4641, 4673, 4716, 4659, 4712, 4766, 4652, 4669, 4646, 4710, 4668, 4670]}