{"avg": [0.26031747, 0.30124718, 0.28433496, 0.31639928, 0.29727337, 0.2839746, 0.31082597, 0.27985007, 0.2950102, 0.33102068, 0.33062127, 0.33873856, 0.32407174, 0.3325999, 0.30161592, 0.3101407, 0.314797, 0.30688116, 0.3054061, 0.3220823, 0.30721137, 0.33020788, 0.34476584, 0.34368023, 0.34317765, 0.36165047, 0.34417227, 0.33492792, 0.3387874, 0.31492424, 0.35544503, 0.33219045, 0.33390006, 0.3525938, 0.35987306, 0.3265134, 0.36174473, 0.3634548, 0.35624632, 0.33188805, 0.34782496, 0.35121727, 0.3578081, 0.34135017, 0.37922016, 0.35453343, 0.35314938, 0.37562966, 0.35175765, 0.37909412], "std": [0.08539034, 0.048356563, 0.052361768, 0.04672344, 0.050673038, 0.04702824, 0.059110295, 0.0751359, 0.067537, 0.050891828, 0.06021094, 0.027365414, 0.052452262, 0.051400635, 0.07131879, 0.07742734, 0.05082527, 0.058146067, 0.07757584, 0.042222656, 0.05086766, 0.04094838, 0.03451219, 0.047942005, 0.077074215, 0.04497114, 0.05346727, 0.0735798, 0.065611534, 0.07279952, 0.06979667, 0.0682917, 0.08797242, 0.06379469, 0.05736923, 0.087663785, 0.05211042, 0.04011063, 0.04912628, 0.071268, 0.069804125, 0.06616736, 0.06229111, 0.06669284, 0.06873317, 0.068808034, 0.07410586, 0.07299418, 0.06826712, 0.04274445], "var": [1.0, 1.0, 0.98, 0.98, 0.96, 0.94, 0.92, 0.88, 0.88, 0.86, 0.86, 0.82, 0.82, 0.84, 0.82, 0.8, 0.78, 0.8, 0.78, 0.76, 0.76, 0.72, 0.72, 0.68, 0.7, 0.68, 0.68, 0.68, 0.66, 0.68, 0.66, 0.66, 0.68, 0.68, 0.68, 0.68, 0.66, 0.62, 0.62, 0.62, 0.62, 0.62, 0.62, 0.62, 0.6, 0.64, 0.66, 0.66, 0.68, 0.68], "best": [0.4333333, 0.3847619, 0.36600986, 0.41038957, 0.36252925, 0.35885713, 0.44925925, 0.36384478, 0.39374495, 0.44987655, 0.4509934, 0.37459365, 0.39445746, 0.4510204, 0.39746186, 0.4518195, 0.3812451, 0.39961395, 0.38069168, 0.3838029, 0.40099597, 0.39786384, 0.38440013, 0.45066667, 0.4513736, 0.40209273, 0.45188916, 0.3993396, 0.4032787, 0.39996767, 0.41377518, 0.40298748, 0.40410244, 0.40422654, 0.4057143, 0.4520099, 0.40758315, 0.40833127, 0.4087112, 0.40960348, 0.41069093, 0.4625199, 0.41345885, 0.41282773, 0.46440843, 0.41563252, 0.41658947, 0.466483, 0.41756514, 0.41841945], "duration": [44535, 41270, 44080, 48155, 40829, 47251, 41327, 39683, 40352, 40710, 47909, 40798, 41233, 41107, 47139, 41082, 40546, 41163, 40929, 40884, 40682, 41081, 41064, 41324, 41084, 41398, 41687, 48631, 41032, 39370, 47828, 41575, 48319, 48117, 41838, 41412, 46438, 45933, 41617, 48904, 41546, 41759, 48591, 40868, 41594, 41837, 41821, 44586, 48113, 41479]}