{"avg": [0.26031747, 0.30687827, 0.2925695, 0.29610765, 0.30514792, 0.32139492, 0.30496618, 0.315866, 0.29944512, 0.30836475, 0.32276624, 0.29840156, 0.30644864, 0.30490264, 0.33195087, 0.33254394, 0.32810238, 0.3261712, 0.3486719, 0.35737163, 0.34398448, 0.3326876, 0.3366044, 0.35169488, 0.3584845, 0.36440837, 0.3543687, 0.3500742, 0.3484784, 0.3581386, 0.3358541, 0.33205482, 0.37057605, 0.36224866, 0.3655816, 0.3904066, 0.39456213, 0.39907864, 0.37776807, 0.3694238, 0.41052037, 0.39403236, 0.40002045, 0.39247292, 0.4121615, 0.3707398, 0.44276655, 0.42335314, 0.42648217, 0.40095708], "std": [0.08539034, 0.074818835, 0.05162963, 0.058710895, 0.0635559, 0.06765896, 0.057599984, 0.061253186, 0.039406084, 0.062147878, 0.06778712, 0.04340095, 0.06606678, 0.059716083, 0.046309363, 0.08533346, 0.053262208, 0.06073915, 0.066642545, 0.063369475, 0.07134549, 0.04910079, 0.061440144, 0.05334661, 0.07581065, 0.07131356, 0.06933676, 0.06991911, 0.07031141, 0.069170184, 0.063204445, 0.089800514, 0.056654673, 0.08708106, 0.09675311, 0.08259377, 0.059605535, 0.058011778, 0.08575284, 0.09876176, 0.061681878, 0.087529056, 0.08764178, 0.10356288, 0.086014315, 0.11301329, 0.075625554, 0.073006816, 0.0710761, 0.08944262], "var": [1.0, 0.98, 0.98, 0.94, 0.94, 0.92, 0.9, 0.9, 0.9, 0.9, 0.88, 0.88, 0.86, 0.84, 0.86, 0.86, 0.86, 0.84, 0.86, 0.86, 0.84, 0.84, 0.8, 0.8, 0.76, 0.74, 0.72, 0.7, 0.7, 0.68, 0.68, 0.68, 0.72, 0.72, 0.72, 0.7, 0.7, 0.68, 0.68, 0.66, 0.68, 0.66, 0.62, 0.6, 0.6, 0.6, 0.6, 0.58, 0.58, 0.6], "best": [0.4333333, 0.46222222, 0.37619045, 0.45869565, 0.46065572, 0.46033752, 0.4642361, 0.46430674, 0.36306712, 0.46267605, 0.46329114, 0.36449456, 0.462724, 0.38817737, 0.42334867, 0.46233764, 0.46572578, 0.4655216, 0.46630692, 0.46803185, 0.46895424, 0.47037038, 0.41762888, 0.43026635, 0.47038043, 0.4726098, 0.4735489, 0.47466025, 0.47590455, 0.47658464, 0.43932176, 0.4769177, 0.47775522, 0.47854328, 0.47996184, 0.48119974, 0.48384383, 0.48554003, 0.4874363, 0.48901764, 0.49023733, 0.49262765, 0.49503326, 0.49684682, 0.4988742, 0.5008633, 0.5021942, 0.50538075, 0.50766486, 0.5091939], "duration": [42851, 44537, 39429, 43153, 46201, 46628, 46233, 40024, 38449, 39487, 39193, 38559, 39405, 39946, 39257, 46702, 39747, 39509, 40108, 39389, 39855, 39559, 39766, 39674, 46364, 40137, 40041, 39736, 39312, 39724, 39770, 40056, 40176, 40039, 39783, 40205, 53313, 40220, 40023, 40107, 40099, 47026, 40206, 40241, 40162, 46969, 40331, 40269, 40410, 40278]}