{"avg": [0.06349207, 0.19695769, 0.0, 0.26291886, 0.19580026, 0.19603175, 0.07896826, 0.06525358, 0.09772036, 0.15695612, 0.13055557, 0.26122633, 0.13106911, 0.1964822, 0.13087302, 0.065365456, 0.06572636, 0.0, 0.1967262, 0.13016595, 0.13095923, 0.13030834, 0.07853423, 0.19532163, 0.19575198, 0.1958402, 0.15732577, 0.13011804, 0.06530962, 0.06534392, 0.19593596, 0.1571217, 0.06550408, 0.0, 0.15656462, 0.06553739, 0.19678324, 0.31321263, 0.13121451, 0.26148313, 0.19641824, 0.13025625, 0.06537453, 0.26149514, 0.19548495, 0.15694506, 0.06577718, 0.1570058, 0.13050668, 0.098163635], "std": [0.14197257, 0.19701861, 0.0, 0.18592519, 0.19580081, 0.1960328, 0.15793651, 0.14591144, 0.16925663, 0.19223131, 0.18463376, 0.18471995, 0.18536057, 0.19648501, 0.18508303, 0.1461616, 0.14696862, 0.0, 0.19672889, 0.18408495, 0.18520477, 0.18428467, 0.15706846, 0.19532478, 0.19576055, 0.1958411, 0.19268575, 0.1840147, 0.14603676, 0.14611344, 0.195936, 0.19243433, 0.14647157, 0.0, 0.19175181, 0.14654607, 0.19678482, 0.15660836, 0.1855667, 0.18489847, 0.19641845, 0.18421021, 0.1461819, 0.18490656, 0.19548525, 0.19221793, 0.14708224, 0.19229607, 0.1845671, 0.1700244], "var": [1.0, 1.0, 1.0, 1.0, 1.0, 1.0, 1.0, 1.0, 1.0, 1.0, 1.0, 1.0, 1.0, 1.0, 1.0, 1.0, 1.0, 1.0, 1.0, 1.0, 1.0, 1.0, 1.0, 1.0, 1.0, 1.0, 1.0, 1.0, 1.0, 1.0, 1.0, 1.0, 1.0, 1.0, 1.0, 1.0, 1.0, 1.0, 1.0, 1.0, 1.0, 1.0, 1.0, 1.0, 1.0, 1.0, 1.0, 1.0, 1.0, 1.0], "best": [0.3809524, 0.40317464, 0.0, 0.39761904, 0.3920635, 0.39317462, 0.39484128, 0.39152148, 0.39088145, 0.39271712, 0.39226195, 0.39331797, 0.3941877, 0.3949164, 0.3934524, 0.39219272, 0.3943582, 0.0, 0.3953755, 0.3921645, 0.39359608, 0.39188135, 0.39267114, 0.39273188, 0.39510107, 0.39267656, 0.39463893, 0.39035413, 0.39185774, 0.3920635, 0.3920635, 0.3933598, 0.39302447, 0.0, 0.39166668, 0.39322436, 0.3951231, 0.392846, 0.3948668, 0.39315477, 0.39341617, 0.39098063, 0.39224717, 0.39291477, 0.39158234, 0.39287546, 0.3946631, 0.39448252, 0.39327124, 0.39265454], "duration": [374, 347, 357, 361, 366, 345, 408, 346, 359, 357, 353, 354, 347, 372, 350, 335, 333, 352, 362, 352, 382, 356, 336, 351, 336, 341, 345, 367, 351, 346, 358, 364, 373, 383, 356, 372, 354, 346, 358, 381, 384, 349, 352, 347, 357, 347, 330, 333, 332, 343]}