{"avg": [0.94666666, 0.94666666, 0.94666666, 0.94666666, 0.94666666, 0.94666666, 0.94666666, 0.94666666, 0.94666666, 0.94, 0.94, 0.94, 0.94, 0.94, 0.94, 0.94, 0.94, 0.94, 0.94, 0.94, 0.94, 0.94, 0.94, 0.94, 0.94], "std": [0.22469717, 0.22469717, 0.22469717, 0.22469716, 0.22469717, 0.22469717, 0.22469716, 0.22469716, 0.22469716, 0.23748696, 0.23748696, 0.23748696, 0.23748696, 0.23748696, 0.23748696, 0.23748696, 0.23748696, 0.23748696, 0.23748696, 0.23748696, 0.23748696, 0.23748696, 0.23748696, 0.23748696, 0.23748696], "var": [0.9866667, 0.98, 0.98, 0.97333336, 0.96666664, 0.9533333, 0.9533333, 0.94666666, 0.93333334, 0.9266667, 0.91333336, 0.91333336, 0.91333336, 0.9066667, 0.91333336, 0.9066667, 0.91333336, 0.9066667, 0.9, 0.9066667, 0.9066667, 0.9, 0.8933333, 0.8933333, 0.88], "best": [1.0, 1.0, 1.0, 1.0, 1.0, 1.0, 1.0, 1.0, 1.0, 1.0, 1.0, 1.0, 1.0, 1.0, 1.0, 1.0, 1.0, 1.0, 1.0, 1.0, 1.0, 1.0, 1.0, 1.0, 1.0], "duration": [30378, 31252, 31830, 32060, 31811, 31046, 30707, 31248, 30888, 31104, 31116, 31320, 31118, 30542, 32279, 31626, 31059, 32370, 31372, 31298, 31396, 32234, 32799, 30999, 30989]}