{"avg": [0.08730158, 0.0, 0.17784391, 0.0, 0.0, 0.0, 0.106613755, 0.0, 0.13414387, 0.0, 0.0, 0.0, 0.0, 0.0, 0.0, 0.089433365, 0.089535885, 0.0, 0.0, 0.0, 0.0, 0.0, 0.0, 0.08926483, 0.0, 0.0, 0.106925264, 0.0, 0.0, 0.0, 0.0, 0.0, 0.0, 0.0, 0.0, 0.0, 0.0, 0.0, 0.0, 0.0, 0.08913734, 0.0, 0.089184046, 0.0, 0.08887639, 0.10712089, 0.0, 0.0, 0.0, 0.13361196], "std": [0.19521227, 0.0, 0.25152075, 0.0, 0.0, 0.0, 0.21322751, 0.0, 0.232344, 0.0, 0.0, 0.0, 0.0, 0.0, 0.0, 0.19997908, 0.20020832, 0.0, 0.0, 0.0, 0.0, 0.0, 0.0, 0.19960223, 0.0, 0.0, 0.21385053, 0.0, 0.0, 0.0, 0.0, 0.0, 0.0, 0.0, 0.0, 0.0, 0.0, 0.0, 0.0, 0.0, 0.19931713, 0.0, 0.19942158, 0.0, 0.19873364, 0.21424176, 0.0, 0.0, 0.0, 0.2314227], "var": [1.0, 1.0, 1.0, 1.0, 1.0, 1.0, 1.0, 1.0, 1.0, 1.0, 1.0, 1.0, 1.0, 1.0, 1.0, 1.0, 1.0, 1.0, 1.0, 1.0, 1.0, 1.0, 1.0, 1.0, 1.0, 1.0, 1.0, 1.0, 1.0, 1.0, 1.0, 1.0, 1.0, 1.0, 1.0, 1.0, 1.0, 1.0, 1.0, 1.0, 1.0, 1.0, 1.0, 1.0, 1.0, 1.0, 1.0, 1.0, 1.0, 1.0], "best": [0.5238095, 0.0, 0.5376984, 0.0, 0.0, 0.0, 0.5330688, 0.0, 0.5365755, 0.0, 0.0, 0.0, 0.0, 0.0, 0.0, 0.5366002, 0.5372153, 0.0, 0.0, 0.0, 0.0, 0.0, 0.0, 0.535589, 0.0, 0.0, 0.5346263, 0.0, 0.0, 0.0, 0.0, 0.0, 0.0, 0.0, 0.0, 0.0, 0.0, 0.0, 0.0, 0.0, 0.534824, 0.0, 0.5351043, 0.0, 0.5332583, 0.5356044, 0.0, 0.0, 0.0, 0.53444785], "duration": [211, 240, 191, 190, 191, 188, 188, 192, 189, 190, 189, 188, 191, 189, 186, 187, 188, 188, 188, 188, 189, 189, 188, 188, 188, 189, 188, 188, 191, 188, 192, 189, 187, 188, 188, 189, 190, 188, 189, 190, 190, 189, 190, 189, 192, 189, 189, 189, 190, 226]}