{"avg": [0.24805553, 0.27707404, 0.28001463, 0.28008988, 0.27824074, 0.2801829, 0.2934476, 0.3021145, 0.2990178, 0.31655702, 0.2880486, 0.28297454, 0.29947764, 0.30590278, 0.28579816, 0.29012278, 0.30787832, 0.32243463, 0.3027806, 0.2993515, 0.31269944, 0.3252833, 0.3348286, 0.32078493, 0.30259025, 0.3329412, 0.33942333, 0.31382218, 0.33884326, 0.32106456, 0.33076492, 0.31020448, 0.33342907, 0.33339402, 0.32719275, 0.36174336, 0.34017667, 0.33047223, 0.35019735, 0.34106892, 0.32322678, 0.33961073, 0.36971304, 0.36826998, 0.38363892, 0.3646936, 0.34027007, 0.36468178, 0.3630236, 0.36571032], "std": [0.081306845, 0.06999374, 0.047981128, 0.03972296, 0.06857128, 0.073398955, 0.055850033, 0.05344821, 0.07494888, 0.061276257, 0.060143802, 0.06642611, 0.041101236, 0.06549219, 0.051131744, 0.061898142, 0.056714952, 0.06948427, 0.05778379, 0.061974596, 0.05239462, 0.06280484, 0.059241172, 0.056683846, 0.041586947, 0.06450976, 0.047459736, 0.055037834, 0.060868513, 0.050965466, 0.06390112, 0.05658589, 0.06636372, 0.061956335, 0.06327656, 0.0569398, 0.052921787, 0.062328786, 0.059189696, 0.06127439, 0.06856908, 0.06861735, 0.06663851, 0.06855904, 0.08333045, 0.08293654, 0.07609148, 0.07853772, 0.086468056, 0.0906968], "var": [0.98, 0.98, 0.98, 0.96, 0.94, 0.94, 0.92, 0.92, 0.88, 0.88, 0.9, 0.88, 0.88, 0.86, 0.84, 0.84, 0.84, 0.86, 0.86, 0.84, 0.82, 0.84, 0.84, 0.8, 0.78, 0.8, 0.76, 0.76, 0.74, 0.78, 0.78, 0.78, 0.78, 0.78, 0.78, 0.78, 0.78, 0.74, 0.74, 0.72, 0.68, 0.7, 0.7, 0.68, 0.68, 0.7, 0.68, 0.68, 0.66, 0.64], "best": [0.41666666, 0.44555557, 0.35027775, 0.34413263, 0.43835977, 0.43943092, 0.38653198, 0.38926554, 0.43790123, 0.43947366, 0.34678712, 0.3536111, 0.3746599, 0.4379365, 0.3751475, 0.39344493, 0.39481196, 0.4379902, 0.40046456, 0.4443355, 0.4388199, 0.4395772, 0.44543764, 0.4428889, 0.36947277, 0.44736624, 0.44454977, 0.44504192, 0.4457227, 0.44706723, 0.4492377, 0.40565658, 0.44739583, 0.44867674, 0.44920635, 0.4500594, 0.45161757, 0.438795, 0.4506031, 0.45090958, 0.45375586, 0.45462397, 0.50343794, 0.5041423, 0.5051025, 0.5070102, 0.4542292, 0.5081769, 0.5089239, 0.5098543], "duration": [42855, 40452, 52259, 42706, 49582, 47748, 45353, 38417, 44585, 39590, 37211, 38871, 39107, 38976, 38994, 45273, 39038, 50358, 45044, 42462, 51358, 45643, 45861, 39193, 38373, 39013, 39441, 43730, 38569, 39556, 39444, 38843, 46004, 46079, 39477, 39437, 38714, 38865, 39098, 39342, 39095, 39427, 40046, 39651, 53044, 39263, 38377, 39674, 39532, 39448]}