{"avg": [0.435, 0.42333335, 0.42333335, 0.43166667, 0.425, 0.43166667, 0.42666668, 0.42166665, 0.43333334, 0.42166665, 0.41666666, 0.425, 0.41833332, 0.42333335, 0.425, 0.42333335, 0.425, 0.42166665, 0.415, 0.41166666, 0.415, 0.42, 0.41333333, 0.41666666, 0.39333335], "std": [0.20089379, 0.20196266, 0.20805988, 0.20594637, 0.20361315, 0.19768806, 0.20523696, 0.20440295, 0.20749837, 0.20440294, 0.20344256, 0.19947845, 0.20309412, 0.21005295, 0.20361312, 0.2060475, 0.19311045, 0.19819324, 0.2037769, 0.20028447, 0.19754753, 0.21275975, 0.20612833, 0.21730676, 0.20483063], "var": [0.99333334, 0.9866667, 0.9866667, 0.98, 0.98, 0.98, 0.97333336, 0.97333336, 0.96666664, 0.96666664, 0.96, 0.96, 0.9533333, 0.94, 0.9266667, 0.91333336, 0.91333336, 0.9066667, 0.9066667, 0.9066667, 0.9, 0.88666666, 0.87333333, 0.87333333, 0.87333333], "best": [0.75, 0.75, 1.0, 1.0, 1.0, 1.0, 1.0, 1.0, 1.0, 1.0, 1.0, 1.0, 1.0, 1.0, 0.75, 1.0, 1.0, 1.0, 1.0, 1.0, 0.75, 1.0, 1.0, 1.0, 1.0], "duration": [30783, 28630, 28560, 30321, 30433, 28587, 28813, 28826, 29150, 29112, 30785, 32543, 32266, 32395, 32526, 30662, 32394, 30727, 32450, 32338, 32415, 32342, 32486, 32495, 30944]}