{"avg": [0.2701905, 0.28535426, 0.28134096, 0.27948257, 0.2771924, 0.27530175, 0.27978513, 0.27410096, 0.2753264, 0.2761452, 0.2770126, 0.27250397, 0.2694135, 0.2673908, 0.26522383, 0.26604658, 0.26534954, 0.26476723, 0.2673984, 0.26946267, 0.26740715, 0.2678629, 0.27001417, 0.2685138, 0.26657295, 0.26392403, 0.26791942, 0.26403353, 0.2616029, 0.25812644, 0.26196986, 0.2638959, 0.266144, 0.26596108, 0.26669136, 0.26625794, 0.26564494, 0.26303655, 0.2619793, 0.26194802, 0.25934896, 0.2587201, 0.25164732, 0.25042257, 0.25509307, 0.25676167, 0.2585575, 0.25862977, 0.25757813, 0.25883377], "std": [0.063744165, 0.06466373, 0.06642, 0.06296759, 0.062041674, 0.05829976, 0.057964668, 0.05715569, 0.05878761, 0.057121046, 0.05671683, 0.058984555, 0.062134746, 0.061779678, 0.059638247, 0.06060594, 0.05997837, 0.059998497, 0.06107538, 0.0629742, 0.06268955, 0.062146433, 0.06129895, 0.061707094, 0.06311242, 0.062955804, 0.06298282, 0.062716566, 0.062619045, 0.061348576, 0.058640953, 0.06032033, 0.05887141, 0.058104098, 0.057381086, 0.057313632, 0.05718127, 0.054614346, 0.055303827, 0.05488184, 0.055710405, 0.05647004, 0.053336903, 0.052844893, 0.054977182, 0.054830372, 0.050960306, 0.04758043, 0.048523553, 0.048751876], "var": [0.98, 0.96, 0.96, 0.94, 0.92, 0.92, 0.88, 0.88, 0.88, 0.88, 0.88, 0.86, 0.86, 0.84, 0.84, 0.82, 0.84, 0.86, 0.88, 0.86, 0.86, 0.86, 0.84, 0.86, 0.86, 0.82, 0.84, 0.82, 0.84, 0.88, 0.86, 0.86, 0.86, 0.86, 0.88, 0.88, 0.88, 0.88, 0.84, 0.84, 0.86, 0.88, 0.86, 0.86, 0.86, 0.84, 0.82, 0.82, 0.8, 0.82], "best": [0.4333333, 0.44999996, 0.44966665, 0.4491111, 0.44883332, 0.3618857, 0.3617302, 0.36171427, 0.3617024, 0.36169314, 0.36168572, 0.36167967, 0.36161909, 0.36156777, 0.36152384, 0.36148572, 0.36149406, 0.36150143, 0.36373016, 0.36418045, 0.36458573, 0.36485717, 0.36510393, 0.36532918, 0.3655913, 0.36580572, 0.3660806, 0.36621165, 0.36626193, 0.36626276, 0.36630794, 0.36635026, 0.36634824, 0.3662857, 0.3662269, 0.3660381, 0.36584127, 0.3656551, 0.36549625, 0.36534557, 0.36516905, 0.36500117, 0.36485717, 0.36475083, 0.3646494, 0.36458203, 0.3645176, 0.36442757, 0.3643274, 0.3642449], "duration": [99852, 101172, 97710, 97591, 96845, 96411, 95741, 96506, 96741, 96417, 98092, 98522, 98650, 97594, 95252, 96647, 100228, 99408, 97310, 96272, 93748, 94044, 95204, 94755, 94125, 95324, 95554, 92131, 96475, 96646, 95345, 95871, 94359, 95122, 95183, 93268, 91700, 92209, 90292, 88825, 88266, 86594, 84786, 85370, 85158, 85252, 85627, 84762, 83177, 88185]}