{"avg": [0.63, 0.64166665, 0.6383333, 0.63166666, 0.645, 0.6383333, 0.63166666, 0.64666665, 0.635, 0.63666666, 0.64, 0.62666667, 0.62333333, 0.62, 0.61833334, 0.62333333, 0.6333333, 0.62333333, 0.61333334, 0.615, 0.60833335, 0.60833335, 0.5966667, 0.6066667, 0.60333335], "std": [0.19731537, 0.20899887, 0.20111488, 0.20350398, 0.20670028, 0.19903232, 0.2014461, 0.20245714, 0.19712526, 0.19490744, 0.20099752, 0.20154956, 0.20765895, 0.20558861, 0.20350397, 0.20765896, 0.21147639, 0.21553557, 0.20933762, 0.2094239, 0.20086618, 0.2148966, 0.20973523, 0.21476093, 0.20450483], "var": [1.0, 0.99333334, 0.9866667, 0.98, 0.96666664, 0.9533333, 0.9533333, 0.94666666, 0.94, 0.93333334, 0.9266667, 0.91333336, 0.9, 0.88666666, 0.88666666, 0.88666666, 0.88, 0.87333333, 0.8666667, 0.86, 0.8466667, 0.8333333, 0.82666665, 0.82666665, 0.82666665], "best": [1.0, 1.0, 1.0, 1.0, 1.0, 1.0, 1.0, 1.0, 1.0, 1.0, 1.0, 1.0, 1.0, 1.0, 1.0, 1.0, 1.0, 1.0, 1.0, 1.0, 1.0, 1.0, 1.0, 1.0, 1.0], "duration": [230696, 231558, 231062, 231945, 233333, 234484, 233089, 232913, 234740, 235017, 237073, 234354, 234376, 235729, 234086, 234801, 237017, 237643, 238635, 235177, 236101, 232802, 230841, 230319, 228753]}