{"avg": [0.7288886, 0.7266664, 0.7288886, 0.73111075, 0.7333329, 0.72888845, 0.7288885, 0.7311107, 0.7288885, 0.7288886, 0.72666633, 0.72444415, 0.7222219, 0.71555525, 0.7133331, 0.7155553, 0.7111109, 0.70888865, 0.70888865, 0.7066664, 0.70666647, 0.70666647, 0.7088887, 0.7088887, 0.71111095], "std": [0.23217708, 0.23116457, 0.23217706, 0.23316407, 0.2309402, 0.22896433, 0.22896434, 0.2299652, 0.23217699, 0.23217706, 0.23434705, 0.23332281, 0.2354403, 0.23534568, 0.2373621, 0.23847242, 0.23934056, 0.23819284, 0.24128261, 0.24012342, 0.24012342, 0.24318871, 0.24433333, 0.24734643, 0.2484519], "var": [1.0, 0.99333334, 0.9866667, 0.98, 0.98, 0.97333336, 0.96666664, 0.96, 0.9533333, 0.94666666, 0.94, 0.94, 0.9266667, 0.9266667, 0.93333334, 0.93333334, 0.92, 0.91333336, 0.9066667, 0.8933333, 0.8933333, 0.88666666, 0.88666666, 0.88, 0.87333333], "best": [1.0, 1.0, 1.0, 1.0, 1.0, 1.0, 1.0, 1.0, 1.0, 1.0, 1.0, 1.0, 1.0, 1.0, 1.0, 1.0, 1.0, 1.0, 1.0, 1.0, 1.0, 1.0, 1.0, 1.0, 1.0], "duration": [225137, 227325, 226346, 227802, 230126, 228038, 225130, 228637, 226391, 226631, 225770, 224860, 223879, 222713, 223317, 223580, 220308, 220686, 223984, 223839, 225119, 224591, 223903, 221422, 222732]}