{"avg": [0.25250003, 0.2812408, 0.28774855, 0.28683797, 0.2890177, 0.28730273, 0.30328062, 0.3125208, 0.30533588, 0.3200658, 0.29837203, 0.2879051, 0.31221303, 0.32613504, 0.29536277, 0.28846484, 0.28318372, 0.2968287, 0.3028118, 0.31697178, 0.328909, 0.29119292, 0.33215293, 0.33111018, 0.30545712, 0.36431435, 0.29476422, 0.2880142, 0.3198611, 0.3088578, 0.3179252, 0.34841183, 0.30581042, 0.32365352, 0.35161385, 0.34294438, 0.31769013, 0.32935974, 0.33087903, 0.34797615, 0.3616766, 0.32518637, 0.3478655, 0.33223715, 0.3442419, 0.35001588, 0.37456566, 0.3523683, 0.36444056, 0.3577478], "std": [0.083399974, 0.0714762, 0.04932519, 0.039525297, 0.067411914, 0.07003315, 0.051622834, 0.048318893, 0.07450755, 0.06267096, 0.06066346, 0.047518432, 0.063937776, 0.05283086, 0.071879484, 0.06576497, 0.05664617, 0.04088187, 0.065320335, 0.061546482, 0.04505287, 0.070019215, 0.05153486, 0.05783033, 0.07433295, 0.05957227, 0.06629602, 0.06348461, 0.049336948, 0.05408198, 0.07529166, 0.052693136, 0.068047106, 0.05290729, 0.07039256, 0.071189664, 0.06951657, 0.056185506, 0.053302273, 0.077147454, 0.04168361, 0.081760444, 0.056714833, 0.059666347, 0.060354643, 0.07113291, 0.078668535, 0.04967614, 0.067986034, 0.069250494], "var": [0.98, 0.98, 0.98, 0.96, 0.94, 0.94, 0.92, 0.92, 0.88, 0.88, 0.88, 0.86, 0.84, 0.82, 0.82, 0.8, 0.8, 0.8, 0.82, 0.8, 0.8, 0.78, 0.78, 0.76, 0.74, 0.72, 0.72, 0.74, 0.74, 0.72, 0.72, 0.7, 0.66, 0.66, 0.68, 0.64, 0.62, 0.6, 0.6, 0.58, 0.56, 0.54, 0.5, 0.5, 0.48, 0.46, 0.48, 0.46, 0.44, 0.48], "best": [0.42083335, 0.44972226, 0.3544444, 0.3482993, 0.44252646, 0.44359758, 0.39069864, 0.39343217, 0.4420679, 0.44364035, 0.35401607, 0.35444447, 0.44260204, 0.44331762, 0.38135967, 0.39596996, 0.39634612, 0.35045457, 0.39641201, 0.3973907, 0.44207415, 0.39964858, 0.44248083, 0.49549088, 0.44375548, 0.49669397, 0.3810275, 0.4050274, 0.405303, 0.36149928, 0.49764037, 0.49813688, 0.40757203, 0.40785623, 0.49853897, 0.44685254, 0.41215035, 0.41255668, 0.44710267, 0.50084406, 0.41517344, 0.41664764, 0.41799748, 0.41962206, 0.42045453, 0.50245845, 0.5031278, 0.42440632, 0.4327015, 0.4490516], "duration": [42974, 39929, 52757, 43020, 49884, 47797, 45621, 38523, 44710, 39798, 37241, 38151, 45780, 39861, 44719, 38509, 38175, 39274, 39542, 39156, 46131, 39105, 39894, 39778, 38860, 39487, 38688, 37334, 52245, 45417, 39377, 39483, 39512, 38913, 46327, 38228, 39548, 39433, 45664, 39695, 46601, 38889, 44850, 38642, 39269, 46241, 40238, 39358, 40018, 46455]}