{"avg": [0.29809526, 0.33116552, 0.3381024, 0.33146605, 0.33094642, 0.33353442, 0.35423514, 0.36385334, 0.3563443, 0.3739777, 0.34969792, 0.33778343, 0.36078715, 0.38021395, 0.34618467, 0.33890095, 0.34808686, 0.35948625, 0.34546152, 0.3493136, 0.36618298, 0.36094308, 0.36278993, 0.3620256, 0.37770677, 0.37957078, 0.37521055, 0.34553066, 0.3793319, 0.3827526, 0.40761527, 0.3967293, 0.34507158, 0.3639988, 0.38921434, 0.39453468, 0.42449713, 0.3726607, 0.39682972, 0.41244614, 0.4041097, 0.3891759, 0.38156116, 0.42348543, 0.41738176, 0.4254816, 0.4077035, 0.41434687, 0.42723122, 0.42167297], "std": [0.09958811, 0.08490297, 0.05736414, 0.047377333, 0.079150386, 0.08328855, 0.060504004, 0.05709504, 0.087309144, 0.07307845, 0.07145747, 0.0497243, 0.0760687, 0.062043622, 0.07980024, 0.07891539, 0.0824242, 0.06624123, 0.068234846, 0.08073099, 0.051314987, 0.083330445, 0.067619115, 0.049951557, 0.067681745, 0.057681162, 0.0667963, 0.085022874, 0.045388736, 0.07385811, 0.04680244, 0.0706759, 0.08700551, 0.095392756, 0.072853744, 0.05784859, 0.04181469, 0.082435235, 0.057848297, 0.07799409, 0.07000528, 0.07009401, 0.086144045, 0.0525953, 0.09407691, 0.0640164, 0.08102959, 0.06787315, 0.064737126, 0.055847626], "var": [0.98, 0.98, 0.98, 0.96, 0.94, 0.94, 0.92, 0.92, 0.88, 0.88, 0.88, 0.86, 0.84, 0.82, 0.82, 0.8, 0.8, 0.8, 0.8, 0.78, 0.78, 0.74, 0.74, 0.74, 0.74, 0.72, 0.7, 0.68, 0.68, 0.68, 0.66, 0.68, 0.64, 0.66, 0.64, 0.64, 0.62, 0.62, 0.62, 0.6, 0.58, 0.56, 0.58, 0.58, 0.56, 0.58, 0.56, 0.52, 0.5, 0.48], "best": [0.49999997, 0.52476186, 0.4119728, 0.40670553, 0.5185941, 0.5195122, 0.45784375, 0.46018678, 0.518201, 0.51954883, 0.4116056, 0.4119728, 0.5186588, 0.5192722, 0.4488185, 0.46236202, 0.5186813, 0.5198441, 0.41174886, 0.46208096, 0.47316042, 0.46379396, 0.46693876, 0.46829787, 0.46841797, 0.52021426, 0.4710361, 0.4788355, 0.47235456, 0.48031977, 0.481572, 0.5195179, 0.47692746, 0.48394036, 0.51975566, 0.5202531, 0.48600125, 0.48781422, 0.5207107, 0.5210381, 0.5213949, 0.48360783, 0.48457438, 0.49157602, 0.49234697, 0.4943978, 0.5209183, 0.52121675, 0.49755588, 0.49327716], "duration": [43110, 39824, 52644, 43023, 49828, 47961, 45679, 38608, 45077, 39882, 37442, 38308, 46000, 39837, 44827, 38531, 38624, 39960, 39081, 38461, 45865, 45856, 39109, 38247, 39593, 39195, 38954, 38535, 38791, 39988, 39376, 39485, 44998, 52043, 34703, 38757, 45986, 45382, 39683, 39557, 40006, 38868, 39102, 39384, 46130, 39718, 52955, 39066, 39424, 46345]}