{"avg": [0.3968254, 0.48822752, 0.4877645, 0.40731922, 0.48753306, 0.324127, 0.38798943, 0.40414247, 0.48665148, 0.38957986, 0.40555558, 0.4873912, 0.48844537, 0.40696052, 0.48737106, 0.4060631, 0.3255521, 0.3245465, 0.4875153, 0.32508656, 0.40597293, 0.4866641, 0.48770088, 0.24319132, 0.4871817, 0.4865353, 0.48749295, 0.48680305, 0.32462767, 0.48673943, 0.4868865, 0.39032277, 0.24356072, 0.48735976, 0.19540818, 0.3253376, 0.4066751, 0.19510844, 0.40648392, 0.48742557, 0.40626988, 0.48746642, 0.32434738, 0.3253008, 0.405115, 0.48711357, 0.32469305, 0.38993147, 0.48689905, 0.48691747], "std": [0.1774657, 0.0049862703, 0.0033704212, 0.1821725, 0.0021838015, 0.22919868, 0.19401284, 0.18074495, 0.0013619163, 0.19479366, 0.18137112, 0.0014696419, 0.0024180782, 0.18200144, 0.0016032485, 0.1816042, 0.23020138, 0.22949257, 0.0023161927, 0.22987774, 0.18156059, 0.002155214, 0.002199869, 0.24319184, 0.0019453324, 0.0011721939, 0.0012123225, 0.0011079899, 0.22954708, 0.0016257607, 0.0005684658, 0.19516182, 0.24356148, 0.0016033171, 0.23932517, 0.23005082, 0.18187463, 0.23895879, 0.1817858, 0.000870885, 0.1816909, 0.0014912481, 0.22935048, 0.23002246, 0.18117341, 0.001007529, 0.2295964, 0.1949678, 0.0010681503, 0.0005873108], "var": [1.0, 1.0, 1.0, 1.0, 1.0, 1.0, 1.0, 1.0, 1.0, 1.0, 1.0, 1.0, 1.0, 1.0, 1.0, 1.0, 1.0, 1.0, 1.0, 1.0, 1.0, 1.0, 1.0, 1.0, 1.0, 1.0, 1.0, 1.0, 1.0, 1.0, 1.0, 1.0, 1.0, 1.0, 1.0, 1.0, 1.0, 1.0, 1.0, 1.0, 1.0, 1.0, 1.0, 1.0, 1.0, 1.0, 1.0, 1.0, 1.0, 1.0], "best": [0.47619048, 0.49841273, 0.49007937, 0.49285713, 0.49146828, 0.4884127, 0.49007937, 0.48675957, 0.48895645, 0.4886088, 0.48750004, 0.48855606, 0.49236694, 0.49015447, 0.4895238, 0.48898116, 0.48959628, 0.4894558, 0.49061358, 0.4895238, 0.48883417, 0.48985168, 0.4905134, 0.48721805, 0.49033916, 0.48791465, 0.48987702, 0.4887973, 0.48791888, 0.4890873, 0.48768473, 0.4885979, 0.4879022, 0.489105, 0.48860547, 0.48978916, 0.49036118, 0.48871005, 0.48872873, 0.48839286, 0.48865426, 0.48960856, 0.48748526, 0.48815286, 0.48682043, 0.48811355, 0.48964962, 0.4884906, 0.48850933, 0.48789263], "duration": [10346, 10382, 10341, 10344, 10343, 10379, 10355, 10400, 10421, 10438, 10424, 10423, 10391, 10411, 10427, 10409, 10408, 10417, 10406, 10374, 11229, 10426, 10388, 5677, 10415, 10418, 10435, 10416, 10387, 10429, 10428, 10386, 5455, 10375, 5429, 10415, 10433, 5662, 10419, 10427, 10376, 10416, 10374, 10425, 10421, 10434, 10457, 10423, 10422, 10422]}