{"avg": [0.26031747, 0.3245421, 0.2863095, 0.301294, 0.3263215, 0.30345708, 0.3083674, 0.3025911, 0.3132363, 0.30902192, 0.31809005, 0.30289218, 0.3066894, 0.28609443, 0.327903, 0.3386362, 0.32494578, 0.3137802, 0.3313542, 0.3309079, 0.27086282, 0.33885512, 0.3323858, 0.33696637, 0.3145558, 0.33965436, 0.3433773, 0.33433366, 0.34696066, 0.33412322, 0.35785955, 0.3511522, 0.34493473, 0.3351745, 0.35189307, 0.35819334, 0.32832545, 0.3517838, 0.38180977, 0.32280937, 0.33903974, 0.368076, 0.33457562, 0.3586395, 0.36248383, 0.36628902, 0.39674196, 0.36174688, 0.3867066, 0.3871854], "std": [0.08539034, 0.048629787, 0.06576326, 0.04174077, 0.050764866, 0.04550259, 0.08315304, 0.06394356, 0.032751244, 0.040985987, 0.038442582, 0.070387125, 0.073496304, 0.05500065, 0.05309603, 0.050177988, 0.052041806, 0.049535077, 0.03442369, 0.04862207, 0.074013956, 0.04209479, 0.048157163, 0.043113567, 0.09392737, 0.045398064, 0.037679426, 0.055209067, 0.053947993, 0.052606646, 0.0773844, 0.04694862, 0.074915364, 0.0759605, 0.06797505, 0.061172865, 0.05601019, 0.06403503, 0.051981956, 0.09533123, 0.08301928, 0.06824293, 0.099400386, 0.06486969, 0.089588344, 0.05930018, 0.069030106, 0.0847714, 0.06525767, 0.06518233], "var": [0.98, 0.96, 0.96, 0.94, 0.92, 0.9, 0.9, 0.88, 0.88, 0.88, 0.88, 0.86, 0.86, 0.84, 0.84, 0.84, 0.84, 0.84, 0.84, 0.82, 0.8, 0.78, 0.78, 0.76, 0.78, 0.78, 0.76, 0.74, 0.76, 0.76, 0.74, 0.74, 0.7, 0.72, 0.72, 0.7, 0.7, 0.7, 0.68, 0.68, 0.68, 0.66, 0.64, 0.6, 0.56, 0.6, 0.6, 0.6, 0.6, 0.64], "best": [0.4333333, 0.46222222, 0.35357141, 0.36283645, 0.4537634, 0.3588909, 0.4552083, 0.45654762, 0.3612034, 0.36719945, 0.3882014, 0.454191, 0.45531532, 0.37138143, 0.45550457, 0.4563662, 0.456586, 0.4205211, 0.3802381, 0.4561937, 0.3543131, 0.38622084, 0.45558795, 0.45598885, 0.45617282, 0.4571912, 0.38831484, 0.3905872, 0.45642748, 0.45748374, 0.45753136, 0.45904183, 0.459332, 0.46055976, 0.46072972, 0.46181926, 0.4630599, 0.46298185, 0.46351576, 0.46455967, 0.46487907, 0.46517947, 0.46601602, 0.46686217, 0.46771577, 0.46926644, 0.4777821, 0.4716312, 0.4724902, 0.4803146], "duration": [42997, 39813, 51760, 43643, 39868, 38959, 39697, 38606, 37781, 39658, 40072, 44180, 39053, 39464, 47583, 43950, 38889, 45013, 39853, 39322, 42636, 39589, 44104, 56792, 43377, 45805, 43646, 39339, 39432, 45524, 40118, 40300, 39879, 39859, 39134, 39904, 43493, 39170, 40121, 39798, 39483, 46655, 39829, 40071, 46522, 39920, 40111, 39685, 46746, 39985]}