{"avg": [0.26031747, 0.30148146, 0.304256, 0.29068324, 0.3212702, 0.3110501, 0.31269225, 0.33958918, 0.3257065, 0.3328531, 0.32778266, 0.35401785, 0.34481966, 0.34301925, 0.3133558, 0.37119296, 0.40543562, 0.37759063, 0.36153272, 0.39917007, 0.39182115, 0.38373908, 0.39531696, 0.39858937, 0.42290726, 0.45807755, 0.40045494, 0.43351486, 0.42729568, 0.43583876, 0.43932885, 0.4515863, 0.45764998, 0.45839012, 0.48234487, 0.48064435, 0.4717273, 0.48152822, 0.49995935, 0.48873442, 0.49702826, 0.5053544, 0.49508852, 0.5070802, 0.5048707, 0.51789147, 0.521729, 0.5379486, 0.5110829, 0.5411916], "std": [0.08539034, 0.077474244, 0.06249321, 0.044480864, 0.0663847, 0.05651149, 0.06863851, 0.061563462, 0.070956536, 0.0788034, 0.061075393, 0.081306465, 0.0755213, 0.07488252, 0.041288417, 0.056152467, 0.058537386, 0.068977535, 0.053985428, 0.06548129, 0.055967428, 0.083750516, 0.08361699, 0.06710584, 0.06776621, 0.055673618, 0.085650295, 0.08084441, 0.065052316, 0.06900531, 0.08052423, 0.07807302, 0.066928506, 0.07092633, 0.06523858, 0.06080374, 0.07762769, 0.06735395, 0.0654143, 0.070866816, 0.059667725, 0.063874744, 0.07265693, 0.07238495, 0.054319948, 0.06952829, 0.066216215, 0.045527253, 0.07369015, 0.046223585], "var": [0.98, 0.98, 0.96, 0.94, 0.94, 0.96, 0.94, 0.92, 0.92, 0.88, 0.84, 0.82, 0.82, 0.8, 0.78, 0.78, 0.76, 0.76, 0.76, 0.74, 0.74, 0.74, 0.72, 0.74, 0.72, 0.74, 0.72, 0.72, 0.72, 0.7, 0.68, 0.64, 0.64, 0.62, 0.62, 0.6, 0.6, 0.58, 0.58, 0.58, 0.58, 0.58, 0.56, 0.52, 0.5, 0.52, 0.48, 0.5, 0.46, 0.44], "best": [0.4333333, 0.46222222, 0.44682539, 0.36231884, 0.46065572, 0.46367517, 0.46350875, 0.46695903, 0.4689567, 0.47256234, 0.4703252, 0.47509158, 0.47777775, 0.46724793, 0.39053968, 0.47496542, 0.48018372, 0.48530862, 0.47518185, 0.4882222, 0.49033967, 0.48696968, 0.49740633, 0.49201098, 0.5018421, 0.5053872, 0.5001506, 0.51298904, 0.51401937, 0.51004833, 0.51304346, 0.52124244, 0.52840465, 0.52150506, 0.5338226, 0.52813846, 0.5356401, 0.53827995, 0.54606557, 0.5493867, 0.55187494, 0.54829514, 0.5481087, 0.5582846, 0.5523809, 0.5545285, 0.56570905, 0.5683177, 0.5630406, 0.5730851], "duration": [43157, 39904, 39915, 43052, 40385, 39181, 45296, 38876, 38546, 56174, 46372, 44813, 39763, 39669, 38967, 39566, 51658, 39934, 39517, 40153, 44324, 40289, 44803, 44816, 40142, 40492, 39893, 65179, 51321, 58543, 47143, 40318, 45203, 40525, 40582, 45246, 40562, 51999, 40527, 40441, 45315, 40374, 40249, 45060, 40549, 40449, 40539, 40555, 40501, 40500]}