{"avg": [0.24948148, 0.28429633, 0.28929827, 0.28749272, 0.2856697, 0.28821778, 0.30273968, 0.31640965, 0.30463326, 0.32169276, 0.29936415, 0.29141203, 0.31162277, 0.3300413, 0.2966301, 0.2940318, 0.30017948, 0.31344524, 0.29427972, 0.31816941, 0.32890242, 0.29689467, 0.3234314, 0.33550417, 0.30878174, 0.36379623, 0.29652336, 0.2811022, 0.31991088, 0.32277143, 0.3254009, 0.31934384, 0.3151249, 0.30924433, 0.3543612, 0.3567716, 0.30568856, 0.3230734, 0.3385593, 0.3205167, 0.34117204, 0.329688, 0.32496127, 0.3272655, 0.35012275, 0.36500856, 0.35346878, 0.32969007, 0.37790868, 0.3653129], "std": [0.088128105, 0.07241157, 0.047384083, 0.042779334, 0.068115205, 0.07161646, 0.05089416, 0.04903493, 0.07660079, 0.06348273, 0.059696704, 0.04772383, 0.06488232, 0.053024944, 0.068901405, 0.066063344, 0.07066856, 0.053118482, 0.056427244, 0.06195945, 0.04694481, 0.0654387, 0.07032403, 0.055621453, 0.07486401, 0.06356653, 0.06346478, 0.06575079, 0.04662083, 0.06399876, 0.036924966, 0.052678853, 0.07368055, 0.068350576, 0.06914438, 0.052402567, 0.052915633, 0.06159797, 0.04695982, 0.08351684, 0.05938585, 0.062081747, 0.06525182, 0.06379763, 0.04530506, 0.077041656, 0.08861405, 0.09496228, 0.07393179, 0.06836762], "var": [0.98, 0.98, 0.98, 0.96, 0.94, 0.94, 0.92, 0.92, 0.88, 0.88, 0.88, 0.86, 0.84, 0.82, 0.82, 0.8, 0.8, 0.8, 0.82, 0.8, 0.8, 0.78, 0.78, 0.76, 0.74, 0.72, 0.72, 0.74, 0.74, 0.74, 0.74, 0.74, 0.72, 0.72, 0.72, 0.72, 0.7, 0.7, 0.72, 0.72, 0.72, 0.74, 0.72, 0.74, 0.72, 0.7, 0.7, 0.68, 0.68, 0.7], "best": [0.42444444, 0.45333335, 0.35666665, 0.35052153, 0.44613755, 0.44720867, 0.3931987, 0.39593223, 0.44567898, 0.44725144, 0.3540562, 0.35666668, 0.44621313, 0.4469287, 0.38330412, 0.39847, 0.4461111, 0.44747475, 0.35650465, 0.3981421, 0.44736767, 0.4004418, 0.44762453, 0.501309, 0.44876638, 0.50242376, 0.38135386, 0.40619722, 0.40643942, 0.50334555, 0.4075106, 0.4076191, 0.5039482, 0.4085861, 0.50428694, 0.45154667, 0.3684788, 0.41185188, 0.45145497, 0.45181966, 0.452065, 0.39848673, 0.41388476, 0.4142157, 0.41412726, 0.50580335, 0.50655055, 0.5072673, 0.5077395, 0.49858198], "duration": [37929, 39618, 52272, 42720, 49529, 47519, 45322, 38328, 44485, 39407, 37231, 37964, 45453, 39451, 44548, 38331, 38506, 39492, 38813, 38747, 45731, 38743, 38934, 39357, 38552, 39063, 38197, 37121, 45348, 44577, 38601, 39183, 38155, 38879, 38873, 45399, 38913, 39078, 59361, 39041, 39468, 39373, 39032, 45506, 39401, 39163, 39126, 39271, 39742, 59083]}