{"avg": [0.26031747, 0.28715342, 0.29708436, 0.2902818, 0.2913673, 0.29178455, 0.31222042, 0.31193653, 0.31121796, 0.30489454, 0.3048309, 0.2974026, 0.29857805, 0.31472418, 0.30568844, 0.27997556, 0.28685406, 0.299323, 0.329972, 0.3366544, 0.2973615, 0.3278652, 0.34771284, 0.30943045, 0.2978723, 0.32537338, 0.33076015, 0.2943859, 0.3223227, 0.32075894, 0.33994186, 0.325592, 0.3538452, 0.31929544, 0.34079805, 0.33511904, 0.33051574, 0.33823246, 0.33880112, 0.341745, 0.35544404, 0.35313684, 0.34361702, 0.36054578, 0.32699105, 0.37805068, 0.33430225, 0.35443005, 0.33325583, 0.36755756], "std": [0.08539034, 0.07461725, 0.04982655, 0.041381273, 0.07330871, 0.07210073, 0.055793356, 0.07127405, 0.04674235, 0.051017765, 0.043167427, 0.05437303, 0.06699768, 0.07070256, 0.05101251, 0.067375414, 0.07000706, 0.07466155, 0.05441689, 0.03163386, 0.07326349, 0.08213288, 0.043138776, 0.08120426, 0.082206406, 0.06752905, 0.055774193, 0.0716094, 0.072325304, 0.07947027, 0.057087995, 0.05272203, 0.035093423, 0.0653119, 0.06065474, 0.07126469, 0.06631338, 0.07430579, 0.06623889, 0.061290722, 0.055041946, 0.055914395, 0.06557444, 0.050626107, 0.08127973, 0.063972786, 0.074583255, 0.08785777, 0.070192836, 0.052295327], "var": [0.98, 0.98, 0.98, 0.96, 0.94, 0.94, 0.92, 0.92, 0.9, 0.9, 0.86, 0.84, 0.84, 0.84, 0.82, 0.8, 0.8, 0.78, 0.78, 0.78, 0.8, 0.82, 0.82, 0.78, 0.76, 0.74, 0.74, 0.74, 0.72, 0.72, 0.76, 0.76, 0.76, 0.74, 0.72, 0.72, 0.72, 0.72, 0.72, 0.68, 0.7, 0.7, 0.68, 0.64, 0.6, 0.62, 0.62, 0.6, 0.6, 0.62], "best": [0.4333333, 0.46222222, 0.36396822, 0.3578231, 0.45502642, 0.45609757, 0.40081772, 0.45652172, 0.40556777, 0.3899217, 0.39130434, 0.3657738, 0.36649027, 0.4547967, 0.3919414, 0.36835572, 0.361051, 0.40153322, 0.40675887, 0.40865508, 0.4091575, 0.45284548, 0.45331383, 0.41204485, 0.41275004, 0.39376625, 0.45303407, 0.4153249, 0.41551745, 0.41651788, 0.41636908, 0.41755643, 0.41856095, 0.42030513, 0.4210153, 0.4227562, 0.42352197, 0.4237273, 0.45210084, 0.45262292, 0.45295057, 0.42646822, 0.427153, 0.42726246, 0.45337212, 0.45347515, 0.429795, 0.454178, 0.43055132, 0.43127918], "duration": [43070, 40043, 52772, 42904, 50013, 48027, 39230, 38769, 45190, 39231, 39050, 38131, 38349, 39106, 39597, 38535, 39110, 45949, 39200, 46439, 39248, 46044, 39526, 39401, 38899, 39619, 39132, 45110, 39578, 39179, 39387, 51811, 39967, 39273, 45525, 39615, 39807, 39641, 39275, 39881, 39578, 39725, 40003, 39873, 39257, 39939, 39835, 40420, 39229, 39789]}