{"avg": [0.33522624, 0.3630479, 0.39256373, 0.44907978, 0.43200442, 0.46464407, 0.47491604, 0.5199683, 0.51113194, 0.53957146, 0.56643546, 0.58511525, 0.6049155, 0.63389516, 0.64407027, 0.66795564, 0.6822646, 0.68416536, 0.69217163, 0.6923147, 0.6969889, 0.7015173, 0.7069624, 0.708942, 0.71211845, 0.7142958, 0.7210942, 0.7075558, 0.7224563, 0.7224196, 0.7266224, 0.72832733, 0.7331598, 0.72950095, 0.7363709, 0.7316017, 0.7351398, 0.73894083, 0.73799896, 0.7381515, 0.7425847, 0.7421334, 0.7474174, 0.7486377, 0.74500364, 0.7487259, 0.74585015, 0.748396, 0.7483829, 0.7516194, 0.7548254, 0.748819, 0.7521773, 0.7541912, 0.75996786, 0.7582356, 0.7612086, 0.7597856, 0.7551588, 0.7548887, 0.7506387, 0.75975716, 0.76225525, 0.7580948, 0.7570619, 0.7587502, 0.7562214, 0.75920165, 0.7621708, 0.7628097, 0.75830185, 0.7684774, 0.7590688, 0.7637817, 0.76254183], "std": [0.09911003, 0.09231576, 0.08204063, 0.075970426, 0.07183887, 0.067157716, 0.067070864, 0.05893894, 0.06092808, 0.07512486, 0.06361834, 0.055925425, 0.052896842, 0.053291813, 0.053480916, 0.036829025, 0.021845452, 0.02427777, 0.025770536, 0.019268936, 0.017608443, 0.01644008, 0.01388271, 0.0153112775, 0.017255027, 0.0156239625, 0.0056354282, 0.025890261, 0.014955091, 0.01751255, 0.014660845, 0.014956848, 0.009757679, 0.017780889, 0.010649113, 0.018891161, 0.017139284, 0.014377637, 0.017139286, 0.018253589, 0.015031433, 0.016808514, 0.0109369755, 0.010430622, 0.017139284, 0.01380104, 0.018253611, 0.01649538, 0.017489206, 0.014693868, 0.010674853, 0.019117337, 0.016495401, 0.0150314495, 0.0, 0.010430636, 0.0, 0.009787409, 0.017489206, 0.018253611, 0.021568028, 0.01380102, 0.010430636, 0.017139284, 0.018564958, 0.017489186, 0.019968092, 0.017860025, 0.015031467, 0.014693852, 0.019591833, 5.9604645e-08, 0.019591808, 0.015392779, 0.017139263], "var": [1.0, 1.0, 1.0, 1.0, 1.0, 1.0, 1.0, 1.0, 1.0, 1.0, 1.0, 0.96, 0.88, 0.92, 0.92, 0.96, 0.92, 0.72, 0.6, 0.48, 0.4, 0.44, 0.48, 0.48, 0.4, 0.32, 0.28, 0.2, 0.16, 0.16, 0.16, 0.12, 0.12, 0.08, 0.04, 0.04, 0.04, 0.04, 0.04, 0.04, 0.04, 0.04, 0.04, 0.04, 0.04, 0.04, 0.04, 0.04, 0.04, 0.04, 0.04, 0.04, 0.04, 0.04, 0.04, 0.04, 0.04, 0.04, 0.04, 0.04, 0.04, 0.04, 0.04, 0.04, 0.04, 0.04, 0.04, 0.04, 0.04, 0.04, 0.04, 0.04, 0.04, 0.04, 0.04], "best": [0.5265306, 0.58482695, 0.5858092, 0.5873783, 0.5892976, 0.5914842, 0.5922322, 0.663071, 0.61646175, 0.6680971, 0.6713987, 0.6750658, 0.6810495, 0.68378896, 0.6867775, 0.6914832, 0.69439393, 0.6985563, 0.7015251, 0.70549047, 0.7084183, 0.7108937, 0.7138766, 0.71669483, 0.7196235, 0.7217583, 0.7237254, 0.7260348, 0.72820157, 0.7300716, 0.73195314, 0.73374, 0.7354141, 0.7374446, 0.73897785, 0.74050707, 0.74213684, 0.7436055, 0.7449961, 0.74631464, 0.7477404, 0.74881226, 0.7499953, 0.7509702, 0.7520007, 0.75298494, 0.75401354, 0.75478476, 0.75573, 0.75651723, 0.75727415, 0.75800264, 0.7585659, 0.7593469, 0.75996786, 0.7605681, 0.7612086, 0.76182634, 0.7625059, 0.76305187, 0.76352817, 0.7640162, 0.7645877, 0.76509184, 0.76558006, 0.76609725, 0.76653296, 0.7669352, 0.76732665, 0.7677075, 0.76809776, 0.7684773, 0.7688648, 0.7692238, 0.76953894], "duration": [109369, 97131, 123788, 110170, 87413, 82288, 111245, 91619, 84161, 105925, 113623, 92133, 99598, 93600, 108755, 109002, 100614, 108407, 143877, 85930, 115801, 129522, 137319, 94819, 101395, 144847, 115695, 93995, 101583, 101367, 94809, 123559, 108452, 108508, 94008, 93787, 100757, 100880, 107704, 136483, 101045, 94138, 87151, 101301, 93293, 100666, 93738, 101640, 108257, 108432, 108158, 108345, 143938, 100925, 86473, 115203, 115309, 93264, 93517, 100735, 129973, 101487, 115906, 86981, 87932, 95902, 95533, 95809, 117789, 93142, 100812, 100541, 86174, 86182, 114529]}