{"avg": [0.27333334, 0.30318516, 0.30953217, 0.30677843, 0.30561122, 0.30854455, 0.32542974, 0.33654037, 0.32763982, 0.34367687, 0.32277682, 0.3092593, 0.33321998, 0.3505274, 0.31975514, 0.31155512, 0.32345587, 0.33216006, 0.32012525, 0.31685793, 0.34388015, 0.3381638, 0.33226517, 0.3348632, 0.34854776, 0.352158, 0.34726948, 0.32057944, 0.35457203, 0.3545379, 0.38121256, 0.36002898, 0.36655802, 0.35945514, 0.35869434, 0.33798185, 0.3472864, 0.36358958, 0.39830974, 0.3822385, 0.3836352, 0.3673417, 0.3852778, 0.3881009, 0.3713008, 0.37432727, 0.38171047, 0.34277028, 0.389246, 0.3863536], "std": [0.090226054, 0.078303896, 0.05072741, 0.045876443, 0.07337135, 0.08153322, 0.055273276, 0.05135639, 0.08121469, 0.06854243, 0.06624097, 0.044993103, 0.06369604, 0.057952523, 0.07385017, 0.073393695, 0.07451629, 0.060997274, 0.06318233, 0.07917908, 0.053970877, 0.069004774, 0.067914374, 0.045810264, 0.061867718, 0.051989917, 0.060194142, 0.07866029, 0.04356371, 0.067605995, 0.045637254, 0.0687406, 0.069446295, 0.08658552, 0.046178628, 0.04838488, 0.049142167, 0.050941437, 0.056377415, 0.06153066, 0.07335439, 0.05981429, 0.050684795, 0.062554166, 0.07018792, 0.06823, 0.06815644, 0.10073437, 0.06931401, 0.056436945], "var": [0.98, 0.98, 0.98, 0.96, 0.94, 0.94, 0.92, 0.92, 0.88, 0.88, 0.88, 0.86, 0.84, 0.82, 0.82, 0.8, 0.8, 0.8, 0.8, 0.78, 0.78, 0.74, 0.74, 0.74, 0.74, 0.72, 0.7, 0.68, 0.68, 0.68, 0.68, 0.7, 0.7, 0.7, 0.68, 0.7, 0.7, 0.7, 0.7, 0.7, 0.68, 0.64, 0.64, 0.6, 0.62, 0.62, 0.6, 0.58, 0.56, 0.58], "best": [0.45555553, 0.4844444, 0.38222227, 0.3760771, 0.47724864, 0.47831976, 0.41986534, 0.42259887, 0.47679007, 0.47836253, 0.38179386, 0.3768519, 0.43843535, 0.47803977, 0.40774858, 0.42513666, 0.47735038, 0.47870705, 0.38275465, 0.42480874, 0.47900453, 0.42680725, 0.4304762, 0.4320618, 0.43220195, 0.47913885, 0.4352564, 0.4467366, 0.4367946, 0.4484683, 0.44992924, 0.47832644, 0.47896823, 0.4795581, 0.45437774, 0.38635445, 0.45373002, 0.4646168, 0.4654176, 0.48054186, 0.46668434, 0.44767082, 0.46686867, 0.46717617, 0.46825394, 0.46903303, 0.48298752, 0.46942183, 0.48348823, 0.45364586], "duration": [42971, 39799, 52568, 42766, 49695, 47764, 45661, 38540, 44834, 39743, 37351, 38144, 45883, 39639, 44850, 38578, 38595, 40011, 39061, 38691, 46045, 45745, 39054, 38213, 39720, 39174, 39046, 38566, 38742, 39727, 39227, 39606, 39682, 39154, 38398, 38807, 38803, 39740, 40061, 40350, 39521, 46128, 46775, 46314, 39158, 39334, 46552, 39481, 39500, 38834]}