{"avg": [0.27333334, 0.30059257, 0.3054386, 0.30400065, 0.30765802, 0.31083214, 0.32542974, 0.33654037, 0.32763982, 0.34089908, 0.31999904, 0.30682874, 0.33565053, 0.3505274, 0.31489402, 0.30912456, 0.3036467, 0.31573895, 0.3210512, 0.365211, 0.3379133, 0.3261609, 0.32771018, 0.3343446, 0.32637796, 0.3748512, 0.32927454, 0.31835967, 0.3338756, 0.3120353, 0.3623215, 0.34285668, 0.29789677, 0.37208256, 0.32684907, 0.35356432, 0.3386968, 0.34943125, 0.37580916, 0.33135384, 0.34909877, 0.3687278, 0.3722655, 0.3843837, 0.3768887, 0.35804114, 0.37202573, 0.38221732, 0.36641932, 0.38093936], "std": [0.090226054, 0.07738616, 0.04947797, 0.04355961, 0.07473447, 0.07992441, 0.055273276, 0.05135639, 0.08121469, 0.073459975, 0.0645004, 0.04224237, 0.068244144, 0.057952523, 0.07135402, 0.072211005, 0.06088768, 0.044197693, 0.07111714, 0.07718259, 0.05557926, 0.08107754, 0.059161298, 0.031771734, 0.07343705, 0.072716855, 0.075783566, 0.04269597, 0.056222796, 0.07317642, 0.039182488, 0.05859935, 0.08068727, 0.07318504, 0.08879674, 0.060935777, 0.07401363, 0.059858736, 0.05137992, 0.09190816, 0.07292367, 0.066040345, 0.07262032, 0.07073641, 0.06620208, 0.082204625, 0.09262055, 0.06933665, 0.09048789, 0.05006013], "var": [0.98, 0.98, 0.98, 0.96, 0.94, 0.94, 0.92, 0.92, 0.88, 0.88, 0.88, 0.86, 0.84, 0.82, 0.82, 0.8, 0.8, 0.82, 0.82, 0.82, 0.82, 0.8, 0.8, 0.78, 0.76, 0.76, 0.76, 0.72, 0.72, 0.72, 0.7, 0.72, 0.74, 0.72, 0.72, 0.68, 0.66, 0.66, 0.66, 0.64, 0.62, 0.62, 0.6, 0.58, 0.54, 0.54, 0.54, 0.56, 0.54, 0.54], "best": [0.45555553, 0.4844444, 0.38222227, 0.3760771, 0.47724864, 0.47831976, 0.41986534, 0.42259887, 0.47679007, 0.47836253, 0.38072288, 0.3727778, 0.47732422, 0.47803977, 0.40774858, 0.42513666, 0.42551282, 0.37545455, 0.4773148, 0.47795987, 0.47879422, 0.42771086, 0.38390806, 0.38292238, 0.47856513, 0.479485, 0.48104095, 0.34200418, 0.43137255, 0.3880117, 0.47981083, 0.48022905, 0.3829026, 0.4801203, 0.48093143, 0.4423827, 0.48161936, 0.43511495, 0.4818419, 0.48212397, 0.4647912, 0.48283294, 0.4834766, 0.48463562, 0.4395349, 0.48520613, 0.48588374, 0.48607707, 0.49120304, 0.48728505], "duration": [43114, 39875, 52826, 42939, 49879, 47846, 45690, 38817, 45052, 39881, 37459, 38265, 45921, 39673, 44769, 38639, 38260, 39329, 39399, 39697, 46308, 37730, 39673, 39517, 38534, 39878, 45878, 38614, 38589, 39108, 39520, 38992, 38613, 39669, 37648, 46243, 39421, 39362, 39817, 39297, 40044, 40109, 39835, 39772, 38933, 39621, 39491, 40126, 46483, 39945]}