{"avg": [0.26031747, 0.2896931, 0.29226458, 0.2828924, 0.296576, 0.26601395, 0.32856783, 0.304352, 0.2945712, 0.28479704, 0.30905274, 0.30956784, 0.31488705, 0.31067517, 0.28305146, 0.31477097, 0.31282637, 0.31676796, 0.31585762, 0.3249426, 0.32091516, 0.32905665, 0.32550263, 0.33277497, 0.33944768, 0.33052194, 0.32092965, 0.33471256, 0.33033177, 0.33853176, 0.3465938, 0.3361129, 0.32926613, 0.3606911, 0.35708496, 0.3468555, 0.35184133, 0.3386342, 0.34491393, 0.354612, 0.35128987, 0.35011998, 0.36547115, 0.36667883, 0.3588154, 0.36425397, 0.33545363, 0.37882856, 0.37121174, 0.36597934], "std": [0.08539034, 0.07409099, 0.06730356, 0.063944556, 0.041092213, 0.08661633, 0.05570885, 0.05419583, 0.05402232, 0.046639442, 0.050838463, 0.03922784, 0.06468209, 0.04798282, 0.04238545, 0.058790192, 0.058314238, 0.0687574, 0.060516782, 0.061612207, 0.05284001, 0.06307986, 0.06414452, 0.05056455, 0.05540516, 0.07041248, 0.04081408, 0.06331394, 0.07330037, 0.055495977, 0.064248666, 0.049337577, 0.060110323, 0.046459172, 0.058129475, 0.061255105, 0.053909913, 0.047972307, 0.07424663, 0.06169959, 0.06705241, 0.07641503, 0.06579079, 0.054696288, 0.07488885, 0.06326813, 0.061608624, 0.058612898, 0.055898868, 0.06341001], "var": [0.98, 0.96, 0.96, 0.94, 0.92, 0.9, 0.9, 0.88, 0.88, 0.88, 0.88, 0.88, 0.88, 0.86, 0.86, 0.86, 0.84, 0.84, 0.84, 0.84, 0.82, 0.8, 0.78, 0.76, 0.74, 0.72, 0.72, 0.7, 0.7, 0.66, 0.66, 0.66, 0.62, 0.6, 0.62, 0.62, 0.64, 0.6, 0.58, 0.56, 0.54, 0.54, 0.56, 0.58, 0.56, 0.54, 0.54, 0.58, 0.58, 0.6], "best": [0.4333333, 0.46222222, 0.36396822, 0.36507937, 0.37674603, 0.45225224, 0.45530304, 0.37975034, 0.38325262, 0.38154325, 0.38325652, 0.3769748, 0.45181158, 0.38635394, 0.34492946, 0.45275363, 0.40507165, 0.45429292, 0.456077, 0.4565415, 0.3882581, 0.4567288, 0.40787545, 0.45793426, 0.4585804, 0.45923075, 0.39277506, 0.4595863, 0.4599692, 0.39471725, 0.4601152, 0.4130409, 0.4134225, 0.413515, 0.46039724, 0.4150679, 0.46113053, 0.40351686, 0.46098232, 0.4612453, 0.46134582, 0.46133128, 0.4617983, 0.46248785, 0.46267805, 0.46373367, 0.4208701, 0.46442652, 0.46544018, 0.4657669], "duration": [43156, 40118, 39298, 43748, 38878, 38200, 40055, 38745, 51683, 45102, 40009, 39239, 45283, 39788, 38832, 39962, 45729, 39815, 39565, 38923, 38516, 39033, 39950, 39491, 46133, 39483, 38102, 39810, 46723, 34946, 52676, 46599, 46736, 46699, 47050, 46692, 40060, 39003, 39867, 46248, 53150, 39188, 40011, 39958, 40005, 39568, 39642, 40558, 40245, 40078]}