{"avg": [0.26031747, 0.2896931, 0.304254, 0.29288185, 0.2738889, 0.27812412, 0.3002556, 0.31343418, 0.30577412, 0.3035059, 0.30133834, 0.3148088, 0.3353095, 0.31882492, 0.32108435, 0.30934277, 0.34596035, 0.333298, 0.34796923, 0.34722242, 0.34242454, 0.33274704, 0.36006021, 0.3440843, 0.34415695, 0.35765082, 0.37718424, 0.3572767, 0.36011916, 0.37696984, 0.3882265, 0.39269224, 0.39782086, 0.3935163, 0.38283107, 0.38649186, 0.3971749, 0.4019154, 0.4151261, 0.41831055, 0.40648478, 0.43470806, 0.41230842, 0.44206423, 0.44140208, 0.42820165, 0.4394058, 0.4502023, 0.45148593, 0.46703622], "std": [0.08539034, 0.07409099, 0.037216675, 0.06180759, 0.079972476, 0.07085014, 0.05589269, 0.053583913, 0.076423824, 0.07705914, 0.051779613, 0.051800333, 0.06371722, 0.0818989, 0.090348534, 0.076769456, 0.040266488, 0.07678904, 0.05174666, 0.0715599, 0.073931, 0.06358475, 0.06551533, 0.07768799, 0.07067823, 0.062127624, 0.058295265, 0.07059262, 0.063046984, 0.056852918, 0.077871226, 0.06198172, 0.06974384, 0.054172195, 0.07244721, 0.06616427, 0.07410424, 0.08580069, 0.07558009, 0.061888363, 0.048690714, 0.045147378, 0.05106879, 0.03849861, 0.053314507, 0.07516805, 0.050736036, 0.05466689, 0.06189234, 0.042414393], "var": [1.0, 1.0, 1.0, 1.0, 0.98, 0.98, 0.98, 0.98, 0.98, 0.98, 0.98, 0.98, 0.96, 0.98, 0.98, 0.98, 0.94, 0.94, 0.94, 0.94, 0.94, 0.94, 0.92, 0.92, 0.92, 0.9, 0.9, 0.9, 0.9, 0.9, 0.9, 0.9, 0.9, 0.9, 0.9, 0.9, 0.86, 0.86, 0.84, 0.8, 0.8, 0.8, 0.76, 0.76, 0.76, 0.74, 0.74, 0.74, 0.74, 0.72], "best": [0.4333333, 0.46222222, 0.36396822, 0.35841265, 0.3623016, 0.3852814, 0.38845754, 0.4487654, 0.45134404, 0.439579, 0.37547466, 0.41933444, 0.4520947, 0.44143566, 0.454321, 0.44204614, 0.42843592, 0.4557252, 0.45690474, 0.45712683, 0.45907173, 0.43848133, 0.44579068, 0.4615525, 0.4622922, 0.43661618, 0.4636804, 0.46425796, 0.4659176, 0.46644926, 0.46758088, 0.468848, 0.4783027, 0.4775873, 0.47923914, 0.4820238, 0.48325065, 0.4853375, 0.48516694, 0.48875704, 0.48832783, 0.49080858, 0.49278307, 0.49360704, 0.49527192, 0.49770477, 0.49939266, 0.50117946, 0.50622946, 0.50689447], "duration": [43184, 40145, 39495, 47955, 44799, 39165, 38874, 39895, 39995, 38859, 39925, 39576, 40090, 38481, 44936, 39356, 38791, 46479, 39518, 46283, 46077, 46712, 40259, 39081, 40079, 39441, 40114, 39984, 39707, 39828, 39588, 56472, 51388, 47177, 51433, 44631, 56087, 53869, 40261, 72700, 40298, 49401, 44821, 45025, 65913, 56179, 56341, 56163, 54709, 59079]}