{"avg": [0.26715505, 0.30108058, 0.3197107, 0.32717204, 0.35864663, 0.3676668, 0.38640302, 0.39931273, 0.41148037, 0.4288375, 0.46501544, 0.4621451, 0.5, 0.505869, 0.5573891, 0.5598496, 0.53722167, 0.5713079, 0.5957844, 0.6155949, 0.60771364, 0.59791577, 0.5890619, 0.6283737, 0.61108303, 0.60860485, 0.61678916, 0.6238623, 0.618842, 0.6219324, 0.6413453, 0.6264149, 0.6443128, 0.6431119, 0.6102088, 0.64751303, 0.6303409, 0.60691345, 0.5993748, 0.61981446, 0.61229676, 0.62938184, 0.62917215, 0.6218891, 0.6612362, 0.65391016, 0.65589195, 0.6583247, 0.6602608, 0.64337564], "std": [0.06722075, 0.062329356, 0.059974287, 0.062329985, 0.07262353, 0.08303869, 0.09609017, 0.09142323, 0.09829323, 0.10376581, 0.09488917, 0.11365668, 0.11163585, 0.11659998, 0.08584733, 0.09469941, 0.12820514, 0.11282041, 0.101223014, 0.08949757, 0.11237813, 0.13057944, 0.14726593, 0.11419945, 0.1362826, 0.1387736, 0.13868363, 0.13600461, 0.14292324, 0.13992637, 0.12615302, 0.14589143, 0.13197094, 0.1351843, 0.16508767, 0.13706079, 0.15419817, 0.17003092, 0.17384702, 0.16132759, 0.17091453, 0.15766121, 0.15978597, 0.16374326, 0.12875338, 0.14029984, 0.14223276, 0.14123921, 0.1370689, 0.15271352], "var": [0.92, 0.9, 0.84, 0.78, 0.76, 0.66, 0.66, 0.54, 0.48, 0.44, 0.5, 0.34, 0.3, 0.22, 0.22, 0.18, 0.16, 0.14, 0.1, 0.06, 0.04, 0.04, 0.04, 0.04, 0.04, 0.04, 0.04, 0.04, 0.04, 0.04, 0.04, 0.04, 0.04, 0.04, 0.04, 0.04, 0.04, 0.04, 0.04, 0.04, 0.04, 0.04, 0.04, 0.04, 0.04, 0.04, 0.04, 0.04, 0.04, 0.04], "best": [0.4333333, 0.45213675, 0.50934297, 0.5146399, 0.51925087, 0.5276285, 0.53626525, 0.54623437, 0.55393374, 0.56214154, 0.57183236, 0.58338696, 0.5906142, 0.6000457, 0.6079365, 0.61775905, 0.62678856, 0.6328168, 0.6403232, 0.64693606, 0.65406233, 0.66013473, 0.66473794, 0.6687023, 0.6729825, 0.67680305, 0.6799116, 0.6833002, 0.68678284, 0.68932563, 0.69165874, 0.6946246, 0.69668674, 0.6992386, 0.70145494, 0.70266503, 0.7047356, 0.7061617, 0.7069343, 0.70752627, 0.70850164, 0.7091651, 0.7102549, 0.7111681, 0.7119129, 0.7133629, 0.714739, 0.7159436, 0.71714973, 0.71830463], "duration": [166580, 177409, 227635, 185346, 193637, 187328, 173965, 181385, 182324, 168666, 202774, 181832, 162941, 162996, 204141, 190528, 190647, 169950, 183670, 190699, 176901, 190752, 229959, 156147, 203633, 224630, 251548, 231408, 183323, 176711, 170518, 169444, 196455, 216772, 189827, 217101, 169216, 189614, 189328, 189318, 162196, 215924, 175963, 202798, 157780, 196648, 195730, 203299, 189560, 175832]}