{"avg": [0.32833335, 0.36226985, 0.3632268, 0.36618075, 0.35781124, 0.36316612, 0.38550463, 0.39085713, 0.38653845, 0.37319472, 0.37695652, 0.36316183, 0.36076388, 0.39580902, 0.37707716, 0.3438366, 0.3618679, 0.37831622, 0.40641847, 0.41506463, 0.36532378, 0.40661865, 0.42917156, 0.3890698, 0.3705744, 0.40526378, 0.40413976, 0.36478892, 0.39838555, 0.39200968, 0.41835436, 0.40563822, 0.43416518, 0.38764125, 0.4174299, 0.41743922, 0.4072951, 0.41951177, 0.41744536, 0.4210339, 0.4335722, 0.43845257, 0.42269507, 0.44182196, 0.4022201, 0.4618997, 0.4058907, 0.435446, 0.41987652, 0.45401374], "std": [0.10887073, 0.093096055, 0.05918592, 0.051350042, 0.08932837, 0.09085136, 0.068416856, 0.08477781, 0.057630256, 0.06109876, 0.055240605, 0.063151486, 0.08954828, 0.08142103, 0.06785875, 0.08345332, 0.08108161, 0.08575846, 0.068823956, 0.04085838, 0.0897482, 0.10229967, 0.061933827, 0.09128296, 0.1030597, 0.08483842, 0.07139517, 0.08585646, 0.089965, 0.102250576, 0.06968499, 0.06357442, 0.044687998, 0.08098024, 0.07489314, 0.08726375, 0.0874298, 0.09394302, 0.08070704, 0.07763614, 0.0714676, 0.06920838, 0.08015883, 0.060300153, 0.099512406, 0.08032056, 0.08858347, 0.10586475, 0.074413255, 0.060051687], "var": [0.98, 0.98, 0.98, 0.96, 0.94, 0.94, 0.92, 0.92, 0.9, 0.9, 0.86, 0.84, 0.84, 0.84, 0.82, 0.8, 0.8, 0.78, 0.78, 0.78, 0.8, 0.82, 0.82, 0.78, 0.76, 0.74, 0.74, 0.74, 0.72, 0.72, 0.76, 0.76, 0.76, 0.74, 0.72, 0.72, 0.72, 0.72, 0.72, 0.68, 0.7, 0.7, 0.68, 0.64, 0.6, 0.62, 0.62, 0.6, 0.6, 0.62], "best": [0.55, 0.57166666, 0.44797617, 0.44336733, 0.5662699, 0.56707317, 0.5006133, 0.56739134, 0.50417584, 0.4924413, 0.49347827, 0.44933036, 0.44986773, 0.56609756, 0.49395606, 0.4512668, 0.44578826, 0.5011499, 0.50506914, 0.5064913, 0.5068681, 0.5647104, 0.56505847, 0.5090336, 0.50956255, 0.49538964, 0.56483793, 0.5114937, 0.51163805, 0.5123884, 0.51227677, 0.5131673, 0.5139207, 0.51522887, 0.51576144, 0.51706713, 0.5176415, 0.51779544, 0.56411767, 0.5645082, 0.5647528, 0.51985115, 0.52036476, 0.52044684, 0.5650655, 0.56514186, 0.52234626, 0.56566757, 0.52291346, 0.5234594], "duration": [43244, 40229, 53331, 43114, 50001, 47997, 39420, 38779, 45147, 39286, 39090, 38187, 38402, 39096, 39770, 38586, 39111, 46151, 39267, 46263, 39221, 46102, 39792, 39533, 38953, 39653, 38927, 45030, 39687, 39216, 39187, 51583, 39826, 39050, 45678, 39544, 39673, 39686, 39174, 39747, 39433, 39552, 39854, 39624, 39261, 39907, 39902, 40344, 39200, 39954]}