{"avg": [0.26177776, 0.29155552, 0.29748538, 0.30034986, 0.2940908, 0.29606092, 0.31537127, 0.32569072, 0.31757444, 0.33312133, 0.31333238, 0.29960647, 0.32523385, 0.3394857, 0.30496347, 0.29553622, 0.30103987, 0.31356335, 0.3119186, 0.30762598, 0.3305148, 0.32315224, 0.32223156, 0.3244819, 0.34023172, 0.3405903, 0.3340401, 0.32372406, 0.34323448, 0.34337744, 0.37167728, 0.35277015, 0.35401836, 0.34596455, 0.342424, 0.33067098, 0.3364915, 0.35061184, 0.3887045, 0.37822044, 0.3521048, 0.35009852, 0.33770335, 0.37325218, 0.3890344, 0.39261645, 0.37393722, 0.38389716, 0.38212693, 0.35829803], "std": [0.089019164, 0.06906405, 0.049554, 0.040684946, 0.07249997, 0.07241295, 0.053450223, 0.04962587, 0.07771078, 0.065462306, 0.06323234, 0.046595287, 0.065791205, 0.055129986, 0.07368565, 0.07542019, 0.07708836, 0.06812826, 0.060873546, 0.07334728, 0.053960692, 0.072490156, 0.06554848, 0.044146307, 0.058443412, 0.046900332, 0.05783499, 0.06537279, 0.041368272, 0.06564764, 0.039832067, 0.06441373, 0.06723738, 0.08774084, 0.049433064, 0.056838267, 0.04861484, 0.049524862, 0.052282527, 0.06184749, 0.07869305, 0.06630793, 0.079812884, 0.06570279, 0.059655167, 0.056740772, 0.06688047, 0.08218827, 0.06866971, 0.07105311], "var": [0.98, 0.98, 0.98, 0.96, 0.94, 0.94, 0.92, 0.92, 0.88, 0.88, 0.88, 0.86, 0.84, 0.82, 0.82, 0.8, 0.8, 0.8, 0.8, 0.78, 0.78, 0.74, 0.74, 0.74, 0.74, 0.72, 0.7, 0.7, 0.7, 0.7, 0.68, 0.68, 0.68, 0.68, 0.66, 0.68, 0.68, 0.68, 0.66, 0.7, 0.68, 0.64, 0.6, 0.58, 0.6, 0.62, 0.62, 0.64, 0.64, 0.62], "best": [0.43777776, 0.42888892, 0.36777773, 0.36385486, 0.45947087, 0.460542, 0.40653202, 0.40926555, 0.4590123, 0.46058476, 0.36738956, 0.3627778, 0.45954645, 0.46026203, 0.39663744, 0.41180333, 0.45944443, 0.46068683, 0.36942133, 0.41147542, 0.4609113, 0.41347393, 0.41714287, 0.41872847, 0.41886863, 0.4611111, 0.42192307, 0.43006995, 0.423687, 0.4319475, 0.43340412, 0.46061727, 0.46132275, 0.4619734, 0.43796125, 0.40646395, 0.4371818, 0.45128348, 0.45208427, 0.46330968, 0.44007432, 0.4416149, 0.4531647, 0.45328394, 0.453801, 0.4653119, 0.4549338, 0.51248604, 0.46716082, 0.46773008], "duration": [38322, 40047, 53061, 42953, 49950, 47999, 45792, 38770, 44959, 39864, 37341, 38420, 46161, 39773, 44830, 38647, 38860, 40018, 39203, 38752, 46068, 46335, 39494, 38301, 39828, 39340, 39207, 38721, 38992, 40003, 39632, 39728, 39650, 39271, 38500, 39240, 39405, 39774, 40232, 40197, 39552, 39589, 40139, 39965, 39868, 40041, 40150, 39985, 46740, 46725]}