{"avg": [0.24805553, 0.27957404, 0.28423977, 0.27999273, 0.28068432, 0.28093016, 0.29955253, 0.3063933, 0.2985967, 0.29938096, 0.30054718, 0.29568517, 0.3002332, 0.29703942, 0.29749098, 0.3488194, 0.3092954, 0.3253743, 0.33067653, 0.32412678, 0.3396171, 0.3243788, 0.3193853, 0.3464073, 0.34083986, 0.34584892, 0.35982373, 0.35496283, 0.38333154, 0.35959923, 0.38744652, 0.34592828, 0.36201745, 0.38204414, 0.399719, 0.4013759, 0.38215336, 0.39936405, 0.39254543, 0.38101816, 0.39910176, 0.37220934, 0.38592356, 0.41877553, 0.37058884, 0.3604649, 0.41377246, 0.4129275, 0.4276675, 0.42563218], "std": [0.08358111, 0.07094504, 0.048193637, 0.04633129, 0.06680872, 0.07256157, 0.050961293, 0.0465105, 0.07760174, 0.07645813, 0.07360466, 0.0796989, 0.06602584, 0.05990888, 0.096790634, 0.071174815, 0.045670386, 0.04382765, 0.068834916, 0.056339778, 0.06662551, 0.07294624, 0.05391759, 0.084984, 0.06127317, 0.078581184, 0.05887584, 0.06677348, 0.06859392, 0.067279115, 0.070201084, 0.08230971, 0.07092261, 0.07602762, 0.06956818, 0.080081135, 0.078611344, 0.07667815, 0.075492315, 0.087681234, 0.065286316, 0.091815144, 0.093402244, 0.06683593, 0.09288315, 0.086487286, 0.07719527, 0.0874605, 0.08397846, 0.0832934], "var": [0.98, 0.98, 0.98, 0.96, 0.94, 0.94, 0.92, 0.92, 0.92, 0.9, 0.88, 0.86, 0.84, 0.82, 0.8, 0.78, 0.76, 0.76, 0.74, 0.74, 0.76, 0.74, 0.72, 0.7, 0.68, 0.64, 0.62, 0.62, 0.62, 0.6, 0.56, 0.56, 0.52, 0.48, 0.46, 0.46, 0.46, 0.44, 0.44, 0.44, 0.44, 0.44, 0.4, 0.38, 0.36, 0.38, 0.36, 0.34, 0.3, 0.3], "best": [0.41666666, 0.44555557, 0.35027775, 0.34413263, 0.43835977, 0.43943092, 0.38653198, 0.38926554, 0.43790123, 0.44000003, 0.44024393, 0.44152543, 0.3934708, 0.44134617, 0.44118944, 0.44222224, 0.3997396, 0.4010949, 0.44535422, 0.4457096, 0.4473712, 0.44849396, 0.41034484, 0.44881275, 0.4502828, 0.45108333, 0.45360577, 0.4537123, 0.45389512, 0.45708606, 0.45767084, 0.46034482, 0.46137252, 0.46227074, 0.4640061, 0.46556744, 0.46917966, 0.47088966, 0.47359058, 0.47517335, 0.4763954, 0.47748092, 0.47821662, 0.4797376, 0.48157394, 0.48272812, 0.483242, 0.48494408, 0.4869251, 0.48963964], "duration": [42772, 39535, 52361, 42719, 49558, 47530, 45438, 38321, 38166, 39148, 38615, 39198, 38667, 45314, 38927, 39439, 45151, 43333, 39317, 38790, 38947, 38908, 38571, 46070, 39405, 39283, 45772, 39217, 45814, 45935, 46422, 39117, 39308, 45724, 39591, 39904, 39329, 39758, 45779, 39613, 39120, 39319, 39559, 39890, 38805, 39456, 53006, 39772, 39998, 52592]}