{"avg": [0.33735585, 0.36435348, 0.40221897, 0.40957153, 0.42000994, 0.43462697, 0.45144916, 0.48512864, 0.49756536, 0.5263646, 0.55563176, 0.56194526, 0.57991517, 0.5822038, 0.5980733, 0.6014445, 0.6300156, 0.6320553, 0.6463209, 0.6556081, 0.6691808, 0.6780265, 0.6954838, 0.69374716, 0.70066476, 0.7030821, 0.70982134, 0.7103552, 0.7125767, 0.7152028, 0.718801, 0.7236951, 0.7228148, 0.7275045, 0.72929186, 0.7311431, 0.7306286, 0.73248464, 0.7362109, 0.7350256, 0.73880285, 0.7400067, 0.74126726, 0.7424124, 0.73873794, 0.7444504, 0.7431319, 0.74636483, 0.74728423, 0.7480833, 0.74909, 0.747245, 0.7505302, 0.75121284, 0.75190616, 0.7486238, 0.75121766, 0.7497986, 0.7521628, 0.75120384, 0.7559507, 0.7521114, 0.75490403, 0.7576773, 0.758207, 0.7567367, 0.75692683, 0.7597163, 0.76018125, 0.75838524, 0.7587169, 0.7614548, 0.75987184, 0.75970906, 0.7604942], "std": [0.10154527, 0.09773567, 0.092477314, 0.053683657, 0.06043182, 0.09648398, 0.07627011, 0.075628735, 0.07871802, 0.0772641, 0.066458225, 0.07726654, 0.05188155, 0.05636218, 0.054430157, 0.055724856, 0.028424421, 0.05292741, 0.039605662, 0.04172361, 0.04103672, 0.038885366, 0.014511071, 0.021014173, 0.01637259, 0.017038973, 0.0031656045, 0.010785876, 0.0130466325, 0.011217769, 0.010321454, 0.00045309347, 0.010205251, 1.7881393e-07, 1.1920929e-07, 5.9604645e-08, 0.010430648, 0.009787409, 0.0, 0.010937001, 1.1920929e-07, 1.1920929e-07, 0.0, 1.1920929e-07, 0.014377657, 1.1920929e-07, 0.010202392, 1.7881393e-07, 1.7881393e-07, 1.1920929e-07, 1.1920929e-07, 0.010937001, 0.0, 1.1920929e-07, 1.1920929e-07, 0.013287843, 0.00998847, 0.013801059, 0.010937005, 0.01353726, 1.7881393e-07, 0.014080657, 0.010202405, 2.3841858e-07, 1.7881393e-07, 0.009598009, 0.010430644, 1.7881393e-07, 1.1920929e-07, 0.010202403, 0.010430648, 1.1920929e-07, 0.00959801, 0.0109369885, 0.009988475], "var": [1.0, 1.0, 1.0, 1.0, 1.0, 1.0, 1.0, 1.0, 1.0, 0.96, 0.96, 0.96, 0.96, 0.88, 0.84, 0.84, 0.76, 0.8, 0.8, 0.8, 0.76, 0.68, 0.64, 0.56, 0.56, 0.48, 0.36, 0.32, 0.24, 0.12, 0.12, 0.08, 0.04, 0.04, 0.04, 0.04, 0.04, 0.04, 0.04, 0.04, 0.04, 0.04, 0.04, 0.04, 0.04, 0.04, 0.04, 0.04, 0.04, 0.04, 0.04, 0.04, 0.04, 0.04, 0.04, 0.04, 0.04, 0.04, 0.04, 0.04, 0.04, 0.04, 0.04, 0.04, 0.04, 0.04, 0.04, 0.04, 0.04, 0.04, 0.04, 0.04, 0.04, 0.04, 0.04], "best": [0.57551014, 0.58482695, 0.5860544, 0.52494335, 0.59066695, 0.59210473, 0.5944777, 0.59806114, 0.5994366, 0.60130167, 0.60220915, 0.66663677, 0.66892135, 0.672193, 0.6731042, 0.68229717, 0.6854309, 0.69017184, 0.69249433, 0.69535154, 0.69827473, 0.70089954, 0.70324326, 0.70577496, 0.7078814, 0.7101679, 0.7123338, 0.7146203, 0.7167074, 0.7190684, 0.72128046, 0.72380847, 0.7254993, 0.7275043, 0.72929174, 0.73114306, 0.7329611, 0.7345254, 0.7362109, 0.7376036, 0.73880273, 0.7400068, 0.74126726, 0.74241227, 0.7434028, 0.7444503, 0.74535817, 0.746365, 0.7472844, 0.7480834, 0.7490899, 0.74982303, 0.7505302, 0.7512127, 0.75190604, 0.752542, 0.753347, 0.75405747, 0.7547407, 0.75528574, 0.7559505, 0.75656396, 0.7571302, 0.75767756, 0.75820684, 0.7586961, 0.7592591, 0.75971645, 0.7601811, 0.76061153, 0.7610492, 0.76145494, 0.7618308, 0.76228684, 0.76262367], "duration": [95080, 94429, 82440, 81990, 88350, 86530, 107935, 117064, 111030, 107513, 110565, 101937, 129239, 100368, 83559, 132407, 90336, 90646, 84177, 112975, 105616, 104549, 97712, 105103, 92706, 119026, 99134, 106423, 125880, 104142, 134462, 91443, 84481, 105828, 91839, 113258, 105577, 98195, 98225, 84015, 98233, 119166, 112709, 91327, 84310, 91281, 112239, 98519, 84002, 105034, 91175, 84352, 112230, 112553, 91147, 140216, 126287, 90936, 91058, 97947, 119090, 84090, 133072, 104864, 84471, 118888, 126130, 98108, 118909, 112273, 112414, 91068, 147420, 84250, 119505]}