{"avg": [0.6113946, 0.6625039, 0.67738754, 0.71435785, 0.727395, 0.7172783, 0.73272777, 0.73461616, 0.7363473, 0.7398741, 0.74424446, 0.7478759, 0.75323945, 0.7576236, 0.7634966, 0.7693255, 0.7734014, 0.77748585, 0.7811771, 0.7846338, 0.787377, 0.79083514, 0.7939566, 0.79650116, 0.7987673, 0.8010797, 0.8031889, 0.80543345, 0.80747384, 0.8090413, 0.8108854, 0.8122481, 0.81359845, 0.8148079, 0.8161851, 0.81731206, 0.8184816, 0.819585, 0.82062703, 0.82161266, 0.8225879, 0.8233145, 0.82412446, 0.82486063, 0.8255301, 0.8261395, 0.8268845, 0.82738227, 0.8280695, 0.8286418, 0.82919204, 0.82974726, 0.83020604, 0.83072203, 0.8311722, 0.8316525, 0.8321151, 0.8325823, 0.83303183, 0.8334076, 0.8338279, 0.8342516, 0.8346254, 0.8349705, 0.8352883, 0.8356455, 0.8359597, 0.83629537, 0.8366059, 0.8369073, 0.8371584, 0.8374576, 0.8377476, 0.838004, 0.8382662], "std": [0.111854486, 0.099267565, 0.09139296, 0.04874986, 0.002379417, 0.05080431, 0.002488829, 0.0041365176, 0.004481674, 0.005386509, 0.006457682, 0.0056689577, 0.005547131, 0.004406239, 0.003941955, 0.002778129, 0.004215449, 0.002891668, 0.0030693018, 0.0031292494, 0.0034858813, 0.0017311671, 0.0007965913, 0.0008964744, 0.0010140813, 0.0002034419, 0.0002698601, 2.3841858e-07, 1.7881393e-07, 0.0, 0.0, 0.0, 1.7881393e-07, 0.0, 5.9604645e-08, 2.3841858e-07, 1.7881393e-07, 5.9604645e-08, 1.1920929e-07, 0.0, 5.9604645e-08, 1.1920929e-07, 0.0, 0.0, 1.1920929e-07, 0.0, 1.1920929e-07, 1.1920929e-07, 1.1920929e-07, 0.0, 5.9604645e-08, 0.0, 5.9604645e-08, 1.1920929e-07, 1.1920929e-07, 5.9604645e-08, 0.0, 2.3841858e-07, 1.7881393e-07, 1.1920929e-07, 0.0, 2.3841858e-07, 2.3841858e-07, 0.0, 1.1920929e-07, 1.7881393e-07, 1.7881393e-07, 5.9604645e-08, 0.0, 5.9604645e-08, 2.3841858e-07, 5.9604645e-08, 0.0, 0.0, 2.3841858e-07], "var": [1.0, 1.0, 1.0, 1.0, 1.0, 0.96, 0.96, 0.96, 0.92, 0.88, 0.8, 0.72, 0.72, 0.64, 0.48, 0.44, 0.4, 0.32, 0.28, 0.24, 0.16, 0.12, 0.12, 0.12, 0.08, 0.08, 0.04, 0.04, 0.04, 0.04, 0.04, 0.04, 0.04, 0.04, 0.04, 0.04, 0.04, 0.04, 0.04, 0.04, 0.04, 0.04, 0.04, 0.04, 0.04, 0.04, 0.04, 0.04, 0.04, 0.04, 0.04, 0.04, 0.04, 0.04, 0.04, 0.04, 0.04, 0.04, 0.04, 0.04, 0.04, 0.04, 0.04, 0.04, 0.04, 0.04, 0.04, 0.04, 0.04, 0.04, 0.04, 0.04, 0.04, 0.04, 0.04], "best": [0.71428573, 0.72499996, 0.7279503, 0.7301099, 0.732437, 0.73544973, 0.73734534, 0.7411079, 0.74414027, 0.7473644, 0.75103027, 0.75513786, 0.75846773, 0.7630908, 0.7669643, 0.7723041, 0.7766351, 0.78007305, 0.783295, 0.78633386, 0.789147, 0.7917328, 0.7942605, 0.79678196, 0.79902077, 0.8011628, 0.8032721, 0.8054337, 0.80747366, 0.8090413, 0.8108854, 0.8122481, 0.8135983, 0.8148079, 0.81618506, 0.8173118, 0.8184818, 0.81958497, 0.8206269, 0.82161266, 0.82258785, 0.82331437, 0.82412446, 0.82486063, 0.82553023, 0.8261395, 0.8268846, 0.82738215, 0.8280694, 0.8286418, 0.829192, 0.82974726, 0.830206, 0.83072215, 0.83117235, 0.83165246, 0.8321151, 0.83258206, 0.833032, 0.83340746, 0.8338279, 0.8342518, 0.83462566, 0.8349705, 0.8352884, 0.8356453, 0.83595985, 0.8362954, 0.8366059, 0.83690727, 0.8371586, 0.83745754, 0.8377476, 0.838004, 0.83826596], "duration": [4795, 4007, 3376, 3998, 3633, 3853, 4525, 3458, 4054, 4332, 3772, 4984, 5170, 3511, 5444, 4458, 4647, 4099, 3965, 4123, 3986, 4931, 3993, 3392, 3421, 6475, 5251, 5936, 3795, 3996, 3975, 4973, 3944, 4288, 3997, 4431, 4215, 4526, 4323, 4242, 3717, 4043, 4064, 4108, 3873, 4364, 3510, 4768, 4839, 3987, 4563, 5177, 4908, 4065, 4599, 4067, 4348, 3567, 4257, 4454, 4244, 4996, 3624, 3311, 4569, 3652, 4994, 7298, 4275, 3600, 5092, 4272, 4215, 3628, 4163]}