{"avg": [0.22095238, 0.25273472, 0.25951663, 0.25762182, 0.25678483, 0.25918517, 0.27285483, 0.2748027, 0.27628532, 0.26656505, 0.271328, 0.26224047, 0.2618906, 0.2776338, 0.26995108, 0.25138208, 0.25649115, 0.28308445, 0.29459918, 0.30161938, 0.2611889, 0.28409302, 0.29807854, 0.27514008, 0.29317135, 0.2962361, 0.2905226, 0.29104346, 0.29024065, 0.30096, 0.2944575, 0.3027821, 0.3083913, 0.30366656, 0.29099047, 0.29393446, 0.3000431, 0.3166777, 0.32288796, 0.3078591, 0.31251803, 0.3309672, 0.33535376, 0.33266416, 0.3284024, 0.32084003, 0.3404859, 0.3270923, 0.34487563, 0.34885556], "std": [0.07480074, 0.062409963, 0.043303855, 0.037907217, 0.06221045, 0.06640764, 0.04825621, 0.059676617, 0.039972052, 0.049025647, 0.039069105, 0.05225989, 0.058330294, 0.06213399, 0.052109804, 0.06403543, 0.06567574, 0.06454811, 0.051481847, 0.029880386, 0.06040413, 0.07151632, 0.04959859, 0.06918506, 0.047192197, 0.03948955, 0.052634884, 0.04494241, 0.065308034, 0.047674675, 0.050623007, 0.0601632, 0.045036495, 0.056649845, 0.06716223, 0.05036881, 0.048325207, 0.03886027, 0.045776892, 0.061210766, 0.04483669, 0.035693165, 0.04209069, 0.04617596, 0.044832677, 0.05060972, 0.045820378, 0.046772115, 0.050380643, 0.041251484], "var": [0.98, 0.98, 0.98, 0.96, 0.94, 0.94, 0.92, 0.92, 0.9, 0.9, 0.86, 0.84, 0.84, 0.84, 0.82, 0.8, 0.8, 0.78, 0.78, 0.78, 0.78, 0.8, 0.8, 0.76, 0.78, 0.78, 0.78, 0.78, 0.76, 0.76, 0.78, 0.74, 0.78, 0.76, 0.78, 0.76, 0.74, 0.72, 0.7, 0.66, 0.62, 0.64, 0.62, 0.62, 0.64, 0.6, 0.62, 0.6, 0.58, 0.58], "best": [0.37142855, 0.40857142, 0.3210204, 0.3131195, 0.3993197, 0.40069684, 0.35207176, 0.40124223, 0.358179, 0.357059, 0.34392193, 0.35769945, 0.32154194, 0.40195122, 0.35852805, 0.357483, 0.35760635, 0.35834882, 0.36155367, 0.36156923, 0.3242347, 0.4054007, 0.40563908, 0.3267707, 0.3618384, 0.36237478, 0.3630821, 0.3638112, 0.36478162, 0.40896484, 0.36614802, 0.4098832, 0.36766315, 0.36896923, 0.4132285, 0.36986223, 0.37046114, 0.37147474, 0.4147933, 0.415839, 0.37301627, 0.3735803, 0.37419298, 0.41898412, 0.37742734, 0.37762022, 0.421734, 0.37978265, 0.42370862, 0.4138251], "duration": [42802, 39612, 52340, 42704, 49464, 47540, 38887, 38385, 44634, 39033, 38497, 37997, 37981, 38704, 39276, 38312, 38824, 45998, 39056, 45920, 38793, 45659, 39291, 39230, 38161, 45851, 39355, 39183, 38934, 52425, 39133, 45986, 39486, 39510, 38162, 45900, 39389, 39789, 39658, 46167, 45534, 45911, 39722, 45903, 45927, 39460, 39607, 39500, 39081, 39541]}