{"avg": [0.47293696, 0.5215794, 0.53474134, 0.5357254, 0.5627823, 0.57380503, 0.59863335, 0.60180944, 0.6104026, 0.62991315, 0.6359514, 0.65743023, 0.6692891, 0.6707586, 0.67769724, 0.6878056, 0.6855677, 0.69526726, 0.69997096, 0.6974855, 0.6952997, 0.70880765, 0.70513314, 0.7071181, 0.7090834, 0.7167224, 0.71217513, 0.70208704, 0.69655097, 0.72233766, 0.7178372, 0.72485423, 0.72013456, 0.7270089, 0.72789973, 0.7172115, 0.7244258, 0.73065454, 0.7314711, 0.73210645, 0.732846, 0.7277163, 0.73418427, 0.73479146, 0.723763, 0.7298535, 0.7364786, 0.73112977, 0.73100185, 0.73786867, 0.7384012, 0.73882884, 0.73925966, 0.7338055, 0.74001765, 0.73451966, 0.73458326, 0.7281433, 0.7413332, 0.74168485, 0.7420089, 0.74225163, 0.7296126, 0.7427585, 0.7430076, 0.73746884, 0.74355817, 0.74378514, 0.7440062, 0.74422145, 0.74444175, 0.7446453, 0.74489516, 0.72673005, 0.7452945], "std": [0.10777411, 0.093506046, 0.072735794, 0.078889295, 0.069322295, 0.06940153, 0.052796867, 0.0681799, 0.06747667, 0.050654862, 0.044350944, 0.02771227, 0.011264518, 0.027318513, 0.025187101, 0.0060389643, 0.027091138, 0.0066627967, 0.0001686088, 0.025693346, 0.034465965, 5.9604645e-08, 0.025506, 0.02607661, 0.026076594, 1.1920929e-07, 0.026076611, 0.04284822, 0.048979595, 1.1920929e-07, 0.026076596, 1.1920929e-07, 0.026076589, 1.1920929e-07, 1.1920929e-07, 0.0359441, 0.024971172, 1.1920929e-07, 0.0, 1.1920929e-07, 1.1920929e-07, 0.026076598, 0.0, 5.9604645e-08, 0.035944104, 0.026687134, 1.1920929e-07, 0.026076596, 0.027342472, 5.9604645e-08, 1.7881393e-07, 1.1920929e-07, 5.9604645e-08, 0.026076594, 1.7881393e-07, 0.026076596, 0.026687134, 0.03757864, 1.1920929e-07, 1.1920929e-07, 5.9604645e-08, 5.9604645e-08, 0.037578635, 1.7881393e-07, 5.9604645e-08, 0.026076596, 1.1920929e-07, 1.7881393e-07, 0.0, 1.7881393e-07, 1.7881393e-07, 0.0, 1.1920929e-07, 0.043723036, 5.9604645e-08], "var": [1.0, 1.0, 0.96, 0.96, 0.84, 0.72, 0.68, 0.64, 0.6, 0.6, 0.48, 0.4, 0.28, 0.24, 0.2, 0.16, 0.12, 0.08, 0.08, 0.08, 0.04, 0.04, 0.04, 0.04, 0.04, 0.04, 0.04, 0.04, 0.04, 0.04, 0.04, 0.04, 0.04, 0.04, 0.04, 0.04, 0.04, 0.04, 0.04, 0.04, 0.04, 0.04, 0.04, 0.04, 0.04, 0.04, 0.04, 0.04, 0.04, 0.04, 0.04, 0.04, 0.04, 0.04, 0.04, 0.04, 0.04, 0.04, 0.04, 0.04, 0.04, 0.04, 0.04, 0.04, 0.04, 0.04, 0.04, 0.04, 0.04, 0.04, 0.04, 0.04, 0.04, 0.04, 0.04], "best": [0.61734694, 0.62790596, 0.6303038, 0.6345345, 0.63754404, 0.6415934, 0.64679754, 0.6524296, 0.6573129, 0.66209376, 0.6675862, 0.67205685, 0.67644835, 0.6808095, 0.6853391, 0.6897764, 0.69362247, 0.6968012, 0.70003784, 0.70323986, 0.7060741, 0.7088076, 0.7106989, 0.7129491, 0.7149142, 0.7167223, 0.71800596, 0.7195799, 0.7210407, 0.72233754, 0.7236683, 0.7248541, 0.72596544, 0.727009, 0.72789985, 0.7288734, 0.7297495, 0.7306544, 0.7314711, 0.73210657, 0.7328459, 0.7335474, 0.73418427, 0.7347914, 0.73542464, 0.73597586, 0.7364785, 0.7369608, 0.7374464, 0.7378687, 0.738401, 0.73882896, 0.7392596, 0.7396363, 0.7400175, 0.7403504, 0.7407059, 0.7410327, 0.7413333, 0.74168473, 0.74200886, 0.7422517, 0.7425018, 0.74275833, 0.74300754, 0.7432999, 0.7435583, 0.7437853, 0.7440062, 0.74422127, 0.74444157, 0.7446453, 0.7448953, 0.7450975, 0.74529445], "duration": [87776, 66060, 71518, 93640, 71701, 77116, 88120, 82570, 77170, 72314, 82166, 82127, 88211, 65889, 76617, 87626, 71351, 82411, 104018, 76907, 76558, 76607, 71257, 76587, 71503, 87678, 71198, 93104, 71303, 82119, 71247, 93654, 71224, 76677, 82236, 71526, 109565, 71459, 76581, 76680, 71201, 103999, 65707, 98515, 76753, 87645, 76724, 82118, 71337, 93173, 76902, 76664, 71214, 76621, 65737, 65745, 71147, 71601, 82203, 76593, 71158, 71162, 71229, 71663, 87818, 65659, 82119, 87554, 76616, 82094, 76718, 114886, 65704, 71181, 76652]}