{"avg": [0.33730158, 0.40687826, 0.4123677, 0.35423282, 0.3565807, 0.3709259, 0.35650796, 0.296235, 0.37355623, 0.29418302, 0.34771827, 0.36239114, 0.39717552, 0.41524026, 0.362371, 0.35999444, 0.30097482, 0.31819728, 0.4002137, 0.35715723, 0.3587165, 0.39936247, 0.40436754, 0.34964493, 0.39988008, 0.39923373, 0.4017786, 0.4173586, 0.3288115, 0.40539023, 0.35791826, 0.3591746, 0.25858644, 0.29212168, 0.31812924, 0.32876492, 0.39251974, 0.37524033, 0.31554902, 0.3782986, 0.3209006, 0.3942124, 0.3283189, 0.37601125, 0.39114487, 0.4085421, 0.31294996, 0.39978033, 0.37380376, 0.40656027], "std": [0.075813375, 0.09106219, 0.056782767, 0.09514128, 0.0667036, 0.0901885, 0.058159027, 0.060290463, 0.017370513, 0.059378922, 0.08429886, 0.033183195, 0.04327263, 0.08906131, 0.093928725, 0.04326907, 0.10130677, 0.07394594, 0.09361845, 0.07517508, 0.091533825, 0.09058449, 0.024014445, 0.0762863, 0.09156566, 0.064701185, 0.043726396, 0.04991658, 0.06042029, 0.047818616, 0.04588783, 0.07040566, 0.049045004, 0.08187881, 0.061486825, 0.08679583, 0.09505046, 0.04430241, 0.07614133, 0.065939546, 0.111748196, 0.053322952, 0.1106457, 0.09767896, 0.08029965, 0.03750089, 0.05198382, 0.045121476, 0.06642333, 0.049126107], "var": [1.0, 1.0, 1.0, 1.0, 1.0, 1.0, 1.0, 1.0, 1.0, 1.0, 1.0, 1.0, 1.0, 1.0, 1.0, 1.0, 1.0, 1.0, 1.0, 1.0, 1.0, 1.0, 1.0, 1.0, 1.0, 1.0, 1.0, 1.0, 1.0, 1.0, 1.0, 1.0, 1.0, 1.0, 1.0, 1.0, 1.0, 1.0, 1.0, 1.0, 1.0, 1.0, 1.0, 1.0, 1.0, 1.0, 1.0, 1.0, 1.0, 1.0], "best": [0.44047618, 0.49841273, 0.49007937, 0.49285713, 0.4501984, 0.48619047, 0.45436504, 0.35499418, 0.39088142, 0.39075628, 0.48750004, 0.39331794, 0.487465, 0.49015447, 0.4886905, 0.39374304, 0.45388198, 0.39421764, 0.49061358, 0.48406926, 0.48883417, 0.48711944, 0.45219493, 0.48546365, 0.49033916, 0.4869951, 0.45416272, 0.48559222, 0.3918577, 0.4843254, 0.3918719, 0.4528836, 0.35658944, 0.39281973, 0.39336732, 0.45274815, 0.49036118, 0.45111778, 0.45194408, 0.45267856, 0.45293996, 0.48621872, 0.48748526, 0.48815286, 0.48682043, 0.45239925, 0.39441147, 0.48578456, 0.48500693, 0.48789263], "duration": [10946, 10925, 10908, 10898, 10924, 10899, 10851, 10841, 10912, 10911, 10921, 10901, 10919, 10927, 10927, 10887, 10863, 10893, 10912, 10876, 10870, 10907, 10910, 6447, 10892, 10912, 10891, 10967, 10878, 10934, 10991, 10904, 5984, 10890, 5954, 10893, 10926, 6415, 10911, 10934, 10914, 10941, 10849, 10919, 10939, 10922, 10890, 10932, 10931, 10927]}