{"avg": [0.26923078, 0.28057304, 0.30319422, 0.31158817, 0.3205921, 0.3074043, 0.31574443, 0.31289884, 0.31263027, 0.3384437, 0.30869356, 0.33735165, 0.3337807, 0.3371553, 0.33987677, 0.34523648, 0.34423348, 0.36409327, 0.36110082, 0.36891064, 0.36085021, 0.36754927, 0.38782823, 0.39234564, 0.38891643, 0.3862796, 0.39395183, 0.3769465, 0.38227916, 0.3866339, 0.39902446, 0.39571565, 0.4109623, 0.41671717, 0.42120457, 0.4077391, 0.4315768, 0.4283006, 0.4353339, 0.43995506, 0.45896456, 0.46962047, 0.46091315, 0.47137102, 0.47499076, 0.43733105, 0.48382115, 0.47497445, 0.46397224, 0.47723264], "std": [0.070596255, 0.061269883, 0.060749903, 0.059702773, 0.06554362, 0.053017456, 0.07086629, 0.04695178, 0.06968768, 0.045392156, 0.07174903, 0.04979587, 0.047505993, 0.05485578, 0.04883143, 0.06620519, 0.056036342, 0.056886993, 0.05178977, 0.051492345, 0.06634866, 0.05679706, 0.053684838, 0.04569956, 0.049817227, 0.049606625, 0.071368285, 0.07199454, 0.07091771, 0.061784204, 0.054540575, 0.07468576, 0.048446506, 0.073729284, 0.06639272, 0.08571237, 0.07593048, 0.0723136, 0.09491577, 0.07746838, 0.090390876, 0.07150148, 0.08467155, 0.09086389, 0.08681586, 0.111040406, 0.09234185, 0.09999768, 0.11262381, 0.10665621], "var": [0.98, 0.96, 0.96, 0.92, 0.88, 0.88, 0.88, 0.86, 0.84, 0.82, 0.82, 0.8, 0.76, 0.74, 0.7, 0.68, 0.62, 0.64, 0.64, 0.64, 0.66, 0.64, 0.58, 0.6, 0.58, 0.58, 0.58, 0.58, 0.54, 0.52, 0.5, 0.5, 0.48, 0.44, 0.44, 0.44, 0.42, 0.38, 0.38, 0.34, 0.28, 0.26, 0.26, 0.24, 0.24, 0.18, 0.14, 0.12, 0.12, 0.12], "best": [0.4333333, 0.36776558, 0.45493826, 0.4547325, 0.45607474, 0.44566453, 0.45967078, 0.38737836, 0.45984495, 0.4607046, 0.38760504, 0.46040264, 0.4611111, 0.4614084, 0.46264216, 0.46289924, 0.46365738, 0.46413592, 0.46558043, 0.4666023, 0.46830598, 0.46936783, 0.47043714, 0.47296587, 0.47567976, 0.47709846, 0.47824463, 0.48084342, 0.4825993, 0.48461854, 0.48554215, 0.48690057, 0.48856172, 0.4901099, 0.49343273, 0.4955877, 0.49765256, 0.5012708, 0.50367904, 0.50817204, 0.5108611, 0.5151913, 0.51909244, 0.52256536, 0.5261827, 0.5298567, 0.53182644, 0.5346595, 0.53768116, 0.54021555], "duration": [87034, 84134, 92028, 92349, 91468, 84848, 79477, 98539, 91607, 85824, 84807, 97813, 84917, 92930, 92620, 80459, 79688, 93848, 93682, 79888, 106518, 93135, 86638, 79986, 87583, 80512, 80997, 80145, 126677, 87727, 81086, 94324, 81284, 87650, 87890, 81052, 101533, 94810, 94743, 81317, 101811, 88265, 88528, 81517, 80825, 80681, 88066, 94983, 88010, 88095]}