{"avg": [0.26031747, 0.30396822, 0.28433496, 0.3141584, 0.29727337, 0.2839746, 0.3129424, 0.27985007, 0.2927693, 0.33102068, 0.33300224, 0.3387386, 0.32993254, 0.3325999, 0.30385682, 0.31775978, 0.314797, 0.30688116, 0.3054061, 0.32208228, 0.309751, 0.33020785, 0.34769627, 0.34368023, 0.34317765, 0.35940957, 0.3112382, 0.35736156, 0.33734062, 0.36611503, 0.36325726, 0.3511531, 0.3544437, 0.37070513, 0.36518884, 0.3516519, 0.36215016, 0.38350236, 0.37273926, 0.37129322, 0.35570735, 0.3917365, 0.36518455, 0.36907417, 0.3510844, 0.37239882, 0.3840919, 0.37841746, 0.38012543, 0.38334084], "std": [0.08539034, 0.050141897, 0.052361768, 0.055243794, 0.050673038, 0.04702824, 0.05746461, 0.0751359, 0.06966019, 0.050891828, 0.05541358, 0.031147908, 0.048143104, 0.051100403, 0.07065025, 0.075571276, 0.05082527, 0.058146067, 0.07757584, 0.049064793, 0.052519828, 0.0455286, 0.034262005, 0.047942005, 0.077074215, 0.04383486, 0.0661658, 0.039673086, 0.06692738, 0.04755998, 0.04677335, 0.038199726, 0.06643267, 0.049802348, 0.06085178, 0.06063098, 0.057822425, 0.03348731, 0.036964536, 0.05509632, 0.072978735, 0.034505814, 0.06329676, 0.064809315, 0.07480888, 0.07688598, 0.05485593, 0.06645918, 0.055270776, 0.067502946], "var": [1.0, 1.0, 0.98, 0.98, 0.96, 0.94, 0.92, 0.88, 0.88, 0.86, 0.86, 0.82, 0.82, 0.84, 0.82, 0.8, 0.78, 0.8, 0.78, 0.76, 0.76, 0.72, 0.72, 0.68, 0.7, 0.66, 0.66, 0.66, 0.66, 0.66, 0.62, 0.62, 0.6, 0.56, 0.56, 0.54, 0.54, 0.52, 0.52, 0.48, 0.46, 0.44, 0.44, 0.44, 0.42, 0.42, 0.42, 0.4, 0.38, 0.34], "best": [0.4333333, 0.3847619, 0.36600986, 0.4484848, 0.36252925, 0.35885713, 0.44925925, 0.36384478, 0.39374495, 0.44987655, 0.4509934, 0.37459365, 0.39445746, 0.4510204, 0.39746186, 0.4518195, 0.3812451, 0.39961395, 0.38069168, 0.39986822, 0.40099597, 0.39786384, 0.38440013, 0.45066667, 0.4513736, 0.39081454, 0.39390668, 0.3991774, 0.41264638, 0.45075414, 0.39949986, 0.40147293, 0.40216184, 0.45052698, 0.40818277, 0.4100835, 0.45051232, 0.41281596, 0.41552722, 0.41671443, 0.41933408, 0.42095086, 0.42341268, 0.4500502, 0.42616597, 0.42752376, 0.4296821, 0.43201923, 0.43344167, 0.43523183], "duration": [42987, 39702, 42765, 46302, 39252, 45406, 39590, 38213, 38806, 39261, 46290, 39151, 39333, 39563, 45241, 39447, 38935, 39618, 39330, 39272, 39198, 39400, 39487, 39622, 39439, 39568, 39747, 46626, 38894, 40007, 39837, 39695, 45548, 39838, 44010, 39538, 39170, 50686, 39765, 38709, 39726, 39633, 39073, 45905, 50429, 44151, 43641, 39495, 55365, 66917]}