{"avg": [0.2525926, 0.28429633, 0.28730994, 0.2847943, 0.28765804, 0.2859956, 0.30273968, 0.31418747, 0.3024362, 0.31611112, 0.30998543, 0.3086075, 0.32675096, 0.3106291, 0.3088279, 0.31115597, 0.31596553, 0.32252154, 0.32264164, 0.32412592, 0.33080575, 0.3409026, 0.33275777, 0.33342245, 0.3414983, 0.3652377, 0.33967626, 0.37211898, 0.36817178, 0.36010852, 0.36204922, 0.36531287, 0.31888375, 0.35847768, 0.3742695, 0.38005275, 0.3834299, 0.36636293, 0.37761423, 0.37841782, 0.39112455, 0.36811644, 0.38297266, 0.40801755, 0.38825572, 0.41019753, 0.41173956, 0.41512415, 0.38219154, 0.37077993], "std": [0.08530041, 0.07241157, 0.047869913, 0.04051971, 0.07139256, 0.07429368, 0.05089416, 0.048314735, 0.07880992, 0.06777443, 0.0736923, 0.07006899, 0.056196526, 0.06568458, 0.08888683, 0.06541932, 0.062459134, 0.0487664, 0.0582976, 0.050900403, 0.05116789, 0.06942733, 0.052596055, 0.066297844, 0.065595835, 0.055228766, 0.051417157, 0.072759375, 0.056499515, 0.06029301, 0.06169828, 0.06432543, 0.05698904, 0.06224199, 0.06462494, 0.078070395, 0.076556616, 0.073596254, 0.07321691, 0.07145132, 0.06434465, 0.06515123, 0.057559066, 0.04887378, 0.08011111, 0.062775515, 0.068973646, 0.052282646, 0.07343318, 0.067334436], "var": [0.98, 0.98, 0.98, 0.96, 0.94, 0.94, 0.92, 0.92, 0.92, 0.9, 0.88, 0.86, 0.86, 0.84, 0.8, 0.76, 0.74, 0.74, 0.72, 0.7, 0.7, 0.68, 0.68, 0.66, 0.66, 0.64, 0.64, 0.62, 0.58, 0.56, 0.58, 0.58, 0.56, 0.54, 0.52, 0.5, 0.5, 0.48, 0.48, 0.48, 0.48, 0.46, 0.48, 0.48, 0.48, 0.46, 0.46, 0.5, 0.48, 0.44], "best": [0.42444444, 0.45333335, 0.35666665, 0.35052153, 0.44613755, 0.44720867, 0.3931987, 0.39593223, 0.44567898, 0.4471111, 0.44761518, 0.44892654, 0.44953036, 0.4499252, 0.45037034, 0.45337006, 0.45481765, 0.4017329, 0.45467433, 0.45486513, 0.455426, 0.45543173, 0.40582636, 0.45626262, 0.4570975, 0.45802227, 0.41121575, 0.4591476, 0.46176007, 0.46298835, 0.46393266, 0.46445778, 0.4188114, 0.46549904, 0.46643102, 0.46746287, 0.4695051, 0.47160578, 0.47304872, 0.4742578, 0.47548285, 0.47654358, 0.4768466, 0.4770607, 0.47791073, 0.47962964, 0.48145124, 0.4827889, 0.48416483, 0.4851282], "duration": [42858, 39742, 52507, 42752, 49695, 47682, 45528, 38412, 38636, 39105, 38683, 39273, 38962, 38858, 51929, 45526, 45227, 38735, 44767, 45116, 39191, 39040, 38697, 45763, 38724, 39802, 38955, 39123, 46266, 39057, 45735, 39452, 39494, 45703, 39643, 38951, 39904, 39150, 39488, 39475, 39794, 39253, 39486, 39484, 39954, 39939, 39879, 39846, 39535, 39723]}