{"avg": [0.25777778, 0.30196825, 0.28881422, 0.25974816, 0.30416498, 0.27196988, 0.3029794, 0.2976817, 0.28338075, 0.28390506, 0.27817795, 0.2929739, 0.30923426, 0.32177716, 0.31684312, 0.30274752, 0.32333654, 0.33220524, 0.3236387, 0.32339162, 0.3326519, 0.34489515, 0.32324934, 0.35945898, 0.32865104], "std": [0.08530531, 0.07669692, 0.056270525, 0.06957628, 0.06952874, 0.07976608, 0.058916025, 0.063051686, 0.06277766, 0.07618845, 0.09264131, 0.06414954, 0.08103668, 0.07512439, 0.07395592, 0.05417791, 0.062137015, 0.05981197, 0.08509104, 0.073239475, 0.08438051, 0.06780549, 0.05795799, 0.07409611, 0.049966455], "var": [0.98, 0.98, 0.98, 0.98, 0.98, 0.98, 0.98, 0.98, 0.98, 0.96, 0.94, 0.92, 0.92, 0.9, 0.92, 0.92, 0.94, 0.94, 0.92, 0.9, 0.9, 0.88, 0.86, 0.84, 0.8], "best": [0.4333333, 0.46222222, 0.37507936, 0.35845995, 0.4546448, 0.45641026, 0.3846902, 0.45565748, 0.36113667, 0.45579195, 0.45655915, 0.45773807, 0.45765767, 0.45986733, 0.44369876, 0.37180126, 0.46099862, 0.46145037, 0.46317688, 0.46473265, 0.4663409, 0.46863353, 0.46942797, 0.46938968, 0.37987998], "duration": [43112, 39967, 44976, 43802, 46646, 39949, 39860, 39546, 51484, 38974, 38849, 39681, 51571, 39834, 39371, 37896, 39090, 45774, 39044, 39346, 46420, 39590, 38305, 47124, 38446]}