{"avg": [0.2577778, 0.3030476, 0.2928345, 0.2901515, 0.3086915, 0.2758053, 0.28935117, 0.31652197, 0.32384762, 0.31910795, 0.29055673, 0.32028463, 0.28537053, 0.3204803, 0.32907978, 0.32691878, 0.3245065, 0.32137188, 0.34209365, 0.3262285, 0.31745797, 0.32901436, 0.33597395, 0.32548618, 0.33759114, 0.3411035, 0.34659535, 0.35872218, 0.35739163, 0.34932998, 0.34961328, 0.35270074, 0.35747743, 0.3390805, 0.3598359, 0.34320158, 0.33253685, 0.36783203, 0.33750796, 0.3598234, 0.34894872, 0.34938258, 0.33044064, 0.3805997, 0.3498168, 0.3749097, 0.3453527, 0.3386175, 0.37926117, 0.3542898], "std": [0.080641165, 0.052957065, 0.04251061, 0.0607121, 0.043251716, 0.052936327, 0.06433345, 0.053598322, 0.04936764, 0.05288312, 0.045055583, 0.052448615, 0.063423745, 0.048315886, 0.042177994, 0.042865567, 0.031568207, 0.025741654, 0.03728935, 0.0462831, 0.038847566, 0.052469585, 0.03765009, 0.039203532, 0.051654253, 0.04177242, 0.043038897, 0.04309849, 0.038509473, 0.04508084, 0.03800944, 0.03257424, 0.055808548, 0.049867697, 0.04746913, 0.06015221, 0.05705712, 0.03900809, 0.06747243, 0.05319299, 0.06316359, 0.069353774, 0.066475764, 0.051838625, 0.07226131, 0.059628405, 0.06995949, 0.06634813, 0.06759959, 0.05415622], "var": [0.98, 0.98, 0.98, 0.96, 0.94, 0.9, 0.88, 0.86, 0.86, 0.88, 0.88, 0.86, 0.82, 0.8, 0.78, 0.76, 0.76, 0.74, 0.74, 0.74, 0.7, 0.66, 0.64, 0.66, 0.62, 0.6, 0.58, 0.58, 0.6, 0.62, 0.6, 0.62, 0.6, 0.58, 0.58, 0.6, 0.6, 0.58, 0.6, 0.58, 0.56, 0.56, 0.6, 0.58, 0.58, 0.58, 0.56, 0.52, 0.52, 0.52], "best": [0.39523807, 0.42412698, 0.34857145, 0.3587662, 0.35811135, 0.3624127, 0.364709, 0.44923544, 0.45146665, 0.45324072, 0.36542442, 0.40125036, 0.3881816, 0.45112178, 0.4044473, 0.40623018, 0.36746344, 0.36779538, 0.4063045, 0.4068164, 0.3700916, 0.4070003, 0.44851956, 0.39228466, 0.39303836, 0.40814093, 0.4486312, 0.44914725, 0.41014728, 0.41158697, 0.41244957, 0.39901242, 0.45866403, 0.41300616, 0.4131663, 0.4604037, 0.41440353, 0.41451523, 0.46255884, 0.46290687, 0.44808915, 0.464223, 0.465161, 0.44817552, 0.4488921, 0.44976458, 0.4500229, 0.42264152, 0.46668553, 0.42520973], "duration": [43176, 39573, 39092, 47982, 39136, 45362, 52513, 38789, 59079, 38766, 44940, 39260, 38811, 45150, 39926, 39336, 38544, 38817, 39044, 39016, 39378, 40241, 38893, 38631, 39614, 39045, 39203, 39302, 39143, 45808, 39919, 46208, 38928, 39230, 46277, 38832, 39240, 39213, 39695, 39577, 39824, 39576, 38448, 39650, 39515, 46649, 39650, 39090, 39536, 39285]}