{"avg": [0.45999995, 0.4577777, 0.4577777, 0.45999995, 0.46444443, 0.45777777, 0.45777777, 0.45555547, 0.4533333, 0.45555553, 0.45555553, 0.46222225, 0.46444443, 0.46222225, 0.45999995, 0.45999995, 0.4577777, 0.45999995, 0.4622222, 0.45555547, 0.45333323, 0.45555547, 0.451111, 0.451111, 0.451111], "std": [0.22987936, 0.2294813, 0.2294813, 0.22987936, 0.2337985, 0.23584874, 0.23584874, 0.23544042, 0.23814103, 0.23856579, 0.23544034, 0.2397119, 0.24005145, 0.2366016, 0.2362361, 0.2362361, 0.23584874, 0.2362361, 0.23660159, 0.2354404, 0.23500992, 0.2354404, 0.23455776, 0.23769483, 0.23769483], "var": [0.99333334, 0.99333334, 0.9866667, 0.97333336, 0.97333336, 0.96666664, 0.96, 0.9533333, 0.94, 0.93333334, 0.9266667, 0.92, 0.92, 0.91333336, 0.91333336, 0.91333336, 0.91333336, 0.9066667, 0.9, 0.88666666, 0.88666666, 0.88666666, 0.87333333, 0.87333333, 0.88666666], "best": [1.0, 1.0, 1.0, 1.0, 1.0, 1.0, 1.0, 1.0, 1.0, 1.0, 1.0, 1.0, 1.0, 1.0, 1.0, 1.0, 1.0, 1.0, 1.0, 1.0, 1.0, 1.0, 1.0, 1.0, 1.0], "duration": [27085, 26716, 26743, 26769, 26887, 26608, 26642, 25168, 23514, 23661, 25113, 25164, 25249, 25118, 25268, 25154, 26393, 26335, 26485, 24850, 26405, 26428, 26480, 26498, 26717]}