{"avg": [0.25460318, 0.28715342, 0.304254, 0.28526983, 0.2889471, 0.2772106, 0.29663643, 0.303941, 0.31585956, 0.2915013, 0.30025858, 0.301463, 0.30623224, 0.30650726, 0.35478035, 0.30497918, 0.3288011, 0.31182134, 0.33891943, 0.3443988, 0.32759154, 0.3208888, 0.34168997, 0.34924036, 0.341047, 0.344244, 0.3417814, 0.32222602, 0.3603393, 0.3427156, 0.35368174, 0.357459, 0.3447506, 0.32982457, 0.34892023, 0.348679, 0.35835952, 0.37372008, 0.33067048, 0.34588435, 0.36648583, 0.37996626, 0.35691753, 0.3509346, 0.34282064, 0.3485073, 0.36038074, 0.35736382, 0.35831702, 0.39114448], "std": [0.09013078, 0.07637929, 0.037216675, 0.06786324, 0.06793353, 0.05825715, 0.043845806, 0.06339781, 0.055174895, 0.08270111, 0.055531986, 0.0629993, 0.052465435, 0.050279345, 0.04467277, 0.04690041, 0.04494836, 0.08563305, 0.059768945, 0.04431373, 0.042862903, 0.053792506, 0.055488132, 0.05277344, 0.06609517, 0.064439565, 0.04639432, 0.06960926, 0.0530974, 0.06215284, 0.042020224, 0.0667107, 0.07159896, 0.06884825, 0.054682877, 0.061353166, 0.051839653, 0.04184638, 0.07943575, 0.06654848, 0.059162773, 0.03350705, 0.071890466, 0.0849278, 0.08117674, 0.08200599, 0.08764287, 0.07322147, 0.08167214, 0.057659492], "var": [1.0, 1.0, 0.98, 0.94, 0.92, 0.92, 0.9, 0.9, 0.88, 0.88, 0.86, 0.82, 0.84, 0.84, 0.84, 0.82, 0.8, 0.78, 0.78, 0.78, 0.78, 0.78, 0.78, 0.78, 0.78, 0.74, 0.74, 0.74, 0.74, 0.76, 0.76, 0.74, 0.76, 0.76, 0.76, 0.72, 0.74, 0.78, 0.78, 0.76, 0.76, 0.76, 0.76, 0.74, 0.7, 0.68, 0.68, 0.68, 0.68, 0.68], "best": [0.4333333, 0.46222222, 0.36396822, 0.36582008, 0.36785713, 0.3869841, 0.35148147, 0.44999996, 0.45197737, 0.45358023, 0.3640492, 0.36006883, 0.3642199, 0.387509, 0.45255813, 0.39081183, 0.45242047, 0.453048, 0.45470083, 0.4434174, 0.39350507, 0.3885093, 0.4553571, 0.45637393, 0.46022713, 0.46118554, 0.44702676, 0.39949873, 0.45846868, 0.40988603, 0.4485384, 0.44865164, 0.45938775, 0.45958003, 0.44925484, 0.44955027, 0.44981554, 0.46435258, 0.45072606, 0.46025428, 0.4605178, 0.46099734, 0.41899642, 0.4615115, 0.45360088, 0.45400897, 0.46314812, 0.45564422, 0.46351528, 0.46986607], "duration": [37944, 39670, 39181, 42827, 38868, 49054, 38679, 38983, 43115, 42756, 39272, 38291, 43556, 52223, 39430, 39525, 38001, 39257, 39160, 39597, 45169, 39073, 39007, 39532, 39086, 39592, 39173, 38425, 46155, 39681, 39103, 39751, 39805, 45732, 46417, 38980, 39421, 39377, 39206, 38711, 39562, 39651, 39590, 59047, 39530, 39611, 39615, 52347, 46439, 46330]}