{"avg": [0.26285714, 0.30927438, 0.2960688, 0.30140787, 0.29931578, 0.3080014, 0.308934, 0.30754244, 0.3136534, 0.30172434, 0.2929178, 0.3405702, 0.3251068, 0.3392024, 0.32471323, 0.3264026, 0.329574, 0.34643427, 0.37113878, 0.35142037, 0.3406318, 0.34719893, 0.36397523, 0.34627053, 0.35407868, 0.35095826, 0.3766631, 0.37068084, 0.35897288, 0.37692103, 0.3638244, 0.3682881, 0.39720917, 0.38151014, 0.38528365, 0.37921312, 0.38838524, 0.3883209, 0.41600382, 0.4010443, 0.39087164, 0.39475256, 0.4029107, 0.39983425, 0.40746805, 0.4012789, 0.42532194, 0.40520424, 0.42212343, 0.4235901], "std": [0.0841156, 0.05683859, 0.04251647, 0.049359094, 0.0743021, 0.0485662, 0.078204885, 0.04301919, 0.057207607, 0.06032568, 0.05332925, 0.048522037, 0.06386445, 0.045587666, 0.06778737, 0.04800183, 0.044733845, 0.0384448, 0.033301007, 0.045977425, 0.033303976, 0.05638699, 0.046050824, 0.037928358, 0.04757144, 0.04829984, 0.037023053, 0.04158825, 0.0366003, 0.044469632, 0.054334193, 0.04088473, 0.040773712, 0.035495866, 0.0372338, 0.048373185, 0.043778203, 0.033991393, 0.030907748, 0.039219134, 0.04345383, 0.042747326, 0.04466029, 0.03664644, 0.05605568, 0.061419748, 0.039523445, 0.042583324, 0.039194822, 0.040066905], "var": [1.0, 1.0, 0.98, 0.96, 0.96, 0.94, 0.94, 0.94, 0.92, 0.9, 0.9, 0.9, 0.9, 0.9, 0.86, 0.86, 0.86, 0.86, 0.84, 0.84, 0.82, 0.78, 0.78, 0.78, 0.78, 0.8, 0.84, 0.84, 0.82, 0.8, 0.76, 0.72, 0.72, 0.7, 0.7, 0.7, 0.72, 0.74, 0.74, 0.72, 0.7, 0.72, 0.7, 0.68, 0.68, 0.68, 0.68, 0.68, 0.72, 0.7], "best": [0.4333333, 0.46222222, 0.35090312, 0.36790892, 0.45573768, 0.37454212, 0.40790275, 0.38377425, 0.39942396, 0.3747516, 0.36269334, 0.45125237, 0.45297298, 0.45366666, 0.4546729, 0.45646548, 0.40528247, 0.4065794, 0.41296682, 0.4567816, 0.40364978, 0.45924762, 0.45985985, 0.3946892, 0.4209945, 0.46172836, 0.46225616, 0.46249998, 0.42062366, 0.46892288, 0.4635234, 0.42482635, 0.464349, 0.42820442, 0.42864457, 0.4718623, 0.47245145, 0.43392754, 0.4670091, 0.4677759, 0.47759745, 0.47842383, 0.47960663, 0.44516966, 0.48041627, 0.4819777, 0.48331997, 0.45256436, 0.4849955, 0.48503494], "duration": [42783, 38962, 44875, 42499, 43416, 39602, 38901, 38970, 43766, 39137, 43096, 39558, 45908, 39294, 39905, 39325, 39646, 38972, 39499, 39817, 39496, 39730, 39923, 45911, 39998, 39731, 39713, 39811, 39980, 39827, 46413, 39861, 40129, 39983, 46598, 39965, 39755, 40006, 46631, 39965, 40098, 39769, 40154, 40047, 40069, 46739, 40210, 39949, 40037, 40115]}