{"avg": [0.26866668, 0.29029906, 0.29123238, 0.29235366, 0.29912955, 0.30020186, 0.30634415, 0.30580756, 0.31335887, 0.31186584, 0.31121013, 0.31121233, 0.3131246, 0.316372, 0.3172257, 0.32373726, 0.32377103, 0.328414, 0.33031097, 0.3321548, 0.33163005, 0.33818665, 0.33866885, 0.34215802, 0.34736833, 0.35014278, 0.3465712, 0.35320136, 0.35709766, 0.35957742, 0.36331344, 0.3704098, 0.365042, 0.37147442, 0.37621745, 0.37737414, 0.37418106, 0.3776851, 0.382, 0.38213244, 0.38316077, 0.38781175, 0.38896787, 0.39990607, 0.40112582, 0.4009983, 0.40570664, 0.40682232, 0.40819573, 0.40576228], "std": [0.06369634, 0.065573536, 0.061717052, 0.06337166, 0.065808, 0.06685543, 0.06791969, 0.066138044, 0.069207825, 0.07021702, 0.07132307, 0.07529373, 0.07842301, 0.07810482, 0.0791656, 0.077048816, 0.07665166, 0.07700372, 0.075602025, 0.07695651, 0.080512285, 0.07715951, 0.07670348, 0.07690861, 0.06766951, 0.06818594, 0.07624387, 0.07395838, 0.06530735, 0.067426406, 0.06677785, 0.06659221, 0.07371055, 0.06741301, 0.06515941, 0.06603741, 0.068807185, 0.06709895, 0.06579422, 0.06638767, 0.066204704, 0.06675499, 0.06307734, 0.050303753, 0.05681969, 0.05464075, 0.050634064, 0.05124787, 0.052379616, 0.06532358], "var": [1.0, 1.0, 0.98, 0.98, 0.96, 0.92, 0.9, 0.86, 0.84, 0.82, 0.8, 0.8, 0.82, 0.82, 0.8, 0.8, 0.78, 0.76, 0.76, 0.76, 0.76, 0.72, 0.7, 0.68, 0.68, 0.68, 0.64, 0.6, 0.58, 0.56, 0.58, 0.6, 0.6, 0.6, 0.58, 0.6, 0.6, 0.6, 0.6, 0.6, 0.58, 0.56, 0.54, 0.52, 0.52, 0.5, 0.52, 0.52, 0.54, 0.5], "best": [0.4333333, 0.44999996, 0.44999996, 0.45022222, 0.44999996, 0.45119998, 0.452, 0.45247617, 0.45283332, 0.45303702, 0.45319998, 0.4533333, 0.45344445, 0.45353845, 0.45352378, 0.45355555, 0.45358333, 0.4535686, 0.45277777, 0.4534737, 0.45336664, 0.4532381, 0.4531212, 0.4529855, 0.45283332, 0.4526933, 0.45253846, 0.45241976, 0.4523095, 0.45218387, 0.45206666, 0.4521505, 0.45225, 0.45234343, 0.479084, 0.48000002, 0.4808651, 0.4816834, 0.4824411, 0.48315993, 0.48380956, 0.4845575, 0.48539683, 0.48621264, 0.48711255, 0.4881058, 0.48907042, 0.49000812, 0.49099007, 0.49208164], "duration": [99291, 100681, 97252, 98431, 102631, 101528, 102582, 103094, 102276, 101925, 102572, 102406, 102697, 103533, 103070, 103695, 104198, 106976, 107380, 108979, 108255, 107852, 108648, 108673, 107317, 107927, 104629, 104934, 108094, 107885, 109312, 108845, 105431, 110218, 110082, 110317, 109607, 109625, 110338, 109339, 109453, 109492, 109552, 109947, 110150, 110063, 110070, 109859, 110920, 110767]}