{"avg": [0.2514881, 0.28100196, 0.2720977, 0.27603784, 0.26298955, 0.29354584, 0.29229987, 0.2801318, 0.30815634, 0.31572872, 0.31384447, 0.30074647, 0.31577098, 0.2889545, 0.30131736, 0.31032252, 0.29023495, 0.26773036, 0.26158646, 0.2630094, 0.28318754, 0.2960722, 0.29747376, 0.30882826, 0.29078862, 0.30981773, 0.30083653, 0.29684663, 0.30417594, 0.290862, 0.28754324, 0.27568695, 0.30990005, 0.28506184, 0.30292398, 0.29136905, 0.3273538, 0.2895871, 0.33900765, 0.27416873, 0.30186847, 0.32013547, 0.30124274, 0.32526326, 0.3232374, 0.32569265, 0.32699147, 0.3001066, 0.32037637, 0.34459728], "std": [0.06698941, 0.052267168, 0.057406675, 0.044927657, 0.06600879, 0.046369918, 0.058279503, 0.06030445, 0.045673467, 0.052236497, 0.046682872, 0.058984302, 0.048631787, 0.06093684, 0.061289635, 0.0630268, 0.046596356, 0.0461903, 0.08358579, 0.07653997, 0.056746457, 0.053847346, 0.043706767, 0.053878266, 0.06571342, 0.059938446, 0.046800926, 0.08351972, 0.055128373, 0.060858175, 0.07684956, 0.07170606, 0.055581547, 0.065507956, 0.060784902, 0.059903834, 0.06691366, 0.06433308, 0.046371967, 0.07497436, 0.06854169, 0.052802317, 0.060105935, 0.06407602, 0.046146944, 0.061472986, 0.053794887, 0.068095036, 0.0741356, 0.056883287], "var": [1.0, 0.992, 0.984, 0.984, 0.984, 0.976, 0.968, 0.968, 0.96, 0.944, 0.936, 0.92, 0.912, 0.904, 0.904, 0.896, 0.888, 0.888, 0.88, 0.88, 0.88, 0.88, 0.872, 0.872, 0.872, 0.872, 0.864, 0.864, 0.864, 0.864, 0.856, 0.856, 0.848, 0.848, 0.848, 0.848, 0.856, 0.856, 0.864, 0.864, 0.864, 0.856, 0.856, 0.848, 0.848, 0.832, 0.832, 0.832, 0.824, 0.816], "best": [0.34761906, 0.41190472, 0.3565826, 0.35567763, 0.36076757, 0.35254705, 0.40994397, 0.38276836, 0.40994397, 0.4030303, 0.38294575, 0.4106636, 0.3813008, 0.41220507, 0.41295078, 0.38536087, 0.36661413, 0.34042692, 0.4126623, 0.38547984, 0.3798834, 0.38092592, 0.36565617, 0.41305566, 0.41341248, 0.41381732, 0.381006, 0.41367626, 0.38350734, 0.38534948, 0.4141183, 0.36589253, 0.3983836, 0.38483307, 0.3854182, 0.4143574, 0.44424537, 0.3850211, 0.3979529, 0.38603604, 0.40023008, 0.38635466, 0.39223444, 0.43736959, 0.41387466, 0.38848487, 0.41385555, 0.38876453, 0.43737686, 0.43774292], "duration": [38542, 39199, 53681, 38901, 53726, 38660, 43141, 38755, 44551, 43880, 39922, 39720, 40026, 38642, 39052, 44375, 43781, 43088, 34383, 38454, 44251, 39049, 44656, 40013, 44146, 39293, 44274, 39774, 39329, 38676, 44311, 39139, 39931, 44210, 51310, 39823, 49467, 39430, 39933, 44584, 44921, 39407, 57882, 44971, 49947, 39933, 44494, 38760, 39836, 49646]}